dataset,model,gene,pearson,css
Breast Visium CID44971,novosparc,rpl41,0.6828957495914564,0.9953023471095357
Breast Visium CID44971,novosparc,rps18,0.666040955994121,0.9950215539998832
Breast Visium CID44971,novosparc,rpl32,0.6245706801117489,0.9922797056704871
Breast Visium CID44971,novosparc,rpl12,0.586072633436869,0.9873470267307325
Breast Visium CID44971,novosparc,rpl34,0.5770080812885771,0.9866566494874315
Breast Visium CID44971,novosparc,rpl10a,0.5675436957951481,0.9703827723105032
Breast Visium CID44971,novosparc,rps14,0.5587930280825038,0.9841280094586927
Breast Visium CID44971,novosparc,rpl37a,0.5514960525326479,0.9934095314149115
Breast Visium CID44971,novosparc,c1qb,0.4972841726793149,0.5836313569318098
Breast Visium CID44971,novosparc,agr3,0.4764093629128494,0.5270009277600918
Breast Visium CID44971,novosparc,btf3,0.4591322705521459,0.8928504585051729
Breast Visium CID44971,novosparc,strap,0.4530777877320996,0.8350926348280068
Breast Visium CID44971,novosparc,rps13,0.4522418302993802,0.9822441257681016
Breast Visium CID44971,novosparc,snrpe,0.4456158234007532,0.8345724810634771
Breast Visium CID44971,novosparc,sf3b6,0.4422804690845998,0.8927421855452703
Breast Visium CID44971,novosparc,grn,0.4405611229485688,0.777985263191304
Breast Visium CID44971,novosparc,rpl6,0.4390752259485557,0.9676775224829798
Breast Visium CID44971,novosparc,ppdpf,0.4318234301094157,0.9302583173623832
Breast Visium CID44971,novosparc,mlph,0.4313195946132848,0.5178733191009997
Breast Visium CID44971,novosparc,tbx3,0.4267746481504451,0.5286170909300496
Breast Visium CID44971,novosparc,tymp,0.4261746296793801,0.7858153428028557
Breast Visium CID44971,novosparc,cxcl2,0.4188246195779709,0.5591377003787904
Breast Visium CID44971,novosparc,mt1x,0.4162603740973755,0.8523093718918915
Breast Visium CID44971,novosparc,sparc,0.4123966362968014,0.6408398519328934
Breast Visium CID44971,novosparc,rpl8,0.408007538419974,0.9910537594884574
Breast Visium CID44971,novosparc,frzb,0.4067251497389075,0.6580287851209149
Breast Visium CID44971,novosparc,txn,0.4066179913602868,0.9038396688372446
Breast Visium CID44971,novosparc,pfn1,0.4010957777140577,0.9657432591683784
Breast Visium CID44971,novosparc,pcna,0.3975748264283575,0.7740357118224418
Breast Visium CID44971,novosparc,mlf2,0.3854908062661188,0.8398109547117666
Breast Visium CID44971,novosparc,hmgn3,0.3847577604623022,0.8567670407124953
Breast Visium CID44971,novosparc,hspe1,0.3804893749564763,0.8928833832413624
Breast Visium CID44971,novosparc,tspan7,0.3776956206688504,0.42136645308077214
Breast Visium CID44971,novosparc,txnl1,0.3755088780776128,0.7850206397491717
Breast Visium CID44971,novosparc,serping1,0.3711101368620944,0.6247217384431846
Breast Visium CID44971,novosparc,rpn1,0.3679732613490899,0.7919348529219119
Breast Visium CID44971,novosparc,cldn7,0.3675137082142396,0.48444117111142754
Breast Visium CID44971,novosparc,col6a2,0.365435478287377,0.5446260465680218
Breast Visium CID44971,novosparc,aif1,0.3617529107359628,0.5264503796618711
Breast Visium CID44971,novosparc,ilf2,0.3611041533163615,0.8447089972206611
Breast Visium CID44971,novosparc,hmgn1,0.3565898315778332,0.9021081485698021
Breast Visium CID44971,novosparc,prdx1,0.3564910471527636,0.9292692808005114
Breast Visium CID44971,novosparc,tmem258,0.3554935619342004,0.8929186065638203
Breast Visium CID44971,novosparc,hnrnpa1,0.3553781280333084,0.9465992381322208
Breast Visium CID44971,novosparc,errfi1,0.3526719385093672,0.6356186169313098
Breast Visium CID44971,novosparc,anxa1,0.3479623803231914,0.804947563695319
Breast Visium CID44971,novosparc,camta1,0.3463550896812352,0.7626163789425331
Breast Visium CID44971,novosparc,mrps35,0.3452000127009564,0.6847559758723752
Breast Visium CID44971,novosparc,pebp1,0.3428390024320242,0.8899695448741115
Breast Visium CID44971,novosparc,srsf5,0.3425283120902758,0.7590949780205948
Breast Visium CID44971,novosparc,tcp1,0.3423757989295504,0.7823556953116497
Breast Visium CID44971,novosparc,srp9,0.3414142945034519,0.8508422803530356
Breast Visium CID44971,novosparc,tnfsf11,0.3379774530403288,0.3927198473365145
Breast Visium CID44971,novosparc,cd24,0.3347867104500474,0.7122031247549466
Breast Visium CID44971,novosparc,lgals9,0.3333034504526638,0.5702945327355966
Breast Visium CID44971,novosparc,jtb,0.3291570140527989,0.8836894852932101
Breast Visium CID44971,novosparc,mrps21,0.3281204544203355,0.8585654443269859
Breast Visium CID44971,novosparc,ybx1,0.3280505227072765,0.875550597433015
Breast Visium CID44971,novosparc,sgk1,0.3233974616290838,0.6606327118986423
Breast Visium CID44971,novosparc,ifngr2,0.3222204753874645,0.7007813613465045
Breast Visium CID44971,novosparc,marcksl1,0.3220440361880906,0.8099777844549839
Breast Visium CID44971,novosparc,jun,0.32172090566806,0.760251083758312
Breast Visium CID44971,novosparc,ctsk,0.3210159411987471,0.4782779944629393
Breast Visium CID44971,novosparc,mgat1,0.3195898703208113,0.7084556031887003
Breast Visium CID44971,novosparc,dstn,0.3148165520519086,0.826895461917486
Breast Visium CID44971,novosparc,ube2v2,0.3145631893195121,0.695175968540446
Breast Visium CID44971,novosparc,olfml3,0.3129457730478182,0.4800803207744462
Breast Visium CID44971,novosparc,elf5,0.3097946058470304,0.5576139930430961
Breast Visium CID44971,novosparc,cd83,0.2992524508719661,0.49197953704570657
Breast Visium CID44971,novosparc,tpp1,0.2951011903741284,0.7065362847052102
Breast Visium CID44971,novosparc,hla-e,0.2950220569138365,0.8777859447697253
Breast Visium CID44971,novosparc,csf1r,0.2938634833955811,0.42344529498498695
Breast Visium CID44971,novosparc,btg2,0.2930950970818111,0.6206224320404672
Breast Visium CID44971,novosparc,tns4,0.2909613271703745,0.41791647988638553
Breast Visium CID44971,novosparc,tbc1d9,0.2904407784271446,0.49719151596528754
Breast Visium CID44971,novosparc,st13,0.2891984136156049,0.8108140646314984
Breast Visium CID44971,novosparc,sirpa,0.2876584659951139,0.4626997519503793
Breast Visium CID44971,novosparc,pdia4,0.2857421371819645,0.7871751034079645
Breast Visium CID44971,novosparc,anxa3,0.2839886205152861,0.5357856988951682
Breast Visium CID44971,novosparc,rasef,0.2837492507113803,0.41025617125363933
Breast Visium CID44971,novosparc,krtcap2,0.2825704909636108,0.7820927295162948
Breast Visium CID44971,novosparc,hla-a,0.2822153255488169,0.9363445811625594
Breast Visium CID44971,novosparc,ighm,0.2804960084882812,0.6113571854334253
Breast Visium CID44971,novosparc,tagln,0.2754599023525503,0.6512418900056508
Breast Visium CID44971,novosparc,zyx,0.2753426086687598,0.7715797141826373
Breast Visium CID44971,novosparc,c1s,0.2752923131133009,0.524072008075416
Breast Visium CID44971,novosparc,dynlrb1,0.2749033684993076,0.8252650971230534
Breast Visium CID44971,novosparc,pgam1,0.2742438072315871,0.8299329271314362
Breast Visium CID44971,novosparc,cd86,0.2732804254376914,0.3622038819333049
Breast Visium CID44971,novosparc,cd53,0.2725574067161944,0.5603662921270585
Breast Visium CID44971,novosparc,psmb9,0.2704206236552158,0.6651696641623529
Breast Visium CID44971,novosparc,kdelr2,0.268005012998622,0.8172162664417713
Breast Visium CID44971,novosparc,cnn1,0.264545517792972,0.4603280172915005
Breast Visium CID44971,novosparc,coa3,0.2623383763941421,0.6854565567720189
Breast Visium CID44971,novosparc,tmed9,0.2604025271712238,0.7419840734293682
Breast Visium CID44971,novosparc,ndrg2,0.2599180052260279,0.6245228753571493
Breast Visium CID44971,novosparc,morf4l2,0.2578967141676308,0.7839462921511517
Breast Visium CID44971,novosparc,meox1,0.257212509145831,0.3159650208852688
Breast Visium CID44971,novosparc,spcs1,0.2551044892114559,0.7920470696185574
Breast Visium CID44971,novosparc,kifc1,0.2546002797841382,0.39865767732805246
Breast Visium CID44971,novosparc,junb,0.2542466396565546,0.7515009138279575
Breast Visium CID44971,novosparc,atp1b1,0.2538813668080305,0.625447965232446
Breast Visium CID44971,novosparc,ddx17,0.2528064015718239,0.8750904832429881
Breast Visium CID44971,novosparc,dynll1,0.2523553179649255,0.9063930799546948
Breast Visium CID44971,novosparc,lrp1,0.2515382224186517,0.49890600163453735
Breast Visium CID44971,novosparc,irf7,0.2508256436858866,0.5320189522024512
Breast Visium CID44971,novosparc,ptafr,0.2496964925735387,0.3243782480211207
Breast Visium CID44971,novosparc,gstm3,0.2477282123709544,0.5106610827294464
Breast Visium CID44971,novosparc,cyr61,0.246902353349819,0.6170261739534314
Breast Visium CID44971,novosparc,samhd1,0.2467599345381056,0.6513410985430972
Breast Visium CID44971,novosparc,timp3,0.2444094131522446,0.5272894660110763
Breast Visium CID44971,novosparc,mpeg1,0.2426628744440324,0.39796944781535676
Breast Visium CID44971,novosparc,mcm2,0.2425448870606477,0.4824511315252975
Breast Visium CID44971,novosparc,arpc3,0.2410916923968832,0.8588243663275001
Breast Visium CID44971,novosparc,pdgfa,0.2406300602429377,0.48734274610279293
Breast Visium CID44971,novosparc,ciita,0.2406284824579449,0.4345499664637996
Breast Visium CID44971,novosparc,syngr2,0.2402531170568978,0.7957477620999671
Breast Visium CID44971,novosparc,vps29,0.2400703882225681,0.7193928580494774
Breast Visium CID44971,novosparc,irf8,0.2394180540036457,0.43833124828800796
Breast Visium CID44971,novosparc,aoah,0.2390610171226565,0.4101582016740739
Breast Visium CID44971,novosparc,sf3b5,0.235404870506327,0.7839050078547427
Breast Visium CID44971,novosparc,lat2,0.2346784292494139,0.3791950828986985
Breast Visium CID44971,novosparc,mcam,0.2322306213516331,0.40824130331242287
Breast Visium CID44971,novosparc,mfge8,0.228000231054803,0.6949009457325626
Breast Visium CID44971,novosparc,mki67,0.227595428197946,0.41700612996389497
Breast Visium CID44971,novosparc,plvap,0.2256148671895066,0.3598593250820606
Breast Visium CID44971,novosparc,emp1,0.2245896802948924,0.46170054835448976
Breast Visium CID44971,novosparc,tram1,0.2239819031944256,0.7687813332541109
Breast Visium CID44971,novosparc,slc2a3,0.2235643164203432,0.42586833438931254
Breast Visium CID44971,novosparc,maob,0.2167982065849389,0.40066514359390176
Breast Visium CID44971,novosparc,rnase4,0.2166733492602349,0.3907799832841817
Breast Visium CID44971,novosparc,slc38a10,0.2155168307203197,0.609621965402253
Breast Visium CID44971,novosparc,herpud1,0.2150893563012057,0.7323493895560401
Breast Visium CID44971,novosparc,tmem160,0.215088447522351,0.734812259814649
Breast Visium CID44971,novosparc,nusap1,0.2144629139378742,0.3993766299092594
Breast Visium CID44971,novosparc,flt1,0.2133997625700626,0.29279146338012374
Breast Visium CID44971,novosparc,clec2b,0.211692856159849,0.45697217720679734
Breast Visium CID44971,novosparc,krt8,0.2115888942594843,0.6286299960471655
Breast Visium CID44971,novosparc,uba2,0.2112090277879512,0.6604648460635036
Breast Visium CID44971,novosparc,fbp1,0.2092237862551045,0.3601902532768251
Breast Visium CID44971,novosparc,tpm1,0.2083848671430921,0.6939144482048425
Breast Visium CID44971,novosparc,tmed2,0.2063990036956511,0.8184863660020937
Breast Visium CID44971,novosparc,stard10,0.2061963697369373,0.5566547559852357
Breast Visium CID44971,novosparc,socs3,0.2050006562939247,0.47677362096166664
Breast Visium CID44971,novosparc,hck,0.2038714438668775,0.3056493180037275
Breast Visium CID44971,novosparc,acta2,0.2038351142764271,0.8118066319785778
Breast Visium CID44971,novosparc,rab4a,0.2018169769843914,0.6210657012882967
Breast Visium CID44971,novosparc,perp,0.1971705546226207,0.684574040072651
Breast Visium CID44971,novosparc,epas1,0.194736822316945,0.3942732743809519
Breast Visium CID44971,novosparc,psmc3,0.1934840453273986,0.7225454639230314
Breast Visium CID44971,novosparc,tfeb,0.1933919047072345,0.3841975473878059
Breast Visium CID44971,novosparc,rps11,0.1882376935320654,0.9894062627526475
Breast Visium CID44971,novosparc,rbbp8,0.1858632647753463,0.505126569615018
Breast Visium CID44971,novosparc,tmem176b,0.1855866568275852,0.43627430438849396
Breast Visium CID44971,novosparc,efemp2,0.1838675063991242,0.3584489081693367
Breast Visium CID44971,novosparc,flnb,0.1796836146867149,0.6566129711356019
Breast Visium CID44971,novosparc,eomes,0.1782563987554727,0.3070271768110587
Breast Visium CID44971,novosparc,psmb8,0.1774341788237174,0.6507265187641003
Breast Visium CID44971,novosparc,ms4a1,0.1767011619610632,0.3206089722869581
Breast Visium CID44971,novosparc,adgrl4,0.1762132051075135,0.24845945665855448
Breast Visium CID44971,novosparc,tmbim6,0.1758415548316636,0.8924302327628176
Breast Visium CID44971,novosparc,camk1d,0.1757414207041735,0.3319002809373062
Breast Visium CID44971,novosparc,hm13,0.1744984003631278,0.7278665388903455
Breast Visium CID44971,novosparc,dok3,0.1728622107429547,0.24171915798393748
Breast Visium CID44971,novosparc,carhsp1,0.1721320423841116,0.5942788030239006
Breast Visium CID44971,novosparc,tns1,0.1719992963252758,0.3824571935542686
Breast Visium CID44971,novosparc,itgb7,0.1717076641638215,0.37396227504321633
Breast Visium CID44971,novosparc,cdkn3,0.1683270899780087,0.3356579997177262
Breast Visium CID44971,novosparc,cd99,0.1654432389041862,0.7514351051823224
Breast Visium CID44971,novosparc,fam110d,0.1649473074218549,0.20305757185559567
Breast Visium CID44971,novosparc,snx20,0.1607018160255026,0.3384060773951435
Breast Visium CID44971,novosparc,hmgb1,0.1606256620534569,0.8879372921355702
Breast Visium CID44971,novosparc,cd37,0.1592277256294624,0.5035390164415606
Breast Visium CID44971,novosparc,mgll,0.1584817805491448,0.35624240146559755
Breast Visium CID44971,novosparc,gpx3,0.1570031379962738,0.3375385788944782
Breast Visium CID44971,novosparc,elf3,0.1549525586700623,0.5136310565297708
Breast Visium CID44971,novosparc,foxp1,0.1518271317291126,0.6243141676536784
Breast Visium CID44971,novosparc,cd8a,0.1482981751318653,0.4535489668596941
Breast Visium CID44971,novosparc,clec4a,0.147441048404551,0.22242326583516506
Breast Visium CID44971,novosparc,pnpla2,0.1453178243510728,0.6348002737828865
Breast Visium CID44971,novosparc,zeb2,0.1440911497116572,0.40300641380402574
Breast Visium CID44971,novosparc,itga6,0.1433850879819938,0.4829090646945446
Breast Visium CID44971,novosparc,golgb1,0.1427945695735845,0.6215003941615357
Breast Visium CID44971,novosparc,ptprc,0.1427679037717556,0.564377771924127
Breast Visium CID44971,novosparc,spry1,0.1415074957152449,0.39859253465141115
Breast Visium CID44971,novosparc,btk,0.1411450325106877,0.225102540711102
Breast Visium CID44971,novosparc,tmem59,0.1411280384000488,0.81345337773876
Breast Visium CID44971,novosparc,sdf2l1,0.1386104280503624,0.507687298088161
Breast Visium CID44971,novosparc,ccpg1,0.1383728597622528,0.4590572820600746
Breast Visium CID44971,novosparc,acap1,0.1369812909511185,0.42769430268955705
Breast Visium CID44971,novosparc,npdc1,0.1369343851758656,0.5426308127226103
Breast Visium CID44971,novosparc,sec61a1,0.1338344677502055,0.8131356611775375
Breast Visium CID44971,novosparc,fgr,0.1329379853805121,0.2407528699097314
Breast Visium CID44971,novosparc,gimap4,0.1321036479182137,0.45866299576174313
Breast Visium CID44971,novosparc,filip1l,0.1315295015805277,0.293492305212422
Breast Visium CID44971,novosparc,p2ry6,0.1307161877462845,0.20094382713327577
Breast Visium CID44971,novosparc,notch3,0.1288092120446786,0.5348917345726292
Breast Visium CID44971,novosparc,trbc1,0.1278151612782113,0.534907911016501
Breast Visium CID44971,novosparc,ece1,0.1252186847526234,0.6443476716249912
Breast Visium CID44971,novosparc,olfm1,0.1249562662323012,0.21911703059493864
Breast Visium CID44971,novosparc,siva1,0.1237172565009164,0.6696987624242271
Breast Visium CID44971,novosparc,igf1,0.1235631964379173,0.2813875700784602
Breast Visium CID44971,novosparc,podxl,0.1219142166712565,0.4565383122137022
Breast Visium CID44971,novosparc,dlc1,0.1195820782944007,0.25735651644251933
Breast Visium CID44971,novosparc,smc1a,0.1179386332911651,0.5833061287553728
Breast Visium CID44971,novosparc,syvn1,0.1108439901072981,0.5483621121486022
Breast Visium CID44971,novosparc,snhg18,0.1106533854134074,0.20022364703992357
Breast Visium CID44971,novosparc,mlec,0.1085001879846768,0.6586747082537245
Breast Visium CID44971,novosparc,map3k8,0.1084065284001645,0.38653469787855516
Breast Visium CID44971,novosparc,krt81,0.1056818820738925,0.31796515472131326
Breast Visium CID44971,novosparc,apold1,0.101972320898509,0.2995974775900071
Breast Visium CID44971,novosparc,swap70,0.098285815271755,0.43624574861107557
Breast Visium CID44971,novosparc,b4galt7,0.0968977752592604,0.3861251730040743
Breast Visium CID44971,novosparc,cdc37,0.0963382217224522,0.7427323403904614
Breast Visium CID44971,novosparc,tmem255b,0.0954832023289493,0.16098062813524522
Breast Visium CID44971,novosparc,akap12,0.0930560515554815,0.20644072087442386
Breast Visium CID44971,novosparc,gng2,0.0927954776657293,0.3087017343296938
Breast Visium CID44971,novosparc,ssr4,0.0903794813257976,0.9234481064446617
Breast Visium CID44971,novosparc,sept6,0.0871032205086591,0.5174705054901005
Breast Visium CID44971,novosparc,stap1,0.0865593761152232,0.14378950275803565
Breast Visium CID44971,novosparc,sla,0.0859508571867315,0.4016121626684313
Breast Visium CID44971,novosparc,trg-as1,0.0829395384693212,0.16289770649040514
Breast Visium CID44971,novosparc,eif1,0.0799939701234874,0.9453653195167023
Breast Visium CID44971,novosparc,lbh,0.079390830138408,0.6185353528771055
Breast Visium CID44971,novosparc,pyhin1,0.0788219946184102,0.17621195713036159
Breast Visium CID44971,novosparc,il2rb,0.0781875203313033,0.32486028201716194
Breast Visium CID44971,novosparc,tmem173,0.0775109085314065,0.427199895764207
Breast Visium CID44971,novosparc,zap70,0.0773901062492309,0.38057476053066414
Breast Visium CID44971,novosparc,mfap4,0.0772641631706272,0.22479054033429072
Breast Visium CID44971,novosparc,rora,0.0748959457379635,0.2565157435859001
Breast Visium CID44971,novosparc,kdr,0.0748252383409463,0.15252357662362132
Breast Visium CID44971,novosparc,pgf,0.073004891408808,0.22591736674328436
Breast Visium CID44971,novosparc,sytl1,0.0722943876237867,0.5185075547364452
Breast Visium CID44971,novosparc,cenpk,0.0722092599932105,0.24528548192027752
Breast Visium CID44971,novosparc,jak1,0.0698896678464836,0.6701650414263314
Breast Visium CID44971,novosparc,gapt,0.0696910347032365,0.15904547596293847
Breast Visium CID44971,novosparc,mctp1,0.0696554109881651,0.12760166385053387
Breast Visium CID44971,novosparc,clic3,0.0677694471898832,0.39982536376886585
Breast Visium CID44971,novosparc,rrbp1,0.0676722874022518,0.6541961157126512
Breast Visium CID44971,novosparc,foxs1,0.0674114879196346,0.10627901853910053
Breast Visium CID44971,novosparc,slit3,0.0653371688800862,0.19950727291892423
Breast Visium CID44971,novosparc,fxyd6,0.063834059628282,0.33793228974679784
Breast Visium CID44971,novosparc,tnfrsf17,0.0596778351796244,0.11262037787021158
Breast Visium CID44971,novosparc,ldb2,0.0595453913935924,0.16628909524018723
Breast Visium CID44971,novosparc,cd3g,0.0594881726350204,0.27750484687566274
Breast Visium CID44971,novosparc,slfn12l,0.0588689052965683,0.13238981048924822
Breast Visium CID44971,novosparc,map1lc3a,0.0578231964269537,0.5542257917123621
Breast Visium CID44971,novosparc,sh3pxd2b,0.0576326500693234,0.2502999057566695
Breast Visium CID44971,novosparc,fam167b,0.0575083859680198,0.12273571357420009
Breast Visium CID44971,novosparc,tnfrsf4,0.0556808705393008,0.3530326005258996
Breast Visium CID44971,novosparc,eps8,0.0554282497474905,0.37563397125471254
Breast Visium CID44971,novosparc,rbp7,0.052405351320024,0.1783280118750753
Breast Visium CID44971,novosparc,mbp,0.0488363018573039,0.3413736518540865
Breast Visium CID44971,novosparc,blnk,0.048497033136564,0.2476462234158826
Breast Visium CID44971,novosparc,parva,0.0452374639180156,0.3969310907340985
Breast Visium CID44971,novosparc,alox5ap,0.0449449868124003,0.38957741098440873
Breast Visium CID44971,novosparc,blk,0.0446273762406906,0.12769922104322026
Breast Visium CID44971,novosparc,mef2c,0.0430243226063393,0.26392528068357685
Breast Visium CID44971,novosparc,zbp1,0.0428349310365044,0.17217147560720406
Breast Visium CID44971,novosparc,sarm1,0.0405444800735688,0.2842927207291554
Breast Visium CID44971,novosparc,sh2d2a,0.0382728264764523,0.2617816239252853
Breast Visium CID44971,novosparc,rab27a,0.0378420614983997,0.36431683058459047
Breast Visium CID44971,novosparc,themis,0.0361561800230067,0.16360049588553197
Breast Visium CID44971,novosparc,brd2,0.0360167272501455,0.6730762091701827
Breast Visium CID44971,novosparc,snx22,0.0349929351168014,0.2211708845618654
Breast Visium CID44971,novosparc,fgfbp2,0.0348589022502536,0.07208661164722763
Breast Visium CID44971,novosparc,faslg,0.0307220970688149,0.1090774988630284
Breast Visium CID44971,novosparc,erg,0.0290815531966165,0.09836727630034665
Breast Visium CID44971,novosparc,higd1b,0.0278429907655502,0.08278129004167269
Breast Visium CID44971,novosparc,stim1,0.0275163771780208,0.41771785917883414
Breast Visium CID44971,novosparc,arrb1,0.025414096792812,0.3317434042128305
Breast Visium CID44971,novosparc,chst12,0.0233154602739126,0.34206610397880877
Breast Visium CID44971,novosparc,plekhf1,0.0215957023158403,0.26846563436886717
Breast Visium CID44971,novosparc,cep112,0.0213113934465174,0.11063694329774838
Breast Visium CID44971,novosparc,slamf1,0.0186012593903136,0.19265503077315677
Breast Visium CID44971,novosparc,fkbp11,0.0183632407376687,0.35410947229724293
Breast Visium CID44971,novosparc,egflam,0.0151230070411361,0.12944181201330907
Breast Visium CID44971,novosparc,ccnd3,0.0106786103271478,0.6161779280315897
Breast Visium CID44971,novosparc,kcnj8,0.0104008151540245,0.1274074596961192
Breast Visium CID44971,novosparc,pxk,0.0095525112049854,0.2787989808165235
Breast Visium CID44971,novosparc,dnase1l3,0.0016894012851037,0.06248710027061732
Breast Visium CID44971,novosparc,ncr1,0.0011284980733369,0.04237281094931463
Breast Visium CID44971,novosparc,gucy1a2,0.0004574578718944,0.05351016281989625
Breast Visium CID44971,novosparc,frmd3,-0.0024142800660836,0.10562366947050628
Breast Visium CID44971,novosparc,tfpi,-0.0029829248293452,0.2602769159256163
Breast Visium CID44971,novosparc,gldn,-0.0039769369918331,0.05285044262842376
Breast Visium CID44971,novosparc,linc00926,-0.0101648224967569,0.13974138254615173
Breast Visium CID44971,novosparc,linc01197,-0.0162024922908379,0.014197114754399035
Breast Visium CID44971,novosparc,hspa1a,-0.0263006676253138,0.6984279763318858
Breast Visium CID44971,novosparc,il7r,-0.0274725515736609,0.416437046202549
Breast Visium CID44971,novosparc,spink2,-0.0318356094998827,0.037532775530575394
Breast Visium CID44971,novosparc,sytl3,-0.0487136173335498,0.18750142042279086
Breast Visium CID44971,novosparc,tmem154,-0.0508472575412636,0.1712647467623288
Breast Visium CID44971,novosparc,pask,-0.0528579463474125,0.3049389860934967
Breast Visium CID44971,novosparc,sell,-0.0672022992982054,0.30331247810630085
Breast Visium CID44971,novosparc,rps8,0.6124842830587909,0.9920730812956291
Breast Visium CID44971,novosparc,rps6,0.5909808702616838,0.9888157792133132
Breast Visium CID44971,novosparc,rpl3,0.5787963791116261,0.9767698895273162
Breast Visium CID44971,novosparc,rps4x,0.5758639493809196,0.9838942706161363
Breast Visium CID44971,novosparc,psap,0.5600382260813148,0.9301280149554292
Breast Visium CID44971,novosparc,rpl15,0.5310450794248067,0.9833576528075947
Breast Visium CID44971,novosparc,xbp1,0.5196924264825811,0.7977958714917679
Breast Visium CID44971,novosparc,col1a1,0.5125472913601543,0.6023740971861516
Breast Visium CID44971,novosparc,malat1,0.5018697647123864,0.9510883709024732
Breast Visium CID44971,novosparc,rpl5,0.5005866858405449,0.9686824737963594
Breast Visium CID44971,novosparc,cox7a2,0.4884641333862018,0.915117378388834
Breast Visium CID44971,novosparc,fcer1g,0.4602317598132748,0.6142351947022093
Breast Visium CID44971,novosparc,hmgb2,0.4587655179032735,0.7989883627824366
Breast Visium CID44971,novosparc,rps23,0.4498396820469248,0.9833289331010122
Breast Visium CID44971,novosparc,s100a6,0.4493510814667955,0.9628056860346655
Breast Visium CID44971,novosparc,rpl35,0.447657312251402,0.9830494207873554
Breast Visium CID44971,novosparc,pfdn2,0.4444786852487229,0.8087797287817193
Breast Visium CID44971,novosparc,abracl,0.4439148859770969,0.8183939958120336
Breast Visium CID44971,novosparc,cdc123,0.4257096382476834,0.7668072132561194
Breast Visium CID44971,novosparc,mrpl51,0.4078483634566638,0.8425032649615709
Breast Visium CID44971,novosparc,dcdc2,0.4034210639483631,0.4559805878184831
Breast Visium CID44971,novosparc,rps19,0.4023536468052513,0.9954700502142928
Breast Visium CID44971,novosparc,rplp0,0.4016958213381261,0.9877273701354551
Breast Visium CID44971,novosparc,rps16,0.3957680033467729,0.9861498836106874
Breast Visium CID44971,novosparc,htra1,0.3913939038866649,0.5819048661890712
Breast Visium CID44971,novosparc,kiaa1324,0.3901466226727899,0.664656814073041
Breast Visium CID44971,novosparc,crabp1,0.3865071964343107,0.6574394636943752
Breast Visium CID44971,novosparc,vwf,0.3799927800903673,0.45608221033857005
Breast Visium CID44971,novosparc,ndufs5,0.3799226998893198,0.914658762472392
Breast Visium CID44971,novosparc,col5a2,0.3793077526563411,0.5116910082246444
Breast Visium CID44971,novosparc,c2orf40,0.3777710131327001,0.48346407800896185
Breast Visium CID44971,novosparc,zg16b,0.3776877261249545,0.47071495273990954
Breast Visium CID44971,novosparc,npm1,0.3768706410819309,0.882915522908867
Breast Visium CID44971,novosparc,myh11,0.376616571349181,0.4784811707005221
Breast Visium CID44971,novosparc,hla-dma,0.3728293102603459,0.669773335708055
Breast Visium CID44971,novosparc,ran,0.3706759559332101,0.8792196408117744
Breast Visium CID44971,novosparc,hla-dmb,0.3688452775750946,0.5797020007807637
Breast Visium CID44971,novosparc,ifitm2,0.3656040844137179,0.7696923959917775
Breast Visium CID44971,novosparc,lamb3,0.364658811541415,0.4851225743329986
Breast Visium CID44971,novosparc,lamtor5,0.3605238788080828,0.8249953631276498
Breast Visium CID44971,novosparc,plek,0.3577736990918901,0.51028528415135
Breast Visium CID44971,novosparc,mxra8,0.3554953195919073,0.5189332745260679
Breast Visium CID44971,novosparc,col6a3,0.3492255939587642,0.5142378934099513
Breast Visium CID44971,novosparc,ndufb4,0.3471845303924643,0.866597798258491
Breast Visium CID44971,novosparc,lgals3,0.3393814069733888,0.7729990193978077
Breast Visium CID44971,novosparc,cdh1,0.3392039923318394,0.6325994990503828
Breast Visium CID44971,novosparc,timp2,0.3349939187900684,0.5798168492044657
Breast Visium CID44971,novosparc,ctsz,0.331900240606542,0.6125588657431372
Breast Visium CID44971,novosparc,gng5,0.3303520843314935,0.8821403525690317
Breast Visium CID44971,novosparc,itgb2,0.3284118497229891,0.6922973398656135
Breast Visium CID44971,novosparc,cdh11,0.3268095111243672,0.4395275551019687
Breast Visium CID44971,novosparc,ccl14,0.3251370129812832,0.3438071830492157
Breast Visium CID44971,novosparc,serpina1,0.3248801818104909,0.5262995728444357
Breast Visium CID44971,novosparc,lyn,0.3228831567340885,0.4822240441700877
Breast Visium CID44971,novosparc,mylk,0.3219009913192263,0.524008520500886
Breast Visium CID44971,novosparc,rpl7,0.3202588203418675,0.9759014707707873
Breast Visium CID44971,novosparc,fkbp4,0.3198082424384644,0.7325636919554764
Breast Visium CID44971,novosparc,id3,0.3181358691546501,0.5514141363162903
Breast Visium CID44971,novosparc,capg,0.3109865821699569,0.7429627171488726
Breast Visium CID44971,novosparc,mif,0.3020449796249634,0.8547874058511638
Breast Visium CID44971,novosparc,phb2,0.3004928837851772,0.8722168992878812
Breast Visium CID44971,novosparc,cd63,0.2934548703244752,0.9046332077418426
Breast Visium CID44971,novosparc,gnai2,0.2932591793064404,0.7867508454160919
Breast Visium CID44971,novosparc,ndufv2,0.291153197265901,0.7919442217449495
Breast Visium CID44971,novosparc,ltbp2,0.2881794789205896,0.4506062333347378
Breast Visium CID44971,novosparc,rab31,0.2853764705376674,0.44222825412271566
Breast Visium CID44971,novosparc,nhp2,0.2812378634159548,0.8006346401170089
Breast Visium CID44971,novosparc,trim29,0.2734296260948892,0.4192335848743934
Breast Visium CID44971,novosparc,hspa5,0.2712923846720407,0.8098195727199455
Breast Visium CID44971,novosparc,cdkn1a,0.2682228567985717,0.594856247134465
Breast Visium CID44971,novosparc,ufc1,0.2656323957840113,0.7740126125282348
Breast Visium CID44971,novosparc,tnfsf13b,0.2652350320690116,0.3962701028531083
Breast Visium CID44971,novosparc,krt15,0.2632251630312476,0.6464463405164809
Breast Visium CID44971,novosparc,ppia,0.2619716340456306,0.9662249008216727
Breast Visium CID44971,novosparc,hebp1,0.259054362086474,0.6312802643308273
Breast Visium CID44971,novosparc,hla-dqa2,0.2576309820727606,0.4895165448941609
Breast Visium CID44971,novosparc,hla-b,0.2566588636083114,0.9348400829603997
Breast Visium CID44971,novosparc,efhd1,0.2560982783746977,0.5735225979162883
Breast Visium CID44971,novosparc,ing4,0.2554050227045251,0.6148971741133492
Breast Visium CID44971,novosparc,nutf2,0.2530472227088843,0.6977709918611503
Breast Visium CID44971,novosparc,dnmt1,0.2488266002120038,0.6860852335204765
Breast Visium CID44971,novosparc,myo6,0.2484346549486211,0.5893204683856594
Breast Visium CID44971,novosparc,tpm2,0.2483080870449463,0.544265634044586
Breast Visium CID44971,novosparc,myadm,0.2468983339758803,0.6626444433000388
Breast Visium CID44971,novosparc,p4hb,0.2458539262647483,0.914459763582344
Breast Visium CID44971,novosparc,cobl,0.2405592427080887,0.3672372943018838
Breast Visium CID44971,novosparc,c3ar1,0.2378906712205349,0.371529735916507
Breast Visium CID44971,novosparc,fpr1,0.2375775099571441,0.29590879517967916
Breast Visium CID44971,novosparc,clec7a,0.2372686657573709,0.380148468873121
Breast Visium CID44971,novosparc,ap2s1,0.2370302709309176,0.7784545904506842
Breast Visium CID44971,novosparc,tk1,0.2362752362309518,0.4716102775106178
Breast Visium CID44971,novosparc,ier3,0.2351283303053298,0.617475677446632
Breast Visium CID44971,novosparc,fosb,0.2349778114476438,0.6332700240634429
Breast Visium CID44971,novosparc,pafah1b3,0.234749485968393,0.6255884891196661
Breast Visium CID44971,novosparc,ptp4a3,0.2332881376353636,0.4236302649415531
Breast Visium CID44971,novosparc,mfsd1,0.2327826051885826,0.5936380469076248
Breast Visium CID44971,novosparc,mnda,0.2270540009978121,0.3127577661536875
Breast Visium CID44971,novosparc,gstp1,0.2253825896767932,0.8968435701631955
Breast Visium CID44971,novosparc,prrx1,0.2252076931575372,0.3831560735890575
Breast Visium CID44971,novosparc,manf,0.224181111156023,0.6446799048908645
Breast Visium CID44971,novosparc,ppp1r1b,0.2237659722524777,0.34784838762031667
Breast Visium CID44971,novosparc,gzmb,0.2214218415527987,0.3795855235047619
Breast Visium CID44971,novosparc,tmem87a,0.2205819595724193,0.5693507997093797
Breast Visium CID44971,novosparc,polr2i,0.2201471943402087,0.7541500532980719
Breast Visium CID44971,novosparc,pld4,0.2201165026886606,0.34223230895805085
Breast Visium CID44971,novosparc,ptpn6,0.2189559966968166,0.5688804646013843
Breast Visium CID44971,novosparc,ms4a7,0.2186641878025865,0.36187494098357337
Breast Visium CID44971,novosparc,id1,0.2133386081041649,0.37146487926829486
Breast Visium CID44971,novosparc,ssr2,0.2127321361388858,0.8898293247952335
Breast Visium CID44971,novosparc,edn1,0.2098803001125022,0.3303263742882508
Breast Visium CID44971,novosparc,srgn,0.2098092328699813,0.7062766773884269
Breast Visium CID44971,novosparc,tbc1d10c,0.2075245626745905,0.48244527170280027
Breast Visium CID44971,novosparc,crtap,0.2054748455681563,0.5963319096576332
Breast Visium CID44971,novosparc,ncf1,0.2021639593904758,0.5066035959742002
Breast Visium CID44971,novosparc,s100a10,0.2017568950932484,0.843421612359842
Breast Visium CID44971,novosparc,ppt1,0.200675429649165,0.6330935748287142
Breast Visium CID44971,novosparc,ggt5,0.2003472901855982,0.39667371657443556
Breast Visium CID44971,novosparc,cox7a1,0.2000928336269499,0.38949269934841974
Breast Visium CID44971,novosparc,rcn3,0.1997823135090154,0.32466241835299153
Breast Visium CID44971,novosparc,rnase1,0.1969534264300379,0.4064395426708849
Breast Visium CID44971,novosparc,palld,0.1964044240916334,0.49623294180747324
Breast Visium CID44971,novosparc,lman2,0.1958928841851989,0.7144963615602864
Breast Visium CID44971,novosparc,slc25a5,0.1957717322746809,0.7903114828384755
Breast Visium CID44971,novosparc,ppp1ca,0.1947942672061182,0.7804655122557161
Breast Visium CID44971,novosparc,impdh2,0.1925995900471215,0.7282513222064977
Breast Visium CID44971,novosparc,march1,0.1894859426884474,0.32394159016703566
Breast Visium CID44971,novosparc,pttg1,0.188674551693275,0.5190773528790689
Breast Visium CID44971,novosparc,sdc1,0.1872038167925307,0.6216767836510505
Breast Visium CID44971,novosparc,atp6v0e1,0.1856908939515786,0.8078288307045409
Breast Visium CID44971,novosparc,kctd12,0.1852616837080841,0.44570668644770106
Breast Visium CID44971,novosparc,sertad1,0.1847753607264931,0.4466486467991407
Breast Visium CID44971,novosparc,smim14,0.1842487390577088,0.5839205324178591
Breast Visium CID44971,novosparc,lmcd1,0.1835897909739702,0.4068482193632436
Breast Visium CID44971,novosparc,arrb2,0.1817039018385183,0.5091505422275047
Breast Visium CID44971,novosparc,sparcl1,0.1806028369980727,0.4978333759215431
Breast Visium CID44971,novosparc,acbd6,0.179911749755943,0.5596745805656334
Breast Visium CID44971,novosparc,wfdc1,0.1785223022058045,0.20131445629650788
Breast Visium CID44971,novosparc,oaz1,0.1779287493167088,0.924806459681531
Breast Visium CID44971,novosparc,nexn,0.1775280622140386,0.3151099834146377
Breast Visium CID44971,novosparc,gem,0.1769534455611636,0.4101938796053138
Breast Visium CID44971,novosparc,neurl1b,0.1747036021835993,0.2642850637205129
Breast Visium CID44971,novosparc,lmnb1,0.1725601434928239,0.3886940475384713
Breast Visium CID44971,novosparc,fam49b,0.1709181718765305,0.5917811745795554
Breast Visium CID44971,novosparc,snx2,0.1703938589254259,0.4546220038773012
Breast Visium CID44971,novosparc,ncf4,0.1690867073522747,0.3415803148688482
Breast Visium CID44971,novosparc,mthfd2,0.1681095803741289,0.565583910511866
Breast Visium CID44971,novosparc,cisd2,0.1673905431819684,0.547843266574682
Breast Visium CID44971,novosparc,cracr2b,0.1673871309458518,0.5191680671926305
Breast Visium CID44971,novosparc,il33,0.1664903138161428,0.2514584575545874
Breast Visium CID44971,novosparc,rpl36al,0.16383614517994,0.795390092353917
Breast Visium CID44971,novosparc,ubc,0.1633811613020931,0.9502920830962501
Breast Visium CID44971,novosparc,tnfrsf1b,0.1629397280789191,0.4851657339821283
Breast Visium CID44971,novosparc,vamp8,0.1585262066967356,0.8094999530264615
Breast Visium CID44971,novosparc,cd52,0.1556305326877055,0.5968874750857058
Breast Visium CID44971,novosparc,tpst1,0.1546396264795805,0.2774930957260419
Breast Visium CID44971,novosparc,crip2,0.1533143546465418,0.5648527099689399
Breast Visium CID44971,novosparc,sec62,0.153138441914432,0.6882869771124591
Breast Visium CID44971,novosparc,slc3a2,0.150689807631123,0.7269240460681495
Breast Visium CID44971,novosparc,cap1,0.1481471903455646,0.7843558496620485
Breast Visium CID44971,novosparc,ucp2,0.1465922771491518,0.5193988314821261
Breast Visium CID44971,novosparc,selplg,0.1458107338075926,0.3982190854906149
Breast Visium CID44971,novosparc,arhgap9,0.1451304619802931,0.3960875894989739
Breast Visium CID44971,novosparc,rtn4,0.1422340655417893,0.8215395227764413
Breast Visium CID44971,novosparc,lifr,0.1418215309487515,0.28449667860823075
Breast Visium CID44971,novosparc,rhob,0.1414020372194817,0.6745540267131164
Breast Visium CID44971,novosparc,ptpre,0.1398456170842965,0.36210161562987114
Breast Visium CID44971,novosparc,lck,0.1395250186592319,0.4076908545098189
Breast Visium CID44971,novosparc,lpar5,0.1371611711427548,0.25773863988681944
Breast Visium CID44971,novosparc,sept4,0.1354209268037662,0.34477800212594556
Breast Visium CID44971,novosparc,ncaph,0.1332996718784287,0.2768958962247627
Breast Visium CID44971,novosparc,laptm4a,0.1313784721062967,0.8222079621387802
Breast Visium CID44971,novosparc,atg3,0.1304989409569334,0.5885346458426569
Breast Visium CID44971,novosparc,pstpip1,0.1282696850821799,0.36777819609177165
Breast Visium CID44971,novosparc,mob1a,0.1257306591122806,0.7130183070055768
Breast Visium CID44971,novosparc,dnaja1,0.1241943806418033,0.8044437566769239
Breast Visium CID44971,novosparc,dnajc3,0.1241309498737189,0.5052597964745555
Breast Visium CID44971,novosparc,nes,0.1232358535588758,0.4323629555843385
Breast Visium CID44971,novosparc,jam2,0.1228240269371385,0.2561619781784763
Breast Visium CID44971,novosparc,ralgps2,0.1217234639147528,0.2713038466341044
Breast Visium CID44971,novosparc,man2b1,0.1209197838982762,0.23337403026099904
Breast Visium CID44971,novosparc,cystm1,0.1206189140209949,0.4634991712447927
Breast Visium CID44971,novosparc,creb3l2,0.1205240548114671,0.5922624304677965
Breast Visium CID44971,novosparc,itm2a,0.1201519597424629,0.5192787908938146
Breast Visium CID44971,novosparc,creld2,0.1190738044335833,0.44456904636666145
Breast Visium CID44971,novosparc,fcgrt,0.1175408741998035,0.5522078788731104
Breast Visium CID44971,novosparc,ugcg,0.1170757902136792,0.5664733678004189
Breast Visium CID44971,novosparc,tmem176a,0.1162782120157379,0.3452296094583854
Breast Visium CID44971,novosparc,ddx5,0.1151965609918606,0.9032216557796072
Breast Visium CID44971,novosparc,cxcr3,0.1127803390786095,0.3004417562633274
Breast Visium CID44971,novosparc,cd79b,0.1121851123415352,0.3224127691372666
Breast Visium CID44971,novosparc,nrp1,0.111754552957452,0.31861706111811083
Breast Visium CID44971,novosparc,tspan3,0.111677261500303,0.6112688840814003
Breast Visium CID44971,novosparc,derl3,0.1112745373802186,0.25859108515669277
Breast Visium CID44971,novosparc,fabp4,0.110535703525222,0.24157097343454223
Breast Visium CID44971,novosparc,gmppb,0.1088654948948476,0.4022020635682782
Breast Visium CID44971,novosparc,tmem243,0.1081897577889772,0.35591998483377457
Breast Visium CID44971,novosparc,fancb,0.1080663204832233,0.20668853192255945
Breast Visium CID44971,novosparc,add3,0.1074189012595294,0.48985304838307736
Breast Visium CID44971,novosparc,hsd17b8,0.1069043289109402,0.3089395102421793
Breast Visium CID44971,novosparc,jakmip1,0.106070999655323,0.15067170651345957
Breast Visium CID44971,novosparc,veph1,0.1057245588477654,0.18316322407420574
Breast Visium CID44971,novosparc,nudt1,0.1026863396206672,0.44646624006873453
Breast Visium CID44971,novosparc,cav2,0.0985904173723153,0.4488248950509952
Breast Visium CID44971,novosparc,il32,0.0975615969064819,0.647425809913267
Breast Visium CID44971,novosparc,klrd1,0.0960656662791676,0.21819304434550882
Breast Visium CID44971,novosparc,srprb,0.0926916350721622,0.560532831681179
Breast Visium CID44971,novosparc,cd79a,0.0919054620071045,0.3781952426514007
Breast Visium CID44971,novosparc,clmn,0.0915619201773319,0.355102890613086
Breast Visium CID44971,novosparc,tmem109,0.0910123597793858,0.5539896258855281
Breast Visium CID44971,novosparc,itk,0.0881898079791629,0.21551818676297785
Breast Visium CID44971,novosparc,apobec3g,0.0879730565566424,0.3903800025220375
Breast Visium CID44971,novosparc,krt5,0.0874992542526826,0.5912003859429869
Breast Visium CID44971,novosparc,txndc15,0.0871706967434183,0.4328248947431171
Breast Visium CID44971,novosparc,csf3r,0.086713304400734,0.1883633712339637
Breast Visium CID44971,novosparc,hoxd9,0.0846779952984501,0.15533934661419077
Breast Visium CID44971,novosparc,arl15,0.0843941907450276,0.26381497783451724
Breast Visium CID44971,novosparc,mkl2,0.0831259183569784,0.4043515071904217
Breast Visium CID44971,novosparc,rac1,0.0829991346721163,0.8271168881212918
Breast Visium CID44971,novosparc,cd6,0.08264671633323,0.4294499474933514
Breast Visium CID44971,novosparc,pik3r3,0.0824069155992011,0.4433454508933654
Breast Visium CID44971,novosparc,cd19,0.0821858331542769,0.16562714306626403
Breast Visium CID44971,novosparc,btla,0.0819561951136094,0.15091511777356154
Breast Visium CID44971,novosparc,arfgap3,0.0799305918594835,0.4934737400749083
Breast Visium CID44971,novosparc,glrx,0.0775216614785336,0.3970490839062409
Breast Visium CID44971,novosparc,spock2,0.0721358635916501,0.49057698139740896
Breast Visium CID44971,novosparc,cd247,0.0717407604872351,0.34459351478485434
Breast Visium CID44971,novosparc,mef2a,0.070981433142266,0.42397015485477074
Breast Visium CID44971,novosparc,adrb2,0.0698448912099009,0.14695242789449636
Breast Visium CID44971,novosparc,hla-dob,0.0693359780696624,0.2527387016287203
Breast Visium CID44971,novosparc,phf19,0.0685328371251526,0.32987287172509594
Breast Visium CID44971,novosparc,mtrnr2l12,0.0642466810508032,0.8382299641890216
Breast Visium CID44971,novosparc,bin2,0.0632384851299228,0.33470517054882276
Breast Visium CID44971,novosparc,apobec3c,0.0619542123419629,0.41141528663970695
Breast Visium CID44971,novosparc,nucb2,0.0590378854683519,0.42889056148060944
Breast Visium CID44971,novosparc,rgs5,0.0558096335080292,0.2714158705196324
Breast Visium CID44971,novosparc,zc3h12a,0.0557594466499386,0.26383120685750655
Breast Visium CID44971,novosparc,eid1,0.0555004982478825,0.6514577338967126
Breast Visium CID44971,novosparc,sod3,0.0554430367819234,0.1593858131606409
Breast Visium CID44971,novosparc,runx3,0.0541631840066166,0.36744798962360953
Breast Visium CID44971,novosparc,foxp3,0.05364543498154,0.2049989472791014
Breast Visium CID44971,novosparc,sirpg,0.0527419924209235,0.19399975583440227
Breast Visium CID44971,novosparc,mrvi1,0.0516377027248796,0.18792738724847977
Breast Visium CID44971,novosparc,arhgap29,0.0506311488388737,0.24641127845263863
Breast Visium CID44971,novosparc,runx1t1,0.0501717582785353,0.14474701960160896
Breast Visium CID44971,novosparc,mir99ahg,0.0497631170231968,0.21662216947958593
Breast Visium CID44971,novosparc,ctnnal1,0.0473907044076202,0.23993696833270536
Breast Visium CID44971,novosparc,batf,0.0470083874068403,0.38034206362150424
Breast Visium CID44971,novosparc,socs2,0.0466362459097046,0.20047164050552868
Breast Visium CID44971,novosparc,ccr4,0.0463161472512741,0.07778310535841522
Breast Visium CID44971,novosparc,pced1b,0.0448026788455053,0.302028681439331
Breast Visium CID44971,novosparc,znf683,0.0420477467709524,0.19661261677381942
Breast Visium CID44971,novosparc,mtss1,0.0415381820632518,0.44789011382890986
Breast Visium CID44971,novosparc,myo1b,0.0404664677969364,0.36794718479635957
Breast Visium CID44971,novosparc,arhgap15,0.0396744760259271,0.255102846342052
Breast Visium CID44971,novosparc,meg3,0.0379597883001093,0.2638100401250695
Breast Visium CID44971,novosparc,bard1,0.0375642252398315,0.252208346675232
Breast Visium CID44971,novosparc,emb,0.037487672339278,0.39049420869260876
Breast Visium CID44971,novosparc,hlf,0.0360972975242768,0.17638886076041843
Breast Visium CID44971,novosparc,socs1,0.0344200818770107,0.4467731130358082
Breast Visium CID44971,novosparc,dnajc1,0.0325258180558089,0.3762609157268658
Breast Visium CID44971,novosparc,plagl1,0.0302298936998558,0.3076631721275552
Breast Visium CID44971,novosparc,rasgrp2,0.0291350574420896,0.33142823200189664
Breast Visium CID44971,novosparc,cpe,0.0249352907581876,0.2844441086852037
Breast Visium CID44971,novosparc,rhoh,0.022874442026021,0.34904858396724414
Breast Visium CID44971,novosparc,txndc11,0.0220297063428202,0.44231470553008184
Breast Visium CID44971,novosparc,bank1,0.0213990714148528,0.1162204243663889
Breast Visium CID44971,novosparc,h2afv,0.0189768267201753,0.6967175262411403
Breast Visium CID44971,novosparc,atp1b2,0.0172060788980215,0.07642317080201065
Breast Visium CID44971,novosparc,rnf125,0.0164068747966303,0.25089662647787353
Breast Visium CID44971,novosparc,ostf1,0.0155521033053704,0.3796100006133875
Breast Visium CID44971,novosparc,cd28,0.0150545754439414,0.17363489847434832
Breast Visium CID44971,novosparc,itgae,0.008425633612276,0.45120067651728873
Breast Visium CID44971,novosparc,fcmr,0.005591775291156,0.24214794043585294
Breast Visium CID44971,novosparc,cox4i2,0.0053056609897439,0.06691261011833616
Breast Visium CID44971,novosparc,bach2,0.002865010168313,0.19873128519250868
Breast Visium CID44971,novosparc,ppp2r5b,0.0023541724460009,0.3086839748992266
Breast Visium CID44971,novosparc,kir3dl2,0.0011705625968654,0.030240424849658155
Breast Visium CID44971,novosparc,map3k7cl,-0.0008524429250199,0.10620458535333997
Breast Visium CID44971,novosparc,ighd,-0.0011918908772086,0.05769002322047644
Breast Visium CID44971,novosparc,rasl11a,-0.0016827216058924,0.04500949307670226
Breast Visium CID44971,novosparc,fam162b,-0.0043627370983945,0.031243229761420556
Breast Visium CID44971,novosparc,fcer2,-0.0089129929618063,0.06777239702658401
Breast Visium CID44971,novosparc,tmigd2,-0.0090978632726142,0.07377050682617452
Breast Visium CID44971,novosparc,igll5,-0.011187074264821,0.09948622015189884
Breast Visium CID44971,novosparc,s1pr5,-0.0222090529358127,0.06939670204930104
Breast Visium CID44971,novosparc,lipe,-0.0222488089444141,0.13971217458341523
Breast Visium CID44971,novosparc,kir2dl4,-0.0307470618346415,0.023296206613434203
Breast Visium CID44971,novosparc,ltb,-0.0486836854172758,0.4279998754927156
Breast Visium CID44971,novosparc,xcl1,-0.0503249074045769,0.12028427685551026
Breast Visium CID44971,novosparc,lef1,-0.0538924935725776,0.22081804747247505
Breast Visium CID44971,novosparc,stag3,-0.0584834022052213,0.14532423339852452
Breast Visium CID44971,novosparc,klrf1,-0.0732801260386622,0.1124993026012173
Breast Visium CID44971,novosparc,pbxip1,-0.0828380872691183,0.6202992097104085
Breast Visium CID44971,novosparc,plcg2,-0.103996728386945,0.49406715180632227
Breast Visium CID44971,novosparc,hpgd,-0.1197467187874616,0.20080813791487115
Breast Visium CID44971,novosparc,tmsb10,0.7362674540390182,0.9957176570546328
Breast Visium CID44971,novosparc,eef1a1,0.6087949289144056,0.9983479469932667
Breast Visium CID44971,novosparc,rpl29,0.5715655990560738,0.9899400881350385
Breast Visium CID44971,novosparc,tpt1,0.5711137529008916,0.9929578475863787
Breast Visium CID44971,novosparc,rps15,0.5353178981211915,0.9840633706365413
Breast Visium CID44971,novosparc,ctss,0.516141104244885,0.7565351821589793
Breast Visium CID44971,novosparc,hla-dqb1,0.5102109765136056,0.80335712627041
Breast Visium CID44971,novosparc,hla-dqa1,0.5080320402588978,0.7363477132527667
Breast Visium CID44971,novosparc,rps3,0.5059126979712963,0.9827044839918193
Breast Visium CID44971,novosparc,areg,0.5019138506518748,0.6304808869207719
Breast Visium CID44971,novosparc,rpl18,0.4972463990621128,0.9872981140793858
Breast Visium CID44971,novosparc,col1a2,0.4943113772053898,0.5750378012773065
Breast Visium CID44971,novosparc,hla-dpa1,0.4937351929778922,0.8607494318900302
Breast Visium CID44971,novosparc,aebp1,0.4922793854417874,0.6034509477855862
Breast Visium CID44971,novosparc,hla-dpb1,0.4886462856826772,0.8427086288138261
Breast Visium CID44971,novosparc,snrpd1,0.4770596850665967,0.8019150461678984
Breast Visium CID44971,novosparc,lyz,0.4745137476600807,0.6062114043046032
Breast Visium CID44971,novosparc,hla-drb1,0.4681098165059767,0.8318416782691134
Breast Visium CID44971,novosparc,cacybp,0.463017554285682,0.8212994925794816
Breast Visium CID44971,novosparc,dusp1,0.4521565112522859,0.861970045249292
Breast Visium CID44971,novosparc,cd68,0.4420787816597996,0.5951998484921556
Breast Visium CID44971,novosparc,c1qa,0.4291942723022104,0.5430762353894985
Breast Visium CID44971,novosparc,lst1,0.4073102318122299,0.5613238513715118
Breast Visium CID44971,novosparc,ifitm3,0.4033742100557017,0.8258501648825837
Breast Visium CID44971,novosparc,npc2,0.3994721769200032,0.826346623092973
Breast Visium CID44971,novosparc,fbxo32,0.3970042434400136,0.7178194654853056
Breast Visium CID44971,novosparc,arf1,0.3931999121260099,0.9162346047015628
Breast Visium CID44971,novosparc,sema3c,0.3903656979979396,0.5578131208716314
Breast Visium CID44971,novosparc,gdi2,0.3852807495232858,0.8744090964396845
Breast Visium CID44971,novosparc,spint2,0.3782392047440077,0.7863455751951293
Breast Visium CID44971,novosparc,pfn2,0.3772396094023407,0.6287327351931888
Breast Visium CID44971,novosparc,dcn,0.3691109861185428,0.5651070146987183
Breast Visium CID44971,novosparc,ranbp1,0.3612148009733051,0.7284110575497291
Breast Visium CID44971,novosparc,sec61b,0.3552248495232939,0.8703838748516346
Breast Visium CID44971,novosparc,rpl27,0.3534349108211741,0.9688863818152085
Breast Visium CID44971,novosparc,nucks1,0.352613690804034,0.8753837499737102
Breast Visium CID44971,novosparc,nnmt,0.3464114324731461,0.5864792978908865
Breast Visium CID44971,novosparc,snrpb,0.3425698392517129,0.8190574961169758
Breast Visium CID44971,novosparc,hspg2,0.3413054507533617,0.5385210479540691
Breast Visium CID44971,novosparc,sumo2,0.3385231089449976,0.9063670668091677
Breast Visium CID44971,novosparc,gadd45b,0.331663737249509,0.603816199501749
Breast Visium CID44971,novosparc,eif3d,0.3307460995332452,0.7048181129626824
Breast Visium CID44971,novosparc,aff3,0.329919749801637,0.4274710055842665
Breast Visium CID44971,novosparc,tpx2,0.3295826985498946,0.5359250152446091
Breast Visium CID44971,novosparc,actg1,0.3268902161978284,0.9895495239868609
Breast Visium CID44971,novosparc,eif3l,0.3219872777593647,0.8485822372723589
Breast Visium CID44971,novosparc,mmp2,0.3185546981758073,0.504858419585472
Breast Visium CID44971,novosparc,efhd2,0.3160334835507028,0.6265994197940272
Breast Visium CID44971,novosparc,col6a1,0.3133263132234751,0.5095687036487555
Breast Visium CID44971,novosparc,rpl27a,0.3118230092603979,0.9798148382977914
Breast Visium CID44971,novosparc,eef2,0.3103495631990415,0.958924642427824
Breast Visium CID44971,novosparc,mpc2,0.309096862527074,0.7258716678192146
Breast Visium CID44971,novosparc,esam,0.3078411326723344,0.3800611638909542
Breast Visium CID44971,novosparc,hspb1,0.302865683699648,0.8790749785956443
Breast Visium CID44971,novosparc,fstl1,0.3018169980546494,0.48724869343277283
Breast Visium CID44971,novosparc,cox7a2l,0.2961978263588231,0.7187947306069519
Breast Visium CID44971,novosparc,ptprb,0.2935511890192577,0.33395285183857665
Breast Visium CID44971,novosparc,app,0.2912968304681635,0.8013385751652246
Breast Visium CID44971,novosparc,psme2,0.2873650115387609,0.7821838373993801
Breast Visium CID44971,novosparc,atp6v1f,0.2859780769694537,0.8183501167835632
Breast Visium CID44971,novosparc,aqp1,0.2764481778944317,0.41470108696507507
Breast Visium CID44971,novosparc,sh3yl1,0.2741013431373648,0.6438356065807724
Breast Visium CID44971,novosparc,rpl13a,0.2720941170784893,0.9875099259211356
Breast Visium CID44971,novosparc,itm2b,0.271888513008813,0.9556031100127171
Breast Visium CID44971,novosparc,atp6v0b,0.2716319100003274,0.8254221744440434
Breast Visium CID44971,novosparc,krt18,0.2693489660924788,0.6270574695301944
Breast Visium CID44971,novosparc,mgp,0.2635001048824753,0.8603967255185268
Breast Visium CID44971,novosparc,pkib,0.2603264245264545,0.400582834164618
Breast Visium CID44971,novosparc,mt1e,0.2567167175281168,0.7856221831061416
Breast Visium CID44971,novosparc,actb,0.2565542087086083,0.9883833353460848
Breast Visium CID44971,novosparc,vamp5,0.2540399646447947,0.5586094560340631
Breast Visium CID44971,novosparc,tmc4,0.253197209964652,0.4186951363385541
Breast Visium CID44971,novosparc,cnn3,0.2513404385453793,0.5252804712219903
Breast Visium CID44971,novosparc,fbln1,0.2495968458958869,0.47182266518778126
Breast Visium CID44971,novosparc,cfl1,0.2452165613220904,0.9486365998474566
Breast Visium CID44971,novosparc,cd4,0.2441586718839953,0.5280494255855682
Breast Visium CID44971,novosparc,ssr3,0.2436787967736211,0.8029729656579075
Breast Visium CID44971,novosparc,icam1,0.2421002491318124,0.5163515558370908
Breast Visium CID44971,novosparc,fbln2,0.2404110281295317,0.3823528789603303
Breast Visium CID44971,novosparc,mme,0.2393093368477002,0.3595571199515744
Breast Visium CID44971,novosparc,hla-doa,0.2352553002363145,0.41466969850961993
Breast Visium CID44971,novosparc,adgrf5,0.2340855194740075,0.3137547121936751
Breast Visium CID44971,novosparc,cd40,0.2339550823915043,0.42305358414607647
Breast Visium CID44971,novosparc,sub1,0.2331051068485861,0.8866353905324382
Breast Visium CID44971,novosparc,cyb5r3,0.2325978643752945,0.7049554701011831
Breast Visium CID44971,novosparc,zwint,0.2315072385086922,0.427281586175873
Breast Visium CID44971,novosparc,mafb,0.2286035651645584,0.5455658354756612
Breast Visium CID44971,novosparc,eif4b,0.2281498530425651,0.8666356590786883
Breast Visium CID44971,novosparc,f2r,0.2277696109059715,0.5122986186111564
Breast Visium CID44971,novosparc,mcm3,0.2260009754403447,0.6274480896649539
Breast Visium CID44971,novosparc,sdcbp,0.2256820270222338,0.719878596628088
Breast Visium CID44971,novosparc,cdh5,0.2244717461471895,0.29054926607731835
Breast Visium CID44971,novosparc,nudt4,0.2241892199133414,0.6892951032810484
Breast Visium CID44971,novosparc,cyba,0.2218442992511058,0.8140129108753349
Breast Visium CID44971,novosparc,dsp,0.221563697001321,0.6087289867877339
Breast Visium CID44971,novosparc,aif1l,0.2197820001166442,0.4652415860143377
Breast Visium CID44971,novosparc,dut,0.2196408555762242,0.7162175313786855
Breast Visium CID44971,novosparc,hnrnpa2b1,0.218741613611929,0.9246774486656342
Breast Visium CID44971,novosparc,c1orf162,0.2179498546764477,0.4400023493693845
Breast Visium CID44971,novosparc,cdt1,0.2176765483504184,0.4233270021566252
Breast Visium CID44971,novosparc,serpinh1,0.2169397921995752,0.6659654644183525
Breast Visium CID44971,novosparc,csnk1a1,0.2168985602769202,0.7692782454727024
Breast Visium CID44971,novosparc,dusp6,0.215464718567667,0.5867443127441682
Breast Visium CID44971,novosparc,cxorf36,0.2143753434060176,0.26683537094579635
Breast Visium CID44971,novosparc,arpc2,0.2095156527169532,0.847130693013865
Breast Visium CID44971,novosparc,runx1,0.2066295146883578,0.687044179937406
Breast Visium CID44971,novosparc,ndrg1,0.2057731210931735,0.6331293931106858
Breast Visium CID44971,novosparc,rnf130,0.2050502844070121,0.5732454051549023
Breast Visium CID44971,novosparc,idh2,0.201800444456234,0.6736320695498583
Breast Visium CID44971,novosparc,ncf2,0.1990974398118058,0.2925258294988522
Breast Visium CID44971,novosparc,adam12,0.1972046078897272,0.350445571533618
Breast Visium CID44971,novosparc,pdlim4,0.1965245441936001,0.5265850267830823
Breast Visium CID44971,novosparc,csrp1,0.1942931423299087,0.798979469360888
Breast Visium CID44971,novosparc,sema3g,0.1906494259912128,0.26120910996339886
Breast Visium CID44971,novosparc,pdgfrb,0.1900591635283395,0.3631543206360564
Breast Visium CID44971,novosparc,kdelr1,0.1859607344345719,0.711830488029764
Breast Visium CID44971,novosparc,lrrc26,0.1849676477803893,0.3175159521151672
Breast Visium CID44971,novosparc,gsn,0.1824906177541945,0.6789898682475363
Breast Visium CID44971,novosparc,adirf,0.1821844954910965,0.4919972754758401
Breast Visium CID44971,novosparc,fam13c,0.1809386281814553,0.2265595167393298
Breast Visium CID44971,novosparc,col18a1,0.1803135691908432,0.6006153935825345
Breast Visium CID44971,novosparc,aplp2,0.1784787259512242,0.7988783936055432
Breast Visium CID44971,novosparc,pilra,0.1762475404517216,0.2783722343445466
Breast Visium CID44971,novosparc,s1pr1,0.1755464696909947,0.299705212950612
Breast Visium CID44971,novosparc,rhog,0.1730078324137763,0.614489138722432
Breast Visium CID44971,novosparc,chpf,0.1727135637003202,0.5949161118573567
Breast Visium CID44971,novosparc,klf10,0.1714608982090087,0.45423277695730074
Breast Visium CID44971,novosparc,gpsm3,0.1658166585401615,0.43286796729854093
Breast Visium CID44971,novosparc,gmfg,0.1648043011368732,0.5007319192988215
Breast Visium CID44971,novosparc,lcp2,0.1619826157579654,0.45693059340707864
Breast Visium CID44971,novosparc,glipr1,0.1618510571079654,0.49661082192987754
Breast Visium CID44971,novosparc,abi3,0.1589961822770542,0.3660277838297472
Breast Visium CID44971,novosparc,krt14,0.1581040038113956,0.46812662905020597
Breast Visium CID44971,novosparc,filip1,0.1556220740014711,0.1798589479273181
Breast Visium CID44971,novosparc,rbm47,0.1507945179036035,0.4682475557522034
Breast Visium CID44971,novosparc,ddit4,0.150272151606858,0.7494676699830134
Breast Visium CID44971,novosparc,asf1b,0.1498702218789603,0.3090688410259938
Breast Visium CID44971,novosparc,calcrl,0.1479885085070142,0.22907720394296563
Breast Visium CID44971,novosparc,sh3bgrl3,0.1455750510773898,0.8858732767937505
Breast Visium CID44971,novosparc,actn4,0.1453524843103119,0.8397096778167681
Breast Visium CID44971,novosparc,fgd2,0.1440393991266168,0.2913201466452603
Breast Visium CID44971,novosparc,fxyd5,0.1436394586726091,0.6455612516093945
Breast Visium CID44971,novosparc,sec11c,0.142300613841078,0.6715472449324024
Breast Visium CID44971,novosparc,spcs3,0.1412532194252456,0.6746866509621119
Breast Visium CID44971,novosparc,ugdh,0.1409223593527179,0.4451449094689519
Breast Visium CID44971,novosparc,rabac1,0.1402629210604002,0.7748693332830808
Breast Visium CID44971,novosparc,arhgap31,0.1384723645427261,0.3452137979287056
Breast Visium CID44971,novosparc,tm4sf18,0.1374675459860146,0.3263898385535599
Breast Visium CID44971,novosparc,pkig,0.1373242421924745,0.5094735365975445
Breast Visium CID44971,novosparc,sept1,0.1361826124640996,0.4531025080756273
Breast Visium CID44971,novosparc,gstt2b,0.1359835300566387,0.2640328411996899
Breast Visium CID44971,novosparc,rgs1,0.1357724095709736,0.6841372956353168
Breast Visium CID44971,novosparc,acadvl,0.1353290801533725,0.8210980448877219
Breast Visium CID44971,novosparc,tinagl1,0.1348127226715086,0.46766857013717955
Breast Visium CID44971,novosparc,rgs19,0.1347365380604734,0.4971760455170102
Breast Visium CID44971,novosparc,oasl,0.1340710900178091,0.261537524417858
Breast Visium CID44971,novosparc,znf385a,0.132666147330169,0.2932535690730697
Breast Visium CID44971,novosparc,rasal3,0.1312008884016041,0.4273274108853503
Breast Visium CID44971,novosparc,ptpn7,0.1299400394844174,0.337527154750814
Breast Visium CID44971,novosparc,dbnl,0.1288058663359067,0.60054487130322
Breast Visium CID44971,novosparc,uqcrhl,0.1271625933284229,0.2728715792376791
Breast Visium CID44971,novosparc,tmem208,0.1244713333216742,0.5890853499775353
Breast Visium CID44971,novosparc,a4galt,0.1241202463650634,0.231280428019974
Breast Visium CID44971,novosparc,smc2,0.1224593576497732,0.3867698413014583
Breast Visium CID44971,novosparc,fndc3a,0.1214364717521644,0.6059858520920851
Breast Visium CID44971,novosparc,erlec1,0.1213828932225534,0.6060571634050806
Breast Visium CID44971,novosparc,limd2,0.1206267147803478,0.5886799923794672
Breast Visium CID44971,novosparc,tspan4,0.1206143024325106,0.4248688511075365
Breast Visium CID44971,novosparc,hsh2d,0.1182301827763081,0.2920486125284475
Breast Visium CID44971,novosparc,maff,0.1181583372438176,0.33923066855842876
Breast Visium CID44971,novosparc,sash3,0.1167783046567844,0.32149446033985285
Breast Visium CID44971,novosparc,crispld2,0.116505222059964,0.30699749357822737
Breast Visium CID44971,novosparc,hcfc1r1,0.1159013819979215,0.6160752059469689
Breast Visium CID44971,novosparc,ccl4,0.114198458189359,0.45333934294970474
Breast Visium CID44971,novosparc,traf4,0.1136436870371739,0.5886382396747752
Breast Visium CID44971,novosparc,tie1,0.1121495369813309,0.1823313079764724
Breast Visium CID44971,novosparc,ckap2l,0.1115111492246397,0.20396462944367752
Breast Visium CID44971,novosparc,cmc1,0.1108653826234233,0.5279247454962261
Breast Visium CID44971,novosparc,psmb10,0.1103271074225942,0.39497396952364544
Breast Visium CID44971,novosparc,yeats4,0.1101025343212531,0.4060693295865915
Breast Visium CID44971,novosparc,syt8,0.1091616100738884,0.24246805645261005
Breast Visium CID44971,novosparc,tcf19,0.1083707555387107,0.3035332653411777
Breast Visium CID44971,novosparc,rgs10,0.1074780763299246,0.6438894477555538
Breast Visium CID44971,novosparc,tlr10,0.1068786053629893,0.18652814117784047
Breast Visium CID44971,novosparc,id2,0.1064369822625844,0.6765150071044359
Breast Visium CID44971,novosparc,nfic,0.1062319372160807,0.5740541230280428
Breast Visium CID44971,novosparc,sptbn1,0.1047655713439973,0.7022434221639409
Breast Visium CID44971,novosparc,pold4,0.1026603428759949,0.41315929396338325
Breast Visium CID44971,novosparc,orai2,0.1008678663098019,0.46146281181460125
Breast Visium CID44971,novosparc,cd3d,0.1000164336069319,0.4479799490586974
Breast Visium CID44971,novosparc,myd88,0.0998787045861195,0.456116714616301
Breast Visium CID44971,novosparc,cald1,0.0995680067934595,0.576936623607614
Breast Visium CID44971,novosparc,cd36,0.0988393174148049,0.25798145833426195
Breast Visium CID44971,novosparc,vps51,0.0987235950350005,0.6370340595809231
Breast Visium CID44971,novosparc,lag3,0.0974071181872468,0.34668057543696645
Breast Visium CID44971,novosparc,h2afj,0.0971557226911023,0.6992332728496248
Breast Visium CID44971,novosparc,cd8b,0.09229667252434,0.29591534117558144
Breast Visium CID44971,novosparc,st6galnac4,0.0920842433706067,0.2686350459197433
Breast Visium CID44971,novosparc,fam20a,0.0914663959335438,0.22499442017192908
Breast Visium CID44971,novosparc,tnfrsf12a,0.0899697049850536,0.4857900493229032
Breast Visium CID44971,novosparc,bag3,0.088207985526403,0.39772424076259616
Breast Visium CID44971,novosparc,rfc3,0.0860608617386627,0.3059992492626659
Breast Visium CID44971,novosparc,arhgdib,0.0854091256895048,0.7389653946974006
Breast Visium CID44971,novosparc,arc,0.08208655206723,0.13427891252892873
Breast Visium CID44971,novosparc,cx3cr1,0.0791760638967346,0.18030244460853462
Breast Visium CID44971,novosparc,mzb1,0.0788752229027054,0.3566850786770054
Breast Visium CID44971,novosparc,stat4,0.0783585016374124,0.23767973733980272
Breast Visium CID44971,novosparc,icam3,0.0779910335452788,0.39729852241836555
Breast Visium CID44971,novosparc,tsc22d1,0.0761383868044534,0.5929935692644409
Breast Visium CID44971,novosparc,dck,0.0750515333005954,0.46987806056436565
Breast Visium CID44971,novosparc,gzmm,0.0746013635921114,0.2376044820853638
Breast Visium CID44971,novosparc,fbxo2,0.0738942000613087,0.3631924602924519
Breast Visium CID44971,novosparc,picalm,0.0696771664455028,0.5525605919652181
Breast Visium CID44971,novosparc,oxnad1,0.0690881917237325,0.287037716943572
Breast Visium CID44971,novosparc,hhex,0.0680491255961202,0.18257153245033408
Breast Visium CID44971,novosparc,mtus1,0.0676916445540684,0.3041021673513805
Breast Visium CID44971,novosparc,mmp25-as1,0.067463858138643,0.2904825054621854
Breast Visium CID44971,novosparc,rdx,0.0661393645999983,0.5104793450603857
Breast Visium CID44971,novosparc,lamb1,0.0645594679608988,0.34632482901298606
Breast Visium CID44971,novosparc,ldlrap1,0.0644407782858195,0.36799510735599694
Breast Visium CID44971,novosparc,lims2,0.063791546118047,0.3316471938976715
Breast Visium CID44971,novosparc,magi1,0.061999251525085,0.3422334653028598
Breast Visium CID44971,novosparc,hopx,0.0609312385564742,0.31654447716153084
Breast Visium CID44971,novosparc,mgat2,0.0603063417333046,0.4011264657823642
Breast Visium CID44971,novosparc,ikzf1,0.0601289983473072,0.3793124964896825
Breast Visium CID44971,novosparc,cytip,0.0598881233699192,0.3811493621216913
Breast Visium CID44971,novosparc,tpst2,0.0590062382693901,0.44436161066532714
Breast Visium CID44971,novosparc,eaf2,0.0572329065098603,0.1892298011562884
Breast Visium CID44971,novosparc,fam177a1,0.055848254258367,0.5795610343397098
Breast Visium CID44971,novosparc,il4r,0.0547972127741224,0.4738359385207683
Breast Visium CID44971,novosparc,ncam1,0.054599814931192,0.09200507764744704
Breast Visium CID44971,novosparc,znf608,0.0517386453469674,0.18822010321312035
Breast Visium CID44971,novosparc,mapk1,0.05073506308285,0.5819427365734299
Breast Visium CID44971,novosparc,btnl9,0.0501000305328503,0.1485190870928554
Breast Visium CID44971,novosparc,cd300lg,0.047765229067889,0.09655466626797232
Breast Visium CID44971,novosparc,il2rg,0.0467539352159879,0.4347603344121944
Breast Visium CID44971,novosparc,nr2f2,0.0457991648740076,0.3325496175384328
Breast Visium CID44971,novosparc,tnfrsf18,0.0448865927490043,0.23487093492056474
Breast Visium CID44971,novosparc,pax5,0.0440312360709415,0.10391861406194179
Breast Visium CID44971,novosparc,col14a1,0.043566273945271,0.2098463163095826
Breast Visium CID44971,novosparc,cd27,0.041425138628979,0.32794997047556074
Breast Visium CID44971,novosparc,tbx2,0.0387619152456024,0.14239217472613575
Breast Visium CID44971,novosparc,cd69,0.0359337762728369,0.33802226726321266
Breast Visium CID44971,novosparc,fchsd2,0.03578499250854,0.37649078176702294
Breast Visium CID44971,novosparc,ptpn4,0.0357430347196863,0.30964461882951827
Breast Visium CID44971,novosparc,tnmd,0.0353954354647694,0.060150536287592274
Breast Visium CID44971,novosparc,znf331,0.0336638095469133,0.39028372498206687
Breast Visium CID44971,novosparc,sorbs3,0.0334272817096391,0.4531493022670345
Breast Visium CID44971,novosparc,nostrin,0.033296881364042,0.12682361132894684
Breast Visium CID44971,novosparc,vpreb3,0.0328647044915235,0.12371852279400103
Breast Visium CID44971,novosparc,abca6,0.0326680610110291,0.1008122577263007
Breast Visium CID44971,novosparc,fcrl5,0.0272840210499231,0.13583335991309942
Breast Visium CID44971,novosparc,uaca,0.0264053670096371,0.29015644583701816
Breast Visium CID44971,novosparc,dnajb1,0.0257781047167701,0.6255101999654922
Breast Visium CID44971,novosparc,abhd15,0.0243687031206654,0.22702438776740208
Breast Visium CID44971,novosparc,hspa1b,0.0242878011814477,0.5008796337406236
Breast Visium CID44971,novosparc,rasl12,0.0235841561939076,0.1357991702565669
Breast Visium CID44971,novosparc,cd22,0.0215140825842404,0.11805017633409863
Breast Visium CID44971,novosparc,fcrl1,0.0211386231455259,0.09080841331805937
Breast Visium CID44971,novosparc,znf808,0.0207025058586027,0.20991902830494547
Breast Visium CID44971,novosparc,clspn,0.020390219810277,0.09496882251336797
Breast Visium CID44971,novosparc,cd160,0.0188750955674566,0.0832636844337185
Breast Visium CID44971,novosparc,epb41l4a,0.0167387041459858,0.11472291458550579
Breast Visium CID44971,novosparc,ttll10,0.0162512796500734,0.07028727001136277
Breast Visium CID44971,novosparc,ap1s2,0.0150560564023939,0.4213798572947385
Breast Visium CID44971,novosparc,aqp3,0.012891449206926,0.33655642573942557
Breast Visium CID44971,novosparc,tnfrsf9,0.0122497598593301,0.13715521066558697
Breast Visium CID44971,novosparc,pbx4,0.0093565940417201,0.1674123597349382
Breast Visium CID44971,novosparc,arhgap24,0.0091947151834549,0.17887215703145043
Breast Visium CID44971,novosparc,napsa,0.0080447063554978,0.06234512111532578
Breast Visium CID44971,novosparc,trat1,0.0080302503588189,0.15541765081101114
Breast Visium CID44971,novosparc,stk4,0.006078626390874,0.44506995768391305
Breast Visium CID44971,novosparc,tspan32,0.0056777622170116,0.1324441900841231
Breast Visium CID44971,novosparc,znf385d,0.0052535383600741,0.06874540924093005
Breast Visium CID44971,novosparc,b3gnt7,0.0019096244925978,0.11911784276406889
Breast Visium CID44971,novosparc,mal,-0.0006912561516134,0.12332460720665235
Breast Visium CID44971,novosparc,ca4,-0.0011645028942764,0.03816713143116195
Breast Visium CID44971,novosparc,icos,-0.0022220513940735,0.19392892166664116
Breast Visium CID44971,novosparc,st3gal1,-0.0102440551258079,0.33605953295015417
Breast Visium CID44971,novosparc,linc00861,-0.0116977524025835,0.18524624389083058
Breast Visium CID44971,novosparc,cd40lg,-0.0126365213599278,0.11147530147398386
Breast Visium CID44971,novosparc,tnfrsf10d,-0.013331128447109,0.07747621966837145
Breast Visium CID44971,novosparc,txk,-0.0143270142436919,0.05685992904863106
Breast Visium CID44971,novosparc,sh2d1b,-0.0157048325519776,0.04542355156667414
Breast Visium CID44971,novosparc,spag4,-0.0189531383932109,0.09453464279826884
Breast Visium CID44971,novosparc,gnly,-0.0192127119201688,0.22350355118842388
Breast Visium CID44971,novosparc,fxyd7,-0.0193854343500314,0.06835365804842337
Breast Visium CID44971,novosparc,rgma,-0.0196987505786329,0.21066315890629042
Breast Visium CID44971,novosparc,isg20,-0.0223856670505227,0.46618700639022875
Breast Visium CID44971,novosparc,fxyd1,-0.022390418911933,0.12152922086618577
Breast Visium CID44971,novosparc,nmur1,-0.0250723684846568,0.011011180020170042
Breast Visium CID44971,novosparc,leprotl1,-0.0499597233052772,0.4915626200497473
Breast Visium CID44971,novosparc,dennd2d,-0.0613793620038251,0.4731112547834287
Breast Visium CID44971,novosparc,ankrd28,-0.0680048905667808,0.4411980149128513
Breast Visium CID44971,novosparc,ccr7,-0.0709196021088027,0.24978896827613967
Breast Visium CID44971,novosparc,rpl13,0.6489590141522091,0.9959766404156337
Breast Visium CID44971,novosparc,rpl37,0.608226959221347,0.9918500464997044
Breast Visium CID44971,novosparc,rps24,0.5860720266293578,0.9794352148478419
Breast Visium CID44971,novosparc,rpl9,0.5603225685903436,0.9852699327036413
Breast Visium CID44971,novosparc,rps12,0.559109903810164,0.9937987982893969
Breast Visium CID44971,novosparc,stmn1,0.5350767235921957,0.8459851613583416
Breast Visium CID44971,novosparc,c1qc,0.5184564310551684,0.6142843641760165
Breast Visium CID44971,novosparc,hla-drb5,0.5163036295025025,0.815441281507917
Breast Visium CID44971,novosparc,h2afz,0.5135529036981901,0.8806559044828801
Breast Visium CID44971,novosparc,rps27a,0.5053092935198956,0.9910308033946702
Breast Visium CID44971,novosparc,rpl36,0.504391967442774,0.9934987021399476
Breast Visium CID44971,novosparc,rpl36a,0.5026265542565314,0.9671081738616295
Breast Visium CID44971,novosparc,rpl7a,0.4921682956665686,0.984447865119577
Breast Visium CID44971,novosparc,tyrobp,0.4862157880645648,0.6474883023989548
Breast Visium CID44971,novosparc,snrpf,0.4795936424140348,0.8284627873402827
Breast Visium CID44971,novosparc,agr2,0.4777369828761864,0.5391824461864257
Breast Visium CID44971,novosparc,pigr,0.471687096155005,0.5536605414523658
Breast Visium CID44971,novosparc,rpl22,0.4586954076311571,0.98124239598082
Breast Visium CID44971,novosparc,tpi1,0.4382613823605401,0.9230677854180029
Breast Visium CID44971,novosparc,uqcrh,0.4367397485394563,0.9167201710072652
Breast Visium CID44971,novosparc,rpl31,0.435728849735584,0.9844887549468659
Breast Visium CID44971,novosparc,serpinf1,0.4250859077261595,0.6115473030552799
Breast Visium CID44971,novosparc,rpl38,0.4246359448970485,0.9724543461467694
Breast Visium CID44971,novosparc,hdac2,0.4238106430910294,0.7742875541873785
Breast Visium CID44971,novosparc,mgst1,0.4151271172126428,0.6943472736894576
Breast Visium CID44971,novosparc,rpl30,0.405980776948627,0.9938123979433651
Breast Visium CID44971,novosparc,mt-co3,0.4041639214536011,0.9954545023837159
Breast Visium CID44971,novosparc,gapdh,0.3965514633423869,0.983850233700377
Breast Visium CID44971,novosparc,rpl4,0.3940759820426544,0.985425978030511
Breast Visium CID44971,novosparc,arpc1b,0.3891510038402945,0.7846541995704278
Breast Visium CID44971,novosparc,rheb,0.3890213826995005,0.8260783622057624
Breast Visium CID44971,novosparc,igfbp7,0.3884033331216618,0.619642479441792
Breast Visium CID44971,novosparc,a2m,0.3858099069879941,0.6387168081820164
Breast Visium CID44971,novosparc,rps5,0.3832161869022532,0.9752697405885111
Breast Visium CID44971,novosparc,cst3,0.3813874185505842,0.6970981716743506
Breast Visium CID44971,novosparc,eif3e,0.3776023032701516,0.8714857723929876
Breast Visium CID44971,novosparc,lgals3bp,0.3739626872708484,0.6706536492784779
Breast Visium CID44971,novosparc,islr,0.3675536215087373,0.5359551226540995
Breast Visium CID44971,novosparc,fgl2,0.3666098988436623,0.5442626214913194
Breast Visium CID44971,novosparc,ankrd30a,0.3626166604696996,0.42474088426823386
Breast Visium CID44971,novosparc,myl9,0.3581352855847658,0.5951202596904923
Breast Visium CID44971,novosparc,mxra5,0.3518205953625448,0.48154631008580573
Breast Visium CID44971,novosparc,ccna2,0.346910957180432,0.4995074036322641
Breast Visium CID44971,novosparc,rps20,0.3458393206036357,0.9661862828396879
Breast Visium CID44971,novosparc,mt-atp6,0.3438222030590933,0.9933108944960335
Breast Visium CID44971,novosparc,ms4a6a,0.3422836473420279,0.5176171629433729
Breast Visium CID44971,novosparc,mt-atp8,0.3415141673131719,0.6819175071872169
Breast Visium CID44971,novosparc,dmkn,0.3402150562642381,0.5292310095326249
Breast Visium CID44971,novosparc,rpsa,0.3377419714600595,0.9805069994816078
Breast Visium CID44971,novosparc,lman1,0.3367709774089699,0.8014359816271103
Breast Visium CID44971,novosparc,s100a11,0.3342768796264037,0.9649976854206451
Breast Visium CID44971,novosparc,prdx6,0.333224923740793,0.8541515441805679
Breast Visium CID44971,novosparc,tacstd2,0.3317525555630932,0.6363683420844686
Breast Visium CID44971,novosparc,lgals1,0.3294689556240137,0.8339484537259054
Breast Visium CID44971,novosparc,lilrb4,0.3242709959302791,0.4171097310602363
Breast Visium CID44971,novosparc,arpc1a,0.3238343615486726,0.7687108538132581
Breast Visium CID44971,novosparc,b2m,0.3230880371846019,0.9727300599403053
Breast Visium CID44971,novosparc,snrpd2,0.3226216456051337,0.9179390079552601
Breast Visium CID44971,novosparc,crnde,0.318699240439536,0.6028711738286109
Breast Visium CID44971,novosparc,hmgn2,0.3159794169758155,0.8935294251589785
Breast Visium CID44971,novosparc,lair1,0.3150895326020786,0.4862279929598565
Breast Visium CID44971,novosparc,hsbp1,0.3147184875254407,0.8251747802427687
Breast Visium CID44971,novosparc,cdk1,0.3141870501883713,0.5067422397243331
Breast Visium CID44971,novosparc,loxl1,0.3111393095048064,0.41405921803174517
Breast Visium CID44971,novosparc,oxtr,0.3099632007080478,0.4074437746340217
Breast Visium CID44971,novosparc,ssu72,0.3073646717788798,0.8354905281773264
Breast Visium CID44971,novosparc,cxcl16,0.3057583748592059,0.5548920504896724
Breast Visium CID44971,novosparc,capn8,0.3043772245242096,0.3773994642362042
Breast Visium CID44971,novosparc,ywhah,0.3040386603463495,0.7261607342209876
Breast Visium CID44971,novosparc,stom,0.303919547452565,0.7186622864510461
Breast Visium CID44971,novosparc,dynlt1,0.2999164375531644,0.8122303386652185
Breast Visium CID44971,novosparc,eif3h,0.299389056764178,0.823154340328642
Breast Visium CID44971,novosparc,rplp2,0.298681545106451,0.9918415634961869
Breast Visium CID44971,novosparc,emcn,0.2978297890689146,0.3651151569588004
Breast Visium CID44971,novosparc,igsf6,0.2961204549334244,0.3840809801902238
Breast Visium CID44971,novosparc,ldhb,0.2959317831784759,0.9146999312804964
Breast Visium CID44971,novosparc,cd93,0.2886914014722475,0.4278256444994257
Breast Visium CID44971,novosparc,cotl1,0.2837841080508336,0.6664323527975633
Breast Visium CID44971,novosparc,aph1a,0.2835061169525848,0.7917102050085368
Breast Visium CID44971,novosparc,banf1,0.2831864856963909,0.8080536780223552
Breast Visium CID44971,novosparc,calm3,0.2825478786787658,0.7955601303913532
Breast Visium CID44971,novosparc,pdcd4,0.2824924960990163,0.8025170700425772
Breast Visium CID44971,novosparc,plk2,0.280219865912481,0.4978076777001146
Breast Visium CID44971,novosparc,aldh7a1,0.2776644448711399,0.5719541131947904
Breast Visium CID44971,novosparc,ywhae,0.2769613367269625,0.8701547785205924
Breast Visium CID44971,novosparc,ppa1,0.2727381631176376,0.812568959768895
Breast Visium CID44971,novosparc,ifi16,0.2715916531271533,0.6209121782956896
Breast Visium CID44971,novosparc,tgfb1,0.2699308383437522,0.542835918534213
Breast Visium CID44971,novosparc,bst2,0.2697211915869563,0.7351387465870479
Breast Visium CID44971,novosparc,kcnmb1,0.2687602240407608,0.42715003934365164
Breast Visium CID44971,novosparc,pmepa1,0.267385300940103,0.5681202756454994
Breast Visium CID44971,novosparc,st6galnac3,0.2662765043655153,0.2706891568427862
Breast Visium CID44971,novosparc,slc16a3,0.2643990925624109,0.5101291500796912
Breast Visium CID44971,novosparc,fcgr2a,0.260104524585782,0.40054766279224063
Breast Visium CID44971,novosparc,trem2,0.259438365684867,0.39113449603492234
Breast Visium CID44971,novosparc,gas6,0.2594068237269961,0.6222367958296944
Breast Visium CID44971,novosparc,tyms,0.2593992654660365,0.5121061746166798
Breast Visium CID44971,novosparc,mfap2,0.2571895358094359,0.5208702163214909
Breast Visium CID44971,novosparc,dap3,0.2525431580196604,0.7414959087167632
Breast Visium CID44971,novosparc,txnip,0.2519996781722593,0.8872783469612792
Breast Visium CID44971,novosparc,rrm1,0.2516571377446666,0.5682435756715175
Breast Visium CID44971,novosparc,vps72,0.2502145579959704,0.5997103978792282
Breast Visium CID44971,novosparc,reep6,0.2493464367340383,0.3829397906127851
Breast Visium CID44971,novosparc,gng11,0.2468484477167092,0.37287649473218065
Breast Visium CID44971,novosparc,fen1,0.2455047388793425,0.4592563825697786
Breast Visium CID44971,novosparc,mrpl9,0.2444715365711706,0.6368366684926092
Breast Visium CID44971,novosparc,msh2,0.2420850109635091,0.5325980042229306
Breast Visium CID44971,novosparc,neat1,0.2373740897387906,0.8276121056904134
Breast Visium CID44971,novosparc,pea15,0.235356904315933,0.67499347756938
Breast Visium CID44971,novosparc,mmrn2,0.2349551507510959,0.29995400251861504
Breast Visium CID44971,novosparc,clec11a,0.234331788363848,0.4482328847900279
Breast Visium CID44971,novosparc,slamf7,0.2340074275445336,0.40761191195624247
Breast Visium CID44971,novosparc,col15a1,0.2336594151078359,0.4330431856868332
Breast Visium CID44971,novosparc,wls,0.2331371993376979,0.42610448035945553
Breast Visium CID44971,novosparc,ppic,0.2311641267874692,0.40457402856598573
Breast Visium CID44971,novosparc,srpk1,0.2310384151804361,0.6186917704313751
Breast Visium CID44971,novosparc,cd300a,0.2303916840112851,0.35884477579757956
Breast Visium CID44971,novosparc,pcolce,0.2281805421132673,0.41531746168167
Breast Visium CID44971,novosparc,csrnp1,0.2266983616155293,0.5050521603054295
Breast Visium CID44971,novosparc,cd59,0.2254656352377649,0.806242232964146
Breast Visium CID44971,novosparc,cd248,0.2223209318760121,0.36018221322779437
Breast Visium CID44971,novosparc,mall,0.2217795907715487,0.3157057212618806
Breast Visium CID44971,novosparc,smc4,0.2217732411846345,0.5817063683058974
Breast Visium CID44971,novosparc,meox2,0.2197772963055183,0.2835955578932341
Breast Visium CID44971,novosparc,nedd9,0.2152404931014706,0.5410428385632348
Breast Visium CID44971,novosparc,themis2,0.2132621152091534,0.37382476202305637
Breast Visium CID44971,novosparc,hbegf,0.2126274651641269,0.3431940082776072
Breast Visium CID44971,novosparc,tmem106c,0.2078103759094982,0.6282448965726657
Breast Visium CID44971,novosparc,krt17,0.2070327160474678,0.4982359271506992
Breast Visium CID44971,novosparc,mydgf,0.2069339251211493,0.7298433171296415
Breast Visium CID44971,novosparc,comt,0.2068815609470985,0.6969043314937297
Breast Visium CID44971,novosparc,prnp,0.2058363266234598,0.6833175328661244
Breast Visium CID44971,novosparc,pycard,0.2031267823660956,0.7028679200465194
Breast Visium CID44971,novosparc,ube2e3,0.2020289067459921,0.6554587554452951
Breast Visium CID44971,novosparc,adcy4,0.2018731400613859,0.2629223788305372
Breast Visium CID44971,novosparc,itm2c,0.1998992655916593,0.5494672712033325
Breast Visium CID44971,novosparc,creb3l4,0.1976991255470849,0.4581059220694389
Breast Visium CID44971,novosparc,sept11,0.1935699698691425,0.5787529419128571
Breast Visium CID44971,novosparc,tgfbr2,0.1935634476859486,0.5806967281827186
Breast Visium CID44971,novosparc,pmp22,0.193231888410135,0.45097623938184916
Breast Visium CID44971,novosparc,fam210b,0.1920759735290075,0.6496828572045747
Breast Visium CID44971,novosparc,nid1,0.1911752647492761,0.35796826467220894
Breast Visium CID44971,novosparc,rassf2,0.1909837541495614,0.4537801955175284
Breast Visium CID44971,novosparc,cldn5,0.1902983046233029,0.27608848464034935
Breast Visium CID44971,novosparc,ehd2,0.1898978674285401,0.4106620090076012
Breast Visium CID44971,novosparc,tmem98,0.1870206512690796,0.37514541480502117
Breast Visium CID44971,novosparc,coro1a,0.1867512030440636,0.6598173657819938
Breast Visium CID44971,novosparc,rasd1,0.1841194742037241,0.41329898929878967
Breast Visium CID44971,novosparc,tacc1,0.1834794335854286,0.5008576449947587
Breast Visium CID44971,novosparc,snrnp25,0.1815739883497719,0.5717137368466966
Breast Visium CID44971,novosparc,phlda1,0.1797457606153384,0.7062999823053433
Breast Visium CID44971,novosparc,rabep1,0.1796652963869521,0.5633301348065175
Breast Visium CID44971,novosparc,col4a2,0.1792899285020408,0.5632443992356849
Breast Visium CID44971,novosparc,grb2,0.1768009059626779,0.642467774840057
Breast Visium CID44971,novosparc,rftn1,0.1757978252418346,0.4180083031174137
Breast Visium CID44971,novosparc,podn,0.1742240464381792,0.2705130854312036
Breast Visium CID44971,novosparc,atp1a1,0.1709501343661056,0.7914021945278735
Breast Visium CID44971,novosparc,lpp,0.1687560263506143,0.5754342744584447
Breast Visium CID44971,novosparc,msrb3,0.1685174593285583,0.3217619032131436
Breast Visium CID44971,novosparc,klf2,0.1676266292503702,0.6278510743796708
Breast Visium CID44971,novosparc,cdh3,0.1661784118735241,0.4256383029283254
Breast Visium CID44971,novosparc,prdx4,0.1604547844169475,0.6288849073905541
Breast Visium CID44971,novosparc,aldh2,0.1587957386301271,0.3344897787500244
Breast Visium CID44971,novosparc,tecr,0.1576223194082513,0.7525738693329855
Breast Visium CID44971,novosparc,mgst2,0.1515596326242059,0.4204840434363158
Breast Visium CID44971,novosparc,parp15,0.1492507166098829,0.21898941249559764
Breast Visium CID44971,novosparc,ccdc102b,0.1478325449811431,0.23708732734347218
Breast Visium CID44971,novosparc,sptssa,0.1475748126256921,0.5345960246460857
Breast Visium CID44971,novosparc,hcls1,0.1426136588396508,0.4837781306483803
Breast Visium CID44971,novosparc,mcm5,0.1409324060106499,0.4760269522896386
Breast Visium CID44971,novosparc,fam198b,0.1384556648852362,0.39627252407560337
Breast Visium CID44971,novosparc,mir222hg,0.1382052592831274,0.24234689392943984
Breast Visium CID44971,novosparc,phldb2,0.136860340401588,0.29506716102106073
Breast Visium CID44971,novosparc,dhfr,0.1325166023472571,0.385907234242082
Breast Visium CID44971,novosparc,nlrc5,0.1313846474330469,0.49228844973823166
Breast Visium CID44971,novosparc,mt1m,0.1307004531291706,0.3149268155850704
Breast Visium CID44971,novosparc,plpp2,0.1302178424268145,0.5015891583349446
Breast Visium CID44971,novosparc,havcr2,0.129404908920061,0.34688796177794384
Breast Visium CID44971,novosparc,rcan2,0.1293426426574933,0.20577137852758226
Breast Visium CID44971,novosparc,ltbp4,0.1290283132022391,0.4664793475496249
Breast Visium CID44971,novosparc,fkbp2,0.1272627966006889,0.7300939444445962
Breast Visium CID44971,novosparc,jaml,0.126854244280137,0.35925839199096293
Breast Visium CID44971,novosparc,cyyr1,0.1264761929478013,0.3174204024681497
Breast Visium CID44971,novosparc,glt8d2,0.1255406128223091,0.25756394922712383
Breast Visium CID44971,novosparc,hla-c,0.1254434899602773,0.9102084860797051
Breast Visium CID44971,novosparc,bcam,0.1225286305682607,0.3694637913578461
Breast Visium CID44971,novosparc,tcl1a,0.1184237227485572,0.149284091290575
Breast Visium CID44971,novosparc,cux1,0.116046359203025,0.439707313606624
Breast Visium CID44971,novosparc,dek,0.1123201165707525,0.7123374796489327
Breast Visium CID44971,novosparc,rac2,0.1116728054252592,0.5078975661704322
Breast Visium CID44971,novosparc,tubb2a,0.1116263205043813,0.5001823839947125
Breast Visium CID44971,novosparc,cd48,0.1103624358457584,0.44645990098033
Breast Visium CID44971,novosparc,arhgap1,0.1102998063155987,0.666102702612917
Breast Visium CID44971,novosparc,pou2f2,0.1090387962627667,0.27963022966782985
Breast Visium CID44971,novosparc,adam28,0.1090182795774429,0.22831104144471295
Breast Visium CID44971,novosparc,slc9a3r1,0.1049458331436539,0.7105801085957661
Breast Visium CID44971,novosparc,rab37,0.1047877858319109,0.22912956842063434
Breast Visium CID44971,novosparc,oaz2,0.1023889481729471,0.558189811560332
Breast Visium CID44971,novosparc,sel1l,0.100582304809536,0.5526186148823702
Breast Visium CID44971,novosparc,pou2af1,0.0998894265871793,0.3281305119953976
Breast Visium CID44971,novosparc,ctsw,0.0993144051203249,0.25636342271339646
Breast Visium CID44971,novosparc,ets2,0.0950883952209489,0.408823145865986
Breast Visium CID44971,novosparc,cldn4,0.0949091387087611,0.5803021020420717
Breast Visium CID44971,novosparc,scarb1,0.0920226486580497,0.4298716899469118
Breast Visium CID44971,novosparc,sgce,0.0899383303650019,0.26879476947304154
Breast Visium CID44971,novosparc,fcrla,0.0898542231704376,0.13899016151114016
Breast Visium CID44971,novosparc,hcst,0.0895873291930282,0.4956003641822109
Breast Visium CID44971,novosparc,trbc2,0.0887004736445554,0.6071345607186711
Breast Visium CID44971,novosparc,samd3,0.0883078548747739,0.20395992280802033
Breast Visium CID44971,novosparc,igfbp2,0.0880468859291061,0.38515503375200577
Breast Visium CID44971,novosparc,arhgap18,0.0877122502552125,0.39989947457295544
Breast Visium CID44971,novosparc,usp28,0.0860179731871871,0.445561918219018
Breast Visium CID44971,novosparc,shc1,0.0846536725598315,0.6147012253826618
Breast Visium CID44971,novosparc,dad1,0.0828127041081807,0.7057872212707414
Breast Visium CID44971,novosparc,ass1,0.0774053206908875,0.41564053008940377
Breast Visium CID44971,novosparc,ccdc167,0.0770144308060966,0.5616731313044031
Breast Visium CID44971,novosparc,cnrip1,0.0760811611808471,0.15276017801113412
Breast Visium CID44971,novosparc,myct1,0.07534147558078,0.1188787009860999
Breast Visium CID44971,novosparc,sit1,0.0751504913974218,0.2593380325689488
Breast Visium CID44971,novosparc,slc9a3r2,0.0750540298121203,0.28410015837562813
Breast Visium CID44971,novosparc,clec14a,0.0736404999696846,0.1530971269170283
Breast Visium CID44971,novosparc,nkg7,0.0713875980601685,0.40761655760118326
Breast Visium CID44971,novosparc,cd72,0.0710221912030568,0.20077576314204443
Breast Visium CID44971,novosparc,ier2,0.0708812401806826,0.7627306109244839
Breast Visium CID44971,novosparc,srpx,0.0702354930185701,0.2123502422349479
Breast Visium CID44971,novosparc,stard3nl,0.0693942421507335,0.3827083053904838
Breast Visium CID44971,novosparc,tmem88,0.0687019189580905,0.12563144484827704
Breast Visium CID44971,novosparc,lpcat4,0.0678059709632558,0.3612703798724905
Breast Visium CID44971,novosparc,ube2j1,0.0677987354048727,0.5213459010059057
Breast Visium CID44971,novosparc,sp140,0.0619407678666937,0.20908834171756346
Breast Visium CID44971,novosparc,atp2b1,0.058952368968172,0.5617503273669531
Breast Visium CID44971,novosparc,ebf1,0.0584765396411841,0.18784290793147276
Breast Visium CID44971,novosparc,pnoc,0.0512091875685806,0.09577336826268266
Breast Visium CID44971,novosparc,pltp,0.0472556158001307,0.29137714361050165
Breast Visium CID44971,novosparc,bcl11b,0.0468836183579823,0.29120366995209673
Breast Visium CID44971,novosparc,fbln7,0.0452097326173765,0.28183253156543425
Breast Visium CID44971,novosparc,rarres3,0.0420468199622142,0.6149947360703334
Breast Visium CID44971,novosparc,nr2f1,0.0419603880285484,0.2194183448317586
Breast Visium CID44971,novosparc,dnajb9,0.0405209332904962,0.39348818147400144
Breast Visium CID44971,novosparc,gjc1,0.0399066772204014,0.1264666176316117
Breast Visium CID44971,novosparc,plek2,0.0391919665862797,0.13203262745314737
Breast Visium CID44971,novosparc,adap2,0.0389793084619915,0.1374054483704143
Breast Visium CID44971,novosparc,ccl5,0.0364682141005591,0.54818010384938
Breast Visium CID44971,novosparc,evl,0.0348326873641009,0.6846390356743953
Breast Visium CID44971,novosparc,cd3e,0.032267386013323,0.41279661373119725
Breast Visium CID44971,novosparc,tespa1,0.0322553908526549,0.18168350790099969
Breast Visium CID44971,novosparc,ehf,0.0320666399550985,0.14899660653753072
Breast Visium CID44971,novosparc,cramp1,0.0292157059981017,0.36063365817010207
Breast Visium CID44971,novosparc,ednrb,0.0285874048681233,0.15506246952197236
Breast Visium CID44971,novosparc,hrct1,0.0280047942446398,0.08820890243796511
Breast Visium CID44971,novosparc,p2ry10,0.026306243296778,0.1252751366522572
Breast Visium CID44971,novosparc,tox,0.0261719786059865,0.21665633887037303
Breast Visium CID44971,novosparc,snx29,0.0254084995856139,0.2814491578737749
Breast Visium CID44971,novosparc,sec14l1,0.0248638940252849,0.4739967425421954
Breast Visium CID44971,novosparc,cd96,0.024044353936379,0.2555112067725867
Breast Visium CID44971,novosparc,prkch,0.0230669708356417,0.35976934983281167
Breast Visium CID44971,novosparc,cd5,0.0221421959031326,0.29244949505413903
Breast Visium CID44971,novosparc,cxcr4,0.0215759769492593,0.7073069998575879
Breast Visium CID44971,novosparc,tnfsf14,0.0202825555623452,0.1293503312691323
Breast Visium CID44971,novosparc,ncr3,0.0200249807924325,0.08468549892230227
Breast Visium CID44971,novosparc,p2ry14,0.0161133318871501,0.09212644858657518
Breast Visium CID44971,novosparc,cxcl13,0.0141764403469409,0.29914296992262884
Breast Visium CID44971,novosparc,mei1,0.0134412525101867,0.13776192151043806
Breast Visium CID44971,novosparc,tnfrsf25,0.0126253134706077,0.3189961385849594
Breast Visium CID44971,novosparc,tnfrsf13b,0.0123422658864669,0.056937336332102996
Breast Visium CID44971,novosparc,fam129c,0.0119286742992754,0.06627308417865761
Breast Visium CID44971,novosparc,pde3b,0.01110618227005,0.18881328773029618
Breast Visium CID44971,novosparc,stk17a,0.0102074566400246,0.3828298856240599
Breast Visium CID44971,novosparc,gzmk,0.009806097421953,0.3539223106984399
Breast Visium CID44971,novosparc,btg1,0.0095726739349955,0.8080440980568707
Breast Visium CID44971,novosparc,lama2,0.0053951040183434,0.13406995836666832
Breast Visium CID44971,novosparc,lilra4,0.0027449093779568,0.061916673654962485
Breast Visium CID44971,novosparc,tnip3,-0.0019924875394692,0.07637985962799641
Breast Visium CID44971,novosparc,ttc38,-0.0032883186893797,0.3208493846252011
Breast Visium CID44971,novosparc,pik3ip1,-0.0055856952891424,0.4225147341924663
Breast Visium CID44971,novosparc,sla2,-0.0073061952954344,0.16906683071378867
Breast Visium CID44971,novosparc,ccdc88a,-0.0074328410085535,0.26865810789638706
Breast Visium CID44971,novosparc,prf1,-0.008047771056219,0.2542233700761266
Breast Visium CID44971,novosparc,cnr2,-0.0089247229698812,0.02542378320549948
Breast Visium CID44971,novosparc,sp2,-0.0097032323588022,0.32304415801238684
Breast Visium CID44971,novosparc,hnrnpa1l2,-0.010042307267297,0.21745469557316843
Breast Visium CID44971,novosparc,lat,-0.0104922166580586,0.3681007771825609
Breast Visium CID44971,novosparc,ldlrad4,-0.0131639824088095,0.4001985627775828
Breast Visium CID44971,novosparc,matk,-0.0159675176889776,0.2145646646195322
Breast Visium CID44971,novosparc,saraf,-0.0161690579741717,0.7490299726696937
Breast Visium CID44971,novosparc,ssh2,-0.0190286809781473,0.3433425091097224
Breast Visium CID44971,novosparc,pim2,-0.0192175360148506,0.31517911888955763
Breast Visium CID44971,novosparc,ptger2,-0.0205571431933742,0.10978037075944043
Breast Visium CID44971,novosparc,tnfsf8,-0.0217845403805975,0.0665929553878023
Breast Visium CID44971,novosparc,sardh,-0.0291068767724759,0.14140872508151828
Breast Visium CID44971,novosparc,lgals9b,-0.0291773882275117,0.012141696387691806
Breast Visium CID44971,novosparc,akap5,-0.0430285715965364,0.10471855348607645
Breast Visium CID44971,novosparc,klrc1,-0.0456610465569224,0.07208294915424412
Breast Visium CID44971,novosparc,dusp4,-0.0490930098085294,0.4461203178084876
Breast Visium CID44971,novosparc,klrg1,-0.0843360916447556,0.12927544051579062
Breast Visium CID44971,novosparc,rpl26,0.5871275165534037,0.9710454115626204
Breast Visium CID44971,novosparc,cd74,0.5846595208267965,0.956756217219295
Breast Visium CID44971,novosparc,rps21,0.5565446922803486,0.9921185376879609
Breast Visium CID44971,novosparc,hla-dra,0.5536321897086895,0.8791130837683738
Breast Visium CID44971,novosparc,rps3a,0.5492653442473235,0.9922620586592645
Breast Visium CID44971,novosparc,naca,0.5344428282316627,0.9661795099945942
Breast Visium CID44971,novosparc,rpl17,0.5249002414290651,0.922398549460117
Breast Visium CID44971,novosparc,azgp1,0.5229616545035645,0.6899286526719003
Breast Visium CID44971,novosparc,rps28,0.5165097317972324,0.992698833938628
Breast Visium CID44971,novosparc,rpl35a,0.5130506515805405,0.9758448191638338
Breast Visium CID44971,novosparc,rps9,0.4997039362910805,0.981557729497578
Breast Visium CID44971,novosparc,dst,0.4812040799718486,0.7038355142164758
Breast Visium CID44971,novosparc,h3f3a,0.4780232527768103,0.9749092474720953
Breast Visium CID44971,novosparc,sat1,0.4735907158199184,0.8777213753101818
Breast Visium CID44971,novosparc,ifi27,0.4621053280375793,0.6742734388278905
Breast Visium CID44971,novosparc,tubb,0.4506652741492503,0.9255299985877431
Breast Visium CID44971,novosparc,tmsb4x,0.4486856318091807,0.9570340056083417
Breast Visium CID44971,novosparc,col3a1,0.4400207353845958,0.5560974383750592
Breast Visium CID44971,novosparc,ccl28,0.4367293223078222,0.5279457838564213
Breast Visium CID44971,novosparc,lum,0.4356170029048445,0.5778260010164462
Breast Visium CID44971,novosparc,ptma,0.4323028071745478,0.9847858424903376
Breast Visium CID44971,novosparc,bgn,0.4149436751007299,0.5654961461178538
Breast Visium CID44971,novosparc,pdia6,0.4114161124739853,0.8709825961205904
Breast Visium CID44971,novosparc,s100a1,0.4042070184920333,0.47485695401833894
Breast Visium CID44971,novosparc,cirbp,0.3976200389585584,0.848336119426547
Breast Visium CID44971,novosparc,vcan,0.3953110036029214,0.5613380396869766
Breast Visium CID44971,novosparc,rps2,0.3905786345641331,0.9907985829011314
Breast Visium CID44971,novosparc,fcgr3a,0.3875263986161698,0.5139729544028684
Breast Visium CID44971,novosparc,sec61g,0.3848083660261471,0.8426955284603127
Breast Visium CID44971,novosparc,uqcrb,0.3842832814553299,0.9364646517709849
Breast Visium CID44971,novosparc,cybb,0.3751632441722048,0.5123741595108894
Breast Visium CID44971,novosparc,cryab,0.3736571946386271,0.7031764689562234
Breast Visium CID44971,novosparc,mdh2,0.3684696219390767,0.8342304127845269
Breast Visium CID44971,novosparc,rps25,0.3658076368223807,0.9840640897448611
Breast Visium CID44971,novosparc,fxyd3,0.364106758768741,0.5714327360885675
Breast Visium CID44971,novosparc,ca12,0.3637961214734267,0.4356102102146077
Breast Visium CID44971,novosparc,lsm4,0.3602671590067867,0.7909848612447201
Breast Visium CID44971,novosparc,zfp36,0.3577848778039333,0.8415148345823252
Breast Visium CID44971,novosparc,cct3,0.3540566928475558,0.8375986440256882
Breast Visium CID44971,novosparc,sumo1,0.3518026990913996,0.7654094634924969
Breast Visium CID44971,novosparc,ctsh,0.3499942661488188,0.6721438146731771
Breast Visium CID44971,novosparc,msr1,0.3468415321131129,0.4387114752902711
Breast Visium CID44971,novosparc,lsp1,0.3455750937243667,0.6586037970537454
Breast Visium CID44971,novosparc,fos,0.3425744372907013,0.8245765242750558
Breast Visium CID44971,novosparc,ackr1,0.334793959097141,0.4234737703290991
Breast Visium CID44971,novosparc,ctgf,0.3347404951785436,0.5893242202523938
Breast Visium CID44971,novosparc,spdef,0.3337125814856065,0.5051828821876534
Breast Visium CID44971,novosparc,snrpc,0.3316673343599771,0.7868908723357193
Breast Visium CID44971,novosparc,epcam,0.3276928413456567,0.6388968764744619
Breast Visium CID44971,novosparc,actn1,0.3225521188348142,0.7470767921734786
Breast Visium CID44971,novosparc,pik3r1,0.3207056280526686,0.6189748208307793
Breast Visium CID44971,novosparc,scpep1,0.313839006384889,0.7106134384068126
Breast Visium CID44971,novosparc,c1orf43,0.3108450915237891,0.7904128651093468
Breast Visium CID44971,novosparc,pcbp2,0.3098278104783148,0.9375305994728064
Breast Visium CID44971,novosparc,snx3,0.3091953415917571,0.8555493202580451
Breast Visium CID44971,novosparc,pecam1,0.3088465317123519,0.5328509993033337
Breast Visium CID44971,novosparc,spi1,0.307969003047544,0.46523140795795687
Breast Visium CID44971,novosparc,tuba1b,0.3077479370286563,0.924143632205361
Breast Visium CID44971,novosparc,ap1s1,0.3075475510861873,0.6579739119094453
Breast Visium CID44971,novosparc,cldn11,0.3026411099580563,0.4655136280354993
Breast Visium CID44971,novosparc,tmpo,0.300407796227348,0.6867843548720539
Breast Visium CID44971,novosparc,ppp1r14a,0.2998327198919844,0.48048166285462457
Breast Visium CID44971,novosparc,shroom3,0.2990314341032601,0.44335819859765696
Breast Visium CID44971,novosparc,rarres2,0.2970665381797939,0.47202432371262104
Breast Visium CID44971,novosparc,pdzk1ip1,0.2946170476459137,0.46060136475152996
Breast Visium CID44971,novosparc,csta,0.2931999154428203,0.5703529322648984
Breast Visium CID44971,novosparc,rbm17,0.2916108470622949,0.7787565432729373
Breast Visium CID44971,novosparc,slc7a7,0.2904653639200147,0.3873740991330833
Breast Visium CID44971,novosparc,egr1,0.2873929476963424,0.7509812230987106
Breast Visium CID44971,novosparc,anp32b,0.2826023760796636,0.8260840485999291
Breast Visium CID44971,novosparc,tpd52l1,0.282239174967069,0.6020780336736284
Breast Visium CID44971,novosparc,cmas,0.2789173661870626,0.6273947679299304
Breast Visium CID44971,novosparc,hddc2,0.278852738571004,0.6981292561838409
Breast Visium CID44971,novosparc,arhgdia,0.2743929067024274,0.8489414951340795
Breast Visium CID44971,novosparc,pdlim1,0.2739240781683741,0.5829617543051304
Breast Visium CID44971,novosparc,pkm,0.2723241411703463,0.8499171437295933
Breast Visium CID44971,novosparc,mt-nd4l,0.2722919734041943,0.864192526773187
Breast Visium CID44971,novosparc,il6st,0.2716119909116379,0.7073622161854931
Breast Visium CID44971,novosparc,s100a4,0.2709861466212512,0.7256851503664845
Breast Visium CID44971,novosparc,c1orf54,0.267878943975347,0.403452859471812
Breast Visium CID44971,novosparc,mad2l1,0.2637485246570918,0.4999710616048805
Breast Visium CID44971,novosparc,igfbp4,0.2634427018625623,0.626950849912689
Breast Visium CID44971,novosparc,snx10,0.2620851538008011,0.4255684101607387
Breast Visium CID44971,novosparc,maged2,0.2618372527613701,0.7716472012847919
Breast Visium CID44971,novosparc,ptges3,0.2614823751009678,0.8895861035498084
Breast Visium CID44971,novosparc,tpbg,0.2605047610260182,0.4623206110565055
Breast Visium CID44971,novosparc,vmp1,0.2579655633573051,0.8609586176601516
Breast Visium CID44971,novosparc,ddx39a,0.2565588273315363,0.6492206770719167
Breast Visium CID44971,novosparc,cnn2,0.2552957549122571,0.7619087190923284
Breast Visium CID44971,novosparc,pabpc1,0.2513350518803397,0.9641049643925705
Breast Visium CID44971,novosparc,raly,0.2480026280334545,0.7761771405739409
Breast Visium CID44971,novosparc,col17a1,0.2474776855145364,0.3466897737625415
Breast Visium CID44971,novosparc,fhl2,0.2471969261057924,0.4832784863277789
Breast Visium CID44971,novosparc,serp1,0.2464900022051994,0.8692868373470239
Breast Visium CID44971,novosparc,spcs2,0.2439447023366065,0.7459861380804317
Breast Visium CID44971,novosparc,gja4,0.2437760825215862,0.3193685922396655
Breast Visium CID44971,novosparc,rps27,0.2435659869025734,0.9933360701094499
Breast Visium CID44971,novosparc,plxdc2,0.2416661903934721,0.5972061149302775
Breast Visium CID44971,novosparc,rnaset2,0.2404870554443447,0.7326129011324615
Breast Visium CID44971,novosparc,eng,0.2379873379806101,0.5277356212836619
Breast Visium CID44971,novosparc,dkk3,0.236019530010059,0.45248165963248166
Breast Visium CID44971,novosparc,tgfb1i1,0.235010141773719,0.437910976994978
Breast Visium CID44971,novosparc,rerg,0.2344278345877296,0.5058105623433095
Breast Visium CID44971,novosparc,vopp1,0.2340293952979855,0.5353071239946171
Breast Visium CID44971,novosparc,mt2a,0.2321828522832466,0.9402632204362446
Breast Visium CID44971,novosparc,tcea1,0.2312689351268206,0.6843073576548959
Breast Visium CID44971,novosparc,tmed10,0.2300516844056045,0.8049929493475534
Breast Visium CID44971,novosparc,ramp3,0.2289466353489628,0.3248338426489958
Breast Visium CID44971,novosparc,hprt1,0.2287186748161648,0.5313558238979192
Breast Visium CID44971,novosparc,lcp1,0.2284591485545596,0.6393972409977924
Breast Visium CID44971,novosparc,dnajc9,0.227447631021434,0.5562940656506808
Breast Visium CID44971,novosparc,vps28,0.2270994308610529,0.8431722234877468
Breast Visium CID44971,novosparc,csf2ra,0.2237052659129364,0.3167070587840023
Breast Visium CID44971,novosparc,pdlim7,0.2234156379885545,0.6034375826700346
Breast Visium CID44971,novosparc,cuta,0.2228894980834785,0.866855028375887
Breast Visium CID44971,novosparc,prc1,0.2179443804334919,0.4014115852021555
Breast Visium CID44971,novosparc,h2afy,0.2163748575343345,0.74451834293367
Breast Visium CID44971,novosparc,kif12,0.2157061876292107,0.2826172360433827
Breast Visium CID44971,novosparc,rnase6,0.2136964899564767,0.37111321586026524
Breast Visium CID44971,novosparc,lrp10,0.2101594719635229,0.6758942523948986
Breast Visium CID44971,novosparc,reep5,0.2098393892403649,0.7201854775987988
Breast Visium CID44971,novosparc,hnrnpa0,0.2085761382913704,0.7692498193770629
Breast Visium CID44971,novosparc,cpvl,0.2073240752020956,0.34536918445323317
Breast Visium CID44971,novosparc,hsp90b1,0.2019587419217812,0.903045632731106
Breast Visium CID44971,novosparc,gabarap,0.2012407302107345,0.7176495414812525
Breast Visium CID44971,novosparc,laptm5,0.200615082545849,0.7305975261858749
Breast Visium CID44971,novosparc,ly86,0.1981307249532115,0.3205813914621628
Breast Visium CID44971,novosparc,tspan13,0.1968089521853106,0.539609483549046
Breast Visium CID44971,novosparc,gzma,0.1943741255409485,0.4155339918796304
Breast Visium CID44971,novosparc,fbl,0.1923128903960574,0.7895670964885151
Breast Visium CID44971,novosparc,nucb1,0.1916009431665922,0.754421484721688
Breast Visium CID44971,novosparc,uba52,0.1874810238926305,0.9848317347139289
Breast Visium CID44971,novosparc,trac,0.1870773167991367,0.579938552072402
Breast Visium CID44971,novosparc,ikzf3,0.1863220555390224,0.4827157212381476
Breast Visium CID44971,novosparc,s100a16,0.1859755650519929,0.5660525799121356
Breast Visium CID44971,novosparc,plac9,0.1852536593894248,0.305681073011111
Breast Visium CID44971,novosparc,sox17,0.1750039647266713,0.213684890428162
Breast Visium CID44971,novosparc,cd38,0.1717811145316913,0.30200337764977947
Breast Visium CID44971,novosparc,cflar,0.1714489744739178,0.682715228477831
Breast Visium CID44971,novosparc,ptk2,0.1712167262481965,0.5437922702032065
Breast Visium CID44971,novosparc,angpt2,0.1671451828327907,0.2150677616370371
Breast Visium CID44971,novosparc,adam8,0.1649428689960976,0.41164959200038387
Breast Visium CID44971,novosparc,rab32,0.162691420453609,0.3996263827062973
Breast Visium CID44971,novosparc,rps6ka4,0.1624078660859768,0.43160255475509013
Breast Visium CID44971,novosparc,znf503,0.1611359341129574,0.3043558278024133
Breast Visium CID44971,novosparc,dok2,0.1606503490268921,0.3588550129313716
Breast Visium CID44971,novosparc,arsa,0.1599912215389024,0.45910080806205633
Breast Visium CID44971,novosparc,c1qtnf1,0.1587627908568449,0.27845262063862547
Breast Visium CID44971,novosparc,emp2,0.1583331207884728,0.48699707381925667
Breast Visium CID44971,novosparc,rbpms,0.1576059267317177,0.4511708816890317
Breast Visium CID44971,novosparc,adgre5,0.1550354774947304,0.4939642718988466
Breast Visium CID44971,novosparc,sae1,0.1549311081253452,0.54284474426171
Breast Visium CID44971,novosparc,plpp1,0.1540065441742647,0.5137227803775715
Breast Visium CID44971,novosparc,tcf4,0.1522457831493134,0.42573306789980864
Breast Visium CID44971,novosparc,atf3,0.151926340909464,0.5110841852220516
Breast Visium CID44971,novosparc,cnpy3,0.1511685253061134,0.6195600916717696
Breast Visium CID44971,novosparc,scimp,0.1508149432766471,0.22690968252906688
Breast Visium CID44971,novosparc,ramp2,0.1504060982354828,0.28724764298608996
Breast Visium CID44971,novosparc,syk,0.1488892257262414,0.3168842881702845
Breast Visium CID44971,novosparc,cst7,0.147376037943845,0.4121227806241281
Breast Visium CID44971,novosparc,pdcd1,0.1467118552901602,0.2823387465091227
Breast Visium CID44971,novosparc,ctsf,0.146689673834287,0.439239551536057
Breast Visium CID44971,novosparc,ncbp1,0.145131256554265,0.4832783195104148
Breast Visium CID44971,novosparc,snai1,0.1450182559249125,0.23047659543558566
Breast Visium CID44971,novosparc,steap4,0.1444264120677953,0.2684679830582138
Breast Visium CID44971,novosparc,tmem204,0.1412680337836832,0.3798043422852496
Breast Visium CID44971,novosparc,phactr1,0.1395878320766286,0.26117445061951333
Breast Visium CID44971,novosparc,spon2,0.1359312074064156,0.43940219402918074
Breast Visium CID44971,novosparc,was,0.1340037637450666,0.35761878296637073
Breast Visium CID44971,novosparc,il3ra,0.1307890229013074,0.23411351883268489
Breast Visium CID44971,novosparc,derl1,0.129856698584989,0.6114151838243044
Breast Visium CID44971,novosparc,rap1b,0.1290872341954835,0.696160137136836
Breast Visium CID44971,novosparc,gimap7,0.128998137391173,0.37076876597180536
Breast Visium CID44971,novosparc,sdc4,0.1281031123329894,0.6048588708937354
Breast Visium CID44971,novosparc,ednra,0.1280600506553779,0.2220148838118186
Breast Visium CID44971,novosparc,hvcn1,0.1273495874897454,0.3446787223441988
Breast Visium CID44971,novosparc,pak1,0.1270258725063893,0.46584467292713805
Breast Visium CID44971,novosparc,ehd4,0.125843229509268,0.49095268032991685
Breast Visium CID44971,novosparc,smim3,0.1253494457538736,0.3161367250482286
Breast Visium CID44971,novosparc,zfp36l2,0.1239236979805036,0.9049036511062288
Breast Visium CID44971,novosparc,cd34,0.1234422396222727,0.2448130015392215
Breast Visium CID44971,novosparc,rpa3,0.1231670805559768,0.5640092757310032
Breast Visium CID44971,novosparc,tigit,0.1223536891141023,0.35057778807864226
Breast Visium CID44971,novosparc,cyb561a3,0.1211030936848408,0.5187252072024331
Breast Visium CID44971,novosparc,thbd,0.1184790693682123,0.2534620327161886
Breast Visium CID44971,novosparc,sspn,0.1176150659511659,0.3425621122298527
Breast Visium CID44971,novosparc,cav1,0.1171883237908162,0.39995692763661106
Breast Visium CID44971,novosparc,fam96a,0.1163569731721556,0.5250255052624482
Breast Visium CID44971,novosparc,plac8,0.113728940374494,0.3062388464826943
Breast Visium CID44971,novosparc,alox5,0.1133615949299253,0.25910505674985307
Breast Visium CID44971,novosparc,syne1,0.1109842281332422,0.35848903576514274
Breast Visium CID44971,novosparc,dusp2,0.1106117674650342,0.4373241377549206
Breast Visium CID44971,novosparc,tsc22d3,0.1089919797475036,0.7659502346530263
Breast Visium CID44971,novosparc,st6gal1,0.1081390515340257,0.4317971208189865
Breast Visium CID44971,novosparc,spn,0.1073128212022785,0.3240562584255521
Breast Visium CID44971,novosparc,cxcl12,0.1047667484510536,0.3648424779378615
Breast Visium CID44971,novosparc,hsp90aa1,0.1047641027602629,0.9464788776180996
Breast Visium CID44971,novosparc,erp29,0.1039762898271258,0.7612547114336992
Breast Visium CID44971,novosparc,map1b,0.1023492150249289,0.3013968344840444
Breast Visium CID44971,novosparc,arid5b,0.1013747999862393,0.503474710715943
Breast Visium CID44971,novosparc,cdk2ap2,0.1004914429318189,0.5517416284084562
Breast Visium CID44971,novosparc,isyna1,0.0999332153023037,0.5699482570483186
Breast Visium CID44971,novosparc,fbln5,0.0995726755726344,0.33128541991897853
Breast Visium CID44971,novosparc,egfl7,0.0982528790582862,0.24878956499669858
Breast Visium CID44971,novosparc,pdgfrl,0.0976496053256869,0.19981068381923253
Breast Visium CID44971,novosparc,il16,0.0973807519245815,0.39011215688554385
Breast Visium CID44971,novosparc,adgrg1,0.0972244038072444,0.6426649417579154
Breast Visium CID44971,novosparc,plpp5,0.0963193421110907,0.4559552654758899
Breast Visium CID44971,novosparc,adamts1,0.0955812636839403,0.35790330710050045
Breast Visium CID44971,novosparc,h3f3b,0.0931319473324943,0.9464612049141282
Breast Visium CID44971,novosparc,klf4,0.0921971310075689,0.3156225409495146
Breast Visium CID44971,novosparc,palmd,0.0909828704619522,0.2615953000858616
Breast Visium CID44971,novosparc,cd2,0.0893452235157265,0.4734222403054759
Breast Visium CID44971,novosparc,tshz2,0.0885643104940475,0.3946611913123579
Breast Visium CID44971,novosparc,clec2d,0.0879772397973088,0.4993903363288139
Breast Visium CID44971,novosparc,cxcr6,0.0872187590649365,0.2806246834569564
Breast Visium CID44971,novosparc,flot1,0.0864627847176855,0.5988433600652995
Breast Visium CID44971,novosparc,adam15,0.0855895275240622,0.5940069399183481
Breast Visium CID44971,novosparc,taf15,0.0848524368842854,0.5886306019465783
Breast Visium CID44971,novosparc,lilrb3,0.0848292675428687,0.15361326729505104
Breast Visium CID44971,novosparc,ndufa4l2,0.081266985176087,0.1909400731180397
Breast Visium CID44971,novosparc,gpr65,0.0812646310032775,0.2658617031633516
Breast Visium CID44971,novosparc,sesn1,0.081028756598264,0.4684168686138969
Breast Visium CID44971,novosparc,notch4,0.0789929033245522,0.22023887906175982
Breast Visium CID44971,novosparc,cbfa2t3,0.0789219935979443,0.21339765185562928
Breast Visium CID44971,novosparc,klf6,0.071922127925614,0.8384186949354272
Breast Visium CID44971,novosparc,hey1,0.0716275236702298,0.25204617111061645
Breast Visium CID44971,novosparc,arl11,0.0712510250874731,0.13139635674227335
Breast Visium CID44971,novosparc,fam111a,0.0694408353334954,0.46534784993325645
Breast Visium CID44971,novosparc,trgc1,0.069353835326449,0.12318303389920954
Breast Visium CID44971,novosparc,rcsd1,0.0673314891451979,0.38465584625461047
Breast Visium CID44971,novosparc,lgi4,0.0666750347281338,0.12163608445996794
Breast Visium CID44971,novosparc,bub3,0.064853301001603,0.6208407603647049
Breast Visium CID44971,novosparc,traf3ip3,0.0646934509160393,0.40520895521152794
Breast Visium CID44971,novosparc,cenpm,0.0638592250925818,0.2493356467104378
Breast Visium CID44971,novosparc,plpp3,0.0626593600425212,0.4067408758935732
Breast Visium CID44971,novosparc,ppp1r15a,0.0620894709516294,0.47490788298842684
Breast Visium CID44971,novosparc,aim2,0.0620892640754376,0.1479923503491809
Breast Visium CID44971,novosparc,tnfaip3,0.0613888161616666,0.5130415099870841
Breast Visium CID44971,novosparc,cd7,0.0580059243471839,0.37985579906116107
Breast Visium CID44971,novosparc,ifitm1,0.0577027881260005,0.44426061601081435
Breast Visium CID44971,novosparc,ephx1,0.057071866950592,0.40892844201641926
Breast Visium CID44971,novosparc,ptgdr,0.0566258506231642,0.12817446839911492
Breast Visium CID44971,novosparc,tsen54,0.0562019394513292,0.44965154440783495
Breast Visium CID44971,novosparc,linc00996,0.0552822551730619,0.14630417843624108
Breast Visium CID44971,novosparc,fyn,0.0540678421501852,0.37106046109702806
Breast Visium CID44971,novosparc,cd244,0.0524564598467797,0.12240822141568243
Breast Visium CID44971,novosparc,cdc42ep3,0.0516075654813196,0.4325542061238142
Breast Visium CID44971,novosparc,inpp1,0.0505499955610936,0.32122400767248543
Breast Visium CID44971,novosparc,ptpn22,0.0499674063648867,0.24669529769557444
Breast Visium CID44971,novosparc,inpp4b,0.0464451794543547,0.29384411826418094
Breast Visium CID44971,novosparc,pim1,0.0460433470922365,0.4204271715307445
Breast Visium CID44971,novosparc,gpihbp1,0.0453259809815751,0.09986679967165346
Breast Visium CID44971,novosparc,lyl1,0.0439983480075659,0.21819163262430724
Breast Visium CID44971,novosparc,moxd1,0.0433647159026529,0.17638304295186066
Breast Visium CID44971,novosparc,cblb,0.0430796383169582,0.3407739282219549
Breast Visium CID44971,novosparc,lyst,0.0420081979406059,0.27396096214481375
Breast Visium CID44971,novosparc,cachd1,0.039773383475228,0.285759949267518
Breast Visium CID44971,novosparc,skap1,0.0394050552394382,0.20864197140915883
Breast Visium CID44971,novosparc,camk4,0.0391869558847855,0.2118442525538255
Breast Visium CID44971,novosparc,icam2,0.0332734650134922,0.3557352762837981
Breast Visium CID44971,novosparc,ankrd29,0.0331457369892912,0.14289184135267108
Breast Visium CID44971,novosparc,apmap,0.0320382096334493,0.6664575425386464
Breast Visium CID44971,novosparc,capn12,0.02962853640953,0.27216813638754384
Breast Visium CID44971,novosparc,xcl2,0.0280527445192982,0.17735132717550964
Breast Visium CID44971,novosparc,rbpms2,0.0261562076862282,0.0952528566638934
Breast Visium CID44971,novosparc,dgka,0.0257948033832677,0.3951898355076921
Breast Visium CID44971,novosparc,hrc,0.0237110448441043,0.047147398506767337
Breast Visium CID44971,novosparc,ccdc50,0.0208477562913674,0.44537036319793166
Breast Visium CID44971,novosparc,gzmh,0.0195824668387548,0.18961109695726494
Breast Visium CID44971,novosparc,cpne5,0.0189614548595175,0.174551218275908
Breast Visium CID44971,novosparc,sept7,0.0181056194641903,0.6699691133971516
Breast Visium CID44971,novosparc,st6galnac2,0.0175221251420778,0.037213231895151515
Breast Visium CID44971,novosparc,tbx21,0.0167683919797739,0.1369780459659447
Breast Visium CID44971,novosparc,fcrl6,0.0126762102519662,0.10833557785304036
Breast Visium CID44971,novosparc,h2afx,0.0123565242265574,0.5575917328278082
Breast Visium CID44971,novosparc,bcas4,0.012135100927889,0.2775298797715963
Breast Visium CID44971,novosparc,ccr6,0.0105934999007648,0.1668219613182841
Breast Visium CID44971,novosparc,or51e1,0.0105633224957944,0.02142933449158104
Breast Visium CID44971,novosparc,tnfaip8,0.0099030730304207,0.3144941192478912
Breast Visium CID44971,novosparc,tnik,0.0082284256852728,0.1966195500380395
Breast Visium CID44971,novosparc,plxdc1,0.0064395228714349,0.23221276312847802
Breast Visium CID44971,novosparc,klrb1,-0.0016653400637281,0.266624034529644
Breast Visium CID44971,novosparc,rapgef3,-0.009040709237576,0.09621669940258401
Breast Visium CID44971,novosparc,abcc9,-0.0153236667569486,0.021715753800041426
Breast Visium CID44971,novosparc,nt5e,-0.0156074590119876,0.10782116467112023
Breast Visium CID44971,novosparc,flt3lg,-0.0191974940693345,0.13738329310174738
Breast Visium CID44971,novosparc,krt86,-0.0233099755247034,0.18358739694042225
Breast Visium CID44971,novosparc,tcf7,-0.0324066077103623,0.3276524456828017
Breast Visium CID44971,novosparc,trdc,-0.036071005941859,0.09184430828699025
Breast Visium CID44971,novosparc,tnfrsf13c,-0.0374813227832954,0.13360995352528818
Breast Visium CID44971,novosparc,hist1h1e,-0.0456278316132759,0.09368655673792091
Breast Visium CID44971,novosparc,c12orf75,-0.0462019002002284,0.4350956338975147
Breast Visium CID44971,novosparc,aes,-0.053543266051541,0.8399603355971987
Breast Visium CID44971,novosparc,cxcr5,-0.0557511519584666,0.07518817413386561
Breast Visium CID44971,tangram,hla-a,0.658077720171965,0.9642802476882935
Breast Visium CID44971,tangram,col1a2,0.6577437668954039,0.9276218414306641
Breast Visium CID44971,tangram,hla-e,0.5972972723095694,0.9148135185241699
Breast Visium CID44971,tangram,c2orf40,0.5657017441741383,0.6790752410888672
Breast Visium CID44971,tangram,hdac2,0.545698013993155,0.8563408851623535
Breast Visium CID44971,tangram,c1qa,0.539295442869668,0.8248478770256042
Breast Visium CID44971,tangram,aebp1,0.5293654578460427,0.8392828106880188
Breast Visium CID44971,tangram,col6a2,0.5277541008345563,0.889584481716156
Breast Visium CID44971,tangram,cxcr4,0.5084901713930319,0.8247929811477661
Breast Visium CID44971,tangram,spint2,0.506492040174472,0.9168782830238342
Breast Visium CID44971,tangram,serpina1,0.5013720091871533,0.7262858748435974
Breast Visium CID44971,tangram,cotl1,0.500510518717728,0.7168241143226624
Breast Visium CID44971,tangram,ifitm3,0.499287538909164,0.9074273109436035
Breast Visium CID44971,tangram,cacybp,0.4842898978663642,0.8223733901977539
Breast Visium CID44971,tangram,trac,0.4791739219200643,0.6790929436683655
Breast Visium CID44971,tangram,ctgf,0.4773645612551322,0.8958896398544312
Breast Visium CID44971,tangram,uqcrh,0.476674923721926,0.9302050471305847
Breast Visium CID44971,tangram,gdi2,0.4613775562768752,0.9032321572303772
Breast Visium CID44971,tangram,cd2,0.450723139441396,0.5954225659370422
Breast Visium CID44971,tangram,adirf,0.4489857341478497,0.7835193276405334
Breast Visium CID44971,tangram,tbc1d10c,0.4482791563908667,0.5575960278511047
Breast Visium CID44971,tangram,tsc22d3,0.4451526959981407,0.8271713852882385
Breast Visium CID44971,tangram,nnmt,0.4378418086703207,0.7722933292388916
Breast Visium CID44971,tangram,fos,0.4264830634112747,0.8539721369743347
Breast Visium CID44971,tangram,sf3b6,0.4260794011729293,0.8939135074615479
Breast Visium CID44971,tangram,cct3,0.4214513137127392,0.859927237033844
Breast Visium CID44971,tangram,pecam1,0.4179469459649871,0.6632686853408813
Breast Visium CID44971,tangram,ndrg2,0.4167159711102158,0.737567663192749
Breast Visium CID44971,tangram,btg1,0.414888320106678,0.8624826073646545
Breast Visium CID44971,tangram,cryab,0.412940854119815,0.8439621329307556
Breast Visium CID44971,tangram,tcp1,0.4110329074937222,0.8055269122123718
Breast Visium CID44971,tangram,mrps35,0.4097593043155271,0.736954391002655
Breast Visium CID44971,tangram,snrpf,0.4086916292599488,0.8119077086448669
Breast Visium CID44971,tangram,rpl17,0.4068059136424327,0.910584032535553
Breast Visium CID44971,tangram,cnn2,0.405213837027885,0.7888327836990356
Breast Visium CID44971,tangram,gstm3,0.403363840631289,0.6309479475021362
Breast Visium CID44971,tangram,lst1,0.4031084561686182,0.607078492641449
Breast Visium CID44971,tangram,gzmk,0.4014556195411796,0.5312814712524414
Breast Visium CID44971,tangram,tymp,0.3988723595972551,0.8174890279769897
Breast Visium CID44971,tangram,ilf2,0.3981442745272651,0.8671661615371704
Breast Visium CID44971,tangram,cst7,0.3928805931522841,0.4980860948562622
Breast Visium CID44971,tangram,s100a6,0.3890651171582109,0.9610440135002136
Breast Visium CID44971,tangram,gpsm3,0.3890491099930536,0.493682861328125
Breast Visium CID44971,tangram,trim29,0.3865118219496914,0.6373423933982849
Breast Visium CID44971,tangram,cd93,0.3851199103716159,0.5977240204811096
Breast Visium CID44971,tangram,htra1,0.3842479091479449,0.7429771423339844
Breast Visium CID44971,tangram,zfp36l2,0.3820101264731743,0.9262996315956116
Breast Visium CID44971,tangram,psme2,0.3807058079813674,0.7976951599121094
Breast Visium CID44971,tangram,hla-dmb,0.3793139969314965,0.6168707013130188
Breast Visium CID44971,tangram,mgp,0.374421717650097,0.9756805896759033
Breast Visium CID44971,tangram,rpl3,0.3743751220492443,0.9701711535453796
Breast Visium CID44971,tangram,tmsb10,0.3694635937609726,0.9867064952850342
Breast Visium CID44971,tangram,acap1,0.3675897454185127,0.5022100806236267
Breast Visium CID44971,tangram,cirbp,0.3663037834492396,0.8442713618278503
Breast Visium CID44971,tangram,ppdpf,0.3661121502748766,0.926347553730011
Breast Visium CID44971,tangram,lat,0.3659761544795758,0.5226238965988159
Breast Visium CID44971,tangram,ptpn6,0.3658882246777283,0.6109930276870728
Breast Visium CID44971,tangram,rpl38,0.3612559926286707,0.9683082699775696
Breast Visium CID44971,tangram,lck,0.3530373018361157,0.47621774673461914
Breast Visium CID44971,tangram,tmem258,0.3436326643657104,0.8948964476585388
Breast Visium CID44971,tangram,pdia6,0.3431113091759148,0.8627733588218689
Breast Visium CID44971,tangram,rhob,0.3357159691678239,0.8140641450881958
Breast Visium CID44971,tangram,tpbg,0.3349302801029536,0.5442069172859192
Breast Visium CID44971,tangram,plxdc2,0.3348675977550282,0.7782983779907227
Breast Visium CID44971,tangram,krt17,0.3334754431187032,0.837616503238678
Breast Visium CID44971,tangram,mmrn2,0.3328614742633219,0.417388916015625
Breast Visium CID44971,tangram,hsbp1,0.3324764525129584,0.849202573299408
Breast Visium CID44971,tangram,lman1,0.3324284531941692,0.8044200539588928
Breast Visium CID44971,tangram,sept1,0.3303721795954736,0.5162245035171509
Breast Visium CID44971,tangram,efhd1,0.3275571827030436,0.7282469868659973
Breast Visium CID44971,tangram,ctsz,0.3263561710764846,0.6832863688468933
Breast Visium CID44971,tangram,lgals1,0.3258228012673148,0.9148174524307251
Breast Visium CID44971,tangram,vopp1,0.3243909513064006,0.564010500907898
Breast Visium CID44971,tangram,pkib,0.3240599339921193,0.451328843832016
Breast Visium CID44971,tangram,selplg,0.3233518282393846,0.45947614312171936
Breast Visium CID44971,tangram,arhgap9,0.3163297350610974,0.4545730650424957
Breast Visium CID44971,tangram,slc16a3,0.3156129756303533,0.5403907299041748
Breast Visium CID44971,tangram,rpl31,0.3153351965065659,0.9780571460723877
Breast Visium CID44971,tangram,hla-dqa2,0.314768364520874,0.5161181688308716
Breast Visium CID44971,tangram,tnfrsf1b,0.3146122314131198,0.5363028645515442
Breast Visium CID44971,tangram,kcnmb1,0.3119671520135696,0.5482737421989441
Breast Visium CID44971,tangram,tcf4,0.3115873051438684,0.6060454845428467
Breast Visium CID44971,tangram,c1orf43,0.3111521471083497,0.7952784299850464
Breast Visium CID44971,tangram,rpl5,0.3080542073577336,0.9625459909439087
Breast Visium CID44971,tangram,herpud1,0.3079248721374637,0.7480449080467224
Breast Visium CID44971,tangram,atp6v0b,0.3073905284681031,0.843159019947052
Breast Visium CID44971,tangram,pafah1b3,0.3073090023298414,0.7079893946647644
Breast Visium CID44971,tangram,dap3,0.3034904135877009,0.7678875923156738
Breast Visium CID44971,tangram,ifngr2,0.3033054179613137,0.7543644905090332
Breast Visium CID44971,tangram,lrp1,0.3022750491699084,0.7211687564849854
Breast Visium CID44971,tangram,mme,0.296443580445262,0.5046818256378174
Breast Visium CID44971,tangram,tns4,0.2960996877265392,0.5076891183853149
Breast Visium CID44971,tangram,cav1,0.2935703371701395,0.6310376524925232
Breast Visium CID44971,tangram,rps4x,0.2878298147302531,0.9756882786750793
Breast Visium CID44971,tangram,ptpn7,0.2876129582918841,0.39621666073799133
Breast Visium CID44971,tangram,tpx2,0.287531525773275,0.5244525671005249
Breast Visium CID44971,tangram,ccl14,0.2863482634555446,0.2997300624847412
Breast Visium CID44971,tangram,rpn1,0.2858465267145005,0.7843620181083679
Breast Visium CID44971,tangram,aplp2,0.2804892846360401,0.875851571559906
Breast Visium CID44971,tangram,s100a10,0.2709634761475765,0.8558256030082703
Breast Visium CID44971,tangram,ptges3,0.2685935436618537,0.8898261189460754
Breast Visium CID44971,tangram,syngr2,0.2675486299868014,0.804192066192627
Breast Visium CID44971,tangram,srsf5,0.2674247154909712,0.7512694597244263
Breast Visium CID44971,tangram,rhog,0.2673474101511675,0.6376163959503174
Breast Visium CID44971,tangram,pik3ip1,0.2647593390245646,0.5266485810279846
Breast Visium CID44971,tangram,gng5,0.2596047521150426,0.8776376843452454
Breast Visium CID44971,tangram,ing4,0.2593915716356318,0.6421297192573547
Breast Visium CID44971,tangram,cdkn1a,0.2566312320620603,0.6182399392127991
Breast Visium CID44971,tangram,sub1,0.256455181283786,0.8869466185569763
Breast Visium CID44971,tangram,cdh3,0.2563960533599259,0.643709659576416
Breast Visium CID44971,tangram,rab31,0.2563065477859045,0.48521170020103455
Breast Visium CID44971,tangram,cxcr3,0.2536105982619147,0.3524201214313507
Breast Visium CID44971,tangram,eef2,0.2510602280812034,0.9563517570495605
Breast Visium CID44971,tangram,ndufv2,0.2482312695312477,0.7857959866523743
Breast Visium CID44971,tangram,slc25a5,0.2472923841703732,0.7998145818710327
Breast Visium CID44971,tangram,ppic,0.2461755946062793,0.4935101568698883
Breast Visium CID44971,tangram,pabpc1,0.2441157112217739,0.9661164283752441
Breast Visium CID44971,tangram,efemp2,0.2420619673038535,0.5078638792037964
Breast Visium CID44971,tangram,plpp2,0.2410933833784352,0.7063285112380981
Breast Visium CID44971,tangram,sdcbp,0.23983635559727,0.7282731533050537
Breast Visium CID44971,tangram,efhd2,0.2393766156664767,0.6009724140167236
Breast Visium CID44971,tangram,rps15,0.2383705703011466,0.9737605452537537
Breast Visium CID44971,tangram,rpl26,0.2374537575753446,0.9556312561035156
Breast Visium CID44971,tangram,themis2,0.2364641574202742,0.415785014629364
Breast Visium CID44971,tangram,rbpms,0.2361357765367805,0.5706053972244263
Breast Visium CID44971,tangram,fyn,0.2360125188966873,0.4398060739040375
Breast Visium CID44971,tangram,rpl9,0.2352622044102773,0.9766377210617065
Breast Visium CID44971,tangram,ssr3,0.2348438816499074,0.8056927919387817
Breast Visium CID44971,tangram,tpp1,0.2343001756675294,0.6961104273796082
Breast Visium CID44971,tangram,maob,0.2325024025847974,0.46079158782958984
Breast Visium CID44971,tangram,steap4,0.2304419320567566,0.40357455611228943
Breast Visium CID44971,tangram,snx20,0.2289814046728735,0.3668343424797058
Breast Visium CID44971,tangram,naca,0.2289388359364906,0.9569429159164429
Breast Visium CID44971,tangram,tmed10,0.2279191442779833,0.8079272508621216
Breast Visium CID44971,tangram,pdlim4,0.2277151565539891,0.6116601824760437
Breast Visium CID44971,tangram,icam3,0.2256445915898496,0.44857317209243774
Breast Visium CID44971,tangram,slc9a3r2,0.2241774265104388,0.4880598485469818
Breast Visium CID44971,tangram,tk1,0.2236108196878348,0.4759760797023773
Breast Visium CID44971,tangram,rab4a,0.2235606077606927,0.6478704214096069
Breast Visium CID44971,tangram,tcf7,0.2235039110211166,0.4808162748813629
Breast Visium CID44971,tangram,ppia,0.2212850866315356,0.961928129196167
Breast Visium CID44971,tangram,cyb5r3,0.2185715930187043,0.7152939438819885
Breast Visium CID44971,tangram,rplp2,0.2185007113431736,0.9871675968170166
Breast Visium CID44971,tangram,sema3g,0.2182905994347713,0.31364932656288147
Breast Visium CID44971,tangram,alox5ap,0.2182175918585534,0.4594516456127167
Breast Visium CID44971,tangram,ccnd3,0.2176442977869953,0.6559217572212219
Breast Visium CID44971,tangram,runx1,0.2154298666536084,0.7049369215965271
Breast Visium CID44971,tangram,socs3,0.2150165443680474,0.5358729958534241
Breast Visium CID44971,tangram,ddx17,0.213069264025253,0.8695739507675171
Breast Visium CID44971,tangram,col14a1,0.2125446484494659,0.47838884592056274
Breast Visium CID44971,tangram,vamp8,0.2094259413761548,0.8253567218780518
Breast Visium CID44971,tangram,pim1,0.2080191391241669,0.472017765045166
Breast Visium CID44971,tangram,sept6,0.2062269709228249,0.5503627061843872
Breast Visium CID44971,tangram,rrm1,0.2036486928168021,0.5516892671585083
Breast Visium CID44971,tangram,icam2,0.202472960797822,0.4152596890926361
Breast Visium CID44971,tangram,rps16,0.202153432776529,0.9791668653488159
Breast Visium CID44971,tangram,rpl29,0.2020172696904532,0.9799960851669312
Breast Visium CID44971,tangram,sirpa,0.2001244689222651,0.4975605905056
Breast Visium CID44971,tangram,mydgf,0.2000666627671142,0.7380509972572327
Breast Visium CID44971,tangram,pik3r1,0.1970090118095985,0.5900481939315796
Breast Visium CID44971,tangram,mcm2,0.1950806669660484,0.45185890793800354
Breast Visium CID44971,tangram,cxcr6,0.1935111287591834,0.33410170674324036
Breast Visium CID44971,tangram,tmpo,0.1934402765071623,0.6589584946632385
Breast Visium CID44971,tangram,tmbim6,0.1932915956771377,0.8894853591918945
Breast Visium CID44971,tangram,cox7a1,0.1925769860623759,0.5134339332580566
Breast Visium CID44971,tangram,ncf2,0.1922131781098177,0.32833781838417053
Breast Visium CID44971,tangram,apobec3c,0.1919371067862519,0.47063860297203064
Breast Visium CID44971,tangram,mfap4,0.1919188130552874,0.44390279054641724
Breast Visium CID44971,tangram,clec7a,0.1914861538067999,0.43315058946609497
Breast Visium CID44971,tangram,rpl7a,0.190722829808175,0.975886344909668
Breast Visium CID44971,tangram,aoah,0.1879982791610796,0.38411083817481995
Breast Visium CID44971,tangram,spn,0.187554359216359,0.3567228317260742
Breast Visium CID44971,tangram,arhgap15,0.1866522251653219,0.3081962764263153
Breast Visium CID44971,tangram,ppt1,0.1822888499711997,0.6569367051124573
Breast Visium CID44971,tangram,ms4a1,0.1803497535236742,0.3336121439933777
Breast Visium CID44971,tangram,col18a1,0.1794738994810958,0.7952444553375244
Breast Visium CID44971,tangram,pdcd4,0.1761596248067674,0.7911546230316162
Breast Visium CID44971,tangram,grb2,0.1730485747962759,0.644564151763916
Breast Visium CID44971,tangram,ccdc167,0.1724278018563736,0.5968740582466125
Breast Visium CID44971,tangram,dnmt1,0.1715611988518082,0.6694266200065613
Breast Visium CID44971,tangram,nusap1,0.1709783879323389,0.3830139636993408
Breast Visium CID44971,tangram,klf10,0.1697331535658889,0.49318060278892517
Breast Visium CID44971,tangram,st13,0.1673844264874104,0.7968083620071411
Breast Visium CID44971,tangram,tsc22d1,0.1655064372800594,0.7389652729034424
Breast Visium CID44971,tangram,hoxd9,0.1639067843017619,0.2917400598526001
Breast Visium CID44971,tangram,nmur1,0.1625348403717246,0.15912474691867828
Breast Visium CID44971,tangram,angpt2,0.1623482436009235,0.2251894772052765
Breast Visium CID44971,tangram,vpreb3,0.1599778768148034,0.2085900902748108
Breast Visium CID44971,tangram,s1pr1,0.158255552432497,0.297220379114151
Breast Visium CID44971,tangram,sptbn1,0.1578583807699741,0.7796756625175476
Breast Visium CID44971,tangram,kdelr1,0.1562287347181689,0.7113879919052124
Breast Visium CID44971,tangram,skap1,0.1553547156953181,0.2543599307537079
Breast Visium CID44971,tangram,fbxo2,0.1547941161844601,0.4509187638759613
Breast Visium CID44971,tangram,fgr,0.1537328832121391,0.30824223160743713
Breast Visium CID44971,tangram,rgs10,0.1492248636972419,0.6585826277732849
Breast Visium CID44971,tangram,ass1,0.1482983610894772,0.538682222366333
Breast Visium CID44971,tangram,pkig,0.1464102125714906,0.5763046741485596
Breast Visium CID44971,tangram,cd19,0.1456348802572105,0.20477202534675598
Breast Visium CID44971,tangram,plac8,0.1444731470857944,0.33059176802635193
Breast Visium CID44971,tangram,smim14,0.1431935148962874,0.5839565992355347
Breast Visium CID44971,tangram,foxp1,0.14303592888481,0.6210552453994751
Breast Visium CID44971,tangram,fkbp2,0.1423402199235972,0.7386258244514465
Breast Visium CID44971,tangram,smc4,0.1421390121515712,0.5601159334182739
Breast Visium CID44971,tangram,creb3l4,0.1402101407163722,0.4856598973274231
Breast Visium CID44971,tangram,rbbp8,0.1398367005938675,0.5013817548751831
Breast Visium CID44971,tangram,kdr,0.1383887136959316,0.304155170917511
Breast Visium CID44971,tangram,camk1d,0.1381896513448034,0.31504014134407043
Breast Visium CID44971,tangram,dok3,0.1378924539916336,0.22723527252674103
Breast Visium CID44971,tangram,mgst2,0.1376299126276712,0.4543485939502716
Breast Visium CID44971,tangram,cmc1,0.1355650141664786,0.5292499661445618
Breast Visium CID44971,tangram,fosb,0.1352061908258776,0.6487368941307068
Breast Visium CID44971,tangram,tshz2,0.1350660419025834,0.435463011264801
Breast Visium CID44971,tangram,tinagl1,0.1318568786542175,0.6442257165908813
Breast Visium CID44971,tangram,sh2d1b,0.1318323187772043,0.14477300643920898
Breast Visium CID44971,tangram,ctsw,0.1315372997477372,0.2744472324848175
Breast Visium CID44971,tangram,arsa,0.1288558281928161,0.44765016436576843
Breast Visium CID44971,tangram,tram1,0.12869373252064,0.7510119676589966
Breast Visium CID44971,tangram,syt8,0.1284819060053583,0.4146110713481903
Breast Visium CID44971,tangram,hrct1,0.1284744829339792,0.20675714313983917
Breast Visium CID44971,tangram,bub3,0.1273651090454288,0.6333006024360657
Breast Visium CID44971,tangram,sec61a1,0.1245570384263977,0.8028360605239868
Breast Visium CID44971,tangram,npdc1,0.122475352955953,0.6040977835655212
Breast Visium CID44971,tangram,bcl11b,0.122172182558846,0.33251309394836426
Breast Visium CID44971,tangram,themis,0.1201914770829456,0.2092258185148239
Breast Visium CID44971,tangram,creb3l2,0.1201504350127863,0.5954717397689819
Breast Visium CID44971,tangram,phldb2,0.1193760727298032,0.2896629869937897
Breast Visium CID44971,tangram,glrx,0.1169420699178071,0.4149600565433502
Breast Visium CID44971,tangram,rps28,0.1161677001364299,0.9837220907211304
Breast Visium CID44971,tangram,oxnad1,0.1143972056370105,0.31018340587615967
Breast Visium CID44971,tangram,pask,0.1109794413352946,0.39932695031166077
Breast Visium CID44971,tangram,fndc3a,0.1097888400233567,0.6053001880645752
Breast Visium CID44971,tangram,syk,0.1089570185483777,0.34235092997550964
Breast Visium CID44971,tangram,mgat2,0.108771964618511,0.3996320366859436
Breast Visium CID44971,tangram,tnfrsf17,0.1078712383859334,0.15207022428512573
Breast Visium CID44971,tangram,camk4,0.1045772301567519,0.24502170085906982
Breast Visium CID44971,tangram,dhfr,0.1017404682151293,0.3718172013759613
Breast Visium CID44971,tangram,inpp1,0.1001669120280314,0.3631626069545746
Breast Visium CID44971,tangram,scarb1,0.0987388266118978,0.5758615732192993
Breast Visium CID44971,tangram,lims2,0.0978691004413498,0.46090781688690186
Breast Visium CID44971,tangram,rpl12,0.0978585731340225,0.9757302403450012
Breast Visium CID44971,tangram,rabac1,0.0935411157080606,0.7638463973999023
Breast Visium CID44971,tangram,cxcr5,0.0934011813250732,0.1583261340856552
Breast Visium CID44971,tangram,pltp,0.0928380429212087,0.500896692276001
Breast Visium CID44971,tangram,asf1b,0.0922661247514702,0.2850009500980377
Breast Visium CID44971,tangram,syvn1,0.0913960182933776,0.5201961398124695
Breast Visium CID44971,tangram,cd72,0.090210855731688,0.23482102155685425
Breast Visium CID44971,tangram,oaz2,0.0884405835484973,0.5658032298088074
Breast Visium CID44971,tangram,erlec1,0.0873646728392549,0.5980087518692017
Breast Visium CID44971,tangram,hcfc1r1,0.0853257009781682,0.6318025588989258
Breast Visium CID44971,tangram,sytl1,0.0852628203955407,0.526861310005188
Breast Visium CID44971,tangram,eps8,0.0833500022160327,0.4934646487236023
Breast Visium CID44971,tangram,cux1,0.0829547709669728,0.4334157705307007
Breast Visium CID44971,tangram,hlf,0.0787852597667526,0.23724086582660675
Breast Visium CID44971,tangram,nucb2,0.0787413542488374,0.43183377385139465
Breast Visium CID44971,tangram,hhex,0.0782786837457667,0.19974419474601746
Breast Visium CID44971,tangram,arhgap24,0.0774251007640645,0.24540674686431885
Breast Visium CID44971,tangram,lilrb3,0.0768640789672851,0.20255009829998016
Breast Visium CID44971,tangram,rps13,0.0738372550509222,0.9715719819068909
Breast Visium CID44971,tangram,mal,0.0728488825355301,0.16912290453910828
Breast Visium CID44971,tangram,fam111a,0.0710535126890072,0.45594489574432373
Breast Visium CID44971,tangram,faslg,0.0697374060707529,0.1333843171596527
Breast Visium CID44971,tangram,sardh,0.0688874005995173,0.19762054085731506
Breast Visium CID44971,tangram,jakmip1,0.0683820697734472,0.1288854479789734
Breast Visium CID44971,tangram,ctnnal1,0.0678571116585493,0.2960883378982544
Breast Visium CID44971,tangram,sel1l,0.0655928722828992,0.5249615907669067
Breast Visium CID44971,tangram,ptger2,0.064640143100986,0.15280523896217346
Breast Visium CID44971,tangram,bag3,0.0582186958741367,0.4439634680747986
Breast Visium CID44971,tangram,rgma,0.0551638658349091,0.41533297300338745
Breast Visium CID44971,tangram,ccdc50,0.052898301287878,0.4933755397796631
Breast Visium CID44971,tangram,klrg1,0.0472980023345928,0.18697760999202728
Breast Visium CID44971,tangram,xcl1,0.0423511216824519,0.1622498482465744
Breast Visium CID44971,tangram,ppp2r5b,0.0419383212713431,0.30014854669570923
Breast Visium CID44971,tangram,cblb,0.0372434503920052,0.34476906061172485
Breast Visium CID44971,tangram,lpcat4,0.0367145683780514,0.3475269675254822
Breast Visium CID44971,tangram,st6galnac4,0.0339817438930327,0.24351970851421356
Breast Visium CID44971,tangram,cbfa2t3,0.0339053629753662,0.20337601006031036
Breast Visium CID44971,tangram,znf385d,0.0328040615347848,0.15808157622814178
Breast Visium CID44971,tangram,arhgap1,0.0316434184373062,0.6390514969825745
Breast Visium CID44971,tangram,tnik,0.0286454606970914,0.21173182129859924
Breast Visium CID44971,tangram,rbpms2,0.024784876681802,0.13843970000743866
Breast Visium CID44971,tangram,arl11,0.0235231349986912,0.10390206426382065
Breast Visium CID44971,tangram,txk,0.0218725143710395,0.07570696622133255
Breast Visium CID44971,tangram,bard1,0.0211689890570167,0.23876740038394928
Breast Visium CID44971,tangram,ca4,0.0201715185800536,0.08951269835233688
Breast Visium CID44971,tangram,linc00926,0.0179014318704898,0.18555374443531036
Breast Visium CID44971,tangram,fcer2,0.0107775923013716,0.07988632470369339
Breast Visium CID44971,tangram,klrd1,0.0081466934288105,0.17698398232460022
Breast Visium CID44971,tangram,arrb1,0.0015129142110239,0.34119659662246704
Breast Visium CID44971,tangram,fcrl1,-0.0066899089406914,0.06452303379774094
Breast Visium CID44971,tangram,st6galnac2,-0.0118772449482932,0.028641797602176666
Breast Visium CID44971,tangram,snx22,-0.0151597189434876,0.19657325744628906
Breast Visium CID44971,tangram,tmigd2,-0.0217036618232238,0.058360956609249115
Breast Visium CID44971,tangram,ncr1,-0.0238458181407301,0.017134858295321465
Breast Visium CID44971,tangram,mt-nd4l,-0.053570160965652,0.8454875349998474
Breast Visium CID44971,tangram,mt-atp6,-0.3023443517104691,0.9766206741333008
Breast Visium CID44971,tangram,hla-b,0.701412298218991,0.9691949486732483
Breast Visium CID44971,tangram,col3a1,0.6651163219006643,0.9285146594047546
Breast Visium CID44971,tangram,agr2,0.6628517637107804,0.7645852565765381
Breast Visium CID44971,tangram,hla-dra,0.6627796243021755,0.9520383477210999
Breast Visium CID44971,tangram,azgp1,0.6592767629451249,0.8420510292053223
Breast Visium CID44971,tangram,dst,0.6305848812633523,0.8485178351402283
Breast Visium CID44971,tangram,hla-dqb1,0.6137644218063014,0.8395050764083862
Breast Visium CID44971,tangram,col1a1,0.6062419199832199,0.9056664109230042
Breast Visium CID44971,tangram,srgn,0.5986806685774819,0.7952108383178711
Breast Visium CID44971,tangram,crabp1,0.5839406582886201,0.8704572319984436
Breast Visium CID44971,tangram,c1qb,0.5782579926648839,0.842946469783783
Breast Visium CID44971,tangram,mlph,0.5601868022286477,0.6852591037750244
Breast Visium CID44971,tangram,sparc,0.5398204312065132,0.9218530654907227
Breast Visium CID44971,tangram,snrpe,0.5317792296722275,0.8825979828834534
Breast Visium CID44971,tangram,pfn1,0.5168540874610491,0.9700284600257874
Breast Visium CID44971,tangram,fxyd3,0.4879026581832649,0.7828438878059387
Breast Visium CID44971,tangram,tspan7,0.4771439129741373,0.5227360725402832
Breast Visium CID44971,tangram,epcam,0.4757990779402521,0.8446258902549744
Breast Visium CID44971,tangram,cd24,0.4704519991407343,0.9231838583946228
Breast Visium CID44971,tangram,cyba,0.4689323142437785,0.8547630906105042
Breast Visium CID44971,tangram,serping1,0.4631588495944621,0.8293151259422302
Breast Visium CID44971,tangram,sat1,0.4549865002797775,0.8817358613014221
Breast Visium CID44971,tangram,col17a1,0.4549343031457321,0.7044733166694641
Breast Visium CID44971,tangram,arpc1b,0.4513971063996698,0.7979559302330017
Breast Visium CID44971,tangram,ifi27,0.4433707668711929,0.7927926778793335
Breast Visium CID44971,tangram,ldhb,0.4430566082511431,0.938487708568573
Breast Visium CID44971,tangram,il2rg,0.4390019873483562,0.5583364367485046
Breast Visium CID44971,tangram,snrpd1,0.4291667640357439,0.7862904071807861
Breast Visium CID44971,tangram,zfp36,0.4289858127817666,0.8508971333503723
Breast Visium CID44971,tangram,grn,0.4216640723644352,0.868484377861023
Breast Visium CID44971,tangram,dstn,0.4186397155538393,0.8948690295219421
Breast Visium CID44971,tangram,islr,0.4065446805237759,0.7339763045310974
Breast Visium CID44971,tangram,ppp1r14a,0.4012582437186985,0.6407896280288696
Breast Visium CID44971,tangram,mdh2,0.4009735601280488,0.8446715474128723
Breast Visium CID44971,tangram,arf1,0.3897809050661816,0.9160860776901245
Breast Visium CID44971,tangram,cxcl2,0.3894679446357457,0.5565500259399414
Breast Visium CID44971,tangram,tacstd2,0.3878884081166575,0.8164492845535278
Breast Visium CID44971,tangram,plek,0.3869025322140206,0.5483266711235046
Breast Visium CID44971,tangram,epas1,0.3846425309246031,0.6219207048416138
Breast Visium CID44971,tangram,col5a2,0.3825144378406718,0.6814016699790955
Breast Visium CID44971,tangram,tpm1,0.3807727649758102,0.8657380938529968
Breast Visium CID44971,tangram,hspg2,0.3800170365463597,0.7900741696357727
Breast Visium CID44971,tangram,rasal3,0.3764305317047008,0.5216137170791626
Breast Visium CID44971,tangram,cybb,0.3751418230433426,0.5665305256843567
Breast Visium CID44971,tangram,limd2,0.3668421292686351,0.6601546406745911
Breast Visium CID44971,tangram,aff3,0.3662103844071938,0.46177929639816284
Breast Visium CID44971,tangram,msr1,0.3659512650054761,0.5389782190322876
Breast Visium CID44971,tangram,sell,0.3643274618697699,0.4627039432525635
Breast Visium CID44971,tangram,jun,0.3634136370137384,0.7638240456581116
Breast Visium CID44971,tangram,cd247,0.3596488301829005,0.4518822431564331
Breast Visium CID44971,tangram,gapdh,0.3547316119620063,0.9819759130477905
Breast Visium CID44971,tangram,capn8,0.3521988497169002,0.4689720571041107
Breast Visium CID44971,tangram,kif12,0.3507818260948999,0.44526875019073486
Breast Visium CID44971,tangram,s100a11,0.3425712430304263,0.9748384952545166
Breast Visium CID44971,tangram,rpl34,0.3405013630372627,0.979702889919281
Breast Visium CID44971,tangram,il16,0.3397676767006961,0.47633928060531616
Breast Visium CID44971,tangram,serpinh1,0.3366076920176069,0.8434686064720154
Breast Visium CID44971,tangram,cd69,0.3334108365277812,0.4501194357872009
Breast Visium CID44971,tangram,eif1,0.3333019462176174,0.9514790773391724
Breast Visium CID44971,tangram,ctsk,0.3324497404773264,0.6545418500900269
Breast Visium CID44971,tangram,cd63,0.329566314593987,0.937128484249115
Breast Visium CID44971,tangram,cd99,0.3272963343870369,0.78145831823349
Breast Visium CID44971,tangram,hddc2,0.3271693071431162,0.7399833798408508
Breast Visium CID44971,tangram,palld,0.32451337074581,0.7011693716049194
Breast Visium CID44971,tangram,srp9,0.3244879306851133,0.857392430305481
Breast Visium CID44971,tangram,ifi16,0.3233274903747491,0.6331201195716858
Breast Visium CID44971,tangram,ybx1,0.3200010607928428,0.8744302988052368
Breast Visium CID44971,tangram,app,0.3149010575941027,0.8945501446723938
Breast Visium CID44971,tangram,rnase1,0.3113554110869122,0.665221631526947
Breast Visium CID44971,tangram,aif1l,0.3091853070613692,0.584989070892334
Breast Visium CID44971,tangram,mt2a,0.3084217775055346,0.970569908618927
Breast Visium CID44971,tangram,stom,0.3078049670515093,0.7330402731895447
Breast Visium CID44971,tangram,dynlt1,0.3056207262150372,0.8185023069381714
Breast Visium CID44971,tangram,irf7,0.3045672437222181,0.5481693148612976
Breast Visium CID44971,tangram,ufc1,0.3043549993345026,0.7914087772369385
Breast Visium CID44971,tangram,gas6,0.2956828402635389,0.7856048345565796
Breast Visium CID44971,tangram,gnai2,0.2921335242457946,0.8023248910903931
Breast Visium CID44971,tangram,cyr61,0.2885437859790151,0.8013893365859985
Breast Visium CID44971,tangram,cldn5,0.287074110988728,0.412055641412735
Breast Visium CID44971,tangram,il6st,0.2869600316368637,0.7254514694213867
Breast Visium CID44971,tangram,tigit,0.2841404293860238,0.41961005330085754
Breast Visium CID44971,tangram,anxa3,0.2825110161647369,0.6225939393043518
Breast Visium CID44971,tangram,rps20,0.2808886882433034,0.9700503349304199
Breast Visium CID44971,tangram,rpl35a,0.2805737339952661,0.9676157236099243
Breast Visium CID44971,tangram,cxcl16,0.2804011296789905,0.6185995936393738
Breast Visium CID44971,tangram,fcgr2a,0.2762495638148634,0.5494138598442078
Breast Visium CID44971,tangram,gimap7,0.275808537495995,0.4210934638977051
Breast Visium CID44971,tangram,emb,0.2757600172484876,0.4789683222770691
Breast Visium CID44971,tangram,uqcrb,0.2751185668128015,0.9304068088531494
Breast Visium CID44971,tangram,nutf2,0.2737268908910137,0.7129276990890503
Breast Visium CID44971,tangram,snrpd2,0.2731973161424877,0.9144494533538818
Breast Visium CID44971,tangram,igf1,0.2712665518929661,0.5043500065803528
Breast Visium CID44971,tangram,srpk1,0.2642121160582956,0.6350329518318176
Breast Visium CID44971,tangram,myadm,0.252949916466125,0.6765603423118591
Breast Visium CID44971,tangram,rpl27a,0.2523192050877638,0.9768213629722595
Breast Visium CID44971,tangram,ppp1ca,0.2522530291658904,0.7885705828666687
Breast Visium CID44971,tangram,kdelr2,0.2513321336374609,0.8268002271652222
Breast Visium CID44971,tangram,klf6,0.2493493522697203,0.8625882863998413
Breast Visium CID44971,tangram,ighm,0.2485129226626312,0.6305466294288635
Breast Visium CID44971,tangram,tmem98,0.2478415653734582,0.488072007894516
Breast Visium CID44971,tangram,tmed9,0.2475398417102429,0.7400392293930054
Breast Visium CID44971,tangram,map1b,0.2472293691350864,0.452099472284317
Breast Visium CID44971,tangram,rnaset2,0.2444609754938993,0.7352812886238098
Breast Visium CID44971,tangram,ndufa4l2,0.2438011976580963,0.41105321049690247
Breast Visium CID44971,tangram,emp1,0.2435038755417652,0.5651209950447083
Breast Visium CID44971,tangram,aph1a,0.2431259745773956,0.78763347864151
Breast Visium CID44971,tangram,pdia4,0.2430158686495336,0.7784966826438904
Breast Visium CID44971,tangram,rasef,0.2429570314186333,0.43962976336479187
Breast Visium CID44971,tangram,rpl7,0.2422252749327357,0.9729099273681641
Breast Visium CID44971,tangram,prkch,0.2396972397600146,0.4526822566986084
Breast Visium CID44971,tangram,reep5,0.2396625089621566,0.7251238226890564
Breast Visium CID44971,tangram,samhd1,0.2381977072612288,0.6752581000328064
Breast Visium CID44971,tangram,dennd2d,0.2331325439452923,0.5760610103607178
Breast Visium CID44971,tangram,eomes,0.2314221046918599,0.3383459448814392
Breast Visium CID44971,tangram,vps72,0.2309666482512871,0.6096087098121643
Breast Visium CID44971,tangram,mgll,0.2308606806418457,0.45384103059768677
Breast Visium CID44971,tangram,tnfrsf25,0.2279440185455549,0.42376452684402466
Breast Visium CID44971,tangram,mfge8,0.2271234308079887,0.8256704807281494
Breast Visium CID44971,tangram,cdk2ap2,0.2250069841180071,0.5803115963935852
Breast Visium CID44971,tangram,lrrc26,0.2238796353395303,0.36466845870018005
Breast Visium CID44971,tangram,il33,0.2218425980666405,0.32158732414245605
Breast Visium CID44971,tangram,rps23,0.2188136967801914,0.9752795100212097
Breast Visium CID44971,tangram,tspan13,0.2163731497773523,0.6043021082878113
Breast Visium CID44971,tangram,bcam,0.2158707015722707,0.5252476930618286
Breast Visium CID44971,tangram,rpl15,0.2147825093586912,0.9754173159599304
Breast Visium CID44971,tangram,rnf130,0.2144307282886043,0.6779847741127014
Breast Visium CID44971,tangram,nr2f1,0.2135411897967578,0.49396297335624695
Breast Visium CID44971,tangram,tmem173,0.2085009497154729,0.46943747997283936
Breast Visium CID44971,tangram,gem,0.2080387606259112,0.5207067131996155
Breast Visium CID44971,tangram,tmed2,0.2080221399874934,0.8208639621734619
Breast Visium CID44971,tangram,runx3,0.2060217284150819,0.4308611750602722
Breast Visium CID44971,tangram,cd79b,0.2055385907475787,0.36312124133110046
Breast Visium CID44971,tangram,derl3,0.2049141316133282,0.3550964891910553
Breast Visium CID44971,tangram,pmepa1,0.2038172204723413,0.5750184655189514
Breast Visium CID44971,tangram,cd40,0.2019628490926591,0.418355256319046
Breast Visium CID44971,tangram,plac9,0.201161839036513,0.38844597339630127
Breast Visium CID44971,tangram,vps29,0.1994802072756404,0.712273895740509
Breast Visium CID44971,tangram,znf503,0.1979050205731818,0.3646841049194336
Breast Visium CID44971,tangram,mctp1,0.1976153756134173,0.248578742146492
Breast Visium CID44971,tangram,spcs3,0.1962174907015076,0.6818206906318665
Breast Visium CID44971,tangram,acbd6,0.1947761349071973,0.5911423563957214
Breast Visium CID44971,tangram,ier3,0.1947683819013403,0.6947585344314575
Breast Visium CID44971,tangram,linc00861,0.1947026887697694,0.29371437430381775
Breast Visium CID44971,tangram,rbp7,0.1946579718784435,0.37059327960014343
Breast Visium CID44971,tangram,phactr1,0.194033744531767,0.32640787959098816
Breast Visium CID44971,tangram,reep6,0.1913529164965405,0.3669729232788086
Breast Visium CID44971,tangram,rps3a,0.1891745590728524,0.9834606647491455
Breast Visium CID44971,tangram,btf3,0.1888712527202396,0.879214346408844
Breast Visium CID44971,tangram,nedd9,0.1881210709870419,0.5397655367851257
Breast Visium CID44971,tangram,hm13,0.1871010931106134,0.7291293144226074
Breast Visium CID44971,tangram,pik3r3,0.1869278557993254,0.5590074062347412
Breast Visium CID44971,tangram,h2afy,0.1849532356236528,0.7468611001968384
Breast Visium CID44971,tangram,traf4,0.1834641390329998,0.6943713426589966
Breast Visium CID44971,tangram,ier2,0.1822215180732065,0.7829393744468689
Breast Visium CID44971,tangram,dok2,0.1820059057169246,0.36598291993141174
Breast Visium CID44971,tangram,abi3,0.1811937855588335,0.3762238025665283
Breast Visium CID44971,tangram,fam49b,0.1799109957220307,0.595705509185791
Breast Visium CID44971,tangram,cdkn3,0.1779812827359282,0.345630407333374
Breast Visium CID44971,tangram,fcmr,0.1775930575985098,0.3169623613357544
Breast Visium CID44971,tangram,c1orf54,0.1767578205902668,0.3886658549308777
Breast Visium CID44971,tangram,itm2a,0.174560175583274,0.5449942350387573
Breast Visium CID44971,tangram,sdf2l1,0.1724203567923508,0.5167994499206543
Breast Visium CID44971,tangram,ptma,0.1716495089794127,0.9768327474594116
Breast Visium CID44971,tangram,nr2f2,0.1712104510123586,0.518714964389801
Breast Visium CID44971,tangram,il3ra,0.1695594311603797,0.3130277395248413
Breast Visium CID44971,tangram,dgka,0.1680685805312318,0.4481370747089386
Breast Visium CID44971,tangram,hbegf,0.166423734802161,0.342435359954834
Breast Visium CID44971,tangram,cisd2,0.1653560019319824,0.5473681092262268
Breast Visium CID44971,tangram,atp1a1,0.1650053565740425,0.8154119253158569
Breast Visium CID44971,tangram,tpst2,0.1649249679064588,0.4781762361526489
Breast Visium CID44971,tangram,eif4b,0.1589852162041338,0.8601410984992981
Breast Visium CID44971,tangram,rbm47,0.1584611785015397,0.5752162337303162
Breast Visium CID44971,tangram,sod3,0.1581669360726941,0.3018437623977661
Breast Visium CID44971,tangram,march1,0.1546273200908516,0.3474537432193756
Breast Visium CID44971,tangram,plekhf1,0.1544745820348017,0.33152642846107483
Breast Visium CID44971,tangram,snrnp25,0.1523865806338201,0.5652709603309631
Breast Visium CID44971,tangram,rhoh,0.1506362440449444,0.40575480461120605
Breast Visium CID44971,tangram,rapgef3,0.15049692976432,0.3084601163864136
Breast Visium CID44971,tangram,gpr65,0.1487728852918853,0.2943679392337799
Breast Visium CID44971,tangram,rabep1,0.1484666021761092,0.5531152486801147
Breast Visium CID44971,tangram,nes,0.1461647201297585,0.5801481008529663
Breast Visium CID44971,tangram,clmn,0.1459435611253128,0.43458473682403564
Breast Visium CID44971,tangram,rps25,0.1448225223976718,0.9760383367538452
Breast Visium CID44971,tangram,golgb1,0.1437555688844468,0.6298602223396301
Breast Visium CID44971,tangram,ednra,0.1429013400133513,0.3205336630344391
Breast Visium CID44971,tangram,c1qtnf1,0.1413713511518844,0.3546176850795746
Breast Visium CID44971,tangram,dbnl,0.1412034364499192,0.6033409833908081
Breast Visium CID44971,tangram,ednrb,0.1403673113620159,0.3114830553531647
Breast Visium CID44971,tangram,hla-dob,0.1387281360286152,0.29185745120048523
Breast Visium CID44971,tangram,fam177a1,0.1387166068113411,0.591684877872467
Breast Visium CID44971,tangram,mef2c,0.1344858129812614,0.38704371452331543
Breast Visium CID44971,tangram,slc3a2,0.1318414184293728,0.72879958152771
Breast Visium CID44971,tangram,man2b1,0.1314572112868882,0.23552048206329346
Breast Visium CID44971,tangram,rasgrp2,0.1280314758101957,0.3690185546875
Breast Visium CID44971,tangram,rps6,0.1255306512389842,0.9771120548248291
Breast Visium CID44971,tangram,fam110d,0.1252175424404061,0.20407025516033173
Breast Visium CID44971,tangram,leprotl1,0.1241965852960159,0.554826557636261
Breast Visium CID44971,tangram,gnly,0.1238061694586173,0.2848569452762604
Breast Visium CID44971,tangram,mir222hg,0.1209203991749999,0.23474018275737762
Breast Visium CID44971,tangram,akap12,0.1198814559618221,0.3118744492530823
Breast Visium CID44971,tangram,acadvl,0.1197643950856419,0.8385526537895203
Breast Visium CID44971,tangram,pax5,0.118587570321768,0.1576482653617859
Breast Visium CID44971,tangram,taf15,0.117121825107942,0.5895097851753235
Breast Visium CID44971,tangram,hrc,0.1129727176540463,0.1346909999847412
Breast Visium CID44971,tangram,rcsd1,0.1129161186033235,0.39942219853401184
Breast Visium CID44971,tangram,aqp3,0.1123782054634518,0.39010798931121826
Breast Visium CID44971,tangram,tpt1,0.1119859301827378,0.9830610156059265
Breast Visium CID44971,tangram,sec62,0.1112566604290184,0.6804980039596558
Breast Visium CID44971,tangram,parva,0.1106559432384182,0.576697587966919
Breast Visium CID44971,tangram,rpl13a,0.1103197073168376,0.9866477847099304
Breast Visium CID44971,tangram,tmem109,0.1093141493820995,0.5585319995880127
Breast Visium CID44971,tangram,ralgps2,0.1082430084866241,0.26623407006263733
Breast Visium CID44971,tangram,cyb561a3,0.1079646724633474,0.5084463953971863
Breast Visium CID44971,tangram,arid5b,0.1044029854155639,0.5118996500968933
Breast Visium CID44971,tangram,id2,0.1004772343465111,0.6734268665313721
Breast Visium CID44971,tangram,tacc1,0.0994865215749535,0.49039363861083984
Breast Visium CID44971,tangram,ptpn4,0.0970536603013337,0.3279391825199127
Breast Visium CID44971,tangram,magi1,0.0970386088848507,0.4417344629764557
Breast Visium CID44971,tangram,syne1,0.096757631299291,0.3516649305820465
Breast Visium CID44971,tangram,tie1,0.096011324269986,0.2509669065475464
Breast Visium CID44971,tangram,dnajc1,0.0941514528428034,0.3855067789554596
Breast Visium CID44971,tangram,lmcd1,0.093000518515161,0.3978700637817383
Breast Visium CID44971,tangram,pnpla2,0.0902418993193907,0.6311638951301575
Breast Visium CID44971,tangram,znf331,0.0881659047253304,0.4025890529155731
Breast Visium CID44971,tangram,fbln5,0.0881558348562453,0.42041531205177307
Breast Visium CID44971,tangram,myd88,0.0839928439048225,0.44852688908576965
Breast Visium CID44971,tangram,dek,0.0825570008039322,0.705220103263855
Breast Visium CID44971,tangram,rpa3,0.0823632762752673,0.5522449016571045
Breast Visium CID44971,tangram,cox4i2,0.0812636889544534,0.19201771914958954
Breast Visium CID44971,tangram,ccpg1,0.0810940008897996,0.4442952275276184
Breast Visium CID44971,tangram,lyst,0.0759809522639666,0.28714364767074585
Breast Visium CID44971,tangram,arc,0.0752699728460567,0.1417713612318039
Breast Visium CID44971,tangram,foxp3,0.074619046593259,0.220601424574852
Breast Visium CID44971,tangram,linc01197,0.0745342440193614,0.10335467010736465
Breast Visium CID44971,tangram,tbx21,0.0743866208609492,0.16483786702156067
Breast Visium CID44971,tangram,b4galt7,0.0743228080418715,0.3665708005428314
Breast Visium CID44971,tangram,erg,0.073609288338491,0.21475616097450256
Breast Visium CID44971,tangram,krt81,0.0735419426753986,0.2997591197490692
Breast Visium CID44971,tangram,gapt,0.0730072254297289,0.1941870152950287
Breast Visium CID44971,tangram,plpp5,0.0692582451502706,0.4490101933479309
Breast Visium CID44971,tangram,gpihbp1,0.0683946153428731,0.1819140464067459
Breast Visium CID44971,tangram,map3k8,0.0661174151248165,0.3811596930027008
Breast Visium CID44971,tangram,creld2,0.065971337654869,0.4256819188594818
Breast Visium CID44971,tangram,krt86,0.0653581981025599,0.24691830575466156
Breast Visium CID44971,tangram,atp2b1,0.0647298270410431,0.5585213303565979
Breast Visium CID44971,tangram,rasl12,0.0641955810496809,0.24101802706718445
Breast Visium CID44971,tangram,rassf2,0.0636604189700118,0.39800870418548584
Breast Visium CID44971,tangram,cdc42ep3,0.0632527380637414,0.4411574602127075
Breast Visium CID44971,tangram,snx29,0.0622477471769916,0.30394214391708374
Breast Visium CID44971,tangram,ccdc88a,0.0603963944940974,0.40484434366226196
Breast Visium CID44971,tangram,notch4,0.0596751260365519,0.3170487582683563
Breast Visium CID44971,tangram,trg-as1,0.0594377281419646,0.15077607333660126
Breast Visium CID44971,tangram,eaf2,0.0589904381482774,0.19176945090293884
Breast Visium CID44971,tangram,adgrg1,0.058320983316536,0.634787380695343
Breast Visium CID44971,tangram,cpne5,0.0578924406577468,0.18542152643203735
Breast Visium CID44971,tangram,znf808,0.057725017682347,0.19823415577411652
Breast Visium CID44971,tangram,shc1,0.0553918157986603,0.6307365894317627
Breast Visium CID44971,tangram,dck,0.0551474995259735,0.45129209756851196
Breast Visium CID44971,tangram,hspa1b,0.0543257813536816,0.5859702825546265
Breast Visium CID44971,tangram,hsp90aa1,0.0531024273688751,0.9405574798583984
Breast Visium CID44971,tangram,gucy1a2,0.0530583129312709,0.14055857062339783
Breast Visium CID44971,tangram,ephx1,0.0523158928715475,0.5552080273628235
Breast Visium CID44971,tangram,inpp4b,0.0509462058119118,0.3031727969646454
Breast Visium CID44971,tangram,alox5,0.0480225838932999,0.3103809356689453
Breast Visium CID44971,tangram,nt5e,0.0452214741879002,0.17849946022033691
Breast Visium CID44971,tangram,foxs1,0.0433845254799598,0.11421962082386017
Breast Visium CID44971,tangram,bach2,0.0431149611768857,0.2117997705936432
Breast Visium CID44971,tangram,ap1s2,0.0420697231170722,0.4675424098968506
Breast Visium CID44971,tangram,frmd3,0.0396296854233396,0.1822771281003952
Breast Visium CID44971,tangram,sh3pxd2b,0.0388927714050303,0.3975068926811218
Breast Visium CID44971,tangram,stim1,0.0387875823474583,0.38915327191352844
Breast Visium CID44971,tangram,tcl1a,0.0376186184149798,0.09632407873868942
Breast Visium CID44971,tangram,trgc1,0.0365292091881478,0.08693892508745193
Breast Visium CID44971,tangram,dusp4,0.02755707198379,0.5065000653266907
Breast Visium CID44971,tangram,fancb,0.0274169672068108,0.14245638251304626
Breast Visium CID44971,tangram,rps5,0.0261110838793079,0.9631199240684509
Breast Visium CID44971,tangram,xcl2,0.025673330651014,0.1681879609823227
Breast Visium CID44971,tangram,mei1,0.0254384084104885,0.14377830922603607
Breast Visium CID44971,tangram,fxyd6,0.0240111902744006,0.4881046712398529
Breast Visium CID44971,tangram,spink2,0.0202574310009889,0.05860215798020363
Breast Visium CID44971,tangram,rps27a,0.0190092592968454,0.9792301654815674
Breast Visium CID44971,tangram,ttc38,0.0187717438214315,0.3017514944076538
Breast Visium CID44971,tangram,pnoc,0.0164444614814636,0.08140388876199722
Breast Visium CID44971,tangram,abhd15,0.0152179550237522,0.1906946301460266
Breast Visium CID44971,tangram,rpl41,0.0135962443269186,0.9818693399429321
Breast Visium CID44971,tangram,ccr4,0.0103735065186631,0.05874817445874214
Breast Visium CID44971,tangram,usp28,0.0070008393412686,0.37745001912117004
Breast Visium CID44971,tangram,ighd,0.0048687234376897,0.04869361221790314
Breast Visium CID44971,tangram,capn12,0.0032856070028111,0.21325908601284027
Breast Visium CID44971,tangram,rps12,0.0030068084091386,0.9826589822769165
Breast Visium CID44971,tangram,map3k7cl,-0.0022677799640246,0.10301913321018219
Breast Visium CID44971,tangram,or51e1,-0.002696468731156,0.025338079780340195
Breast Visium CID44971,tangram,cnr2,-0.0031637131829448,0.045176927000284195
Breast Visium CID44971,tangram,klrf1,-0.0346975496143907,0.10243837535381317
Breast Visium CID44971,tangram,eef1a1,-0.0765610615794804,0.9877452850341797
Breast Visium CID44971,tangram,tmsb4x,0.7372560930587798,0.9807353019714355
Breast Visium CID44971,tangram,hla-dpb1,0.6382860516651405,0.8880640268325806
Breast Visium CID44971,tangram,mgst1,0.5633181624660187,0.8952116370201111
Breast Visium CID44971,tangram,vwf,0.5514549700890009,0.7107482552528381
Breast Visium CID44971,tangram,hla-dqa1,0.5393745886704454,0.7371004223823547
Breast Visium CID44971,tangram,cd53,0.5145295421014682,0.6217162609100342
Breast Visium CID44971,tangram,fcer1g,0.5143706523738488,0.7612146139144897
Breast Visium CID44971,tangram,pfn2,0.5104942745855513,0.79645836353302
Breast Visium CID44971,tangram,rac2,0.5103659499073812,0.6192817091941833
Breast Visium CID44971,tangram,pfdn2,0.5095165376127612,0.8288954496383667
Breast Visium CID44971,tangram,ccl5,0.508790574905164,0.7247075438499451
Breast Visium CID44971,tangram,mrpl51,0.5066814747907039,0.8949780464172363
Breast Visium CID44971,tangram,igfbp4,0.5052755175524457,0.9236960411071777
Breast Visium CID44971,tangram,sema3c,0.4949117803783329,0.7336656451225281
Breast Visium CID44971,tangram,cd68,0.4941047817276532,0.6712757349014282
Breast Visium CID44971,tangram,lum,0.4832808734358215,0.8000288605690002
Breast Visium CID44971,tangram,mt1x,0.4793139414766068,0.8881749510765076
Breast Visium CID44971,tangram,s100a4,0.4748420770420929,0.7695824503898621
Breast Visium CID44971,tangram,sparcl1,0.4729305358213712,0.8158648610115051
Breast Visium CID44971,tangram,dusp1,0.4713908307549554,0.8650702238082886
Breast Visium CID44971,tangram,abracl,0.4696935757922333,0.8187047839164734
Breast Visium CID44971,tangram,lyz,0.4673403803533099,0.737565279006958
Breast Visium CID44971,tangram,fkbp4,0.4655372945101045,0.865115761756897
Breast Visium CID44971,tangram,tpm2,0.4643644451978964,0.8607481122016907
Breast Visium CID44971,tangram,cd3d,0.4526505262902182,0.5660784840583801
Breast Visium CID44971,tangram,hla-dma,0.4368120431665261,0.7017024755477905
Breast Visium CID44971,tangram,cd3e,0.4344219464212646,0.5539531111717224
Breast Visium CID44971,tangram,dusp2,0.4306309306968022,0.526345431804657
Breast Visium CID44971,tangram,plvap,0.4199238991102119,0.618742823600769
Breast Visium CID44971,tangram,tpd52l1,0.4182135406554851,0.8043467402458191
Breast Visium CID44971,tangram,ca12,0.4171951689977258,0.5262411832809448
Breast Visium CID44971,tangram,zg16b,0.4171396968397898,0.5221636295318604
Breast Visium CID44971,tangram,lsm4,0.415441149903139,0.8199468851089478
Breast Visium CID44971,tangram,trbc1,0.4078270174996544,0.6434083580970764
Breast Visium CID44971,tangram,cd48,0.4016777749679538,0.5402552485466003
Breast Visium CID44971,tangram,txnl1,0.3975278153562152,0.798740804195404
Breast Visium CID44971,tangram,prdx1,0.3875469188782361,0.937694787979126
Breast Visium CID44971,tangram,npc2,0.3871712282601573,0.8899756669998169
Breast Visium CID44971,tangram,fcgr3a,0.3826290057345655,0.6187079548835754
Breast Visium CID44971,tangram,prdx6,0.378044301768952,0.8704038262367249
Breast Visium CID44971,tangram,junb,0.3752248435594129,0.7682965397834778
Breast Visium CID44971,tangram,fbxo32,0.372270046954586,0.7341693639755249
Breast Visium CID44971,tangram,itm2b,0.3706657512816712,0.9580292105674744
Breast Visium CID44971,tangram,ms4a6a,0.3694584479933575,0.639262855052948
Breast Visium CID44971,tangram,mmp2,0.3685408481275148,0.739621639251709
Breast Visium CID44971,tangram,krt15,0.3671501221527571,0.8568472862243652
Breast Visium CID44971,tangram,hcls1,0.3654662964278212,0.5515782237052917
Breast Visium CID44971,tangram,ctsh,0.3640970865637751,0.7476186752319336
Breast Visium CID44971,tangram,gzma,0.3636315354328289,0.4814251959323883
Breast Visium CID44971,tangram,aqp1,0.3608689383175435,0.6630635857582092
Breast Visium CID44971,tangram,phb2,0.359406801549663,0.8890698552131653
Breast Visium CID44971,tangram,rpl36a,0.3543529121201917,0.9585508108139038
Breast Visium CID44971,tangram,rbm17,0.3537393584491805,0.8115901350975037
Breast Visium CID44971,tangram,cd7,0.3500383568761271,0.4847561717033386
Breast Visium CID44971,tangram,id3,0.3486631372553036,0.6067249774932861
Breast Visium CID44971,tangram,cd34,0.3454008413094284,0.4576426148414612
Breast Visium CID44971,tangram,gmfg,0.3440703044738577,0.5500099658966064
Breast Visium CID44971,tangram,snx3,0.3437238355193416,0.8666428327560425
Breast Visium CID44971,tangram,cd6,0.340918690463669,0.5260596871376038
Breast Visium CID44971,tangram,oaz1,0.3394144053466568,0.931873619556427
Breast Visium CID44971,tangram,fgl2,0.3388057773458165,0.5967184901237488
Breast Visium CID44971,tangram,cd37,0.3369998017784096,0.5536245703697205
Breast Visium CID44971,tangram,ucp2,0.3344435645723306,0.5760085582733154
Breast Visium CID44971,tangram,dmkn,0.3336336163646346,0.6102107763290405
Breast Visium CID44971,tangram,wls,0.333190355421145,0.5667726993560791
Breast Visium CID44971,tangram,spi1,0.3317870942504757,0.5715854167938232
Breast Visium CID44971,tangram,ywhae,0.3304569122256181,0.8900381326675415
Breast Visium CID44971,tangram,cytip,0.3220600839868922,0.4687785804271698
Breast Visium CID44971,tangram,btg2,0.3188252555485562,0.6285145878791809
Breast Visium CID44971,tangram,mpc2,0.3177938883732012,0.7292060256004333
Breast Visium CID44971,tangram,cdh1,0.3174759067667168,0.7457045912742615
Breast Visium CID44971,tangram,tnfaip3,0.3168085788316185,0.5834678411483765
Breast Visium CID44971,tangram,ranbp1,0.3144612122280072,0.717072069644928
Breast Visium CID44971,tangram,ccna2,0.3121921879574429,0.48563891649246216
Breast Visium CID44971,tangram,krt8,0.3099153633376591,0.8514806032180786
Breast Visium CID44971,tangram,pdzk1ip1,0.3073124627990387,0.5411677956581116
Breast Visium CID44971,tangram,ssr4,0.3063151384509477,0.9307721853256226
Breast Visium CID44971,tangram,ccl4,0.3043540698370768,0.5365740060806274
Breast Visium CID44971,tangram,saraf,0.3033352922381599,0.7963078618049622
Breast Visium CID44971,tangram,lgals3bp,0.3030825441691052,0.7471444606781006
Breast Visium CID44971,tangram,ran,0.2985190996901677,0.8722262382507324
Breast Visium CID44971,tangram,ikzf1,0.2968969415095375,0.46662554144859314
Breast Visium CID44971,tangram,socs1,0.2949876317489258,0.5230274796485901
Breast Visium CID44971,tangram,atp1b1,0.2936761723241682,0.701838493347168
Breast Visium CID44971,tangram,ppa1,0.2921799802124408,0.8420733213424683
Breast Visium CID44971,tangram,mfap2,0.2890785631212546,0.6976564526557922
Breast Visium CID44971,tangram,hspa5,0.288805319175992,0.8124655485153198
Breast Visium CID44971,tangram,tmc4,0.2876749445606191,0.4814304709434509
Breast Visium CID44971,tangram,cap1,0.2874391500895778,0.8051411509513855
Breast Visium CID44971,tangram,olfml3,0.2865136042066732,0.5765359997749329
Breast Visium CID44971,tangram,ptafr,0.2827086058016831,0.3738059997558594
Breast Visium CID44971,tangram,csrp1,0.2819985972682524,0.8669293522834778
Breast Visium CID44971,tangram,pdgfrb,0.2800629937027351,0.5777401924133301
Breast Visium CID44971,tangram,cd27,0.2777209566368269,0.4244769215583801
Breast Visium CID44971,tangram,apobec3g,0.2754770895816343,0.4713301956653595
Breast Visium CID44971,tangram,lgals9,0.2741329764161682,0.5700998902320862
Breast Visium CID44971,tangram,krt5,0.272986750513916,0.8443708419799805
Breast Visium CID44971,tangram,cpvl,0.2717850056215159,0.48415684700012207
Breast Visium CID44971,tangram,slc2a3,0.2701304807363306,0.4340170919895172
Breast Visium CID44971,tangram,loxl1,0.2682837489317117,0.4724974036216736
Breast Visium CID44971,tangram,ubc,0.2668252421495302,0.9512653946876526
Breast Visium CID44971,tangram,atp6v0e1,0.2667148105619517,0.8160085678100586
Breast Visium CID44971,tangram,gja4,0.2664488233639731,0.37804216146469116
Breast Visium CID44971,tangram,shroom3,0.2664436599422499,0.48647162318229675
Breast Visium CID44971,tangram,eif3l,0.2658803220982166,0.8430326581001282
Breast Visium CID44971,tangram,col4a2,0.2656188171300221,0.8223813772201538
Breast Visium CID44971,tangram,lman2,0.2636583722798326,0.7257047891616821
Breast Visium CID44971,tangram,pstpip1,0.2633869325749842,0.4192517101764679
Breast Visium CID44971,tangram,zwint,0.2601114846502071,0.4574594795703888
Breast Visium CID44971,tangram,vmp1,0.2569691062144126,0.8680493235588074
Breast Visium CID44971,tangram,lyn,0.2549144740614358,0.4827059209346771
Breast Visium CID44971,tangram,jam2,0.2535093416767706,0.39749830961227417
Breast Visium CID44971,tangram,sh3yl1,0.252870734029073,0.6660273671150208
Breast Visium CID44971,tangram,adgrf5,0.2492389238254948,0.39181771874427795
Breast Visium CID44971,tangram,adam12,0.2442755409801575,0.49069744348526
Breast Visium CID44971,tangram,arrb2,0.2439192417683713,0.5311300754547119
Breast Visium CID44971,tangram,ggt5,0.2436178383581693,0.554092526435852
Breast Visium CID44971,tangram,trem2,0.2418094056670111,0.5026753544807434
Breast Visium CID44971,tangram,itgb7,0.2405291584486139,0.40104901790618896
Breast Visium CID44971,tangram,slamf7,0.2399217102242481,0.4125644862651825
Breast Visium CID44971,tangram,sla,0.2366544195140121,0.4594869613647461
Breast Visium CID44971,tangram,cdk1,0.2353002458171527,0.471648246049881
Breast Visium CID44971,tangram,sash3,0.2338238519855423,0.3652696907520294
Breast Visium CID44971,tangram,cav2,0.232974096743585,0.6592872738838196
Breast Visium CID44971,tangram,mall,0.2328019520084308,0.3500581681728363
Breast Visium CID44971,tangram,pycard,0.2318566044889096,0.727022647857666
Breast Visium CID44971,tangram,cd59,0.2312814222436995,0.8851380944252014
Breast Visium CID44971,tangram,ctsf,0.2304446615794931,0.5542477369308472
Breast Visium CID44971,tangram,fabp4,0.226843027888605,0.38938936591148376
Breast Visium CID44971,tangram,eif3h,0.226348916366608,0.8157212734222412
Breast Visium CID44971,tangram,cflar,0.225601140198922,0.6915381550788879
Breast Visium CID44971,tangram,arhgdia,0.2248555119643053,0.8420201539993286
Breast Visium CID44971,tangram,dkk3,0.2245311554756222,0.579625129699707
Breast Visium CID44971,tangram,batf,0.2234151567976454,0.45352354645729065
Breast Visium CID44971,tangram,lat2,0.222851232236237,0.3805384635925293
Breast Visium CID44971,tangram,impdh2,0.2221776820212483,0.7782472372055054
Breast Visium CID44971,tangram,spry1,0.2210280361031833,0.5501534938812256
Breast Visium CID44971,tangram,rps14,0.218971235192928,0.9734805226325989
Breast Visium CID44971,tangram,uba52,0.2161785216519694,0.979922354221344
Breast Visium CID44971,tangram,sec11c,0.2148905170163201,0.6912760138511658
Breast Visium CID44971,tangram,plpp3,0.2130693425007138,0.6668490767478943
Breast Visium CID44971,tangram,crip2,0.2124206814933164,0.7035847306251526
Breast Visium CID44971,tangram,rpl22,0.2107682878769433,0.9735272526741028
Breast Visium CID44971,tangram,laptm4a,0.209427726119055,0.8875376582145691
Breast Visium CID44971,tangram,krtcap2,0.2075434250092526,0.7721885442733765
Breast Visium CID44971,tangram,slc9a3r1,0.2037402485922216,0.7450795769691467
Breast Visium CID44971,tangram,cobl,0.2030361167077686,0.386844664812088
Breast Visium CID44971,tangram,sh2d2a,0.1990211868693765,0.3307134509086609
Breast Visium CID44971,tangram,dusp6,0.1966676340760406,0.6186391711235046
Breast Visium CID44971,tangram,actn4,0.1963253393505646,0.8441573977470398
Breast Visium CID44971,tangram,ddx39a,0.1961961221329523,0.6353479027748108
Breast Visium CID44971,tangram,msrb3,0.1958950285657562,0.432272344827652
Breast Visium CID44971,tangram,rnase4,0.194804252467187,0.42200106382369995
Breast Visium CID44971,tangram,hck,0.194000734598499,0.37750306725502014
Breast Visium CID44971,tangram,lag3,0.1927676346670695,0.39981627464294434
Breast Visium CID44971,tangram,cd36,0.1924354562338292,0.42991453409194946
Breast Visium CID44971,tangram,stard10,0.1909948629246882,0.6933586001396179
Breast Visium CID44971,tangram,mtus1,0.1909199470669824,0.4657280147075653
Breast Visium CID44971,tangram,pak1,0.1885797788649169,0.5680165886878967
Breast Visium CID44971,tangram,ptk2,0.1855000764597862,0.6044331192970276
Breast Visium CID44971,tangram,rftn1,0.1850302014966924,0.4213070273399353
Breast Visium CID44971,tangram,manf,0.1849420212459369,0.6349380016326904
Breast Visium CID44971,tangram,fgd2,0.1839082047601149,0.3481857180595398
Breast Visium CID44971,tangram,erp29,0.1833128691935336,0.7668708562850952
Breast Visium CID44971,tangram,prdx4,0.1819955282367018,0.6745803952217102
Breast Visium CID44971,tangram,clec11a,0.1813133784254038,0.5295271873474121
Breast Visium CID44971,tangram,glt8d2,0.1811666635928448,0.3896966278553009
Breast Visium CID44971,tangram,filip1l,0.1768205168379995,0.382470041513443
Breast Visium CID44971,tangram,epb41l4a,0.1747957225950018,0.26476120948791504
Breast Visium CID44971,tangram,eid1,0.1744335194148542,0.673353910446167
Breast Visium CID44971,tangram,dut,0.1734748594348251,0.7096819877624512
Breast Visium CID44971,tangram,hla-doa,0.1709389257921175,0.41279736161231995
Breast Visium CID44971,tangram,pttg1,0.1703998432451765,0.5202039480209351
Breast Visium CID44971,tangram,mcm3,0.1688991718607056,0.6067811846733093
Breast Visium CID44971,tangram,olfm1,0.1687353183177479,0.3035810887813568
Breast Visium CID44971,tangram,comt,0.1675694342996288,0.7004769444465637
Breast Visium CID44971,tangram,npm1,0.1659002621709419,0.8721804618835449
Breast Visium CID44971,tangram,palmd,0.165226762437662,0.38773635029792786
Breast Visium CID44971,tangram,tmem160,0.165198846358489,0.7243804931640625
Breast Visium CID44971,tangram,hnrnpa0,0.1651832443209549,0.7655922770500183
Breast Visium CID44971,tangram,pilra,0.1636678345628819,0.35643768310546875
Breast Visium CID44971,tangram,pced1b,0.1598736583067787,0.3548766076564789
Breast Visium CID44971,tangram,pbxip1,0.1587781205228396,0.67963707447052
Breast Visium CID44971,tangram,mnda,0.1563663320193385,0.31772443652153015
Breast Visium CID44971,tangram,igfbp2,0.1547696865081733,0.5978752970695496
Breast Visium CID44971,tangram,tmem106c,0.1535446907055924,0.6208845376968384
Breast Visium CID44971,tangram,crispld2,0.1520082192520639,0.5066943168640137
Breast Visium CID44971,tangram,rplp0,0.1510138595649939,0.9822925925254822
Breast Visium CID44971,tangram,icos,0.150736317295247,0.2701199948787689
Breast Visium CID44971,tangram,lmnb1,0.1505455346377542,0.3803136944770813
Breast Visium CID44971,tangram,cd22,0.1499984203202515,0.2061292976140976
Breast Visium CID44971,tangram,rgs19,0.1476508575283121,0.5048863887786865
Breast Visium CID44971,tangram,aldh2,0.1472489171555932,0.43311116099357605
Breast Visium CID44971,tangram,cdc37,0.1462629341746508,0.7461769580841064
Breast Visium CID44971,tangram,thbd,0.1447088488009907,0.34036657214164734
Breast Visium CID44971,tangram,atg3,0.1446341786288499,0.6026656627655029
Breast Visium CID44971,tangram,ebf1,0.1424526050752671,0.3049236536026001
Breast Visium CID44971,tangram,myct1,0.1421309092826162,0.22193454205989838
Breast Visium CID44971,tangram,edn1,0.1409782177252293,0.326153039932251
Breast Visium CID44971,tangram,uba2,0.1401716868309675,0.6444369554519653
Breast Visium CID44971,tangram,fam20a,0.1398567489748335,0.3510950803756714
Breast Visium CID44971,tangram,s100a16,0.1389537067348679,0.701594352722168
Breast Visium CID44971,tangram,sox17,0.1382753635379263,0.20126128196716309
Breast Visium CID44971,tangram,apold1,0.1375156677850534,0.48046138882637024
Breast Visium CID44971,tangram,moxd1,0.1370594189910515,0.2612771689891815
Breast Visium CID44971,tangram,gpx3,0.1365335122812636,0.41786542534828186
Breast Visium CID44971,tangram,samd3,0.1355551442841567,0.22926399111747742
Breast Visium CID44971,tangram,p2ry6,0.1355375983013594,0.2541654109954834
Breast Visium CID44971,tangram,atf3,0.1342142561458428,0.5946956872940063
Breast Visium CID44971,tangram,lpp,0.1337035334359102,0.5814796090126038
Breast Visium CID44971,tangram,tmem208,0.1322480156170549,0.5886622071266174
Breast Visium CID44971,tangram,hprt1,0.1317239001532709,0.5046138763427734
Breast Visium CID44971,tangram,zbp1,0.1297091735807894,0.21655577421188354
Breast Visium CID44971,tangram,tpst1,0.1283884902841629,0.3371981382369995
Breast Visium CID44971,tangram,tnfrsf9,0.1260248868335877,0.19816726446151733
Breast Visium CID44971,tangram,nrp1,0.1245259854849127,0.46760228276252747
Breast Visium CID44971,tangram,clec4a,0.1218448685998932,0.26286840438842773
Breast Visium CID44971,tangram,rps18,0.1207216118485866,0.9839542508125305
Breast Visium CID44971,tangram,wfdc1,0.1197144441741182,0.1559595912694931
Breast Visium CID44971,tangram,prc1,0.1195960749094202,0.3433796763420105
Breast Visium CID44971,tangram,slit3,0.1183744086601462,0.34155455231666565
Breast Visium CID44971,tangram,trat1,0.1182609540253176,0.20934031903743744
Breast Visium CID44971,tangram,sgce,0.1176444114616995,0.3882710337638855
Breast Visium CID44971,tangram,cd244,0.1164613240918163,0.1609276831150055
Breast Visium CID44971,tangram,tmem204,0.1122155747158714,0.37793171405792236
Breast Visium CID44971,tangram,sae1,0.1111769928002482,0.5293349027633667
Breast Visium CID44971,tangram,nostrin,0.109591029527226,0.2621327042579651
Breast Visium CID44971,tangram,yeats4,0.1083709243428335,0.39986860752105713
Breast Visium CID44971,tangram,h2afj,0.1056154161155781,0.7432429790496826
Breast Visium CID44971,tangram,ncaph,0.1047890882613807,0.2617221176624298
Breast Visium CID44971,tangram,kcnj8,0.1044448350466984,0.2705596387386322
Breast Visium CID44971,tangram,h3f3b,0.1043333714691456,0.9404239058494568
Breast Visium CID44971,tangram,gzmh,0.1039588099002826,0.24973800778388977
Breast Visium CID44971,tangram,ldb2,0.0986271826504648,0.26379692554473877
Breast Visium CID44971,tangram,arhgap18,0.0984862051727688,0.43249768018722534
Breast Visium CID44971,tangram,ldlrad4,0.0984818888266045,0.4397309124469757
Breast Visium CID44971,tangram,cd28,0.0939584973519944,0.21432845294475555
Breast Visium CID44971,tangram,lilra4,0.0909865529975829,0.15637654066085815
Breast Visium CID44971,tangram,ehd4,0.0892957196624803,0.4963449239730835
Breast Visium CID44971,tangram,egflam,0.0860076823138239,0.25148648023605347
Breast Visium CID44971,tangram,ehf,0.0857496753480893,0.22377386689186096
Breast Visium CID44971,tangram,tespa1,0.0845060312498182,0.20829564332962036
Breast Visium CID44971,tangram,derl1,0.0827836728556918,0.5936582088470459
Breast Visium CID44971,tangram,pgf,0.0787424513439701,0.318244606256485
Breast Visium CID44971,tangram,hsd17b8,0.0779296120324396,0.29354071617126465
Breast Visium CID44971,tangram,rps24,0.0754587134844719,0.9658923745155334
Breast Visium CID44971,tangram,arhgap31,0.0743928095662989,0.3413044810295105
Breast Visium CID44971,tangram,gjc1,0.0734285689559069,0.222224622964859
Breast Visium CID44971,tangram,blnk,0.0723058703141159,0.30500030517578125
Breast Visium CID44971,tangram,chst12,0.0695605082656499,0.365966260433197
Breast Visium CID44971,tangram,pdgfrl,0.0668648025107259,0.268898069858551
Breast Visium CID44971,tangram,mkl2,0.0663362630222141,0.44192376732826233
Breast Visium CID44971,tangram,lyl1,0.0661154969694658,0.22685012221336365
Breast Visium CID44971,tangram,sorbs3,0.0651780277207073,0.5366768836975098
Breast Visium CID44971,tangram,dad1,0.062264172250215,0.6987761855125427
Breast Visium CID44971,tangram,ccr6,0.0611809970972067,0.1914849430322647
Breast Visium CID44971,tangram,txndc11,0.0586590503082075,0.4327488839626312
Breast Visium CID44971,tangram,slfn12l,0.0584980134361485,0.1325782835483551
Breast Visium CID44971,tangram,fam96a,0.0572948142723326,0.5153042674064636
Breast Visium CID44971,tangram,fam167b,0.0572112650105074,0.19655412435531616
Breast Visium CID44971,tangram,cep112,0.0564358849902713,0.1571018248796463
Breast Visium CID44971,tangram,ppp1r15a,0.0550981456432704,0.5037181377410889
Breast Visium CID44971,tangram,btnl9,0.0548121981286068,0.28264766931533813
Breast Visium CID44971,tangram,arl15,0.0526022616939485,0.24135859310626984
Breast Visium CID44971,tangram,ptpn22,0.0524987381358549,0.25508061051368713
Breast Visium CID44971,tangram,ldlrap1,0.0468554390424407,0.3578088581562042
Breast Visium CID44971,tangram,tnfsf14,0.0462782073856084,0.14117641746997833
Breast Visium CID44971,tangram,cenpk,0.0419203601460534,0.22995102405548096
Breast Visium CID44971,tangram,mmp25-as1,0.0394726618095108,0.26021426916122437
Breast Visium CID44971,tangram,ube2j1,0.0389022862863191,0.5117177963256836
Breast Visium CID44971,tangram,stard3nl,0.0388185712740982,0.3679884374141693
Breast Visium CID44971,tangram,rpl30,0.0368963091868914,0.9846534729003906
Breast Visium CID44971,tangram,stag3,0.0346251334257319,0.1649075299501419
Breast Visium CID44971,tangram,tnfsf8,0.0340482222689376,0.09739451855421066
Breast Visium CID44971,tangram,trdc,0.023793260061368,0.11546608060598373
Breast Visium CID44971,tangram,ncr3,0.0223233119456627,0.08493847399950027
Breast Visium CID44971,tangram,tmem154,0.0193756082334907,0.19292427599430084
Breast Visium CID44971,tangram,rasl11a,0.0188094653796297,0.073318712413311
Breast Visium CID44971,tangram,st6galnac3,0.0161177354040217,0.0923100933432579
Breast Visium CID44971,tangram,pbx4,0.0157799241602408,0.17231108248233795
Breast Visium CID44971,tangram,b3gnt7,0.0127221342342826,0.10535334050655365
Breast Visium CID44971,tangram,hpgd,0.0106160369141381,0.23543056845664978
Breast Visium CID44971,tangram,rps27,0.0103848999176778,0.9856380820274353
Breast Visium CID44971,tangram,ankrd29,0.0096617022591374,0.22001706063747406
Breast Visium CID44971,tangram,cd160,0.0039875778334156,0.06053999438881874
Breast Visium CID44971,tangram,rfc3,-0.0023574112633707,0.24430087208747864
Breast Visium CID44971,tangram,hspa1a,-0.0047290468488019,0.8058463335037231
Breast Visium CID44971,tangram,clspn,-0.0047459840483213,0.08725981414318085
Breast Visium CID44971,tangram,sytl3,-0.0057275720938007,0.2233218401670456
Breast Visium CID44971,tangram,ankrd28,-0.0133269359150888,0.4417615532875061
Breast Visium CID44971,tangram,ttll10,-0.026113797294974,0.029336396604776382
Breast Visium CID44971,tangram,sarm1,-0.0276339727155463,0.1977379024028778
Breast Visium CID44971,tangram,rpl8,-0.0566588929664277,0.9788841009140015
Breast Visium CID44971,tangram,mt-atp8,-0.1258652589868303,0.6468828320503235
Breast Visium CID44971,tangram,mt-co3,-0.3299008331537711,0.9798136353492737
Breast Visium CID44971,tangram,stmn1,0.6387204359905609,0.9145495295524597
Breast Visium CID44971,tangram,hla-c,0.6286185680758993,0.9533016681671143
Breast Visium CID44971,tangram,laptm5,0.6273513864945167,0.8290053606033325
Breast Visium CID44971,tangram,hla-drb1,0.6017091488518682,0.8700920343399048
Breast Visium CID44971,tangram,cd52,0.5981103754743908,0.7164016366004944
Breast Visium CID44971,tangram,strap,0.5752902841397174,0.8818454742431641
Breast Visium CID44971,tangram,agr3,0.5640101684644037,0.6462608575820923
Breast Visium CID44971,tangram,itgb2,0.5636974531540213,0.7527067065238953
Breast Visium CID44971,tangram,dcn,0.5547093056422332,0.8868534564971924
Breast Visium CID44971,tangram,pigr,0.5543213999683717,0.6237886548042297
Breast Visium CID44971,tangram,tyrobp,0.552291213068287,0.8185902833938599
Breast Visium CID44971,tangram,dcdc2,0.5517000954630833,0.5993909239768982
Breast Visium CID44971,tangram,cst3,0.5495336622490921,0.9242003560066223
Breast Visium CID44971,tangram,bgn,0.5484744333794163,0.8170601725578308
Breast Visium CID44971,tangram,myh11,0.5400225650384372,0.7041960954666138
Breast Visium CID44971,tangram,mlf2,0.502713303127919,0.8878429532051086
Breast Visium CID44971,tangram,lsp1,0.5019056596038444,0.6861245632171631
Breast Visium CID44971,tangram,psmb9,0.4951339198780465,0.7166877388954163
Breast Visium CID44971,tangram,ltb,0.4900522863961465,0.6119137406349182
Breast Visium CID44971,tangram,oxtr,0.4739665085938624,0.6342202425003052
Breast Visium CID44971,tangram,tuba1b,0.4701752884170212,0.9524659514427185
Breast Visium CID44971,tangram,s100a1,0.4674971543477082,0.5215364694595337
Breast Visium CID44971,tangram,tbx3,0.4616218116639921,0.585936427116394
Breast Visium CID44971,tangram,sh3bgrl3,0.4580477479584502,0.918596625328064
Breast Visium CID44971,tangram,eng,0.4574630743818489,0.7336800694465637
Breast Visium CID44971,tangram,col6a1,0.4493374345783284,0.8758548498153687
Breast Visium CID44971,tangram,areg,0.4349880271557468,0.5676363110542297
Breast Visium CID44971,tangram,rheb,0.43181672192939,0.8490214347839355
Breast Visium CID44971,tangram,arpc1a,0.4259157617731492,0.8088470101356506
Breast Visium CID44971,tangram,cxcl12,0.4245240157977196,0.7346938848495483
Breast Visium CID44971,tangram,a2m,0.4158071567986907,0.9108516573905945
Breast Visium CID44971,tangram,fstl1,0.4120015071084126,0.7486639022827148
Breast Visium CID44971,tangram,spdef,0.3919562529836276,0.6353570222854614
Breast Visium CID44971,tangram,pebp1,0.3903792489608201,0.9008595943450928
Breast Visium CID44971,tangram,nkg7,0.3894869262857469,0.554192304611206
Breast Visium CID44971,tangram,il7r,0.3774846825817863,0.5876511931419373
Breast Visium CID44971,tangram,ndufs5,0.3722186196222296,0.914941132068634
Breast Visium CID44971,tangram,perp,0.3691343021576321,0.8859555721282959
Breast Visium CID44971,tangram,errfi1,0.3677405048675117,0.7213494181632996
Breast Visium CID44971,tangram,ncf1,0.3652094482775275,0.5713894963264465
Breast Visium CID44971,tangram,lgals3,0.363532124564102,0.7990478873252869
Breast Visium CID44971,tangram,mpeg1,0.3597370387459852,0.5530450940132141
Breast Visium CID44971,tangram,cd79a,0.3588977482314642,0.5050882697105408
Breast Visium CID44971,tangram,gng11,0.3511203712157869,0.4991520345211029
Breast Visium CID44971,tangram,mrps21,0.3481054987963833,0.8646275401115417
Breast Visium CID44971,tangram,hspb1,0.3471942854477032,0.9057096242904663
Breast Visium CID44971,tangram,pcna,0.3443576059040423,0.7620452046394348
Breast Visium CID44971,tangram,actn1,0.3420792907724879,0.8109215497970581
Breast Visium CID44971,tangram,cmas,0.3410543273919175,0.6949328184127808
Breast Visium CID44971,tangram,emcn,0.3352771971766498,0.4388255476951599
Breast Visium CID44971,tangram,anxa1,0.3349956751475307,0.8043174743652344
Breast Visium CID44971,tangram,ndufb4,0.3349889398257705,0.86974036693573
Breast Visium CID44971,tangram,spock2,0.3349769670443366,0.5896685719490051
Breast Visium CID44971,tangram,mxra5,0.3346331440588719,0.6541217565536499
Breast Visium CID44971,tangram,jtb,0.3336980676798802,0.8872793912887573
Breast Visium CID44971,tangram,csf1r,0.3331034517633376,0.6073851585388184
Breast Visium CID44971,tangram,pkm,0.332578288797758,0.8565008640289307
Breast Visium CID44971,tangram,camta1,0.3318440522636908,0.7811175584793091
Breast Visium CID44971,tangram,dsp,0.3241792454025846,0.8141947388648987
Breast Visium CID44971,tangram,pcolce,0.3220181088955807,0.6404433846473694
Breast Visium CID44971,tangram,aldh7a1,0.317376244202907,0.6550898551940918
Breast Visium CID44971,tangram,krt14,0.3152682348662967,0.8006808161735535
Breast Visium CID44971,tangram,c1s,0.3147429094618669,0.7957863807678223
Breast Visium CID44971,tangram,hebp1,0.3123469858705955,0.7087336778640747
Breast Visium CID44971,tangram,sumo1,0.3122463738619253,0.7562704086303711
Breast Visium CID44971,tangram,esam,0.3107799984182352,0.41629067063331604
Breast Visium CID44971,tangram,ssu72,0.3086130804811919,0.8383182883262634
Breast Visium CID44971,tangram,psmb8,0.3083214541315779,0.6784967184066772
Breast Visium CID44971,tangram,h3f3a,0.3082516302679468,0.9688772559165955
Breast Visium CID44971,tangram,cnn3,0.3064528725765568,0.6843134760856628
Breast Visium CID44971,tangram,snrpc,0.3045407725622268,0.7859423160552979
Breast Visium CID44971,tangram,maged2,0.3028435279771247,0.7959576845169067
Breast Visium CID44971,tangram,lilrb4,0.3007446885339974,0.4553641974925995
Breast Visium CID44971,tangram,sec61b,0.2959674121770521,0.8641427755355835
Breast Visium CID44971,tangram,ptprb,0.2939704033158674,0.3522340655326843
Breast Visium CID44971,tangram,cd83,0.2935599246576773,0.49574968218803406
Breast Visium CID44971,tangram,cd4,0.2931639538873794,0.5481353998184204
Breast Visium CID44971,tangram,tbc1d9,0.2930560335565897,0.5530809164047241
Breast Visium CID44971,tangram,gsn,0.2926256263872991,0.9056071043014526
Breast Visium CID44971,tangram,ddx5,0.289927087262125,0.9118025898933411
Breast Visium CID44971,tangram,neat1,0.2877873899663222,0.8631788492202759
Breast Visium CID44971,tangram,traf3ip3,0.2874097593588774,0.48302027583122253
Breast Visium CID44971,tangram,sec61g,0.2856580982199826,0.8287841081619263
Breast Visium CID44971,tangram,nhp2,0.2854384813870925,0.8117532730102539
Breast Visium CID44971,tangram,ccr7,0.2834006422673295,0.41710296273231506
Breast Visium CID44971,tangram,pmp22,0.28135822274013,0.6505540609359741
Breast Visium CID44971,tangram,pcbp2,0.2809115892246799,0.9361629486083984
Breast Visium CID44971,tangram,tmem176b,0.2789858384526654,0.601274311542511
Breast Visium CID44971,tangram,adamts1,0.2786275850183786,0.6029854416847229
Breast Visium CID44971,tangram,lifr,0.2785510206768345,0.47554248571395874
Breast Visium CID44971,tangram,rarres2,0.2761126283000116,0.6289091110229492
Breast Visium CID44971,tangram,isg20,0.2748759068140431,0.5596858263015747
Breast Visium CID44971,tangram,klf2,0.2721237702252345,0.6701623201370239
Breast Visium CID44971,tangram,mt1e,0.269586374883129,0.8762291073799133
Breast Visium CID44971,tangram,mad2l1,0.268854176975582,0.516743004322052
Breast Visium CID44971,tangram,sdc1,0.268542691159411,0.790370523929596
Breast Visium CID44971,tangram,arpc3,0.2681286394822565,0.8609439730644226
Breast Visium CID44971,tangram,calm3,0.2641257066652252,0.7929819822311401
Breast Visium CID44971,tangram,il2rb,0.2617606248093559,0.41252973675727844
Breast Visium CID44971,tangram,rpsa,0.2589231330128064,0.9761149287223816
Breast Visium CID44971,tangram,eif3d,0.2567760043706491,0.6924588680267334
Breast Visium CID44971,tangram,scpep1,0.255983209504123,0.7354096174240112
Breast Visium CID44971,tangram,cdh11,0.2547026723305287,0.5068573951721191
Breast Visium CID44971,tangram,fbln2,0.2528786541199285,0.5339107513427734
Breast Visium CID44971,tangram,cd8b,0.2462301620714359,0.36675533652305603
Breast Visium CID44971,tangram,jak1,0.2450108799070267,0.6972559094429016
Breast Visium CID44971,tangram,fam210b,0.244132662394615,0.7341012358665466
Breast Visium CID44971,tangram,p4hb,0.2434656619197571,0.9173847436904907
Breast Visium CID44971,tangram,dynlrb1,0.243090863679071,0.8214158415794373
Breast Visium CID44971,tangram,kifc1,0.2417635985237119,0.39683571457862854
Breast Visium CID44971,tangram,emp2,0.241377308343279,0.6404758095741272
Breast Visium CID44971,tangram,cnpy3,0.2411461617886433,0.6404789090156555
Breast Visium CID44971,tangram,was,0.237556879706965,0.3892925977706909
Breast Visium CID44971,tangram,adam15,0.2370107019668929,0.7343571186065674
Breast Visium CID44971,tangram,mafb,0.2359786873693685,0.6605439782142639
Breast Visium CID44971,tangram,cracr2b,0.2344093415623548,0.6832267045974731
Breast Visium CID44971,tangram,cxcl13,0.2333396951801793,0.40820226073265076
Breast Visium CID44971,tangram,acta2,0.2331940859831087,0.9053170680999756
Breast Visium CID44971,tangram,sept11,0.2311496620727228,0.6315858364105225
Breast Visium CID44971,tangram,spcs1,0.2293290034532359,0.7920656800270081
Breast Visium CID44971,tangram,ehd2,0.2279102276183253,0.579763650894165
Breast Visium CID44971,tangram,csnk1a1,0.2258904648341757,0.770926833152771
Breast Visium CID44971,tangram,rps2,0.2256924031818021,0.9848936796188354
Breast Visium CID44971,tangram,polr2i,0.2238878844732378,0.7767904996871948
Breast Visium CID44971,tangram,pea15,0.223532396683807,0.7131662368774414
Breast Visium CID44971,tangram,ly86,0.2218661273144283,0.37622585892677307
Breast Visium CID44971,tangram,pdgfa,0.2213563539613367,0.5100879669189453
Breast Visium CID44971,tangram,adgre5,0.221311912976261,0.518892228603363
Breast Visium CID44971,tangram,cldn4,0.2207656499387759,0.8369699716567993
Breast Visium CID44971,tangram,cd86,0.2207005959241741,0.35764798521995544
Breast Visium CID44971,tangram,gzmb,0.2192963588557996,0.37463003396987915
Breast Visium CID44971,tangram,snx10,0.2188254631392908,0.4037761688232422
Breast Visium CID44971,tangram,mzb1,0.2180537760894227,0.44616687297821045
Breast Visium CID44971,tangram,srpx,0.2180237294087526,0.4215114712715149
Breast Visium CID44971,tangram,scimp,0.2170766641473639,0.2764659821987152
Breast Visium CID44971,tangram,prf1,0.2166914758291768,0.37341099977493286
Breast Visium CID44971,tangram,elf3,0.2147386094939698,0.7062559723854065
Breast Visium CID44971,tangram,csrnp1,0.2146317737797117,0.5161014795303345
Breast Visium CID44971,tangram,icam1,0.2122629393984814,0.5614290833473206
Breast Visium CID44971,tangram,coa3,0.2122401554549096,0.6778550744056702
Breast Visium CID44971,tangram,rps11,0.2097652301666615,0.9851099252700806
Breast Visium CID44971,tangram,pld4,0.2096756662432007,0.39681023359298706
Breast Visium CID44971,tangram,cald1,0.2095436695598401,0.8248702883720398
Breast Visium CID44971,tangram,c3ar1,0.2090543232676457,0.4131143093109131
Breast Visium CID44971,tangram,cd248,0.2085328357239687,0.4719511866569519
Breast Visium CID44971,tangram,fpr1,0.2045403032258381,0.3001421093940735
Breast Visium CID44971,tangram,prnp,0.2027588432029995,0.6991673111915588
Breast Visium CID44971,tangram,rpl10a,0.202757996386251,0.9577929973602295
Breast Visium CID44971,tangram,ltbp4,0.2021515594917266,0.5358963012695312
Breast Visium CID44971,tangram,jaml,0.2016452988139926,0.39215824007987976
Breast Visium CID44971,tangram,pdcd1,0.2005130715700832,0.30403274297714233
Breast Visium CID44971,tangram,znf385a,0.2002498276812669,0.4204568862915039
Breast Visium CID44971,tangram,nfic,0.1996377246028664,0.6567333936691284
Breast Visium CID44971,tangram,tcea1,0.1987476284172556,0.6788457036018372
Breast Visium CID44971,tangram,rpl6,0.1982289629385564,0.9592350125312805
Breast Visium CID44971,tangram,psmc3,0.1962151849757412,0.7226993441581726
Breast Visium CID44971,tangram,rcn3,0.1960942228195908,0.44972503185272217
Breast Visium CID44971,tangram,itm2c,0.195172569967368,0.5497705340385437
Breast Visium CID44971,tangram,fcgrt,0.1936628248656867,0.6828033924102783
Breast Visium CID44971,tangram,prrx1,0.1914937223345366,0.5145245790481567
Breast Visium CID44971,tangram,mki67,0.1902660296494496,0.4061962962150574
Breast Visium CID44971,tangram,ncf4,0.1885345513188098,0.3494457006454468
Breast Visium CID44971,tangram,tns1,0.1881286656740058,0.5282698273658752
Breast Visium CID44971,tangram,kctd12,0.1866541042566033,0.6040149331092834
Breast Visium CID44971,tangram,flnb,0.1860506901302385,0.7598010301589966
Breast Visium CID44971,tangram,cyyr1,0.1847802994183942,0.4123070240020752
Breast Visium CID44971,tangram,mt1m,0.1837037818684192,0.4328644275665283
Breast Visium CID44971,tangram,plxdc1,0.1831243851419241,0.48822465538978577
Breast Visium CID44971,tangram,raly,0.1828036185858154,0.7665789127349854
Breast Visium CID44971,tangram,meox2,0.182591622468676,0.27514877915382385
Breast Visium CID44971,tangram,dnajc9,0.1818918917030065,0.542855978012085
Breast Visium CID44971,tangram,csta,0.1803397474263973,0.6515383720397949
Breast Visium CID44971,tangram,mob1a,0.178338717638881,0.7238237261772156
Breast Visium CID44971,tangram,tm4sf18,0.1781131029968265,0.4414220154285431
Breast Visium CID44971,tangram,rps21,0.176202236340342,0.983519434928894
Breast Visium CID44971,tangram,glipr1,0.170278618226442,0.500366747379303
Breast Visium CID44971,tangram,ptpre,0.1702667459535725,0.39530569314956665
Breast Visium CID44971,tangram,nexn,0.1699368823195998,0.3766339421272278
Breast Visium CID44971,tangram,pou2af1,0.1671259635686248,0.3925512731075287
Breast Visium CID44971,tangram,rps9,0.1665574329019274,0.9714823961257935
Breast Visium CID44971,tangram,sertad1,0.1639994104267425,0.46202969551086426
Breast Visium CID44971,tangram,tnfrsf4,0.162656490076428,0.4111049175262451
Breast Visium CID44971,tangram,pim2,0.1619067627256298,0.39519229531288147
Breast Visium CID44971,tangram,blk,0.1608560197151263,0.2108941674232483
Breast Visium CID44971,tangram,maff,0.1601752827815463,0.3984999358654022
Breast Visium CID44971,tangram,tspan3,0.1570553275786691,0.6783691048622131
Breast Visium CID44971,tangram,spcs2,0.1570452614967455,0.7366693019866943
Breast Visium CID44971,tangram,tnfsf11,0.1568158137241162,0.2513568699359894
Breast Visium CID44971,tangram,hsh2d,0.1563551147935644,0.308710515499115
Breast Visium CID44971,tangram,sla2,0.1550661129139782,0.2520290017127991
Breast Visium CID44971,tangram,chpf,0.1548814477526787,0.6415327787399292
Breast Visium CID44971,tangram,rps8,0.1532282692123754,0.9822591543197632
Breast Visium CID44971,tangram,zeb2,0.1530020438445254,0.4309714138507843
Breast Visium CID44971,tangram,plagl1,0.1528768779346784,0.47577229142189026
Breast Visium CID44971,tangram,snx2,0.1521717011211348,0.4492867887020111
Breast Visium CID44971,tangram,ugcg,0.1509950968732035,0.5891928672790527
Breast Visium CID44971,tangram,slamf1,0.1508708973885777,0.25591641664505005
Breast Visium CID44971,tangram,sdc4,0.1508657194421247,0.7492416501045227
Breast Visium CID44971,tangram,adam28,0.1395721398455316,0.2843584716320038
Breast Visium CID44971,tangram,tfeb,0.1394829401239133,0.3636763393878937
Breast Visium CID44971,tangram,msh2,0.1387925603963478,0.485479474067688
Breast Visium CID44971,tangram,itga6,0.1370893944571244,0.5519552230834961
Breast Visium CID44971,tangram,sspn,0.1366125269678731,0.442637175321579
Breast Visium CID44971,tangram,ncbp1,0.1351137625001558,0.46433618664741516
Breast Visium CID44971,tangram,lef1,0.1327671569295405,0.3140244483947754
Breast Visium CID44971,tangram,tnfrsf18,0.1309597369303926,0.2845022678375244
Breast Visium CID44971,tangram,tnfaip8,0.1300782955856348,0.35892027616500854
Breast Visium CID44971,tangram,cd38,0.1289530914759837,0.2788613736629486
Breast Visium CID44971,tangram,higd1b,0.1259144874264864,0.2185615450143814
Breast Visium CID44971,tangram,rpl36,0.1257190900144065,0.984135091304779
Breast Visium CID44971,tangram,psmb10,0.1234102084359658,0.3987063467502594
Breast Visium CID44971,tangram,ptp4a3,0.1218462504149543,0.37321680784225464
Breast Visium CID44971,tangram,podn,0.1188717252224138,0.33606889843940735
Breast Visium CID44971,tangram,st6gal1,0.1183749766288091,0.4218106269836426
Breast Visium CID44971,tangram,mbp,0.115829025807068,0.3626987040042877
Breast Visium CID44971,tangram,fxyd1,0.1138959667308509,0.2992801368236542
Breast Visium CID44971,tangram,rps6ka4,0.1136334753500021,0.41505247354507446
Breast Visium CID44971,tangram,ndrg1,0.1135391067852214,0.6124942302703857
Breast Visium CID44971,tangram,bank1,0.1134625146980424,0.1734130084514618
Breast Visium CID44971,tangram,bcas4,0.1125859054476176,0.31117814779281616
Breast Visium CID44971,tangram,kir2dl4,0.1100724174613382,0.1088804304599762
Breast Visium CID44971,tangram,ckap2l,0.1085476891156829,0.20553360879421234
Breast Visium CID44971,tangram,carhsp1,0.1073593864806151,0.5792779326438904
Breast Visium CID44971,tangram,igll5,0.1060474243844763,0.1916821300983429
Breast Visium CID44971,tangram,mthfd2,0.1054178718858048,0.5490989089012146
Breast Visium CID44971,tangram,srprb,0.1052271465487812,0.5533813238143921
Breast Visium CID44971,tangram,fchsd2,0.1028107997819212,0.40935200452804565
Breast Visium CID44971,tangram,klrb1,0.1009130624406096,0.32920151948928833
Breast Visium CID44971,tangram,znf683,0.1003919693229381,0.23332005739212036
Breast Visium CID44971,tangram,sept7,0.0990493962555082,0.6814231872558594
Breast Visium CID44971,tangram,rab32,0.0988880793932132,0.48033061623573303
Breast Visium CID44971,tangram,hvcn1,0.0957028642627765,0.3406161665916443
Breast Visium CID44971,tangram,h2afv,0.0947641676805508,0.7053337097167969
Breast Visium CID44971,tangram,rpl13,0.0938765218234253,0.9847295880317688
Breast Visium CID44971,tangram,tfpi,0.0936637289143401,0.4684658646583557
Breast Visium CID44971,tangram,hey1,0.0912003735479528,0.3286510109901428
Breast Visium CID44971,tangram,fxyd7,0.08515491780372,0.13346222043037415
Breast Visium CID44971,tangram,nudt1,0.0841875315810886,0.4401203691959381
Breast Visium CID44971,tangram,brd2,0.0840527915368031,0.6833227872848511
Breast Visium CID44971,tangram,clic3,0.0780506956200549,0.40400999784469604
Breast Visium CID44971,tangram,podxl,0.077757844035948,0.5714920163154602
Breast Visium CID44971,tangram,aim2,0.0767901595916891,0.1525314897298813
Breast Visium CID44971,tangram,itgae,0.0756147877227269,0.48132678866386414
Breast Visium CID44971,tangram,cd300lg,0.0747068684936909,0.1777685582637787
Breast Visium CID44971,tangram,spag4,0.0738891795323407,0.15675930678844452
Breast Visium CID44971,tangram,mcm5,0.0736041298470659,0.4585377871990204
Breast Visium CID44971,tangram,pde3b,0.0735232851370592,0.22353272140026093
Breast Visium CID44971,tangram,adcy4,0.0707296590657486,0.22136040031909943
Breast Visium CID44971,tangram,znf608,0.0696925911352415,0.22378525137901306
Breast Visium CID44971,tangram,txndc15,0.0690272311048229,0.42454805970191956
Breast Visium CID44971,tangram,tnip3,0.0687915770828206,0.11872605234384537
Breast Visium CID44971,tangram,dnajc3,0.0683695959157402,0.4914240539073944
Breast Visium CID44971,tangram,lpar5,0.0682948430670785,0.22276532649993896
Breast Visium CID44971,tangram,sp140,0.0675871733136999,0.21370841562747955
Breast Visium CID44971,tangram,btla,0.0674400494992511,0.14327718317508698
Breast Visium CID44971,tangram,mir99ahg,0.0660900064261466,0.3276223838329315
Breast Visium CID44971,tangram,apmap,0.0655028322278249,0.658628523349762
Breast Visium CID44971,tangram,fam129c,0.0634539240786639,0.13206961750984192
Breast Visium CID44971,tangram,cx3cr1,0.0627553062285561,0.22599183022975922
Breast Visium CID44971,tangram,ddit4,0.0625853096269866,0.7351180911064148
Breast Visium CID44971,tangram,tnfrsf12a,0.0624336460699555,0.6025902628898621
Breast Visium CID44971,tangram,picalm,0.0612663815977215,0.5853061676025391
Breast Visium CID44971,tangram,tmem255b,0.058506220166449,0.1951361894607544
Breast Visium CID44971,tangram,lgi4,0.0579193073614643,0.16374720633029938
Breast Visium CID44971,tangram,mef2a,0.0572434574500985,0.4652549922466278
Breast Visium CID44971,tangram,klrc1,0.0515991326692,0.12231142073869705
Breast Visium CID44971,tangram,sept4,0.0494638848011029,0.3602190911769867
Breast Visium CID44971,tangram,hnrnpa1l2,0.0490099051236395,0.19941428303718567
Breast Visium CID44971,tangram,fcrl5,0.0473529835899183,0.13391909003257751
Breast Visium CID44971,tangram,atp1b2,0.044267878887215,0.12978439033031464
Breast Visium CID44971,tangram,zc3h12a,0.0435828010156604,0.28856003284454346
Breast Visium CID44971,tangram,tbx2,0.043344270020335,0.23206637799739838
Breast Visium CID44971,tangram,p2ry10,0.0430389845967169,0.13509175181388855
Breast Visium CID44971,tangram,pxk,0.0412731917352082,0.27934080362319946
Breast Visium CID44971,tangram,tox,0.040852349079226,0.23878201842308044
Breast Visium CID44971,tangram,snhg18,0.0397498447312749,0.20121148228645325
Breast Visium CID44971,tangram,adrb2,0.0383357643443865,0.1305915117263794
Breast Visium CID44971,tangram,cramp1,0.0381356930130178,0.30079877376556396
Breast Visium CID44971,tangram,rps19,0.0379247568113547,0.9864597320556641
Breast Visium CID44971,tangram,tnmd,0.035179777297355,0.07908870279788971
Breast Visium CID44971,tangram,dnase1l3,0.0314291042173677,0.12342563271522522
Breast Visium CID44971,tangram,fam162b,0.0276021911981632,0.09568788856267929
Breast Visium CID44971,tangram,gldn,0.0272632722529228,0.07924231141805649
Breast Visium CID44971,tangram,sp2,0.0254337425629636,0.3056107759475708
Breast Visium CID44971,tangram,ssh2,0.0191431145321751,0.3472903072834015
Breast Visium CID44971,tangram,napsa,0.0134138265381065,0.09319622069597244
Breast Visium CID44971,tangram,s1pr5,0.0131895103423041,0.07434737682342529
Breast Visium CID44971,tangram,phf19,0.0102670686868697,0.301046758890152
Breast Visium CID44971,tangram,fcrl6,0.007330821289671,0.08917274326086044
Breast Visium CID44971,tangram,tnfrsf13b,-0.0031513874538594,0.05150347203016281
Breast Visium CID44971,tangram,kir3dl2,-0.0036519961292599,0.015648970380425453
Breast Visium CID44971,tangram,abcc9,-0.0120158918276996,0.06594474613666534
Breast Visium CID44971,tangram,tnfrsf10d,-0.0274588163199552,0.11845563352108002
Breast Visium CID44971,tangram,plcg2,-0.1143310674837883,0.4691477417945862
Breast Visium CID44971,tangram,malat1,-0.3302226680107356,0.9100414514541626
Breast Visium CID44971,tangram,cd74,0.756751943446561,0.9781666398048401
Breast Visium CID44971,tangram,b2m,0.7193001615429867,0.9873422980308533
Breast Visium CID44971,tangram,hla-drb5,0.6388644824495596,0.8518378138542175
Breast Visium CID44971,tangram,hla-dpa1,0.6255571828852314,0.9071758985519409
Breast Visium CID44971,tangram,c1qc,0.610085301034052,0.8236563801765442
Breast Visium CID44971,tangram,igfbp7,0.5981308505306729,0.9084841012954712
Breast Visium CID44971,tangram,arhgdib,0.5958998555419378,0.8336995840072632
Breast Visium CID44971,tangram,coro1a,0.5812181232918127,0.7576106190681458
Breast Visium CID44971,tangram,frzb,0.5806988686329789,0.8603646755218506
Breast Visium CID44971,tangram,actb,0.5669208890224112,0.9890584349632263
Breast Visium CID44971,tangram,tubb,0.5641784671901304,0.9492466449737549
Breast Visium CID44971,tangram,rgs1,0.5534918920521938,0.8019014596939087
Breast Visium CID44971,tangram,ackr1,0.5462456546861604,0.6352639198303223
Breast Visium CID44971,tangram,trbc2,0.5422099558992041,0.7558313608169556
Breast Visium CID44971,tangram,il32,0.541826231544387,0.7649052739143372
Breast Visium CID44971,tangram,psap,0.5300861584100893,0.9655396938323975
Breast Visium CID44971,tangram,xbp1,0.5275647422209746,0.7895100116729736
Breast Visium CID44971,tangram,ctss,0.5207617815088423,0.7473701238632202
Breast Visium CID44971,tangram,mylk,0.5191223217557627,0.8536796569824219
Breast Visium CID44971,tangram,ptprc,0.5187285293010784,0.6665816307067871
Breast Visium CID44971,tangram,myl9,0.5176558371894914,0.9210032224655151
Breast Visium CID44971,tangram,cdc123,0.4889162121371033,0.8015810251235962
Breast Visium CID44971,tangram,ankrd30a,0.4729418731492378,0.556251049041748
Breast Visium CID44971,tangram,col6a3,0.4715226583350583,0.7923974990844727
Breast Visium CID44971,tangram,marcksl1,0.4714792897894461,0.9264633655548096
Breast Visium CID44971,tangram,txnip,0.4705698717126057,0.9141275882720947
Breast Visium CID44971,tangram,ccl28,0.4650757767040598,0.529181957244873
Breast Visium CID44971,tangram,tagln,0.4494335994480099,0.9292861223220825
Breast Visium CID44971,tangram,lcp1,0.4469388615300619,0.6968842148780823
Breast Visium CID44971,tangram,tpi1,0.4425612518847465,0.9247086048126221
Breast Visium CID44971,tangram,fxyd5,0.4424938943648687,0.7104390263557434
Breast Visium CID44971,tangram,cnn1,0.4367673512065591,0.7111180424690247
Breast Visium CID44971,tangram,nucks1,0.4321678212246367,0.8988189101219177
Breast Visium CID44971,tangram,serpinf1,0.4289420072648436,0.7235217690467834
Breast Visium CID44971,tangram,vcan,0.4265809169192937,0.7129871249198914
Breast Visium CID44971,tangram,sgk1,0.4261389562112685,0.807159960269928
Breast Visium CID44971,tangram,hmgn3,0.4229899697697319,0.8755509257316589
Breast Visium CID44971,tangram,hspe1,0.4190620221590076,0.9029768705368042
Breast Visium CID44971,tangram,cox7a2,0.4178483078743223,0.9075111150741577
Breast Visium CID44971,tangram,hcst,0.4168436084485122,0.6040447950363159
Breast Visium CID44971,tangram,txn,0.4096965707598453,0.9164431095123291
Breast Visium CID44971,tangram,cldn7,0.4095222733301211,0.5651605129241943
Breast Visium CID44971,tangram,aif1,0.4054428251817983,0.6938925385475159
Breast Visium CID44971,tangram,h2afz,0.4046166264334845,0.8672259449958801
Breast Visium CID44971,tangram,lamb3,0.4038556280831367,0.6614521145820618
Breast Visium CID44971,tangram,ramp3,0.3995011772395548,0.5120208263397217
Breast Visium CID44971,tangram,mxra8,0.3984174547016149,0.738444983959198
Breast Visium CID44971,tangram,ifitm2,0.3977106833295553,0.7746414542198181
Breast Visium CID44971,tangram,kiaa1324,0.3971931237319532,0.7606711387634277
Breast Visium CID44971,tangram,timp3,0.3784969824987788,0.818303108215332
Breast Visium CID44971,tangram,cfl1,0.3753672420898622,0.9527207016944885
Breast Visium CID44971,tangram,bst2,0.3748482107727858,0.7631992101669312
Breast Visium CID44971,tangram,hmgb2,0.3697597039941476,0.7809393405914307
Breast Visium CID44971,tangram,gstp1,0.3667021190854262,0.9447192549705505
Breast Visium CID44971,tangram,lamtor5,0.3635617381112851,0.833435595035553
Breast Visium CID44971,tangram,ube2v2,0.3598351304175719,0.7130702137947083
Breast Visium CID44971,tangram,lcp2,0.3592026907570133,0.5199466943740845
Breast Visium CID44971,tangram,arpc2,0.3584231976899454,0.8626154661178589
Breast Visium CID44971,tangram,ap1s1,0.3527905180983902,0.7092428207397461
Breast Visium CID44971,tangram,ramp2,0.3469365739992819,0.4984709620475769
Breast Visium CID44971,tangram,meg3,0.3467038576251107,0.6312424540519714
Breast Visium CID44971,tangram,cd8a,0.3427714627907682,0.5420576333999634
Breast Visium CID44971,tangram,crnde,0.339162978207482,0.7287511825561523
Breast Visium CID44971,tangram,zap70,0.3377693297909178,0.48676255345344543
Breast Visium CID44971,tangram,fbp1,0.3367973028287307,0.4930788278579712
Breast Visium CID44971,tangram,fhl2,0.3347823642489529,0.6295010447502136
Breast Visium CID44971,tangram,krt18,0.3318808033920566,0.8005456924438477
Breast Visium CID44971,tangram,col15a1,0.3297765605072666,0.6597514152526855
Breast Visium CID44971,tangram,elf5,0.3284904921752135,0.6635145545005798
Breast Visium CID44971,tangram,pdlim1,0.3204773826097731,0.6676720976829529
Breast Visium CID44971,tangram,gimap4,0.3202214669517197,0.5242791175842285
Breast Visium CID44971,tangram,evl,0.3200843692303071,0.7797830700874329
Breast Visium CID44971,tangram,timp2,0.3195574236635243,0.8014703989028931
Breast Visium CID44971,tangram,cpe,0.3116635231481574,0.6623532176017761
Breast Visium CID44971,tangram,cd5,0.3106832661649438,0.41788673400878906
Breast Visium CID44971,tangram,ppp1r1b,0.3087123020728571,0.46267569065093994
Breast Visium CID44971,tangram,rerg,0.3084201474824539,0.6617991924285889
Breast Visium CID44971,tangram,cxorf36,0.3044680979662398,0.3823329210281372
Breast Visium CID44971,tangram,lbh,0.3043443077994038,0.6815057992935181
Breast Visium CID44971,tangram,ltbp2,0.3005327721725714,0.6606150269508362
Breast Visium CID44971,tangram,tgfb1,0.2977826010794271,0.5508101582527161
Breast Visium CID44971,tangram,hnrnpa1,0.2966669342309667,0.9433684945106506
Breast Visium CID44971,tangram,adgrl4,0.2936105552957065,0.4052314758300781
Breast Visium CID44971,tangram,rpl27,0.2935477609617624,0.9640188813209534
Breast Visium CID44971,tangram,zyx,0.2935322283263916,0.7745428085327148
Breast Visium CID44971,tangram,pgam1,0.2922632279626304,0.8318552374839783
Breast Visium CID44971,tangram,mgat1,0.2921685875372578,0.704767644405365
Breast Visium CID44971,tangram,eif3e,0.2917092137955983,0.862370491027832
Breast Visium CID44971,tangram,lair1,0.286393519451734,0.5042391419410706
Breast Visium CID44971,tangram,rarres3,0.2863082902000503,0.6792993545532227
Breast Visium CID44971,tangram,irf8,0.2860054032622108,0.5008532404899597
Breast Visium CID44971,tangram,nid1,0.2839695579842832,0.560689389705658
Breast Visium CID44971,tangram,ifitm1,0.2826656803825786,0.5035950541496277
Breast Visium CID44971,tangram,igsf6,0.2814471987775512,0.4291074872016907
Breast Visium CID44971,tangram,snrpb,0.2792281463015026,0.8108314275741577
Breast Visium CID44971,tangram,fam198b,0.2784872087355524,0.6107938885688782
Breast Visium CID44971,tangram,hmgn1,0.2774595542601245,0.8959327936172485
Breast Visium CID44971,tangram,atp6v1f,0.2765628145691198,0.8231804370880127
Breast Visium CID44971,tangram,hmgn2,0.2732129070826018,0.8899617195129395
Breast Visium CID44971,tangram,morf4l2,0.273110949688172,0.821325421333313
Breast Visium CID44971,tangram,mrpl9,0.2710236742295461,0.6600480675697327
Breast Visium CID44971,tangram,ywhah,0.2700085815128425,0.7407357096672058
Breast Visium CID44971,tangram,hsp90b1,0.2633605578912411,0.9157474637031555
Breast Visium CID44971,tangram,cox7a2l,0.2559967295801899,0.7102619409561157
Breast Visium CID44971,tangram,rnase6,0.2548352983507758,0.4602017104625702
Breast Visium CID44971,tangram,rgs5,0.2546179684215979,0.5715808272361755
Breast Visium CID44971,tangram,ms4a7,0.2529385072733496,0.5036434531211853
Breast Visium CID44971,tangram,hnrnpa2b1,0.2528184882864936,0.9242358207702637
Breast Visium CID44971,tangram,ciita,0.2524656027121493,0.4844718277454376
Breast Visium CID44971,tangram,vamp5,0.2498539071490096,0.5595995187759399
Breast Visium CID44971,tangram,fbl,0.2489702655918759,0.8302302360534668
Breast Visium CID44971,tangram,stk17a,0.2485352483110793,0.4600873291492462
Breast Visium CID44971,tangram,clec2b,0.2484458212631745,0.46695849299430847
Breast Visium CID44971,tangram,id1,0.2460972384882782,0.43539267778396606
Breast Visium CID44971,tangram,plk2,0.245657578496424,0.5069805383682251
Breast Visium CID44971,tangram,serp1,0.2429556270954767,0.8687079548835754
Breast Visium CID44971,tangram,banf1,0.241732982593841,0.8062800765037537
Breast Visium CID44971,tangram,myo6,0.2415262995581968,0.6803677082061768
Breast Visium CID44971,tangram,sf3b5,0.2401826530660636,0.7868451476097107
Breast Visium CID44971,tangram,clec14a,0.240158538104846,0.333107054233551
Breast Visium CID44971,tangram,actg1,0.2398840244680614,0.9823862910270691
Breast Visium CID44971,tangram,tyms,0.239883502345414,0.5196259617805481
Breast Visium CID44971,tangram,cdh5,0.2391559118598573,0.3772594928741455
Breast Visium CID44971,tangram,capg,0.2383138852192658,0.7608508467674255
Breast Visium CID44971,tangram,ssr2,0.2382028856962755,0.8912433981895447
Breast Visium CID44971,tangram,rpl36al,0.2361183540303189,0.8025821447372437
Breast Visium CID44971,tangram,sit1,0.2348073872274357,0.3254711925983429
Breast Visium CID44971,tangram,f2r,0.2335923267872941,0.5751116275787354
Breast Visium CID44971,tangram,fbln1,0.2335842655064798,0.7348340153694153
Breast Visium CID44971,tangram,tgfb1i1,0.2325293648108101,0.5773281455039978
Breast Visium CID44971,tangram,idh2,0.2314162728814545,0.6798325777053833
Breast Visium CID44971,tangram,cuta,0.2311225809160941,0.8717817664146423
Breast Visium CID44971,tangram,ikzf3,0.2308337657133671,0.503576934337616
Breast Visium CID44971,tangram,dynll1,0.230569780802706,0.9095012545585632
Breast Visium CID44971,tangram,tgfbr2,0.2302858019014391,0.5924338698387146
Breast Visium CID44971,tangram,egfl7,0.2295044520705417,0.4994538128376007
Breast Visium CID44971,tangram,slc7a7,0.2290822154676592,0.3967723548412323
Breast Visium CID44971,tangram,rap1b,0.2285366406054339,0.7096243500709534
Breast Visium CID44971,tangram,tnfsf13b,0.227815934781849,0.3985477685928345
Breast Visium CID44971,tangram,gadd45b,0.2277326734698383,0.5737820863723755
Breast Visium CID44971,tangram,mfsd1,0.2270895532140319,0.6100316047668457
Breast Visium CID44971,tangram,rpl37,0.2249749595719921,0.9827904105186462
Breast Visium CID44971,tangram,lrp10,0.2247684214798078,0.6781988143920898
Breast Visium CID44971,tangram,c1orf162,0.2245230150012553,0.5016694068908691
Breast Visium CID44971,tangram,cd96,0.224466961927807,0.3435083031654358
Breast Visium CID44971,tangram,clec2d,0.2227959004259528,0.5619978308677673
Breast Visium CID44971,tangram,mif,0.2214363950044809,0.8472502827644348
Breast Visium CID44971,tangram,plpp1,0.2199340959609334,0.5837917327880859
Breast Visium CID44971,tangram,crtap,0.2193282177511057,0.6315141320228577
Breast Visium CID44971,tangram,rasd1,0.2182674562978361,0.5363072752952576
Breast Visium CID44971,tangram,rpl4,0.2171742259557704,0.9787882566452026
Breast Visium CID44971,tangram,pold4,0.2163094191388342,0.44767269492149353
Breast Visium CID44971,tangram,aes,0.215688427546167,0.873359203338623
Breast Visium CID44971,tangram,ube2e3,0.2113221748631269,0.6934395432472229
Breast Visium CID44971,tangram,mcam,0.2097608370729451,0.5042576193809509
Breast Visium CID44971,tangram,vps28,0.2085712295888787,0.8404684662818909
Breast Visium CID44971,tangram,ap2s1,0.2067272539501356,0.7818342447280884
Breast Visium CID44971,tangram,itk,0.2064276480893291,0.2604457437992096
Breast Visium CID44971,tangram,anp32b,0.2059600912114184,0.8179445862770081
Breast Visium CID44971,tangram,pdlim7,0.2059443948438966,0.6608887314796448
Breast Visium CID44971,tangram,bin2,0.2053191502196998,0.3885558545589447
Breast Visium CID44971,tangram,flt1,0.2017314152928145,0.3364273011684418
Breast Visium CID44971,tangram,phlda1,0.2004725756915418,0.7119865417480469
Breast Visium CID44971,tangram,stk4,0.1967733687678024,0.5036890506744385
Breast Visium CID44971,tangram,tmem176a,0.1954428964902182,0.5095760822296143
Breast Visium CID44971,tangram,slc38a10,0.1942583678086413,0.5965638756752014
Breast Visium CID44971,tangram,rpl35,0.194075002423076,0.9739028811454773
Breast Visium CID44971,tangram,havcr2,0.1938725228409691,0.38652360439300537
Breast Visium CID44971,tangram,meox1,0.1926295492364478,0.26800042390823364
Breast Visium CID44971,tangram,rpl37a,0.1906775735300049,0.9843441247940063
Breast Visium CID44971,tangram,rtn4,0.1904751543922693,0.8438612222671509
Breast Visium CID44971,tangram,flot1,0.1862450988033286,0.6752269268035889
Breast Visium CID44971,tangram,cldn11,0.1845092737128537,0.4727868139743805
Breast Visium CID44971,tangram,sumo2,0.1829414308585502,0.8963945508003235
Breast Visium CID44971,tangram,egr1,0.1806786081035693,0.8665786981582642
Breast Visium CID44971,tangram,dnaja1,0.1799753730462472,0.8227680325508118
Breast Visium CID44971,tangram,gabarap,0.1794485145331006,0.7150576710700989
Breast Visium CID44971,tangram,rab37,0.1763845430675943,0.2662249505519867
Breast Visium CID44971,tangram,cd3g,0.1747461117141354,0.3286709785461426
Breast Visium CID44971,tangram,dlc1,0.1735863533987997,0.3730941116809845
Breast Visium CID44971,tangram,csf2ra,0.1726492151223734,0.34440430998802185
Breast Visium CID44971,tangram,isyna1,0.1697341468429495,0.6827451586723328
Breast Visium CID44971,tangram,gzmm,0.1669971467210574,0.27950599789619446
Breast Visium CID44971,tangram,mlec,0.1641425442525438,0.6760690212249756
Breast Visium CID44971,tangram,cd300a,0.1638323929057543,0.3483445942401886
Breast Visium CID44971,tangram,fen1,0.1638083529629177,0.42188170552253723
Breast Visium CID44971,tangram,uaca,0.1620370353660528,0.48389947414398193
Breast Visium CID44971,tangram,adam8,0.1617309017816205,0.4082178473472595
Breast Visium CID44971,tangram,nucb1,0.1615074393901787,0.7525135278701782
Breast Visium CID44971,tangram,stat4,0.161106359837577,0.27347421646118164
Breast Visium CID44971,tangram,tmem87a,0.1597394649933856,0.5560051798820496
Breast Visium CID44971,tangram,nlrc5,0.1585954718570771,0.4918158948421478
Breast Visium CID44971,tangram,tecr,0.1571584235957329,0.751587986946106
Breast Visium CID44971,tangram,add3,0.1548202902991115,0.5063936710357666
Breast Visium CID44971,tangram,runx1t1,0.1543127519148787,0.28615862131118774
Breast Visium CID44971,tangram,calcrl,0.1536898528691063,0.28414827585220337
Breast Visium CID44971,tangram,oasl,0.1535594705386233,0.26957347989082336
Breast Visium CID44971,tangram,rac1,0.1528946375772256,0.841315746307373
Breast Visium CID44971,tangram,rps3,0.15166282560154,0.9719887971878052
Breast Visium CID44971,tangram,gstt2b,0.1490180682483601,0.2974535822868347
Breast Visium CID44971,tangram,cdt1,0.1450421405015803,0.3950485587120056
Breast Visium CID44971,tangram,ece1,0.1433719473150427,0.680773138999939
Breast Visium CID44971,tangram,sptssa,0.1412325157250776,0.5993714332580566
Breast Visium CID44971,tangram,gng2,0.1381366904277947,0.32816511392593384
Breast Visium CID44971,tangram,spon2,0.1369455140671316,0.5923425555229187
Breast Visium CID44971,tangram,tmem59,0.1360736470612325,0.8108134269714355
Breast Visium CID44971,tangram,pou2f2,0.1357040126953845,0.2930367887020111
Breast Visium CID44971,tangram,tspan4,0.1338889311777368,0.5539687871932983
Breast Visium CID44971,tangram,cystm1,0.133508032832853,0.5079199075698853
Breast Visium CID44971,tangram,notch3,0.1325970659878143,0.6986840963363647
Breast Visium CID44971,tangram,ptgdr,0.131358885659498,0.1732308566570282
Breast Visium CID44971,tangram,swap70,0.1309729184975434,0.49920645356178284
Breast Visium CID44971,tangram,rpl32,0.1251624230933792,0.9811218976974487
Breast Visium CID44971,tangram,matk,0.1228115591119917,0.2797696888446808
Breast Visium CID44971,tangram,arhgap29,0.1222207560534621,0.37538257241249084
Breast Visium CID44971,tangram,a4galt,0.1198851030269751,0.28698471188545227
Breast Visium CID44971,tangram,lama2,0.119774559121201,0.3326512277126312
Breast Visium CID44971,tangram,ugdh,0.1157197649882369,0.5366454720497131
Breast Visium CID44971,tangram,hopx,0.1145846380302282,0.33899667859077454
Breast Visium CID44971,tangram,cnrip1,0.113081256677377,0.2221621423959732
Breast Visium CID44971,tangram,fam13c,0.1129719087119018,0.19483673572540283
Breast Visium CID44971,tangram,neurl1b,0.1102436131110726,0.27926960587501526
Breast Visium CID44971,tangram,uqcrhl,0.1090260884205487,0.26807165145874023
Breast Visium CID44971,tangram,fcrla,0.1087497676274899,0.16956695914268494
Breast Visium CID44971,tangram,rab27a,0.1063889722607515,0.3973943889141083
Breast Visium CID44971,tangram,fkbp11,0.1052520916382593,0.3792620897293091
Breast Visium CID44971,tangram,abca6,0.1045668380738181,0.19845178723335266
Breast Visium CID44971,tangram,klf4,0.1038692451649804,0.39182552695274353
Breast Visium CID44971,tangram,nudt4,0.1036236734820525,0.6580486297607422
Breast Visium CID44971,tangram,filip1,0.1032752932659786,0.1378445327281952
Breast Visium CID44971,tangram,map1lc3a,0.1001256555008894,0.6253889203071594
Breast Visium CID44971,tangram,sirpg,0.0995623134449747,0.21841874718666077
Breast Visium CID44971,tangram,ets2,0.0993925136220628,0.4942559599876404
Breast Visium CID44971,tangram,sesn1,0.0993381690347917,0.4629344046115875
Breast Visium CID44971,tangram,st3gal1,0.0972501937714813,0.35925957560539246
Breast Visium CID44971,tangram,btk,0.0970227570268711,0.21603724360466003
Breast Visium CID44971,tangram,siva1,0.0959166060997133,0.6625736951828003
Breast Visium CID44971,tangram,ostf1,0.0943338093253181,0.3989998400211334
Breast Visium CID44971,tangram,tspan32,0.0938126122509944,0.17311450839042664
Breast Visium CID44971,tangram,smc2,0.0930513178056817,0.3770829141139984
Breast Visium CID44971,tangram,hmgb1,0.0904263419600726,0.880466103553772
Breast Visium CID44971,tangram,flt3lg,0.0873863947802124,0.18298393487930298
Breast Visium CID44971,tangram,myo1b,0.0847879370930993,0.5143294334411621
Breast Visium CID44971,tangram,h2afx,0.0836906946240075,0.5776873826980591
Breast Visium CID44971,tangram,parp15,0.0831960581419126,0.18764257431030273
Breast Visium CID44971,tangram,pyhin1,0.0821338690293193,0.17833924293518066
Breast Visium CID44971,tangram,arfgap3,0.0820557513871451,0.486662894487381
Breast Visium CID44971,tangram,rrbp1,0.0814757538112582,0.7273730039596558
Breast Visium CID44971,tangram,socs2,0.0805843084531513,0.25765448808670044
Breast Visium CID44971,tangram,adap2,0.0803023223990423,0.26078298687934875
Breast Visium CID44971,tangram,vps51,0.0800703104665456,0.6322258114814758
Breast Visium CID44971,tangram,rdx,0.0794683982193447,0.5478442907333374
Breast Visium CID44971,tangram,mrvi1,0.0775201218015973,0.3033266067504883
Breast Visium CID44971,tangram,tmem243,0.0747317709589478,0.3446842432022095
Breast Visium CID44971,tangram,il4r,0.0740456731078298,0.466724693775177
Breast Visium CID44971,tangram,tubb2a,0.073210490570983,0.5442856550216675
Breast Visium CID44971,tangram,dnajb1,0.071651053239865,0.6690387725830078
Breast Visium CID44971,tangram,lamb1,0.0706216299791892,0.6159195303916931
Breast Visium CID44971,tangram,cenpm,0.0705056072500335,0.2596571147441864
Breast Visium CID44971,tangram,rora,0.0681285921750411,0.25589609146118164
Breast Visium CID44971,tangram,smc1a,0.0666111464670632,0.5649747252464294
Breast Visium CID44971,tangram,tmem88,0.0652363695508223,0.18620970845222473
Breast Visium CID44971,tangram,csf3r,0.0649228384835066,0.25551459193229675
Breast Visium CID44971,tangram,snai1,0.0639327608778295,0.20283260941505432
Breast Visium CID44971,tangram,p2ry14,0.0556537964869411,0.13587428629398346
Breast Visium CID44971,tangram,lipe,0.055082089011472,0.16675357520580292
Breast Visium CID44971,tangram,ccdc102b,0.054896308646027,0.18601207435131073
Breast Visium CID44971,tangram,stap1,0.0533802967276606,0.12122786790132523
Breast Visium CID44971,tangram,orai2,0.0515574465849588,0.43488809466362
Breast Visium CID44971,tangram,mapk1,0.0513110991278845,0.5473405718803406
Breast Visium CID44971,tangram,smim3,0.0484057473344482,0.30719611048698425
Breast Visium CID44971,tangram,gmppb,0.0478456877822383,0.37182873487472534
Breast Visium CID44971,tangram,tlr10,0.0435897938923977,0.14952129125595093
Breast Visium CID44971,tangram,linc00996,0.0411620308892714,0.13600897789001465
Breast Visium CID44971,tangram,sec14l1,0.0371431188859585,0.48070839047431946
Breast Visium CID44971,tangram,tsen54,0.0358611023553371,0.44676074385643005
Breast Visium CID44971,tangram,rpl18,0.0358307084851901,0.9745884537696838
Breast Visium CID44971,tangram,c12orf75,0.034491650162064,0.474498987197876
Breast Visium CID44971,tangram,mtss1,0.0340344114255462,0.41979652643203735
Breast Visium CID44971,tangram,dnajb9,0.0306929116691919,0.39734211564064026
Breast Visium CID44971,tangram,rnf125,0.0270804360152339,0.2601153552532196
Breast Visium CID44971,tangram,fbln7,0.0270300124881741,0.2745179831981659
Breast Visium CID44971,tangram,tcf19,0.0268487247484747,0.2546181380748749
Breast Visium CID44971,tangram,veph1,0.0254338087594207,0.12226168066263199
Breast Visium CID44971,tangram,rcan2,0.0253524006593823,0.14221429824829102
Breast Visium CID44971,tangram,cd40lg,0.017073978226587,0.1394021064043045
Breast Visium CID44971,tangram,plek2,0.0162257657361613,0.15280787646770477
Breast Visium CID44971,tangram,tnfrsf13c,0.0151231062790815,0.15848442912101746
Breast Visium CID44971,tangram,ncam1,0.0031235791441456,0.04032570868730545
Breast Visium CID44971,tangram,fgfbp2,-0.0020989716042432,0.0342697873711586
Breast Visium CID44971,tangram,akap5,-0.0022219295377547,0.1298588067293167
Breast Visium CID44971,tangram,lgals9b,-0.0161913867017589,0.0008526146411895752
Breast Visium CID44971,tangram,hist1h1e,-0.0163872026087409,0.10080303996801376
Breast Visium CID44971,tangram,cachd1,-0.0231362422343735,0.2890881299972534
Breast Visium CID44971,tangram,mtrnr2l12,-0.2885630245067131,0.8076707720756531
Breast Visium CID44971,spage,tmsb10,0.7938479265112101,0.9931694865226746
Breast Visium CID44971,spage,rps4x,0.6738917572212937,0.9874737858772278
Breast Visium CID44971,spage,rps15,0.6336199634121327,0.9862576127052307
Breast Visium CID44971,spage,rpl26,0.6299433004536849,0.9721918106079102
Breast Visium CID44971,spage,rpl3,0.6182831551259583,0.979172945022583
Breast Visium CID44971,spage,hla-a,0.5946283381648135,0.9461463689804077
Breast Visium CID44971,spage,rpl12,0.5861248347793664,0.9880518317222595
Breast Visium CID44971,spage,rpl29,0.582703469565421,0.987721860408783
Breast Visium CID44971,spage,hdac2,0.5540102591080532,0.8110156059265137
Breast Visium CID44971,spage,rps28,0.547960118202771,0.9907276034355164
Breast Visium CID44971,spage,rpl9,0.546254811607527,0.9850857853889465
Breast Visium CID44971,spage,rpl17,0.5417951444269052,0.9158881902694702
Breast Visium CID44971,spage,sf3b6,0.5401994100626807,0.8965491056442261
Breast Visium CID44971,spage,cacybp,0.5349099034660988,0.8226782083511353
Breast Visium CID44971,spage,uqcrh,0.5285402102139907,0.9018438458442688
Breast Visium CID44971,spage,snrpf,0.5193188280390109,0.8258107900619507
Breast Visium CID44971,spage,rpl5,0.5107617796640561,0.9701801538467407
Breast Visium CID44971,spage,rpl7a,0.4957486867385646,0.984847903251648
Breast Visium CID44971,spage,naca,0.4940911210131601,0.9674510955810547
Breast Visium CID44971,spage,cirbp,0.4937490303709475,0.8651002049446106
Breast Visium CID44971,spage,hla-e,0.4886359382218591,0.8803268074989319
Breast Visium CID44971,spage,gdi2,0.4663409224873169,0.8593601584434509
Breast Visium CID44971,spage,ilf2,0.4579083200685235,0.8372004628181458
Breast Visium CID44971,spage,pecam1,0.457790822070536,0.5601894855499268
Breast Visium CID44971,spage,ifitm3,0.4565633361516015,0.8003725409507751
Breast Visium CID44971,spage,ppdpf,0.4483373336549147,0.9310252666473389
Breast Visium CID44971,spage,cct3,0.4350757919372471,0.8357211947441101
Breast Visium CID44971,spage,rpl38,0.4326206747625265,0.9672783613204956
Breast Visium CID44971,spage,ndrg2,0.4280743349264984,0.7067451477050781
Breast Visium CID44971,spage,tbc1d10c,0.4265728888526559,0.5760118365287781
Breast Visium CID44971,spage,adirf,0.424423047528747,0.5780375003814697
Breast Visium CID44971,spage,rplp2,0.423762591595697,0.9863753914833069
Breast Visium CID44971,spage,tcp1,0.4180298222504134,0.7875988483428955
Breast Visium CID44971,spage,cryab,0.4159122792324046,0.7432747483253479
Breast Visium CID44971,spage,c2orf40,0.4145295819460688,0.4980771839618683
Breast Visium CID44971,spage,serpina1,0.4101645841061678,0.5731083750724792
Breast Visium CID44971,spage,psme2,0.4094685609829694,0.7925452589988708
Breast Visium CID44971,spage,cd93,0.4068879515324629,0.5021576881408691
Breast Visium CID44971,spage,rps13,0.4041633848551252,0.9806776642799377
Breast Visium CID44971,spage,cotl1,0.4018249444397531,0.6711642146110535
Breast Visium CID44971,spage,pdia6,0.4014275925891536,0.8630937337875366
Breast Visium CID44971,spage,c1qa,0.4011589283050819,0.5125161409378052
Breast Visium CID44971,spage,tymp,0.3983631423124265,0.7076702117919922
Breast Visium CID44971,spage,s100a6,0.3966023150745362,0.9374369978904724
Breast Visium CID44971,spage,rpl31,0.3964725673039717,0.9723642468452454
Breast Visium CID44971,spage,col1a2,0.3957021669986926,0.45601844787597656
Breast Visium CID44971,spage,spint2,0.3954133798551744,0.796292781829834
Breast Visium CID44971,spage,pik3r1,0.3935472932977493,0.6458962559700012
Breast Visium CID44971,spage,mrps35,0.3929084824045502,0.691786527633667
Breast Visium CID44971,spage,tmem258,0.3897072627491744,0.8819066882133484
Breast Visium CID44971,spage,gstm3,0.3833142500046719,0.5828040242195129
Breast Visium CID44971,spage,c1orf43,0.375446415702637,0.7915427088737488
Breast Visium CID44971,spage,lman1,0.3744749319628086,0.7920633554458618
Breast Visium CID44971,spage,srsf5,0.3726700084567471,0.7712788581848145
Breast Visium CID44971,spage,ptpn6,0.3715859088983895,0.6007476449012756
Breast Visium CID44971,spage,hsbp1,0.3693531591704975,0.8248682618141174
Breast Visium CID44971,spage,mgp,0.369256642278463,0.8699758648872375
Breast Visium CID44971,spage,trac,0.3674753860307915,0.6039749383926392
Breast Visium CID44971,spage,eef2,0.3673415815800733,0.9530733823776245
Breast Visium CID44971,spage,lst1,0.3657994099383009,0.48545339703559875
Breast Visium CID44971,spage,st13,0.3635326210083951,0.8209162354469299
Breast Visium CID44971,spage,hla-dmb,0.361556065286436,0.5174428224563599
Breast Visium CID44971,spage,col6a2,0.3614329366526401,0.4801456332206726
Breast Visium CID44971,spage,tpbg,0.3587103169843133,0.5239915251731873
Breast Visium CID44971,spage,gng5,0.3559003128171314,0.874244749546051
Breast Visium CID44971,spage,ptges3,0.3530025938004056,0.8853059411048889
Breast Visium CID44971,spage,pkib,0.3526868553588257,0.469824880361557
Breast Visium CID44971,spage,lgals1,0.3475487680853995,0.8144066333770752
Breast Visium CID44971,spage,nnmt,0.3436729020798378,0.5813690423965454
Breast Visium CID44971,spage,rhob,0.3432210799363983,0.7404794692993164
Breast Visium CID44971,spage,arhgap9,0.3396736489183082,0.48324665427207947
Breast Visium CID44971,spage,cxcr4,0.3388358961572143,0.7263028025627136
Breast Visium CID44971,spage,pafah1b3,0.3363305077135783,0.6583788394927979
Breast Visium CID44971,spage,trim29,0.3308516938554068,0.44045716524124146
Breast Visium CID44971,spage,efhd1,0.3274271292915303,0.6493600606918335
Breast Visium CID44971,spage,fos,0.3225842153550998,0.7823858857154846
Breast Visium CID44971,spage,gpsm3,0.3216969605793693,0.4925999939441681
Breast Visium CID44971,spage,rps16,0.3193960515937777,0.9811702966690063
Breast Visium CID44971,spage,cnn2,0.3193259086149921,0.730655312538147
Breast Visium CID44971,spage,selplg,0.3176107225758796,0.4665817618370056
Breast Visium CID44971,spage,tmpo,0.3138461900464786,0.6484429240226746
Breast Visium CID44971,spage,rpn1,0.3133315230870624,0.7848652005195618
Breast Visium CID44971,spage,maob,0.3120648312608504,0.40832212567329407
Breast Visium CID44971,spage,ctsz,0.310125886160447,0.5627897381782532
Breast Visium CID44971,spage,kcnmb1,0.3100857076073197,0.44474178552627563
Breast Visium CID44971,spage,slc16a3,0.3100714200563574,0.4691961109638214
Breast Visium CID44971,spage,ccl14,0.3092457565777634,0.32529371976852417
Breast Visium CID44971,spage,vopp1,0.3074179484322032,0.5335198640823364
Breast Visium CID44971,spage,tnfrsf1b,0.3072342520426717,0.5178697109222412
Breast Visium CID44971,spage,mmrn2,0.3045223437191498,0.3521326184272766
Breast Visium CID44971,spage,sub1,0.3030343113569276,0.8818327784538269
Breast Visium CID44971,spage,dap3,0.3027330297160702,0.7155459523200989
Breast Visium CID44971,spage,ifngr2,0.3022030910683431,0.6996604204177856
Breast Visium CID44971,spage,acap1,0.2977543501627077,0.4782102704048157
Breast Visium CID44971,spage,ndufv2,0.2959425805325626,0.7768588662147522
Breast Visium CID44971,spage,cd2,0.2950435879569911,0.5114028453826904
Breast Visium CID44971,spage,ctgf,0.2946634137209238,0.5429169535636902
Breast Visium CID44971,spage,sept1,0.2930852606880245,0.4890812635421753
Breast Visium CID44971,spage,cst7,0.292666865273368,0.4572857618331909
Breast Visium CID44971,spage,atp6v0b,0.2901270235323975,0.8067433834075928
Breast Visium CID44971,spage,mme,0.289783954813142,0.3741537034511566
Breast Visium CID44971,spage,aebp1,0.2876413475202545,0.4281153082847595
Breast Visium CID44971,spage,ppia,0.2824844775470028,0.964061975479126
Breast Visium CID44971,spage,hla-dqa2,0.2799530077467378,0.46347349882125854
Breast Visium CID44971,spage,rab4a,0.2797892161379512,0.631563127040863
Breast Visium CID44971,spage,pabpc1,0.2797026961384776,0.9511625170707703
Breast Visium CID44971,spage,ssr3,0.2794152798455836,0.7969878315925598
Breast Visium CID44971,spage,tns4,0.2790811447443556,0.3748639225959778
Breast Visium CID44971,spage,pdcd4,0.2788726619272672,0.7836928963661194
Breast Visium CID44971,spage,plxdc2,0.2785624123379462,0.6349661350250244
Breast Visium CID44971,spage,tpx2,0.2783239741946534,0.4626067578792572
Breast Visium CID44971,spage,efhd2,0.2763435917800851,0.5534982681274414
Breast Visium CID44971,spage,ing4,0.2736210486135579,0.6142169833183289
Breast Visium CID44971,spage,aplp2,0.2713813752501316,0.8072646260261536
Breast Visium CID44971,spage,lck,0.2680134660128494,0.43246155977249146
Breast Visium CID44971,spage,slc25a5,0.2679467644992745,0.787084698677063
Breast Visium CID44971,spage,ddx17,0.264807865011384,0.8708179593086243
Breast Visium CID44971,spage,snx20,0.2607966148589694,0.3763265609741211
Breast Visium CID44971,spage,cox7a1,0.2573184290704121,0.41814127564430237
Breast Visium CID44971,spage,rhog,0.257104929032814,0.6066817045211792
Breast Visium CID44971,spage,tpp1,0.2544043519985641,0.6290284395217896
Breast Visium CID44971,spage,rab31,0.2526981746599951,0.40679216384887695
Breast Visium CID44971,spage,aoah,0.2507349621998428,0.38982662558555603
Breast Visium CID44971,spage,cav1,0.2501879155398963,0.453284353017807
Breast Visium CID44971,spage,htra1,0.2498765654964933,0.4619368016719818
Breast Visium CID44971,spage,dnmt1,0.247962798566652,0.6634227633476257
Breast Visium CID44971,spage,s100a10,0.2469892140104213,0.7979411482810974
Breast Visium CID44971,spage,rbpms,0.2461323438487127,0.5083438158035278
Breast Visium CID44971,spage,zfp36l2,0.245246101009816,0.8941038250923157
Breast Visium CID44971,spage,sirpa,0.2423788873578775,0.41655319929122925
Breast Visium CID44971,spage,clec7a,0.2405247041051238,0.38569796085357666
Breast Visium CID44971,spage,lat,0.2403662640883712,0.4430387318134308
Breast Visium CID44971,spage,tsc22d3,0.240149736600504,0.7470766305923462
Breast Visium CID44971,spage,pim1,0.2387355134689015,0.4604753851890564
Breast Visium CID44971,spage,cdkn1a,0.2382912334443633,0.5493040084838867
Breast Visium CID44971,spage,tshz2,0.237152673845516,0.4167962968349457
Breast Visium CID44971,spage,rrm1,0.2342129360612327,0.5175702571868896
Breast Visium CID44971,spage,kdelr1,0.231614383722804,0.716715931892395
Breast Visium CID44971,spage,mcm2,0.2272692956429549,0.42690175771713257
Breast Visium CID44971,spage,sdcbp,0.2266159372955902,0.6817545294761658
Breast Visium CID44971,spage,pdlim4,0.2265162774996306,0.46754056215286255
Breast Visium CID44971,spage,foxp1,0.225787843700992,0.6317362189292908
Breast Visium CID44971,spage,themis2,0.2254603528564031,0.34929394721984863
Breast Visium CID44971,spage,ccnd3,0.2235337284921585,0.6357145309448242
Breast Visium CID44971,spage,gzmk,0.2228655480425617,0.42142942547798157
Breast Visium CID44971,spage,tcf4,0.2220604385328322,0.43177658319473267
Breast Visium CID44971,spage,rbbp8,0.2209298421274219,0.5073264837265015
Breast Visium CID44971,spage,lrp1,0.220481769684632,0.46754005551338196
Breast Visium CID44971,spage,cyb5r3,0.220212344537978,0.679152250289917
Breast Visium CID44971,spage,vamp8,0.2189137574778917,0.7893033623695374
Breast Visium CID44971,spage,runx1,0.2185040277345226,0.6214437484741211
Breast Visium CID44971,spage,syngr2,0.217502427040003,0.7557714581489563
Breast Visium CID44971,spage,ncf2,0.2171231458628851,0.2925848960876465
Breast Visium CID44971,spage,ppt1,0.2159446142008791,0.60069340467453
Breast Visium CID44971,spage,mydgf,0.2141254899345361,0.714948296546936
Breast Visium CID44971,spage,tmbim6,0.2139965647265999,0.8742008805274963
Breast Visium CID44971,spage,creb3l4,0.2136015142978881,0.4519885778427124
Breast Visium CID44971,spage,cxcr3,0.2127957478193744,0.33130714297294617
Breast Visium CID44971,spage,mt-atp6,0.211911753608639,0.9838284850120544
Breast Visium CID44971,spage,herpud1,0.2112694120739147,0.7129698395729065
Breast Visium CID44971,spage,tmed10,0.2071345729839805,0.770252525806427
Breast Visium CID44971,spage,klf10,0.2033834021230846,0.45097029209136963
Breast Visium CID44971,spage,tk1,0.2016397776314013,0.40158188343048096
Breast Visium CID44971,spage,smim14,0.1999734040824919,0.5605373978614807
Breast Visium CID44971,spage,sema3g,0.1963976465070522,0.24568067491054535
Breast Visium CID44971,spage,icam2,0.1951913258500734,0.3854241371154785
Breast Visium CID44971,spage,icam3,0.1942691020572261,0.4145091474056244
Breast Visium CID44971,spage,s1pr1,0.1917961290075925,0.27353203296661377
Breast Visium CID44971,spage,tsc22d1,0.1915489462189904,0.6670231819152832
Breast Visium CID44971,spage,cd19,0.1901421063443535,0.22498932480812073
Breast Visium CID44971,spage,ptpn7,0.1894771442714631,0.33838117122650146
Breast Visium CID44971,spage,arhgap15,0.1892767267778521,0.31278231739997864
Breast Visium CID44971,spage,tram1,0.1881406960815641,0.7393236756324768
Breast Visium CID44971,spage,alox5ap,0.1876454921823985,0.4011521637439728
Breast Visium CID44971,spage,sept6,0.1872015345475306,0.5143284201622009
Breast Visium CID44971,spage,ccdc167,0.1837961526830471,0.5565977096557617
Breast Visium CID44971,spage,krt17,0.1818395446740023,0.38708317279815674
Breast Visium CID44971,spage,spn,0.1807053407693439,0.31729987263679504
Breast Visium CID44971,spage,slc9a3r2,0.1802343570237715,0.3210027515888214
Breast Visium CID44971,spage,plac8,0.1793203653093659,0.2938467562198639
Breast Visium CID44971,spage,ppic,0.1781962843975321,0.3630163371562958
Breast Visium CID44971,spage,efemp2,0.1771925063736578,0.3342720866203308
Breast Visium CID44971,spage,mt-nd4l,0.1761570587094733,0.8614035844802856
Breast Visium CID44971,spage,sptbn1,0.17422849464362,0.6521947383880615
Breast Visium CID44971,spage,plpp2,0.1740466886355076,0.5873434543609619
Breast Visium CID44971,spage,grb2,0.1716190280364482,0.6002185344696045
Breast Visium CID44971,spage,syk,0.170936667625562,0.3012409210205078
Breast Visium CID44971,spage,tinagl1,0.1704281070009601,0.45977142453193665
Breast Visium CID44971,spage,fgr,0.169616806367734,0.27051275968551636
Breast Visium CID44971,spage,npdc1,0.1685123414926872,0.5004754066467285
Breast Visium CID44971,spage,ctsw,0.1656796396970857,0.2689846158027649
Breast Visium CID44971,spage,ccdc50,0.1650100990696801,0.49438023567199707
Breast Visium CID44971,spage,btg1,0.1637251075713205,0.8054998517036438
Breast Visium CID44971,spage,smc4,0.1620106510889092,0.5062504410743713
Breast Visium CID44971,spage,camk1d,0.1592459112186026,0.299787700176239
Breast Visium CID44971,spage,fndc3a,0.158766515231624,0.5979738831520081
Breast Visium CID44971,spage,klrg1,0.1584696893030714,0.24105556309223175
Breast Visium CID44971,spage,col18a1,0.1568378151743475,0.4998922646045685
Breast Visium CID44971,spage,arsa,0.154107677443671,0.4299565553665161
Breast Visium CID44971,spage,lims2,0.1526413608296131,0.3296397626399994
Breast Visium CID44971,spage,skap1,0.1505815489407772,0.2536000907421112
Breast Visium CID44971,spage,hhex,0.1497911291303298,0.22012406587600708
Breast Visium CID44971,spage,mgat2,0.1475679740264226,0.4012552797794342
Breast Visium CID44971,spage,pik3ip1,0.1473167482781409,0.43897712230682373
Breast Visium CID44971,spage,hcfc1r1,0.1464150949390142,0.6242858171463013
Breast Visium CID44971,spage,nusap1,0.1433707861147304,0.2962127923965454
Breast Visium CID44971,spage,ass1,0.1422583597546645,0.46119552850723267
Breast Visium CID44971,spage,apobec3c,0.139891301135859,0.3794482946395874
Breast Visium CID44971,spage,socs3,0.1392312166942464,0.4023438096046448
Breast Visium CID44971,spage,cxcr6,0.138242063569545,0.26796266436576843
Breast Visium CID44971,spage,col14a1,0.1379786782141284,0.268436461687088
Breast Visium CID44971,spage,cdh3,0.1379144597227156,0.40492498874664307
Breast Visium CID44971,spage,fkbp2,0.1355755672412181,0.7256600260734558
Breast Visium CID44971,spage,fbxo2,0.1350580083009437,0.32066255807876587
Breast Visium CID44971,spage,pkig,0.1328487117715526,0.5055668950080872
Breast Visium CID44971,spage,mgst2,0.1306964851736815,0.39129361510276794
Breast Visium CID44971,spage,erlec1,0.1270305802532198,0.5827088356018066
Breast Visium CID44971,spage,dok3,0.1264105799228437,0.1860790103673935
Breast Visium CID44971,spage,sec61a1,0.1263546207247111,0.7688818573951721
Breast Visium CID44971,spage,steap4,0.1228694498970288,0.20926855504512787
Breast Visium CID44971,spage,arhgap1,0.122837436200871,0.5955411791801453
Breast Visium CID44971,spage,creb3l2,0.1197601034054416,0.5545976161956787
Breast Visium CID44971,spage,fam111a,0.1196970343061311,0.445390522480011
Breast Visium CID44971,spage,asf1b,0.1183723314985228,0.2361883670091629
Breast Visium CID44971,spage,sytl1,0.1178771897554191,0.48081067204475403
Breast Visium CID44971,spage,cmc1,0.1172745784843776,0.5206886529922485
Breast Visium CID44971,spage,rabac1,0.1162093492689048,0.750113308429718
Breast Visium CID44971,spage,kdr,0.1143199102865259,0.17109744250774384
Breast Visium CID44971,spage,bub3,0.1122084971455281,0.6022089719772339
Breast Visium CID44971,spage,glrx,0.1121444867706766,0.3555728793144226
Breast Visium CID44971,spage,fyn,0.112067512477391,0.3455730378627777
Breast Visium CID44971,spage,rgs10,0.1117098404993067,0.5909408926963806
Breast Visium CID44971,spage,dhfr,0.111400407289401,0.30317795276641846
Breast Visium CID44971,spage,hoxd9,0.11021034972582,0.17297466099262238
Breast Visium CID44971,spage,phldb2,0.1082412136369755,0.23392938077449799
Breast Visium CID44971,spage,sel1l,0.1063386224900396,0.4961428940296173
Breast Visium CID44971,spage,eps8,0.1036693611282637,0.3876321613788605
Breast Visium CID44971,spage,cd72,0.1019600550025296,0.20737294852733612
Breast Visium CID44971,spage,pask,0.0956623595124739,0.3113929331302643
Breast Visium CID44971,spage,ms4a1,0.0944530445661382,0.18331177532672882
Breast Visium CID44971,spage,nucb2,0.0930193886040142,0.40950003266334534
Breast Visium CID44971,spage,st6galnac4,0.0899182259241089,0.24932841956615448
Breast Visium CID44971,spage,bcl11b,0.0896537437636069,0.2588270902633667
Breast Visium CID44971,spage,lpcat4,0.089226945598493,0.3018803000450134
Breast Visium CID44971,spage,ptger2,0.0871728638375134,0.15084899961948395
Breast Visium CID44971,spage,hlf,0.0862337793296034,0.1837194412946701
Breast Visium CID44971,spage,rgma,0.0800555415692037,0.31888246536254883
Breast Visium CID44971,spage,oaz2,0.0795075697003967,0.5036750435829163
Breast Visium CID44971,spage,bag3,0.0770903936412767,0.3521485924720764
Breast Visium CID44971,spage,angpt2,0.075956163554525,0.11872931569814682
Breast Visium CID44971,spage,syt8,0.0745514292908673,0.20906464755535126
Breast Visium CID44971,spage,scarb1,0.0745401993121903,0.3948299288749695
Breast Visium CID44971,spage,lilrb3,0.0736644777782971,0.13883371651172638
Breast Visium CID44971,spage,ncr1,0.0695111713362679,0.0827924907207489
Breast Visium CID44971,spage,mfap4,0.0679784216198705,0.1800234019756317
Breast Visium CID44971,spage,faslg,0.0657594936716596,0.11530128866434097
Breast Visium CID44971,spage,camk4,0.0651071848649229,0.18834185600280762
Breast Visium CID44971,spage,klrd1,0.0650836818812812,0.14807216823101044
Breast Visium CID44971,spage,jakmip1,0.0648631473714266,0.10823708772659302
Breast Visium CID44971,spage,cxcr5,0.0644704391923947,0.10853483527898788
Breast Visium CID44971,spage,arrb1,0.0644139529462695,0.3382500410079956
Breast Visium CID44971,spage,bard1,0.0640347352710332,0.230967178940773
Breast Visium CID44971,spage,linc00926,0.0634511070567399,0.15620921552181244
Breast Visium CID44971,spage,syvn1,0.0595268206003292,0.46539223194122314
Breast Visium CID44971,spage,ctnnal1,0.0589808457887193,0.23825369775295258
Breast Visium CID44971,spage,themis,0.0585613214491242,0.14285574853420258
Breast Visium CID44971,spage,cux1,0.0580062234980691,0.3854621946811676
Breast Visium CID44971,spage,cbfa2t3,0.0576338848185045,0.15310747921466827
Breast Visium CID44971,spage,tnik,0.0545143943228567,0.18813608586788177
Breast Visium CID44971,spage,txk,0.0534876532036731,0.08242888003587723
Breast Visium CID44971,spage,tnfrsf17,0.0527609344221263,0.07623326778411865
Breast Visium CID44971,spage,arl11,0.0522427003644063,0.09301460534334183
Breast Visium CID44971,spage,tmigd2,0.0484223854417899,0.0831783190369606
Breast Visium CID44971,spage,cblb,0.0436689028833764,0.2872122526168823
Breast Visium CID44971,spage,pltp,0.04253551555778,0.3020673096179962
Breast Visium CID44971,spage,rbpms2,0.0413372828148434,0.09130411595106125
Breast Visium CID44971,spage,oxnad1,0.0388267561553285,0.23494872450828552
Breast Visium CID44971,spage,ca4,0.0337303221510522,0.05624275282025337
Breast Visium CID44971,spage,snx22,0.0307978598552231,0.15760280191898346
Breast Visium CID44971,spage,mal,0.0257414134635934,0.09503220021724701
Breast Visium CID44971,spage,fcrl1,0.0246553396456713,0.060752324759960175
Breast Visium CID44971,spage,znf385d,0.0229123797740088,0.07679100334644318
Breast Visium CID44971,spage,fosb,0.0211380598923709,0.4844498634338379
Breast Visium CID44971,spage,tcf7,0.0208738823146291,0.2566871643066406
Breast Visium CID44971,spage,xcl1,0.0185149806256911,0.10736189782619476
Breast Visium CID44971,spage,arhgap24,0.0071912862620805,0.12115833908319473
Breast Visium CID44971,spage,sh2d1b,0.0027528490756397,0.02605631947517395
Breast Visium CID44971,spage,hrct1,0.0009997458604272,0.05767495930194855
Breast Visium CID44971,spage,sardh,-0.0057507593681141,0.09979688376188278
Breast Visium CID44971,spage,st6galnac2,-0.0064593005701215,0.017326323315501213
Breast Visium CID44971,spage,inpp1,-0.0105527200969181,0.21485276520252228
Breast Visium CID44971,spage,nmur1,-0.0106570684229087,0.0
Breast Visium CID44971,spage,fcer2,-0.018465083894701,0.030503565445542336
Breast Visium CID44971,spage,vpreb3,-0.0187765022121797,0.029339589178562164
Breast Visium CID44971,spage,ppp2r5b,-0.0222643643637335,0.2494770884513855
Breast Visium CID44971,spage,rpl41,0.7090038855493429,0.995202362537384
Breast Visium CID44971,spage,rpl34,0.6440775578082483,0.9875833988189697
Breast Visium CID44971,spage,eef1a1,0.6075717972350406,0.9975372552871704
Breast Visium CID44971,spage,rpl35a,0.598663567918685,0.9791598916053772
Breast Visium CID44971,spage,rps12,0.5954001900595731,0.9910961389541626
Breast Visium CID44971,spage,hla-b,0.5948969473222757,0.9477899670600891
Breast Visium CID44971,spage,hla-dra,0.5847995595361007,0.7798640131950378
Breast Visium CID44971,spage,azgp1,0.5832860578372971,0.7322357296943665
Breast Visium CID44971,spage,pfn1,0.5794118264058964,0.9696254134178162
Breast Visium CID44971,spage,rps3a,0.565145399714801,0.9917358756065369
Breast Visium CID44971,spage,rps6,0.5505906054703226,0.9876352548599243
Breast Visium CID44971,spage,snrpe,0.5482473652396971,0.837758481502533
Breast Visium CID44971,spage,crabp1,0.5458263063496471,0.7597255110740662
Breast Visium CID44971,spage,dst,0.545434540078675,0.6786310076713562
Breast Visium CID44971,spage,hla-dqb1,0.545421370118188,0.7459087371826172
Breast Visium CID44971,spage,agr2,0.5390157752820308,0.5853909850120544
Breast Visium CID44971,spage,tspan7,0.5159486703653275,0.5443410873413086
Breast Visium CID44971,spage,rps27a,0.5069881177493238,0.9901847243309021
Breast Visium CID44971,spage,snrpd1,0.4943696514758565,0.7916573882102966
Breast Visium CID44971,spage,rpl15,0.4903359909141002,0.9840479493141174
Breast Visium CID44971,spage,tpt1,0.4804394575119164,0.9922451376914978
Breast Visium CID44971,spage,fxyd3,0.4793177334599894,0.6477538347244263
Breast Visium CID44971,spage,btf3,0.474933914730145,0.9037007689476013
Breast Visium CID44971,spage,ldhb,0.4682366617951661,0.8971478343009949
Breast Visium CID44971,spage,rps20,0.4667836778301289,0.9403513073921204
Breast Visium CID44971,spage,arf1,0.4629670854619587,0.9105871319770813
Breast Visium CID44971,spage,mlph,0.4603101628742672,0.5342506170272827
Breast Visium CID44971,spage,srgn,0.4568620513108316,0.738323986530304
Breast Visium CID44971,spage,gapdh,0.4556029304386979,0.978573739528656
Breast Visium CID44971,spage,rps23,0.453074696770924,0.9831501841545105
Breast Visium CID44971,spage,c1qb,0.448489229781394,0.5468983054161072
Breast Visium CID44971,spage,mdh2,0.4449233663097213,0.8353754281997681
Breast Visium CID44971,spage,arpc1b,0.4423719283751058,0.7544811367988586
Breast Visium CID44971,spage,sat1,0.440547787261923,0.8317051529884338
Breast Visium CID44971,spage,ptma,0.4340772271599535,0.9842192530632019
Breast Visium CID44971,spage,epcam,0.4291415048174891,0.7382424473762512
Breast Visium CID44971,spage,s100a11,0.418358807403136,0.9487180709838867
Breast Visium CID44971,spage,cd24,0.4181282409032716,0.7820221781730652
Breast Visium CID44971,spage,rasal3,0.4136801184098433,0.552089273929596
Breast Visium CID44971,spage,grn,0.4092510315340695,0.7482100129127502
Breast Visium CID44971,spage,rpl27a,0.4092386963946866,0.9677568078041077
Breast Visium CID44971,spage,ybx1,0.4055470838848217,0.8807450532913208
Breast Visium CID44971,spage,ppp1r14a,0.4017812278563455,0.5269978046417236
Breast Visium CID44971,spage,epas1,0.3996528438683472,0.520724892616272
Breast Visium CID44971,spage,jun,0.3993252913983632,0.7729523181915283
Breast Visium CID44971,spage,col1a1,0.3991730751209359,0.4798671305179596
Breast Visium CID44971,spage,rps5,0.3960212244788134,0.9707322120666504
Breast Visium CID44971,spage,dstn,0.3944359255730841,0.8435773849487305
Breast Visium CID44971,spage,srp9,0.3916704431263015,0.829437255859375
Breast Visium CID44971,spage,uqcrb,0.3870471816010248,0.9328450560569763
Breast Visium CID44971,spage,hddc2,0.3814428003439891,0.7163654565811157
Breast Visium CID44971,spage,aff3,0.3814091294759478,0.4403616786003113
Breast Visium CID44971,spage,sparc,0.3797529493854507,0.593275249004364
Breast Visium CID44971,spage,rps25,0.3797093505859363,0.9825928211212158
Breast Visium CID44971,spage,ifi27,0.3782543769742675,0.5820091962814331
Breast Visium CID44971,spage,rpl7,0.3763868383956624,0.96329265832901
Breast Visium CID44971,spage,snrpd2,0.3707161539762817,0.911900520324707
Breast Visium CID44971,spage,tacstd2,0.3701953712408879,0.6896821856498718
Breast Visium CID44971,spage,tpm1,0.3578788106529759,0.7372176051139832
Breast Visium CID44971,spage,cybb,0.3573067143575298,0.46649616956710815
Breast Visium CID44971,spage,cxcl2,0.3528547622384392,0.5023912787437439
Breast Visium CID44971,spage,capn8,0.3449100930925426,0.41534969210624695
Breast Visium CID44971,spage,col3a1,0.3444184304057252,0.4157981276512146
Breast Visium CID44971,spage,ifi16,0.3439338673570499,0.6262126564979553
Breast Visium CID44971,spage,cyba,0.3388997976852441,0.7889136075973511
Breast Visium CID44971,spage,zfp36,0.3376567728247086,0.8153454065322876
Breast Visium CID44971,spage,nutf2,0.3374743178238251,0.7021560072898865
Breast Visium CID44971,spage,dynlt1,0.33152429340569,0.8006412386894226
Breast Visium CID44971,spage,plek,0.3310195696436143,0.4623098373413086
Breast Visium CID44971,spage,pdia4,0.3294983359401909,0.7844834327697754
Breast Visium CID44971,spage,aif1l,0.3294122671275367,0.5543776750564575
Breast Visium CID44971,spage,il6st,0.3256039428869058,0.6617759466171265
Breast Visium CID44971,spage,aph1a,0.3243064287903454,0.783321738243103
Breast Visium CID44971,spage,hspg2,0.3194622440810312,0.47096681594848633
Breast Visium CID44971,spage,anxa3,0.3166682595693228,0.5692282915115356
Breast Visium CID44971,spage,il33,0.3160311535849807,0.36941200494766235
Breast Visium CID44971,spage,kdelr2,0.3145098556693177,0.8117128014564514
Breast Visium CID44971,spage,srpk1,0.3099633148033297,0.6342464089393616
Breast Visium CID44971,spage,il2rg,0.3064625942456216,0.5157768726348877
Breast Visium CID44971,spage,msr1,0.3017792930151576,0.3985480070114136
Breast Visium CID44971,spage,stom,0.2968806215298114,0.6474670767784119
Breast Visium CID44971,spage,serping1,0.2927654435799618,0.5919686555862427
Breast Visium CID44971,spage,rpl13a,0.2915224574953082,0.9674041271209717
Breast Visium CID44971,spage,ppp1ca,0.2902951342627709,0.7774595022201538
Breast Visium CID44971,spage,vps72,0.2896756473504942,0.6052739024162292
Breast Visium CID44971,spage,col17a1,0.2894089418652638,0.39127326011657715
Breast Visium CID44971,spage,gnai2,0.2863267149127326,0.7193440198898315
Breast Visium CID44971,spage,ufc1,0.2817411399797871,0.7602566480636597
Breast Visium CID44971,spage,col5a2,0.281717910126422,0.38524773716926575
Breast Visium CID44971,spage,rasef,0.2812484723618568,0.40461528301239014
Breast Visium CID44971,spage,cxcl16,0.2808530474741904,0.5331894159317017
Breast Visium CID44971,spage,limd2,0.2807916655282362,0.5973017811775208
Breast Visium CID44971,spage,map1b,0.280184019696034,0.4236299693584442
Breast Visium CID44971,spage,irf7,0.2801821932646714,0.5217120051383972
Breast Visium CID44971,spage,serpinh1,0.2794105204340664,0.7064149975776672
Breast Visium CID44971,spage,il16,0.277959314502271,0.44225266575813293
Breast Visium CID44971,spage,app,0.275085181742785,0.7935516238212585
Breast Visium CID44971,spage,palld,0.2741527659667866,0.5409930348396301
Breast Visium CID44971,spage,rnaset2,0.269874963520352,0.6998628377914429
Breast Visium CID44971,spage,myadm,0.269833130709985,0.6421716809272766
Breast Visium CID44971,spage,cd99,0.2693082789954263,0.7390221953392029
Breast Visium CID44971,spage,cd247,0.2683853061298293,0.4117833077907562
Breast Visium CID44971,spage,tmed2,0.2645228678179619,0.8147335648536682
Breast Visium CID44971,spage,samhd1,0.2644623394430071,0.5743675827980042
Breast Visium CID44971,spage,tmed9,0.2639525110053096,0.7293339371681213
Breast Visium CID44971,spage,eif4b,0.2636195582191447,0.8600696921348572
Breast Visium CID44971,spage,mt2a,0.2628827598723355,0.9060407876968384
Breast Visium CID44971,spage,kif12,0.2576465361349898,0.32288071513175964
Breast Visium CID44971,spage,plac9,0.2551662241048331,0.33883246779441833
Breast Visium CID44971,spage,h2afy,0.2499771966647153,0.7267143130302429
Breast Visium CID44971,spage,reep6,0.2481551250876926,0.36997848749160767
Breast Visium CID44971,spage,znf503,0.2471238354409856,0.3624253273010254
Breast Visium CID44971,spage,lrrc26,0.2458072722455013,0.3449666202068329
Breast Visium CID44971,spage,snrnp25,0.2455169415610515,0.5721696615219116
Breast Visium CID44971,spage,islr,0.2411865580642113,0.4066118001937866
Breast Visium CID44971,spage,tigit,0.2407058717022528,0.3782252371311188
Breast Visium CID44971,spage,tmem98,0.2406727854732746,0.4151608347892761
Breast Visium CID44971,spage,cd63,0.2374674968701845,0.8948559165000916
Breast Visium CID44971,spage,gas6,0.2318030564323856,0.5769314169883728
Breast Visium CID44971,spage,rnf130,0.229317561972091,0.6029403805732727
Breast Visium CID44971,spage,ndufa4l2,0.2285816403985059,0.27703607082366943
Breast Visium CID44971,spage,emp1,0.2277296153800373,0.43207302689552307
Breast Visium CID44971,spage,cldn5,0.2268955122289016,0.28614911437034607
Breast Visium CID44971,spage,pmepa1,0.2255486978433946,0.44575077295303345
Breast Visium CID44971,spage,golgb1,0.2254488215284366,0.6329782009124756
Breast Visium CID44971,spage,c1orf54,0.2232332081203944,0.356170117855072
Breast Visium CID44971,spage,il3ra,0.2220329115231625,0.2846446931362152
Breast Visium CID44971,spage,gimap7,0.221760896202092,0.38939139246940613
Breast Visium CID44971,spage,reep5,0.2209162470389319,0.6962652802467346
Breast Visium CID44971,spage,fcgr2a,0.2202712796193031,0.3527916669845581
Breast Visium CID44971,spage,dgka,0.2199562705333525,0.43793922662734985
Breast Visium CID44971,spage,runx3,0.2174624796442198,0.4139626920223236
Breast Visium CID44971,spage,tacc1,0.2174475766826511,0.4781985282897949
Breast Visium CID44971,spage,vps29,0.2169482612863131,0.6963098645210266
Breast Visium CID44971,spage,fam110d,0.2145933852834626,0.24585090577602386
Breast Visium CID44971,spage,ralgps2,0.2098555637797494,0.3028106093406677
Breast Visium CID44971,spage,cd69,0.2094487631510243,0.38966646790504456
Breast Visium CID44971,spage,rnase1,0.2047801473983398,0.37414583563804626
Breast Visium CID44971,spage,mfge8,0.2020467039227073,0.6578968167304993
Breast Visium CID44971,spage,cd79b,0.2020176913969243,0.3369712829589844
Breast Visium CID44971,spage,dok2,0.2016349523929298,0.3485243618488312
Breast Visium CID44971,spage,ctsk,0.1998412250533872,0.33208492398262024
Breast Visium CID44971,spage,dennd2d,0.1981071605417932,0.5352231860160828
Breast Visium CID44971,spage,nes,0.1976306962219907,0.442854106426239
Breast Visium CID44971,spage,acbd6,0.1967430343016603,0.5440292954444885
Breast Visium CID44971,spage,nedd9,0.1962596619748876,0.4813542366027832
Breast Visium CID44971,spage,nr2f2,0.1946287402745077,0.43345364928245544
Breast Visium CID44971,spage,fam49b,0.1938994262247011,0.5718567371368408
Breast Visium CID44971,spage,spcs3,0.1911782052231058,0.653437077999115
Breast Visium CID44971,spage,sec62,0.1899541750944973,0.6841725707054138
Breast Visium CID44971,spage,rabep1,0.1897326966838747,0.543186366558075
Breast Visium CID44971,spage,tspan13,0.1893828415191922,0.5083224773406982
Breast Visium CID44971,spage,emb,0.1890699568947181,0.40661925077438354
Breast Visium CID44971,spage,rasgrp2,0.1873484993327105,0.3500955402851105
Breast Visium CID44971,spage,bcam,0.1824933895007238,0.40298011898994446
Breast Visium CID44971,spage,eomes,0.180960245696364,0.28241103887557983
Breast Visium CID44971,spage,sdf2l1,0.1807535320017148,0.49014630913734436
Breast Visium CID44971,spage,mgll,0.1804476928040099,0.3556797206401825
Breast Visium CID44971,spage,abi3,0.1790203047876858,0.3414987027645111
Breast Visium CID44971,spage,prkch,0.1776957117277067,0.39131906628608704
Breast Visium CID44971,spage,ednrb,0.1760964783860095,0.24913473427295685
Breast Visium CID44971,spage,cdk2ap2,0.1756634672672767,0.5577511787414551
Breast Visium CID44971,spage,dbnl,0.1736067271659019,0.5677277445793152
Breast Visium CID44971,spage,hsp90aa1,0.1734160843725303,0.94436115026474
Breast Visium CID44971,spage,cyr61,0.173398529673172,0.585129976272583
Breast Visium CID44971,spage,tpst2,0.1729546517526995,0.43682947754859924
Breast Visium CID44971,spage,sod3,0.1709254805801543,0.2399369180202484
Breast Visium CID44971,spage,arid5b,0.170384281317226,0.5116921663284302
Breast Visium CID44971,spage,ier3,0.1688844198172848,0.5897915363311768
Breast Visium CID44971,spage,pnpla2,0.1681475302038774,0.627345621585846
Breast Visium CID44971,spage,syne1,0.1647676520825065,0.3489057421684265
Breast Visium CID44971,spage,fcmr,0.1647142256575538,0.3029504716396332
Breast Visium CID44971,spage,ccpg1,0.1628835587162359,0.44774577021598816
Breast Visium CID44971,spage,clmn,0.162328868342031,0.39751726388931274
Breast Visium CID44971,spage,gpr65,0.1619410899726004,0.27693599462509155
Breast Visium CID44971,spage,cyb561a3,0.1597823540329367,0.5064138174057007
Breast Visium CID44971,spage,sell,0.1597278132026703,0.34770894050598145
Breast Visium CID44971,spage,hm13,0.1591152235847517,0.7046857476234436
Breast Visium CID44971,spage,eif1,0.1573973089980659,0.94337397813797
Breast Visium CID44971,spage,igf1,0.1568662971569712,0.26228541135787964
Breast Visium CID44971,spage,gnly,0.1551725915809199,0.2573211193084717
Breast Visium CID44971,spage,hbegf,0.1544570371002615,0.2858028709888458
Breast Visium CID44971,spage,tmem173,0.153279771112437,0.4127027690410614
Breast Visium CID44971,spage,dck,0.1529137013387619,0.46413454413414
Breast Visium CID44971,spage,itm2a,0.1524902722864839,0.4607933461666107
Breast Visium CID44971,spage,man2b1,0.1516341769355127,0.24577496945858002
Breast Visium CID44971,spage,pax5,0.1515897081417463,0.17445889115333557
Breast Visium CID44971,spage,tnfrsf25,0.1509543826709408,0.34089258313179016
Breast Visium CID44971,spage,cd40,0.1497250988198053,0.32574960589408875
Breast Visium CID44971,spage,march1,0.1463352578037647,0.24857650697231293
Breast Visium CID44971,spage,traf4,0.1435492433152929,0.6029044389724731
Breast Visium CID44971,spage,cdkn3,0.1398387893839027,0.27445080876350403
Breast Visium CID44971,spage,pik3r3,0.1392664950167494,0.4473460912704468
Breast Visium CID44971,spage,slc3a2,0.1388234391475396,0.7031554579734802
Breast Visium CID44971,spage,atp2b1,0.136683800908411,0.5255852341651917
Breast Visium CID44971,spage,rapgef3,0.1362493310247307,0.19948036968708038
Breast Visium CID44971,spage,id2,0.1341029063396462,0.6487948894500732
Breast Visium CID44971,spage,rpa3,0.1339281813813024,0.5284888744354248
Breast Visium CID44971,spage,leprotl1,0.1338196032516356,0.516226589679718
Breast Visium CID44971,spage,cisd2,0.1300998621359478,0.5166302919387817
Breast Visium CID44971,spage,aqp3,0.1292071943696964,0.3575383722782135
Breast Visium CID44971,spage,nr2f1,0.1286507271880247,0.2570914030075073
Breast Visium CID44971,spage,ednra,0.1283214523822144,0.2016812115907669
Breast Visium CID44971,spage,rbm47,0.1237747261394054,0.4472348392009735
Breast Visium CID44971,spage,nt5e,0.123618459433381,0.18625734746456146
Breast Visium CID44971,spage,inpp4b,0.1229230309635687,0.2918030023574829
Breast Visium CID44971,spage,mctp1,0.1219778016287176,0.16674616932868958
Breast Visium CID44971,spage,tie1,0.1205920873303829,0.1711624264717102
Breast Visium CID44971,spage,ighm,0.1190709385531983,0.3575325012207031
Breast Visium CID44971,spage,c1qtnf1,0.1190127273841297,0.19639019668102264
Breast Visium CID44971,spage,acadvl,0.1189604974410888,0.7914462089538574
Breast Visium CID44971,spage,tmem109,0.11594051036571,0.5302126407623291
Breast Visium CID44971,spage,phactr1,0.1133467880762656,0.21653293073177338
Breast Visium CID44971,spage,trg-as1,0.1102786842107007,0.16821104288101196
Breast Visium CID44971,spage,derl3,0.1088832784800047,0.20922347903251648
Breast Visium CID44971,spage,ptpn4,0.1087013215650275,0.30377593636512756
Breast Visium CID44971,spage,foxs1,0.1084474478474196,0.1396857500076294
Breast Visium CID44971,spage,fxyd6,0.1080451128851943,0.3850620985031128
Breast Visium CID44971,spage,parva,0.1068407487899484,0.46744289994239807
Breast Visium CID44971,spage,lmcd1,0.1068365143604234,0.2843208909034729
Breast Visium CID44971,spage,dek,0.104647031012286,0.679347574710846
Breast Visium CID44971,spage,klf6,0.1046203555100277,0.8103194236755371
Breast Visium CID44971,spage,myd88,0.1043069428556599,0.4068991243839264
Breast Visium CID44971,spage,usp28,0.1013822402653723,0.4044446051120758
Breast Visium CID44971,spage,rbp7,0.1012446197271042,0.19494099915027618
Breast Visium CID44971,spage,hspa1b,0.1006047272144061,0.5289636850357056
Breast Visium CID44971,spage,pnoc,0.0992414191687168,0.12156971544027328
Breast Visium CID44971,spage,rhoh,0.0990922117238025,0.32973331212997437
Breast Visium CID44971,spage,rassf2,0.0990163150786139,0.3665018081665039
Breast Visium CID44971,spage,magi1,0.0982328677420472,0.362201988697052
Breast Visium CID44971,spage,cox4i2,0.0955104890346526,0.12769871950149536
Breast Visium CID44971,spage,gem,0.0951065023823641,0.3258097469806671
Breast Visium CID44971,spage,plpp5,0.0947009994011505,0.42671462893486023
Breast Visium CID44971,spage,stim1,0.0942346880483888,0.40320008993148804
Breast Visium CID44971,spage,rcsd1,0.0941351580227208,0.3580116927623749
Breast Visium CID44971,spage,foxp3,0.0940753747547851,0.17936784029006958
Breast Visium CID44971,spage,atp1a1,0.0930152755508919,0.7264783382415771
Breast Visium CID44971,spage,linc00861,0.0918895231388647,0.2060607522726059
Breast Visium CID44971,spage,plekhf1,0.0908274624680575,0.24262017011642456
Breast Visium CID44971,spage,xcl2,0.0905805542393944,0.1785472184419632
Breast Visium CID44971,spage,mir222hg,0.0898720502733137,0.1772414743900299
Breast Visium CID44971,spage,fam177a1,0.0895751525122507,0.5779763460159302
Breast Visium CID44971,spage,map3k8,0.088543896007932,0.36822807788848877
Breast Visium CID44971,spage,mef2c,0.0875248754139043,0.26179075241088867
Breast Visium CID44971,spage,hrc,0.0839019161372281,0.09554515033960342
Breast Visium CID44971,spage,fbln5,0.0836789486976818,0.281418114900589
Breast Visium CID44971,spage,notch4,0.0830455865818158,0.17793317139148712
Breast Visium CID44971,spage,b4galt7,0.0817324064931492,0.3512724041938782
Breast Visium CID44971,spage,eaf2,0.0785978885693614,0.16619227826595306
Breast Visium CID44971,spage,alox5,0.0784336796263737,0.19403362274169922
Breast Visium CID44971,spage,abhd15,0.0780473680417683,0.19203203916549683
Breast Visium CID44971,spage,erg,0.0778109450862225,0.13727588951587677
Breast Visium CID44971,spage,creld2,0.0775027921491662,0.41318297386169434
Breast Visium CID44971,spage,ttc38,0.071653234371208,0.270643413066864
Breast Visium CID44971,spage,hla-dob,0.0655581777400821,0.1752329021692276
Breast Visium CID44971,spage,taf15,0.0608241014274028,0.5622529983520508
Breast Visium CID44971,spage,snx29,0.0604979604368067,0.26610520482063293
Breast Visium CID44971,spage,akap12,0.0602563365986796,0.16816192865371704
Breast Visium CID44971,spage,cdc42ep3,0.0535991130043737,0.3297860026359558
Breast Visium CID44971,spage,gucy1a2,0.0517688331263203,0.07835934311151505
Breast Visium CID44971,spage,tbx21,0.0515739442634244,0.1106751337647438
Breast Visium CID44971,spage,trgc1,0.0486813988828357,0.0791330561041832
Breast Visium CID44971,spage,gapt,0.0452106481250819,0.11526145040988922
Breast Visium CID44971,spage,linc01197,0.0432520106422929,0.05869482085108757
Breast Visium CID44971,spage,fancb,0.0423430499745291,0.14791740477085114
Breast Visium CID44971,spage,map3k7cl,0.0423214072337211,0.08692684769630432
Breast Visium CID44971,spage,arc,0.0418947995383428,0.08965137600898743
Breast Visium CID44971,spage,sh3pxd2b,0.0417005091523325,0.2420291304588318
Breast Visium CID44971,spage,rasl12,0.0385406403192538,0.12029057741165161
Breast Visium CID44971,spage,ccdc88a,0.0382822792579896,0.29036766290664673
Breast Visium CID44971,spage,ephx1,0.0359290943490007,0.4164281487464905
Breast Visium CID44971,spage,capn12,0.0318685376750883,0.1872861534357071
Breast Visium CID44971,spage,krt86,0.0311592815255291,0.15180742740631104
Breast Visium CID44971,spage,ap1s2,0.0302110424307744,0.3512987494468689
Breast Visium CID44971,spage,lyst,0.0291927605691311,0.21146737039089203
Breast Visium CID44971,spage,krt81,0.0276633500040499,0.17169304192066193
Breast Visium CID44971,spage,mei1,0.0276132691658308,0.11217405647039413
Breast Visium CID44971,spage,dnajc1,0.0255221728637308,0.3587252199649811
Breast Visium CID44971,spage,znf331,0.0163566239849928,0.36412400007247925
Breast Visium CID44971,spage,frmd3,0.0160946641994059,0.10435246676206589
Breast Visium CID44971,spage,ier2,0.0157160772068994,0.733047366142273
Breast Visium CID44971,spage,ccr4,0.0142420371381264,0.046911563724279404
Breast Visium CID44971,spage,gpihbp1,0.0133737811419418,0.0513046570122242
Breast Visium CID44971,spage,shc1,0.0129965794432115,0.5193691253662109
Breast Visium CID44971,spage,cpne5,0.009780008857332,0.09826436638832092
Breast Visium CID44971,spage,cnr2,0.0072125027391007,0.028734488412737846
Breast Visium CID44971,spage,bach2,0.0070671810690243,0.1473597139120102
Breast Visium CID44971,spage,znf808,0.0027191849717872,0.17354142665863037
Breast Visium CID44971,spage,dusp4,-0.0012281007634584,0.39450570940971375
Breast Visium CID44971,spage,adgrg1,-0.0031160465837198,0.49331608414649963
Breast Visium CID44971,spage,or51e1,-0.0090224533486878,0.0
Breast Visium CID44971,spage,ighd,-0.012105588218907,0.006344288121908903
Breast Visium CID44971,spage,klrf1,-0.0145370257482839,0.04687764123082161
Breast Visium CID44971,spage,spink2,-0.0198884321931926,0.0
Breast Visium CID44971,spage,tcl1a,-0.020937387717835,0.0009458948625251651
Breast Visium CID44971,spage,rps18,0.6717489635338577,0.9934124946594238
Breast Visium CID44971,spage,rps14,0.6612776285978699,0.9874175190925598
Breast Visium CID44971,spage,rps24,0.6260239462009709,0.9838261604309082
Breast Visium CID44971,spage,abracl,0.5344910575029328,0.8265681862831116
Breast Visium CID44971,spage,rpl36a,0.5333585103379042,0.9484996795654297
Breast Visium CID44971,spage,tmsb4x,0.5246275967366262,0.9103969931602478
Breast Visium CID44971,spage,hla-dpb1,0.519600943754978,0.7608897686004639
Breast Visium CID44971,spage,mgst1,0.4957011899261515,0.7769951820373535
Breast Visium CID44971,spage,mt1x,0.4901964707127823,0.8355469107627869
Breast Visium CID44971,spage,pfdn2,0.4890217801227992,0.8028605580329895
Breast Visium CID44971,spage,mrpl51,0.4852626794794594,0.8383504152297974
Breast Visium CID44971,spage,rpl30,0.4833268064534148,0.9918619394302368
Breast Visium CID44971,spage,pfn2,0.4754566687768489,0.7157719731330872
Breast Visium CID44971,spage,sema3c,0.4750596207170088,0.5950136184692383
Breast Visium CID44971,spage,vwf,0.4717628098952496,0.5128058791160583
Breast Visium CID44971,spage,rplp0,0.4669989681695279,0.9837510585784912
Breast Visium CID44971,spage,hla-dqa1,0.4590760597520443,0.6636413931846619
Breast Visium CID44971,spage,rpl22,0.4568992366646872,0.9766473174095154
Breast Visium CID44971,spage,rpl8,0.4528323207188364,0.9893259406089783
Breast Visium CID44971,spage,lsm4,0.4452560255767778,0.7883205413818359
Breast Visium CID44971,spage,fkbp4,0.4432779757138559,0.7874547243118286
Breast Visium CID44971,spage,dusp1,0.4394025056892629,0.8391221165657043
Breast Visium CID44971,spage,prdx1,0.4392630460178016,0.9229437112808228
Breast Visium CID44971,spage,fbxo32,0.4353589160032747,0.6348831057548523
Breast Visium CID44971,spage,txnl1,0.433976121493838,0.7889577746391296
Breast Visium CID44971,spage,krt15,0.4251572660287572,0.7096868753433228
Breast Visium CID44971,spage,cd53,0.4249567662231387,0.612984836101532
Breast Visium CID44971,spage,ywhae,0.4157611602547907,0.8811590075492859
Breast Visium CID44971,spage,cd68,0.4141796409209087,0.5420202016830444
Breast Visium CID44971,spage,fcer1g,0.407802821243902,0.5475977659225464
Breast Visium CID44971,spage,tpm2,0.3978478278264857,0.551064670085907
Breast Visium CID44971,spage,ca12,0.3971305526457347,0.46762555837631226
Breast Visium CID44971,spage,mpc2,0.3951935343031018,0.7431896924972534
Breast Visium CID44971,spage,phb2,0.3899092463110427,0.8632689714431763
Breast Visium CID44971,spage,trbc1,0.3876985174618689,0.5995357036590576
Breast Visium CID44971,spage,tpd52l1,0.3842885953862952,0.7262371778488159
Breast Visium CID44971,spage,sparcl1,0.3813917775420242,0.5764530897140503
Breast Visium CID44971,spage,lyz,0.3781682818037146,0.5038431882858276
Breast Visium CID44971,spage,csrp1,0.3779454568977787,0.7973668575286865
Breast Visium CID44971,spage,npm1,0.3766911814037978,0.8887962102890015
Breast Visium CID44971,spage,rac2,0.3692146315618271,0.5877885818481445
Breast Visium CID44971,spage,s100a4,0.3677341547329997,0.6911233067512512
Breast Visium CID44971,spage,rbm17,0.3664507202836307,0.7708108425140381
Breast Visium CID44971,spage,prdx6,0.3641053442014277,0.835202693939209
Breast Visium CID44971,spage,ran,0.3640679488734697,0.8663790225982666
Breast Visium CID44971,spage,eif3l,0.3625930207929431,0.8453601598739624
Breast Visium CID44971,spage,npc2,0.3623529320299574,0.7982391119003296
Breast Visium CID44971,spage,cd48,0.3615183188983623,0.5371139049530029
Breast Visium CID44971,spage,hla-dma,0.358044533772546,0.6020088195800781
Breast Visium CID44971,spage,igfbp4,0.3575605115315074,0.630333423614502
Breast Visium CID44971,spage,zg16b,0.3563586776860663,0.4408368468284607
Breast Visium CID44971,spage,snx3,0.3501050458791367,0.8483405709266663
Breast Visium CID44971,spage,pdzk1ip1,0.3476402868496058,0.5008159279823303
Breast Visium CID44971,spage,fcgr3a,0.3457260807325225,0.47413983941078186
Breast Visium CID44971,spage,ranbp1,0.3445550774443892,0.7177923321723938
Breast Visium CID44971,spage,cdh1,0.3431631988477401,0.6485991477966309
Breast Visium CID44971,spage,plvap,0.3371800934540049,0.41630303859710693
Breast Visium CID44971,spage,dmkn,0.3360663669548531,0.5279650092124939
Breast Visium CID44971,spage,aqp1,0.3343160922898544,0.442463755607605
Breast Visium CID44971,spage,ppa1,0.3332731137428233,0.813748300075531
Breast Visium CID44971,spage,id3,0.3316899886309212,0.5250198841094971
Breast Visium CID44971,spage,wls,0.3298771342479935,0.4886374771595001
Breast Visium CID44971,spage,lum,0.3296632482543888,0.43812569975852966
Breast Visium CID44971,spage,gmfg,0.322435050078726,0.5431866645812988
Breast Visium CID44971,spage,ccna2,0.3205586380603289,0.459273099899292
Breast Visium CID44971,spage,ctsh,0.3153226714119375,0.623715341091156
Breast Visium CID44971,spage,ms4a6a,0.3123279668153105,0.44135400652885437
Breast Visium CID44971,spage,fgl2,0.3095495150335518,0.46376776695251465
Breast Visium CID44971,spage,lgals9,0.3093343213348125,0.5050987005233765
Breast Visium CID44971,spage,ccl5,0.3054622230158912,0.5985808372497559
Breast Visium CID44971,spage,cd37,0.3049430195062101,0.5284003019332886
Breast Visium CID44971,spage,itm2b,0.3040745844159816,0.9392021894454956
Breast Visium CID44971,spage,sh3yl1,0.3003550524056397,0.6483519673347473
Breast Visium CID44971,spage,cd3d,0.3001532974490987,0.5032411217689514
Breast Visium CID44971,spage,gzma,0.2994464299586948,0.44796276092529297
Breast Visium CID44971,spage,lyn,0.290703196761528,0.4440224766731262
Breast Visium CID44971,spage,mt-atp8,0.2890957402803801,0.6953731775283813
Breast Visium CID44971,spage,shroom3,0.2876864079971807,0.4380158483982086
Breast Visium CID44971,spage,tmc4,0.2848366259399599,0.44843462109565735
Breast Visium CID44971,spage,gja4,0.2841096852525584,0.3293057084083557
Breast Visium CID44971,spage,eif3h,0.2839283926236376,0.816794216632843
Breast Visium CID44971,spage,spi1,0.2807806038873254,0.40817534923553467
Breast Visium CID44971,spage,hcls1,0.2790401895960157,0.5014356970787048
Breast Visium CID44971,spage,rps27,0.2737663898141768,0.9900581240653992
Breast Visium CID44971,spage,cd6,0.2734959039370667,0.480190247297287
Breast Visium CID44971,spage,cobl,0.2732478484508459,0.3954716920852661
Breast Visium CID44971,spage,krt8,0.2719793604633811,0.7210255265235901
Breast Visium CID44971,spage,rnase4,0.268691533135966,0.4260409474372864
Breast Visium CID44971,spage,vmp1,0.2677488070540049,0.8079476952552795
Breast Visium CID44971,spage,btg2,0.2670712171777299,0.5757886171340942
Breast Visium CID44971,spage,dut,0.2659390509249241,0.7182801365852356
Breast Visium CID44971,spage,mfap2,0.2646201305946968,0.5316094756126404
Breast Visium CID44971,spage,lgals3bp,0.2635255171060419,0.5994563102722168
Breast Visium CID44971,spage,olfml3,0.2622827223844135,0.4313996732234955
Breast Visium CID44971,spage,uba52,0.2620745870669995,0.9785922765731812
Breast Visium CID44971,spage,loxl1,0.2611809310763216,0.33809417486190796
Breast Visium CID44971,spage,impdh2,0.2585961259394727,0.73903489112854
Breast Visium CID44971,spage,itgb7,0.2582450404666922,0.3975491523742676
Breast Visium CID44971,spage,col4a2,0.257945130319059,0.5884231925010681
Breast Visium CID44971,spage,cd3e,0.2579173614960534,0.48372650146484375
Breast Visium CID44971,spage,atp1b1,0.2576370682733959,0.6297093033790588
Breast Visium CID44971,spage,cdk1,0.25706266648578,0.430244505405426
Breast Visium CID44971,spage,sash3,0.2553463130941292,0.37622085213661194
Breast Visium CID44971,spage,cd34,0.247025846640914,0.3185022473335266
Breast Visium CID44971,spage,zwint,0.2444762072310668,0.41031408309936523
Breast Visium CID44971,spage,ikzf1,0.2438362681462089,0.43264666199684143
Breast Visium CID44971,spage,hspa5,0.2420039508373178,0.7866474390029907
Breast Visium CID44971,spage,cytip,0.2417239214696675,0.43185874819755554
Breast Visium CID44971,spage,spry1,0.2413478717563665,0.40497273206710815
Breast Visium CID44971,spage,mmp2,0.2408405819484823,0.4167426526546478
Breast Visium CID44971,spage,ptafr,0.2407456358926946,0.31214284896850586
Breast Visium CID44971,spage,dusp2,0.240102374918061,0.476399302482605
Breast Visium CID44971,spage,krtcap2,0.239441460002213,0.7643754482269287
Breast Visium CID44971,spage,ddx39a,0.2386369196414622,0.6188524961471558
Breast Visium CID44971,spage,msrb3,0.2381136488936387,0.36613520979881287
Breast Visium CID44971,spage,slc2a3,0.2377179497439695,0.41668301820755005
Breast Visium CID44971,spage,atp6v0e1,0.2366426046188273,0.7987621426582336
Breast Visium CID44971,spage,ctsf,0.2358958704723098,0.49585992097854614
Breast Visium CID44971,spage,dusp6,0.2354460464263119,0.5209056735038757
Breast Visium CID44971,spage,sla,0.2341979803770489,0.43527084589004517
Breast Visium CID44971,spage,mt-co3,0.2317804995871765,0.9841193556785583
Breast Visium CID44971,spage,ucp2,0.2284262926023055,0.49543213844299316
Breast Visium CID44971,spage,glt8d2,0.2276578098920537,0.3350284993648529
Breast Visium CID44971,spage,oaz1,0.2268692321020595,0.9165776371955872
Breast Visium CID44971,spage,arrb2,0.2262277599464401,0.4956431984901428
Breast Visium CID44971,spage,slamf7,0.225428203130293,0.3618263304233551
Breast Visium CID44971,spage,socs1,0.2240468870410328,0.485246866941452
Breast Visium CID44971,spage,hprt1,0.2237873337104337,0.5221980810165405
Breast Visium CID44971,spage,filip1l,0.2224808431308876,0.3488720953464508
Breast Visium CID44971,spage,comt,0.2219220774153498,0.6892002820968628
Breast Visium CID44971,spage,arhgdia,0.220875878732263,0.8256984949111938
Breast Visium CID44971,spage,slc9a3r1,0.220871614755946,0.7082920670509338
Breast Visium CID44971,spage,adgrf5,0.2204835107786975,0.2820168137550354
Breast Visium CID44971,spage,batf,0.2200364518320948,0.4148314893245697
Breast Visium CID44971,spage,stard10,0.2199014021056697,0.573538064956665
Breast Visium CID44971,spage,cd7,0.2196349635280801,0.4120970070362091
Breast Visium CID44971,spage,crip2,0.2190832593082189,0.5584610104560852
Breast Visium CID44971,spage,dkk3,0.2175178710868648,0.39021891355514526
Breast Visium CID44971,spage,hla-doa,0.2171066398083232,0.3613065481185913
Breast Visium CID44971,spage,cd27,0.2167633334953895,0.3816089630126953
Breast Visium CID44971,spage,cd59,0.2154729061535902,0.8104525208473206
Breast Visium CID44971,spage,apobec3g,0.2148273013219269,0.4066697359085083
Breast Visium CID44971,spage,tmem160,0.2137322575333972,0.7222399115562439
Breast Visium CID44971,spage,lat2,0.2126251340890004,0.3253694474697113
Breast Visium CID44971,spage,hnrnpa0,0.212204437038764,0.7684818506240845
Breast Visium CID44971,spage,mnda,0.2112612015933771,0.29381561279296875
Breast Visium CID44971,spage,pycard,0.2107422417288093,0.6840055584907532
Breast Visium CID44971,spage,jam2,0.2106433079270441,0.3058144450187683
Breast Visium CID44971,spage,olfm1,0.2093312807959285,0.27166548371315
Breast Visium CID44971,spage,laptm4a,0.2089947956290706,0.8394203186035156
Breast Visium CID44971,spage,trem2,0.206132536745121,0.34918370842933655
Breast Visium CID44971,spage,pttg1,0.2050125807351046,0.48745211958885193
Breast Visium CID44971,spage,pstpip1,0.2042111814358397,0.37297821044921875
Breast Visium CID44971,spage,manf,0.2041049785565617,0.6270663738250732
Breast Visium CID44971,spage,junb,0.2036733907227236,0.7242993116378784
Breast Visium CID44971,spage,cap1,0.2033347053493638,0.7626783847808838
Breast Visium CID44971,spage,lman2,0.1989460005377641,0.7008665800094604
Breast Visium CID44971,spage,h3f3b,0.1972253018385474,0.9462734460830688
Breast Visium CID44971,spage,wfdc1,0.194016342523196,0.2101297825574875
Breast Visium CID44971,spage,atg3,0.1929047903668951,0.5952467322349548
Breast Visium CID44971,spage,erp29,0.1928769354819683,0.7647680640220642
Breast Visium CID44971,spage,lag3,0.1924175162222165,0.3528051972389221
Breast Visium CID44971,spage,lpp,0.1911020093426893,0.5531175136566162
Breast Visium CID44971,spage,uba2,0.1908138118576809,0.635735273361206
Breast Visium CID44971,spage,eid1,0.1901508355424171,0.6618887186050415
Breast Visium CID44971,spage,sox17,0.1893821797725837,0.21743904054164886
Breast Visium CID44971,spage,clec11a,0.1885688840631743,0.4153011441230774
Breast Visium CID44971,spage,tmem106c,0.186971716082771,0.5900644063949585
Breast Visium CID44971,spage,rgs19,0.1853741011317806,0.4611104130744934
Breast Visium CID44971,spage,thbd,0.1853181167389992,0.28212690353393555
Breast Visium CID44971,spage,prc1,0.1843538597426238,0.34093138575553894
Breast Visium CID44971,spage,prdx4,0.1838593311125116,0.6352975964546204
Breast Visium CID44971,spage,ggt5,0.1820500797398578,0.34669390320777893
Breast Visium CID44971,spage,samd3,0.1812571399878157,0.2517143785953522
Breast Visium CID44971,spage,edn1,0.1809892451135759,0.3027704060077667
Breast Visium CID44971,spage,cflar,0.178463040796143,0.6656650304794312
Breast Visium CID44971,spage,mall,0.1781500472569339,0.25920161604881287
Breast Visium CID44971,spage,lmnb1,0.1767987800462,0.35931962728500366
Breast Visium CID44971,spage,sec11c,0.1759504129260534,0.666314959526062
Breast Visium CID44971,spage,hck,0.1729853232783765,0.26491063833236694
Breast Visium CID44971,spage,gpx3,0.1719962752958424,0.31363219022750854
Breast Visium CID44971,spage,plpp3,0.1698726145812789,0.4818948209285736
Breast Visium CID44971,spage,pilra,0.1695821349402131,0.25963395833969116
Breast Visium CID44971,spage,sae1,0.1692291697538616,0.5190081596374512
Breast Visium CID44971,spage,cpvl,0.1690064809139398,0.2973923087120056
Breast Visium CID44971,spage,fabp4,0.1682637607057867,0.2584766745567322
Breast Visium CID44971,spage,tmem204,0.1673052642765847,0.32418057322502136
Breast Visium CID44971,spage,pak1,0.1668899020802269,0.5053028464317322
Breast Visium CID44971,spage,myct1,0.1661442469717465,0.2004503607749939
Breast Visium CID44971,spage,adam12,0.164950018371844,0.2798311710357666
Breast Visium CID44971,spage,ssr4,0.1638228218632449,0.9179767966270447
Breast Visium CID44971,spage,tnfaip3,0.1594346796374687,0.5021472573280334
Breast Visium CID44971,spage,mcm3,0.1590040570446675,0.5448376536369324
Breast Visium CID44971,spage,pdgfrb,0.1582857119504756,0.29216262698173523
Breast Visium CID44971,spage,rftn1,0.1527602004459495,0.3737553060054779
Breast Visium CID44971,spage,igfbp2,0.1526116022538175,0.3887096643447876
Breast Visium CID44971,spage,zbp1,0.1521784682543745,0.22500404715538025
Breast Visium CID44971,spage,cav2,0.1517813916206111,0.47058334946632385
Breast Visium CID44971,spage,ubc,0.1515837495316726,0.9403619170188904
Breast Visium CID44971,spage,ccl4,0.1493437548249299,0.4045850932598114
Breast Visium CID44971,spage,apold1,0.148808408214334,0.29820865392684937
Breast Visium CID44971,spage,arhgap31,0.1485116954809664,0.3081221282482147
Breast Visium CID44971,spage,cd36,0.1465091379256838,0.26696139574050903
Breast Visium CID44971,spage,clec4a,0.1457921717661975,0.21499647200107574
Breast Visium CID44971,spage,aldh2,0.1422907954772005,0.31103432178497314
Breast Visium CID44971,spage,tpst1,0.1387172453103812,0.2566997706890106
Breast Visium CID44971,spage,cd28,0.1376445724047318,0.21408787369728088
Breast Visium CID44971,spage,yeats4,0.1345500448192783,0.39012399315834045
Breast Visium CID44971,spage,derl1,0.1316890940261126,0.5907081961631775
Breast Visium CID44971,spage,ebf1,0.1299885091358287,0.21349135041236877
Breast Visium CID44971,spage,ptk2,0.1293685765452506,0.49952855706214905
Breast Visium CID44971,spage,ehd4,0.1288191068281055,0.42154204845428467
Breast Visium CID44971,spage,st6galnac3,0.128136748199911,0.1646040827035904
Breast Visium CID44971,spage,saraf,0.124882373430736,0.7576501965522766
Breast Visium CID44971,spage,fgd2,0.1239180830191914,0.22386562824249268
Breast Visium CID44971,spage,lyl1,0.1238219964451398,0.21594305336475372
Breast Visium CID44971,spage,sgce,0.123106743301329,0.2854119837284088
Breast Visium CID44971,spage,s100a16,0.1226864111239089,0.5462365746498108
Breast Visium CID44971,spage,mkl2,0.1215746147743406,0.37534284591674805
Breast Visium CID44971,spage,nrp1,0.1202900738015635,0.3107590973377228
Breast Visium CID44971,spage,mtus1,0.1191105277563777,0.32796934247016907
Breast Visium CID44971,spage,ncaph,0.118669939447723,0.24002686142921448
Breast Visium CID44971,spage,nostrin,0.1168051296442284,0.1949622482061386
Breast Visium CID44971,spage,tespa1,0.1151362183716915,0.2033672034740448
Breast Visium CID44971,spage,pced1b,0.1149748309797116,0.2861575484275818
Breast Visium CID44971,spage,p2ry6,0.1138838788225427,0.1758846789598465
Breast Visium CID44971,spage,fam96a,0.1134392022141353,0.4926373362541199
Breast Visium CID44971,spage,icos,0.1109313679833844,0.21872219443321228
Breast Visium CID44971,spage,crispld2,0.1093663747754978,0.27863848209381104
Breast Visium CID44971,spage,h2afj,0.1085493195086353,0.6753188371658325
Breast Visium CID44971,spage,ldlrap1,0.1081950508555103,0.36173415184020996
Breast Visium CID44971,spage,cdc37,0.1051841657385655,0.7293412089347839
Breast Visium CID44971,spage,ehf,0.1009748426736107,0.21500295400619507
Breast Visium CID44971,spage,hsd17b8,0.0977492831364583,0.2802298367023468
Breast Visium CID44971,spage,fam167b,0.0975654787110389,0.14784236252307892
Breast Visium CID44971,spage,sh2d2a,0.0953203738274281,0.24234704673290253
Breast Visium CID44971,spage,hpgd,0.0941424787373371,0.24800097942352295
Breast Visium CID44971,spage,sorbs3,0.0915642992731621,0.46627116203308105
Breast Visium CID44971,spage,gjc1,0.0891697381565463,0.13412831723690033
Breast Visium CID44971,spage,gzmh,0.0869425052860593,0.18881116807460785
Breast Visium CID44971,spage,pbxip1,0.0865130674118351,0.6048038601875305
Breast Visium CID44971,spage,slfn12l,0.085926503303895,0.1379355788230896
Breast Visium CID44971,spage,actn4,0.0853511707143633,0.805500328540802
Breast Visium CID44971,spage,kcnj8,0.0830569687936515,0.14536680281162262
Breast Visium CID44971,spage,atf3,0.0801297194421665,0.46403929591178894
Breast Visium CID44971,spage,slit3,0.0770576604269694,0.1648804098367691
Breast Visium CID44971,spage,dad1,0.0719638298260759,0.6851891875267029
Breast Visium CID44971,spage,rfc3,0.0698741799179152,0.2641965448856354
Breast Visium CID44971,spage,ldlrad4,0.0697542590880721,0.3667786121368408
Breast Visium CID44971,spage,ldb2,0.0685363407754701,0.14980925619602203
Breast Visium CID44971,spage,cd22,0.0681813361239528,0.11598522961139679
Breast Visium CID44971,spage,ccr6,0.0665127644089682,0.1594897359609604
Breast Visium CID44971,spage,tmem208,0.0638035725375417,0.5629993677139282
Breast Visium CID44971,spage,egflam,0.0588818358383483,0.14381349086761475
Breast Visium CID44971,spage,cd160,0.056294754711946,0.08915798366069794
Breast Visium CID44971,spage,palmd,0.0558119817299403,0.20458750426769257
Breast Visium CID44971,spage,stag3,0.0553836078012885,0.15742604434490204
Breast Visium CID44971,spage,arl15,0.0552589884236801,0.1807631254196167
Breast Visium CID44971,spage,cenpk,0.0544070023553553,0.18287798762321472
Breast Visium CID44971,spage,ncr3,0.0541130968513873,0.08822094649076462
Breast Visium CID44971,spage,rasl11a,0.0530170976522456,0.08350034058094025
Breast Visium CID44971,spage,btnl9,0.0508351467938405,0.11012427508831024
Breast Visium CID44971,spage,cd244,0.0499239256324085,0.08994781970977783
Breast Visium CID44971,spage,stard3nl,0.047716110373625,0.3313366770744324
Breast Visium CID44971,spage,pgf,0.0475307438436966,0.16832958161830902
Breast Visium CID44971,spage,krt5,0.0471990616422522,0.5869447588920593
Breast Visium CID44971,spage,arhgap18,0.0470089476276164,0.32016682624816895
Breast Visium CID44971,spage,tnfrsf9,0.0469498070259484,0.12603509426116943
Breast Visium CID44971,spage,txndc11,0.0438180233176592,0.40196624398231506
Breast Visium CID44971,spage,ptpn22,0.0432501572006122,0.1868741512298584
Breast Visium CID44971,spage,trat1,0.0396706680487891,0.1389002948999405
Breast Visium CID44971,spage,tnfsf14,0.0389771465386602,0.11393546313047409
Breast Visium CID44971,spage,chst12,0.0375487805124095,0.28905782103538513
Breast Visium CID44971,spage,mmp25-as1,0.0372040018882746,0.2605234682559967
Breast Visium CID44971,spage,pdgfrl,0.0367874296049707,0.12845726311206818
Breast Visium CID44971,spage,cep112,0.0292069375119603,0.09340529888868332
Breast Visium CID44971,spage,ube2j1,0.0284475757708158,0.48505041003227234
Breast Visium CID44971,spage,blnk,0.0220897977674669,0.19598661363124847
Breast Visium CID44971,spage,trdc,0.0210240608195552,0.08495721966028214
Breast Visium CID44971,spage,ttll10,0.020245202921385,0.05176670104265213
Breast Visium CID44971,spage,ankrd29,0.0201333398243961,0.11473217606544495
Breast Visium CID44971,spage,pbx4,0.0200654825679305,0.13783498108386993
Breast Visium CID44971,spage,moxd1,0.0185312536859735,0.12863729894161224
Breast Visium CID44971,spage,fam20a,0.0163075625105598,0.1436534821987152
Breast Visium CID44971,spage,b3gnt7,0.013219017735667,0.09202904999256134
Breast Visium CID44971,spage,ppp1r15a,0.012693081389808,0.4242956042289734
Breast Visium CID44971,spage,epb41l4a,0.0106538823078979,0.09766202419996262
Breast Visium CID44971,spage,clspn,-0.000679979222755,0.059974219650030136
Breast Visium CID44971,spage,lilra4,-0.0023245738957559,0.05575688183307648
Breast Visium CID44971,spage,tnfsf8,-0.0065010732904412,0.049292657524347305
Breast Visium CID44971,spage,sarm1,-0.0077927015638647,0.1753665953874588
Breast Visium CID44971,spage,hspa1a,-0.0150848550387965,0.6887845993041992
Breast Visium CID44971,spage,sytl3,-0.0266105830859085,0.14340554177761078
Breast Visium CID44971,spage,tmem154,-0.0497401231652781,0.08577705174684525
Breast Visium CID44971,spage,ankrd28,-0.0558252139021548,0.33925172686576843
Breast Visium CID44971,spage,rpl13,0.6840076050029642,0.9954180121421814
Breast Visium CID44971,spage,stmn1,0.6452673926050881,0.8609316945075989
Breast Visium CID44971,spage,rps8,0.6335822952540516,0.992189347743988
Breast Visium CID44971,spage,rpl10a,0.6084699909006763,0.974356472492218
Breast Visium CID44971,spage,rps21,0.5953435330743454,0.9863547682762146
Breast Visium CID44971,spage,pigr,0.5923593922376297,0.6561948657035828
Breast Visium CID44971,spage,strap,0.5847337777069417,0.8502330780029297
Breast Visium CID44971,spage,laptm5,0.5431614532276332,0.7756181359291077
Breast Visium CID44971,spage,h3f3a,0.5427486526299508,0.9714232683181763
Breast Visium CID44971,spage,agr3,0.5374818482294323,0.5868697166442871
Breast Visium CID44971,spage,rpl6,0.5354222250188702,0.9726448655128479
Breast Visium CID44971,spage,tuba1b,0.5253310992000124,0.9261542558670044
Breast Visium CID44971,spage,areg,0.5202718334175449,0.6385036706924438
Breast Visium CID44971,spage,hla-c,0.5180203017723746,0.9308091402053833
Breast Visium CID44971,spage,hla-drb1,0.5099070871828463,0.7722311019897461
Breast Visium CID44971,spage,itgb2,0.5083795411606999,0.7211447954177856
Breast Visium CID44971,spage,dcdc2,0.5004285738509143,0.5416049957275391
Breast Visium CID44971,spage,tyrobp,0.4956146894482878,0.6293134689331055
Breast Visium CID44971,spage,mlf2,0.4944327257726832,0.8480240106582642
Breast Visium CID44971,spage,rpl36,0.4928390829021342,0.9874790906906128
Breast Visium CID44971,spage,rheb,0.4859818483383868,0.8353752493858337
Breast Visium CID44971,spage,rps9,0.4730879954717691,0.9810759425163269
Breast Visium CID44971,spage,psmb9,0.4680717987251634,0.7210847735404968
Breast Visium CID44971,spage,s100a1,0.4638824735935419,0.5274266600608826
Breast Visium CID44971,spage,pebp1,0.4526677984246841,0.8904502391815186
Breast Visium CID44971,spage,rps19,0.4510085099242973,0.9929928779602051
Breast Visium CID44971,spage,arpc1a,0.4489599812475743,0.7921635508537292
Breast Visium CID44971,spage,tbx3,0.4455902727144368,0.5340243577957153
Breast Visium CID44971,spage,myh11,0.4375386791902195,0.5023508667945862
Breast Visium CID44971,spage,ndufb4,0.4193860781619067,0.866987407207489
Breast Visium CID44971,spage,lsp1,0.4189664481517111,0.6650220155715942
Breast Visium CID44971,spage,ndufs5,0.4081761310837607,0.9026747345924377
Breast Visium CID44971,spage,eng,0.4064732826175715,0.5682627558708191
Breast Visium CID44971,spage,malat1,0.4014438690789442,0.9494704604148865
Breast Visium CID44971,spage,lgals3,0.4010082204616849,0.7674316763877869
Breast Visium CID44971,spage,cd52,0.3998220000461543,0.6465297341346741
Breast Visium CID44971,spage,errfi1,0.3977197864435413,0.6543840765953064
Breast Visium CID44971,spage,rps2,0.3957885978746225,0.9857619404792786
Breast Visium CID44971,spage,camta1,0.3933940568007912,0.7721964716911316
Breast Visium CID44971,spage,cst3,0.3931086859742396,0.7187740206718445
Breast Visium CID44971,spage,sh3bgrl3,0.3911509344745867,0.8936054110527039
Breast Visium CID44971,spage,sec61g,0.3873375049116321,0.8376180529594421
Breast Visium CID44971,spage,pcna,0.385978462847822,0.7247036695480347
Breast Visium CID44971,spage,jtb,0.3821598512984588,0.8769765496253967
Breast Visium CID44971,spage,actn1,0.3813894232443079,0.7602391242980957
Breast Visium CID44971,spage,sumo1,0.3759744026182017,0.763785183429718
Breast Visium CID44971,spage,pcbp2,0.3758353032334606,0.9394621253013611
Breast Visium CID44971,spage,cmas,0.3733273272382082,0.6575978994369507
Breast Visium CID44971,spage,mrps21,0.3727233246353193,0.8506532907485962
Breast Visium CID44971,spage,eif3d,0.3661726634220303,0.7161964178085327
Breast Visium CID44971,spage,sec61b,0.3593685575796492,0.8676620721817017
Breast Visium CID44971,spage,tbc1d9,0.3557786751916,0.5107844471931458
Breast Visium CID44971,spage,snrpc,0.3541052474174976,0.7729957699775696
Breast Visium CID44971,spage,spdef,0.3539119587303816,0.5326353311538696
Breast Visium CID44971,spage,hspb1,0.3529593034317946,0.8391733169555664
Breast Visium CID44971,spage,maged2,0.3521380270620134,0.7706516981124878
Breast Visium CID44971,spage,aldh7a1,0.3491563967677464,0.6212252974510193
Breast Visium CID44971,spage,ssu72,0.3474697304175905,0.8216524124145508
Breast Visium CID44971,spage,anxa1,0.3449159129793187,0.7543622255325317
Breast Visium CID44971,spage,klf2,0.3358140363914859,0.6083229184150696
Breast Visium CID44971,spage,rpsa,0.3358083086329463,0.9746884703636169
Breast Visium CID44971,spage,bgn,0.3338137934838162,0.4508346915245056
Breast Visium CID44971,spage,nhp2,0.3288752182688346,0.7903410792350769
Breast Visium CID44971,spage,gng11,0.3281705420023332,0.40970367193222046
Breast Visium CID44971,spage,nkg7,0.3263262284255915,0.4971269369125366
Breast Visium CID44971,spage,ltb,0.3259134142369671,0.5442278385162354
Breast Visium CID44971,spage,a2m,0.3249079624817192,0.5655058026313782
Breast Visium CID44971,spage,emcn,0.3247286713901437,0.37546125054359436
Breast Visium CID44971,spage,calm3,0.3246970938170651,0.7967685461044312
Breast Visium CID44971,spage,scpep1,0.323796018437656,0.6878058314323425
Breast Visium CID44971,spage,csta,0.3227144458431164,0.556483268737793
Breast Visium CID44971,spage,neat1,0.3144060412934883,0.8017082214355469
Breast Visium CID44971,spage,oxtr,0.3084097574044705,0.39313235878944397
Breast Visium CID44971,spage,arpc3,0.3045009692549104,0.8566838502883911
Breast Visium CID44971,spage,psmb8,0.3000777395426149,0.6662340760231018
Breast Visium CID44971,spage,dynlrb1,0.2949957762136405,0.8179367184638977
Breast Visium CID44971,spage,hebp1,0.2933353217571262,0.660436749458313
Breast Visium CID44971,spage,esam,0.2908873235261752,0.3507241904735565
Breast Visium CID44971,spage,fstl1,0.2890248581747594,0.4426559805870056
Breast Visium CID44971,spage,acta2,0.2883285177117087,0.6915841698646545
Breast Visium CID44971,spage,tcea1,0.2857489223306288,0.6912523508071899
Breast Visium CID44971,spage,ncf1,0.2852349010349126,0.4754929840564728
Breast Visium CID44971,spage,cd83,0.2842266509479014,0.4582231938838959
Breast Visium CID44971,spage,il2rb,0.2827539141100976,0.40664494037628174
Breast Visium CID44971,spage,cnn3,0.2806099640388369,0.5232619047164917
Breast Visium CID44971,spage,spock2,0.2803363424924895,0.5169121623039246
Breast Visium CID44971,spage,mad2l1,0.2801907126556935,0.466480016708374
Breast Visium CID44971,spage,spcs1,0.2787501968512158,0.7973165512084961
Breast Visium CID44971,spage,polr2i,0.2769546422106555,0.7603533864021301
Breast Visium CID44971,spage,dsp,0.2690353224606256,0.6887227296829224
Breast Visium CID44971,spage,adgre5,0.2680619508875095,0.499613881111145
Breast Visium CID44971,spage,perp,0.2669547752082087,0.7463921904563904
Breast Visium CID44971,spage,lilrb4,0.2611641848169129,0.35412001609802246
Breast Visium CID44971,spage,fam210b,0.2608518061889676,0.6741548180580139
Breast Visium CID44971,spage,adam15,0.2604175648543694,0.6659465432167053
Breast Visium CID44971,spage,dcn,0.2599778501749367,0.41499006748199463
Breast Visium CID44971,spage,gsn,0.2588724613923946,0.7416648268699646
Breast Visium CID44971,spage,csf1r,0.2588699258815257,0.39367884397506714
Breast Visium CID44971,spage,coa3,0.2587982359794667,0.6764149069786072
Breast Visium CID44971,spage,mpeg1,0.258395648221412,0.3702293634414673
Breast Visium CID44971,spage,sept11,0.2574377566949106,0.5949127078056335
Breast Visium CID44971,spage,cd4,0.2571767279476894,0.4830836355686188
Breast Visium CID44971,spage,tnfsf11,0.2546327678398664,0.32018545269966125
Breast Visium CID44971,spage,meox2,0.2546008844531133,0.30031540989875793
Breast Visium CID44971,spage,pkm,0.2537576272536436,0.8305072784423828
Breast Visium CID44971,spage,ptprb,0.2527340219121451,0.2911279499530792
Breast Visium CID44971,spage,tns1,0.2517962921190775,0.40314483642578125
Breast Visium CID44971,spage,c3ar1,0.2500685878557783,0.3532845079898834
Breast Visium CID44971,spage,col6a1,0.2494539487509444,0.4254566729068756
Breast Visium CID44971,spage,ehd2,0.2468974094540698,0.42170435190200806
Breast Visium CID44971,spage,pea15,0.2464702276997086,0.6859136819839478
Breast Visium CID44971,spage,adamts1,0.2452023927938755,0.40715450048446655
Breast Visium CID44971,spage,cd38,0.2444041170862849,0.335175484418869
Breast Visium CID44971,spage,ddit4,0.2442257315563814,0.7458625435829163
Breast Visium CID44971,spage,raly,0.242296356801104,0.7657212615013123
Breast Visium CID44971,spage,csnk1a1,0.2419992909552207,0.7552842497825623
Breast Visium CID44971,spage,prnp,0.2412305596072944,0.6762877106666565
Breast Visium CID44971,spage,pdgfa,0.2407900084666777,0.4336422085762024
Breast Visium CID44971,spage,jaml,0.2390267158491221,0.3924533426761627
Breast Visium CID44971,spage,cd86,0.2390036299070074,0.320231556892395
Breast Visium CID44971,spage,cald1,0.2388923334518621,0.6688695549964905
Breast Visium CID44971,spage,traf3ip3,0.2376306270360768,0.4563271999359131
Breast Visium CID44971,spage,cxcl12,0.2370866459230494,0.40851926803588867
Breast Visium CID44971,spage,lifr,0.2354784382231822,0.3481252193450928
Breast Visium CID44971,spage,nfic,0.2352492929817212,0.6348395943641663
Breast Visium CID44971,spage,was,0.2342636336689686,0.38701021671295166
Breast Visium CID44971,spage,msh2,0.2303165194606435,0.5062373876571655
Breast Visium CID44971,spage,cdh11,0.2292171933842959,0.32066887617111206
Breast Visium CID44971,spage,snx10,0.2285602179697739,0.3725910484790802
Breast Visium CID44971,spage,emp2,0.2284184929120045,0.5412741303443909
Breast Visium CID44971,spage,cd79a,0.2269171958691619,0.38974496722221375
Breast Visium CID44971,spage,pld4,0.2265679313481473,0.32368430495262146
Breast Visium CID44971,spage,dnajc9,0.2220658295839015,0.5184348225593567
Breast Visium CID44971,spage,nexn,0.2213802538890216,0.3326178193092346
Breast Visium CID44971,spage,kctd12,0.2200074632238766,0.4620441794395447
Breast Visium CID44971,spage,mxra5,0.2166287768577387,0.33230268955230713
Breast Visium CID44971,spage,ncf4,0.2140625547016612,0.3403983414173126
Breast Visium CID44971,spage,jak1,0.2130952279847975,0.6804648637771606
Breast Visium CID44971,spage,cnpy3,0.2118188687997427,0.6127621531486511
Breast Visium CID44971,spage,pim2,0.2117717154507702,0.38879919052124023
Breast Visium CID44971,spage,mt1e,0.2083216251990711,0.7492825984954834
Breast Visium CID44971,spage,hsh2d,0.2067856812152981,0.3160024881362915
Breast Visium CID44971,spage,pmp22,0.2050819252669293,0.4699409306049347
Breast Visium CID44971,spage,glipr1,0.2029026344556477,0.4672549068927765
Breast Visium CID44971,spage,rps6ka4,0.1981989913777624,0.4184950888156891
Breast Visium CID44971,spage,spcs2,0.1953772948190265,0.7370742559432983
Breast Visium CID44971,spage,psmc3,0.1941734830560702,0.6970383524894714
Breast Visium CID44971,spage,tm4sf18,0.1933750269950108,0.3746197819709778
Breast Visium CID44971,spage,mafb,0.1927939232160081,0.5568352341651917
Breast Visium CID44971,spage,rps11,0.1924702468885387,0.9763587713241577
Breast Visium CID44971,spage,pdcd1,0.1922906368415655,0.28881263732910156
Breast Visium CID44971,spage,p4hb,0.1916394806115522,0.8929482698440552
Breast Visium CID44971,spage,isg20,0.1911170118116047,0.5033149719238281
Breast Visium CID44971,spage,pcolce,0.1873306113026706,0.32995685935020447
Breast Visium CID44971,spage,sdc1,0.1866546362389796,0.6651222109794617
Breast Visium CID44971,spage,cracr2b,0.1865493512709715,0.5693400502204895
Breast Visium CID44971,spage,fpr1,0.1859587402537481,0.24716724455356598
Breast Visium CID44971,spage,kifc1,0.1831327149314055,0.3196480870246887
Breast Visium CID44971,spage,ly86,0.1822253756721153,0.27889394760131836
Breast Visium CID44971,spage,prf1,0.1821506634285292,0.31511861085891724
Breast Visium CID44971,spage,tnfrsf4,0.1821416509559198,0.35571780800819397
Breast Visium CID44971,spage,ltbp4,0.1786836533549433,0.44825994968414307
Breast Visium CID44971,spage,fbln2,0.1783740821964883,0.2997402250766754
Breast Visium CID44971,spage,csrnp1,0.1781325526286102,0.4558463394641876
Breast Visium CID44971,spage,ptp4a3,0.176996922304095,0.32857781648635864
Breast Visium CID44971,spage,ncbp1,0.1754767451067911,0.4743606746196747
Breast Visium CID44971,spage,snx2,0.1747600176846907,0.4238487482070923
Breast Visium CID44971,spage,mki67,0.1728504722307645,0.34428149461746216
Breast Visium CID44971,spage,tmem176b,0.1696796201516263,0.4319564402103424
Breast Visium CID44971,spage,krt14,0.1629804713747883,0.4027133285999298
Breast Visium CID44971,spage,hvcn1,0.1625232410140634,0.31306394934654236
Breast Visium CID44971,spage,st6gal1,0.1623784862464746,0.3974376916885376
Breast Visium CID44971,spage,mthfd2,0.1623428572642822,0.5422189235687256
Breast Visium CID44971,spage,rarres2,0.1603473881702937,0.3330540060997009
Breast Visium CID44971,spage,cd8b,0.1592886791299945,0.3001488745212555
Breast Visium CID44971,spage,mt1m,0.1589391093414475,0.30496731400489807
Breast Visium CID44971,spage,mob1a,0.1585394991620206,0.678299605846405
Breast Visium CID44971,spage,flnb,0.1578111200611389,0.6595219969749451
Breast Visium CID44971,spage,adcy4,0.1545188725193053,0.20907023549079895
Breast Visium CID44971,spage,rcn3,0.1533507224801891,0.25671887397766113
Breast Visium CID44971,spage,rab32,0.1528980548499522,0.399884432554245
Breast Visium CID44971,spage,cd248,0.1505802072391234,0.26287412643432617
Breast Visium CID44971,spage,srpx,0.1502020519537812,0.2388254702091217
Breast Visium CID44971,spage,sertad1,0.1492153989684174,0.40026983618736267
Breast Visium CID44971,spage,ptpre,0.1470613184060228,0.34148359298706055
Breast Visium CID44971,spage,elf3,0.1457566353111209,0.5621852874755859
Breast Visium CID44971,spage,zeb2,0.1452432761321206,0.35795775055885315
Breast Visium CID44971,spage,cyyr1,0.1444737649011808,0.3309304118156433
Breast Visium CID44971,spage,mbp,0.1406734840918671,0.356035441160202
Breast Visium CID44971,spage,lpar5,0.1396114028394081,0.22701328992843628
Breast Visium CID44971,spage,itga6,0.1382609560108836,0.4295109212398529
Breast Visium CID44971,spage,plagl1,0.1340398012403842,0.38822269439697266
Breast Visium CID44971,spage,itm2c,0.1323002233317127,0.4650055170059204
Breast Visium CID44971,spage,znf385a,0.1323000591722113,0.28942999243736267
Breast Visium CID44971,spage,il7r,0.1318660538696245,0.43018394708633423
Breast Visium CID44971,spage,gzmb,0.1318476158954636,0.2737303078174591
Breast Visium CID44971,spage,ddx5,0.129498711961604,0.892473578453064
Breast Visium CID44971,spage,ccr7,0.1290123847075904,0.3081704080104828
Breast Visium CID44971,spage,cxcl13,0.1285864024839306,0.308029443025589
Breast Visium CID44971,spage,tfeb,0.1275485998162858,0.29762569069862366
Breast Visium CID44971,spage,slamf1,0.1254176163579242,0.21815527975559235
Breast Visium CID44971,spage,tfpi,0.1251950330282795,0.34535014629364014
Breast Visium CID44971,spage,sla2,0.1246682146660817,0.2173110991716385
Breast Visium CID44971,spage,tnfaip8,0.1243604060358574,0.3371662199497223
Breast Visium CID44971,spage,sspn,0.1236984911801645,0.35529834032058716
Breast Visium CID44971,spage,cldn4,0.1224208031283393,0.6576185822486877
Breast Visium CID44971,spage,ndrg1,0.1215440008850682,0.528335452079773
Breast Visium CID44971,spage,sdc4,0.1189189745603248,0.6150525212287903
Breast Visium CID44971,spage,picalm,0.1186459402713818,0.5394032597541809
Breast Visium CID44971,spage,fcgrt,0.1183126063483883,0.5509084463119507
Breast Visium CID44971,spage,prrx1,0.1167444893836068,0.2582903206348419
Breast Visium CID44971,spage,maff,0.1164013100933725,0.3109682500362396
Breast Visium CID44971,spage,scimp,0.114477582049654,0.17177119851112366
Breast Visium CID44971,spage,nudt1,0.1136308113208907,0.41477295756340027
Breast Visium CID44971,spage,c1s,0.1128206205757129,0.4109441936016083
Breast Visium CID44971,spage,lef1,0.1119286542217453,0.26790183782577515
Breast Visium CID44971,spage,srprb,0.1105398536392555,0.5501455664634705
Breast Visium CID44971,spage,btla,0.1083315408073561,0.1597737967967987
Breast Visium CID44971,spage,carhsp1,0.1038944489099774,0.5554303526878357
Breast Visium CID44971,spage,podn,0.1020071465041772,0.1848851889371872
Breast Visium CID44971,spage,snhg18,0.1007988590695087,0.16742010414600372
Breast Visium CID44971,spage,apmap,0.0984254871596737,0.6434876918792725
Breast Visium CID44971,spage,dnajc3,0.0971972903895008,0.481402724981308
Breast Visium CID44971,spage,mcm5,0.0955203703873407,0.4016650319099426
Breast Visium CID44971,spage,p2ry10,0.093449498924226,0.14983154833316803
Breast Visium CID44971,spage,tnfrsf18,0.0933888117066508,0.21199250221252441
Breast Visium CID44971,spage,tmem255b,0.0932574924381252,0.1582723706960678
Breast Visium CID44971,spage,tspan3,0.0927562265992153,0.603205680847168
Breast Visium CID44971,spage,txndc15,0.0926371505972482,0.4033649265766144
Breast Visium CID44971,spage,sp140,0.0921088190098155,0.20038452744483948
Breast Visium CID44971,spage,podxl,0.0914726455697667,0.3840070962905884
Breast Visium CID44971,spage,tnfrsf12a,0.0902263939167215,0.49138790369033813
Breast Visium CID44971,spage,brd2,0.0878956163017165,0.6564244031906128
Breast Visium CID44971,spage,itgae,0.0878282291371743,0.45517146587371826
Breast Visium CID44971,spage,mef2a,0.0873247031636481,0.4007875621318817
Breast Visium CID44971,spage,psmb10,0.0868486038652963,0.35772615671157837
Breast Visium CID44971,spage,sept7,0.0851004946248387,0.6476649045944214
Breast Visium CID44971,spage,fxyd1,0.0839697487440018,0.16367194056510925
Breast Visium CID44971,spage,fxyd7,0.0839502199945054,0.11549453437328339
Breast Visium CID44971,spage,kir3dl2,0.0828557949467618,0.09060417115688324
Breast Visium CID44971,spage,adrb2,0.0818549367877644,0.14570005238056183
Breast Visium CID44971,spage,plxdc1,0.079423166976103,0.2315094918012619
Breast Visium CID44971,spage,adam28,0.0791562632192718,0.19332002103328705
Breast Visium CID44971,spage,tbx2,0.0785526572489947,0.13791289925575256
Breast Visium CID44971,spage,phf19,0.078157076340133,0.2709658443927765
Breast Visium CID44971,spage,cx3cr1,0.0773808459854582,0.16908922791481018
Breast Visium CID44971,spage,ckap2l,0.0727066330286068,0.15612204372882843
Breast Visium CID44971,spage,icam1,0.0708206984978267,0.3718774616718292
Breast Visium CID44971,spage,tox,0.0690516901246366,0.19977325201034546
Breast Visium CID44971,spage,mir99ahg,0.0658224891461146,0.24338260293006897
Breast Visium CID44971,spage,fam129c,0.0598362588899038,0.10000281780958176
Breast Visium CID44971,spage,hey1,0.0596795292597852,0.22374080121517181
Breast Visium CID44971,spage,ugcg,0.0594129674472974,0.4980400800704956
Breast Visium CID44971,spage,lgi4,0.0578062596605539,0.0839945375919342
Breast Visium CID44971,spage,sept4,0.0571629994562297,0.27702972292900085
Breast Visium CID44971,spage,blk,0.0552636140754837,0.09479278326034546
Breast Visium CID44971,spage,bank1,0.0548521969333256,0.09911292046308517
Breast Visium CID44971,spage,klrb1,0.0548484329273851,0.2164408266544342
Breast Visium CID44971,spage,aim2,0.0529387341801642,0.11187628656625748
Breast Visium CID44971,spage,mzb1,0.0522740672136711,0.22040902078151703
Breast Visium CID44971,spage,h2afv,0.0519471106482444,0.654298722743988
Breast Visium CID44971,spage,dnase1l3,0.0515144426773766,0.09215978533029556
Breast Visium CID44971,spage,chpf,0.0506129171439746,0.49849823117256165
Breast Visium CID44971,spage,znf683,0.0471415167609174,0.14951176941394806
Breast Visium CID44971,spage,pde3b,0.0455664926378653,0.16908936202526093
Breast Visium CID44971,spage,fcrl6,0.0444754733078798,0.08117960393428802
Breast Visium CID44971,spage,klrc1,0.0442866994384374,0.09247294068336487
Breast Visium CID44971,spage,tnfrsf13b,0.040915840510463,0.06915163993835449
Breast Visium CID44971,spage,tnip3,0.0397892534509831,0.08137831836938858
Breast Visium CID44971,spage,znf608,0.0379414975223509,0.17099007964134216
Breast Visium CID44971,spage,higd1b,0.0368186696318603,0.06755773723125458
Breast Visium CID44971,spage,fchsd2,0.0314776828558073,0.3395034372806549
Breast Visium CID44971,spage,zc3h12a,0.0310472190833084,0.22401802241802216
Breast Visium CID44971,spage,bcas4,0.0279917874346187,0.22930942475795746
Breast Visium CID44971,spage,s1pr5,0.027229962276774,0.06067827716469765
Breast Visium CID44971,spage,pou2af1,0.0250533555726004,0.21333517134189606
Breast Visium CID44971,spage,sp2,0.0229641455744544,0.2951927185058594
Breast Visium CID44971,spage,fam162b,0.0192773645566185,0.03639037534594536
Breast Visium CID44971,spage,kir2dl4,0.015798299942939,0.035720836371183395
Breast Visium CID44971,spage,cramp1,0.012188982730322,0.2773917317390442
Breast Visium CID44971,spage,ssh2,0.0110597799757371,0.3071044385433197
Breast Visium CID44971,spage,fcrl5,0.0099045798780914,0.061030421406030655
Breast Visium CID44971,spage,gldn,0.0062485615895951,0.053684961050748825
Breast Visium CID44971,spage,cd300lg,0.0040334034603545,0.0404566153883934
Breast Visium CID44971,spage,clic3,0.0037008944379469,0.2672281265258789
Breast Visium CID44971,spage,igll5,0.0009670984719939,0.04449482634663582
Breast Visium CID44971,spage,napsa,0.0008405397631054,0.04187743365764618
Breast Visium CID44971,spage,tnmd,-8.692711501299746e-05,0.022286180406808853
Breast Visium CID44971,spage,atp1b2,-0.0002113435265305,0.027651172131299973
Breast Visium CID44971,spage,pxk,-0.0055592698256098,0.22984403371810913
Breast Visium CID44971,spage,tnfrsf10d,-0.0069785692545093,0.05727458372712135
Breast Visium CID44971,spage,hnrnpa1l2,-0.0132941319541024,0.1665351241827011
Breast Visium CID44971,spage,abcc9,-0.0175390489754266,0.0037416948471218348
Breast Visium CID44971,spage,spag4,-0.0246902577266365,0.039971597492694855
Breast Visium CID44971,spage,plcg2,-0.1091764879136964,0.39688238501548767
Breast Visium CID44971,spage,cd74,0.6555772472955457,0.9122045040130615
Breast Visium CID44971,spage,b2m,0.6206205881305222,0.972407341003418
Breast Visium CID44971,spage,rpl37,0.6146826966317254,0.9904072284698486
Breast Visium CID44971,spage,rpl32,0.6079966991568992,0.9917948842048645
Breast Visium CID44971,spage,rpl37a,0.6016250925555847,0.9852595329284668
Breast Visium CID44971,spage,tubb,0.589858751841231,0.9214705228805542
Breast Visium CID44971,spage,frzb,0.559575588134844,0.7613992094993591
Breast Visium CID44971,spage,xbp1,0.558337574691441,0.7668878436088562
Breast Visium CID44971,spage,hla-dpa1,0.5519308968020009,0.7810041308403015
Breast Visium CID44971,spage,h2afz,0.5510591490740957,0.887572169303894
Breast Visium CID44971,spage,cox7a2,0.5449986205192067,0.9159603118896484
Breast Visium CID44971,spage,mtrnr2l12,0.5330290418913975,0.8892548680305481
Breast Visium CID44971,spage,ackr1,0.5305905491195612,0.5531662106513977
Breast Visium CID44971,spage,rpl18,0.5248386194986021,0.987122118473053
Breast Visium CID44971,spage,tpi1,0.5150285025562793,0.9227272868156433
Breast Visium CID44971,spage,ccl28,0.5141652494359571,0.5862288475036621
Breast Visium CID44971,spage,rps3,0.5117891717769485,0.9831262826919556
Breast Visium CID44971,spage,hla-drb5,0.5095140246592832,0.7590594291687012
Breast Visium CID44971,spage,hspe1,0.5012128275733816,0.8967211246490479
Breast Visium CID44971,spage,ctss,0.4881704974342615,0.7111501693725586
Breast Visium CID44971,spage,txn,0.4805558477284037,0.9061591625213623
Breast Visium CID44971,spage,cdc123,0.4768847257092374,0.762592077255249
Breast Visium CID44971,spage,nucks1,0.4723464289963363,0.8691301345825195
Breast Visium CID44971,spage,c1qc,0.4634599834129103,0.5597673654556274
Breast Visium CID44971,spage,hmgb2,0.4542997624689675,0.7708718776702881
Breast Visium CID44971,spage,trbc2,0.4539902928675172,0.6766161322593689
Breast Visium CID44971,spage,actb,0.4460381546676908,0.987669050693512
Breast Visium CID44971,spage,igfbp7,0.4431423661589628,0.5754261612892151
Breast Visium CID44971,spage,psap,0.4386184121721032,0.8931930065155029
Breast Visium CID44971,spage,hmgn3,0.4372646285431846,0.8467147350311279
Breast Visium CID44971,spage,coro1a,0.4326167420621365,0.700753390789032
Breast Visium CID44971,spage,txnip,0.4325706710917358,0.8890830874443054
Breast Visium CID44971,spage,marcksl1,0.4246635525363192,0.8350377082824707
Breast Visium CID44971,spage,rgs1,0.4175831051132924,0.696061909198761
Breast Visium CID44971,spage,ifitm2,0.4133603902644707,0.7427428364753723
Breast Visium CID44971,spage,rpl4,0.4110565901923081,0.9814329147338867
Breast Visium CID44971,spage,lamtor5,0.4077252705847838,0.8172398209571838
Breast Visium CID44971,spage,hnrnpa1,0.4070035170884098,0.946623682975769
Breast Visium CID44971,spage,ankrd30a,0.4043585467156071,0.4599742591381073
Breast Visium CID44971,spage,ptprc,0.4041496735547872,0.6357923150062561
Breast Visium CID44971,spage,kiaa1324,0.3964610703783481,0.6726649403572083
Breast Visium CID44971,spage,lamb3,0.3963516629601297,0.49131110310554504
Breast Visium CID44971,spage,cldn7,0.3913468580326881,0.5010476112365723
Breast Visium CID44971,spage,mif,0.3885369485402545,0.8642628788948059
Breast Visium CID44971,spage,cldn11,0.3883881989242318,0.4915654957294464
Breast Visium CID44971,spage,cfl1,0.3870776587584351,0.9503253698348999
Breast Visium CID44971,spage,ube2v2,0.3830408289358308,0.696365237236023
Breast Visium CID44971,spage,ap1s1,0.3764265604365364,0.6829718351364136
Breast Visium CID44971,spage,eif3e,0.3760972572842014,0.8633089065551758
Breast Visium CID44971,spage,hmgn1,0.3709095928788697,0.8849778175354004
Breast Visium CID44971,spage,lcp1,0.3701001707478004,0.6464789509773254
Breast Visium CID44971,spage,sgk1,0.3700537422015784,0.6538616418838501
Breast Visium CID44971,spage,mylk,0.369720228616559,0.5022304058074951
Breast Visium CID44971,spage,cnn1,0.3682376824420421,0.47154733538627625
Breast Visium CID44971,spage,sumo2,0.3670060216357045,0.9081891775131226
Breast Visium CID44971,spage,arhgdib,0.3652527207032827,0.7647157907485962
Breast Visium CID44971,spage,rpl35,0.3647819831474252,0.9782936573028564
Breast Visium CID44971,spage,bst2,0.3638739109390249,0.7102597951889038
Breast Visium CID44971,spage,myl9,0.3625753323580102,0.5491283535957336
Breast Visium CID44971,spage,tagln,0.3541195576017973,0.6209777593612671
Breast Visium CID44971,spage,il32,0.3484077496508388,0.6830957531929016
Breast Visium CID44971,spage,elf5,0.3424168727813937,0.6158438324928284
Breast Visium CID44971,spage,zap70,0.3422162730181228,0.48827800154685974
Breast Visium CID44971,spage,banf1,0.3412251963746631,0.8081666827201843
Breast Visium CID44971,spage,snrpb,0.3407120366155699,0.803383469581604
Breast Visium CID44971,spage,ramp3,0.3402285268597378,0.4007144570350647
Breast Visium CID44971,spage,hmgn2,0.3395429752891129,0.8789794445037842
Breast Visium CID44971,spage,crnde,0.336579540975121,0.6655160188674927
Breast Visium CID44971,spage,gstp1,0.3363855591965041,0.9024326205253601
Breast Visium CID44971,spage,aif1,0.3358715249357245,0.47328492999076843
Breast Visium CID44971,spage,krt18,0.3352179665006655,0.6909878849983215
Breast Visium CID44971,spage,lcp2,0.3325872299097571,0.5217658877372742
Breast Visium CID44971,spage,cox7a2l,0.3262628341204887,0.7219911217689514
Breast Visium CID44971,spage,atp6v1f,0.325014888896342,0.8117033243179321
Breast Visium CID44971,spage,ywhah,0.322267401193575,0.7029228806495667
Breast Visium CID44971,spage,arpc2,0.3221317939705921,0.8501659035682678
Breast Visium CID44971,spage,nlrc5,0.3193932670202373,0.5331666469573975
Breast Visium CID44971,spage,dynll1,0.3193185825961986,0.9010367393493652
Breast Visium CID44971,spage,ppp1r1b,0.3177410862369692,0.4222199022769928
Breast Visium CID44971,spage,hnrnpa2b1,0.3165810596928446,0.926665723323822
Breast Visium CID44971,spage,mgat1,0.3152107700283015,0.6666086912155151
Breast Visium CID44971,spage,serpinf1,0.3150562605275536,0.5284562110900879
Breast Visium CID44971,spage,actg1,0.3143447020229084,0.9864815473556519
Breast Visium CID44971,spage,fhl2,0.3141382142179545,0.5213254690170288
Breast Visium CID44971,spage,plk2,0.3138494468301323,0.5039727091789246
Breast Visium CID44971,spage,rpl36al,0.3127455415398977,0.8109945058822632
Breast Visium CID44971,spage,col6a3,0.3120899973586896,0.4307319223880768
Breast Visium CID44971,spage,mrpl9,0.3120013823910669,0.6480401754379272
Breast Visium CID44971,spage,rpl27,0.3111432430791232,0.9637697339057922
Breast Visium CID44971,spage,fbp1,0.3098176719599818,0.43242350220680237
Breast Visium CID44971,spage,vcan,0.3077141576490694,0.45911905169487
Breast Visium CID44971,spage,ssr2,0.3048149306591192,0.8857650756835938
Breast Visium CID44971,spage,hcst,0.3005346351695587,0.5372648239135742
Breast Visium CID44971,spage,fxyd5,0.3000626333396573,0.6530333161354065
Breast Visium CID44971,spage,plpp1,0.2997822616290471,0.5238623023033142
Breast Visium CID44971,spage,morf4l2,0.2986591568038692,0.7752056121826172
Breast Visium CID44971,spage,zyx,0.2986050331494973,0.7516489028930664
Breast Visium CID44971,spage,tgfb1,0.2978277041566331,0.5348293781280518
Breast Visium CID44971,spage,mcam,0.296372417842012,0.3966294229030609
Breast Visium CID44971,spage,anp32b,0.2929620111783486,0.8174203038215637
Breast Visium CID44971,spage,rerg,0.2917243970143075,0.5880898237228394
Breast Visium CID44971,spage,irf8,0.2907901007274329,0.43845775723457336
Breast Visium CID44971,spage,lair1,0.2901483116257816,0.41030892729759216
Breast Visium CID44971,spage,pgam1,0.289748223236765,0.8083818554878235
Breast Visium CID44971,spage,capg,0.2891047002887146,0.6664189696311951
Breast Visium CID44971,spage,gimap4,0.2880013253944639,0.5009065866470337
Breast Visium CID44971,spage,ap2s1,0.2865846469931419,0.7769110202789307
Breast Visium CID44971,spage,timp3,0.2864753215765387,0.5237472057342529
Breast Visium CID44971,spage,ramp2,0.2861908680065663,0.36613500118255615
Breast Visium CID44971,spage,cd5,0.2849288321467639,0.4145933985710144
Breast Visium CID44971,spage,pdlim1,0.2844424085593923,0.531351625919342
Breast Visium CID44971,spage,igsf6,0.2824088103764556,0.3646770417690277
Breast Visium CID44971,spage,cuta,0.281613638401709,0.8604814410209656
Breast Visium CID44971,spage,myo6,0.2805392611003379,0.6268294453620911
Breast Visium CID44971,spage,sf3b5,0.2800291173868457,0.7742171883583069
Breast Visium CID44971,spage,fbl,0.2790758439248569,0.7779884338378906
Breast Visium CID44971,spage,ltbp2,0.27482909078464,0.4425303041934967
Breast Visium CID44971,spage,tmem87a,0.2738124966741054,0.5661206841468811
Breast Visium CID44971,spage,pdlim7,0.2724621380154093,0.5743415951728821
Breast Visium CID44971,spage,serp1,0.2683541675434671,0.8646733164787292
Breast Visium CID44971,spage,vps28,0.2672862284266675,0.8381792306900024
Breast Visium CID44971,spage,tyms,0.2652583254944841,0.47215378284454346
Breast Visium CID44971,spage,id1,0.2635433356650442,0.39584264159202576
Breast Visium CID44971,spage,timp2,0.2629181927070196,0.5352591872215271
Breast Visium CID44971,spage,mxra8,0.2559496161210952,0.42807257175445557
Breast Visium CID44971,spage,ube2e3,0.2546334168458167,0.6549078822135925
Breast Visium CID44971,spage,c1orf162,0.2545948977640194,0.40000054240226746
Breast Visium CID44971,spage,slc7a7,0.254244794048884,0.3416386842727661
Breast Visium CID44971,spage,fam198b,0.252673453830763,0.44980356097221375
Breast Visium CID44971,spage,flt1,0.2492888117362356,0.3025442957878113
Breast Visium CID44971,spage,cxorf36,0.2484374010384387,0.2922438681125641
Breast Visium CID44971,spage,gabarap,0.2480099020570556,0.7253128886222839
Breast Visium CID44971,spage,col15a1,0.2408643364112863,0.39505770802497864
Breast Visium CID44971,spage,lrp10,0.2386319072803305,0.6569898724555969
Breast Visium CID44971,spage,rarres3,0.2339548965723331,0.6397486925125122
Breast Visium CID44971,spage,gzmm,0.2331360254374504,0.3191021680831909
Breast Visium CID44971,spage,mfsd1,0.2311846644375189,0.5466912984848022
Breast Visium CID44971,spage,ikzf3,0.2295433239669524,0.461457222700119
Breast Visium CID44971,spage,crtap,0.2286264772345082,0.5851525068283081
Breast Visium CID44971,spage,clec2b,0.2277566337485566,0.43909281492233276
Breast Visium CID44971,spage,tnfsf13b,0.2258746742997079,0.3514789640903473
Breast Visium CID44971,spage,bin2,0.2247250067387586,0.3853776454925537
Breast Visium CID44971,spage,meox1,0.2233713733348314,0.2619769275188446
Breast Visium CID44971,spage,hsp90b1,0.2203085726068941,0.893055260181427
Breast Visium CID44971,spage,ciita,0.2170670518766558,0.3697414994239807
Breast Visium CID44971,spage,cd8a,0.2169453689591669,0.4386080503463745
Breast Visium CID44971,spage,ms4a7,0.2166241557591596,0.3469492793083191
Breast Visium CID44971,spage,csf2ra,0.2155234235474014,0.302346408367157
Breast Visium CID44971,spage,calcrl,0.214354728042854,0.2672528326511383
Breast Visium CID44971,spage,vamp5,0.2126665123569242,0.47700247168540955
Breast Visium CID44971,spage,rab37,0.2114875183775288,0.27980291843414307
Breast Visium CID44971,spage,stat4,0.2090215007506793,0.30265095829963684
Breast Visium CID44971,spage,uaca,0.2059774961701743,0.4320908486843109
Breast Visium CID44971,spage,slc38a10,0.2051965900284856,0.5652592182159424
Breast Visium CID44971,spage,rnase6,0.2013251572266094,0.31171321868896484
Breast Visium CID44971,spage,idh2,0.2005467916681253,0.659980297088623
Breast Visium CID44971,spage,rtn4,0.200423455183864,0.818355143070221
Breast Visium CID44971,spage,tgfb1i1,0.1993599351612348,0.3938947319984436
Breast Visium CID44971,spage,evl,0.1983453139076987,0.639443576335907
Breast Visium CID44971,spage,isyna1,0.1980558679348623,0.597911536693573
Breast Visium CID44971,spage,adam8,0.1977754543846701,0.3784511387348175
Breast Visium CID44971,spage,fen1,0.196336927815399,0.3943432569503784
Breast Visium CID44971,spage,clec14a,0.1959819484069248,0.24463236331939697
Breast Visium CID44971,spage,mlec,0.1927024870313945,0.6552841067314148
Breast Visium CID44971,spage,add3,0.1919637245637925,0.48971134424209595
Breast Visium CID44971,spage,tecr,0.1893562240344715,0.7444493174552917
Breast Visium CID44971,spage,rasd1,0.1867683788999718,0.4017183482646942
Breast Visium CID44971,spage,tmem59,0.1849087671779352,0.804816484451294
Breast Visium CID44971,spage,tgfbr2,0.1845309683180673,0.5044273734092712
Breast Visium CID44971,spage,havcr2,0.1829516675580693,0.332529217004776
Breast Visium CID44971,spage,cdt1,0.1805966907345849,0.3577546775341034
Breast Visium CID44971,spage,adgrl4,0.1771273815607813,0.23511390388011932
Breast Visium CID44971,spage,meg3,0.1752861889250137,0.3340533673763275
Breast Visium CID44971,spage,sit1,0.1752565682559719,0.2894774377346039
Breast Visium CID44971,spage,cd300a,0.1751977820216841,0.28254568576812744
Breast Visium CID44971,spage,cpe,0.1750624638355965,0.3706638514995575
Breast Visium CID44971,spage,f2r,0.1740778441188591,0.37152233719825745
Breast Visium CID44971,spage,sptssa,0.1738687458803882,0.5643474459648132
Breast Visium CID44971,spage,cd96,0.1737899130512195,0.3096996545791626
Breast Visium CID44971,spage,oasl,0.1736397190135647,0.27458909153938293
Breast Visium CID44971,spage,cystm1,0.1714721141568968,0.476205974817276
Breast Visium CID44971,spage,clec2d,0.1689208355035577,0.4349414110183716
Breast Visium CID44971,spage,cdh5,0.1685328852832938,0.22640646994113922
Breast Visium CID44971,spage,itk,0.1681953218736751,0.25146037340164185
Breast Visium CID44971,spage,pold4,0.1668115867246061,0.41401323676109314
Breast Visium CID44971,spage,lbh,0.1660381351579789,0.5596081614494324
Breast Visium CID44971,spage,parp15,0.1653908082364567,0.231802299618721
Breast Visium CID44971,spage,gstt2b,0.1646721227580813,0.2838418781757355
Breast Visium CID44971,spage,rgs5,0.16207008494077,0.24352644383907318
Breast Visium CID44971,spage,fbln1,0.1582435297157642,0.4063454866409302
Breast Visium CID44971,spage,sesn1,0.1580697493099382,0.47320833802223206
Breast Visium CID44971,spage,egfl7,0.157506220964826,0.2553803622722626
Breast Visium CID44971,spage,ccdc102b,0.1564792897341698,0.214034304022789
Breast Visium CID44971,spage,uqcrhl,0.1543955867889523,0.2852906584739685
Breast Visium CID44971,spage,nid1,0.1537226355427315,0.29730668663978577
Breast Visium CID44971,spage,dlc1,0.1503021282237253,0.2643304467201233
Breast Visium CID44971,spage,ece1,0.1497371112518806,0.5768337845802307
Breast Visium CID44971,spage,nudt4,0.1477251426384946,0.6401611566543579
Breast Visium CID44971,spage,gng2,0.1464423073999488,0.2880077362060547
Breast Visium CID44971,spage,gadd45b,0.1433903912217721,0.49246150255203247
Breast Visium CID44971,spage,hmgb1,0.1418604963582255,0.8759000897407532
Breast Visium CID44971,spage,fcrla,0.1416330770649926,0.1645832359790802
Breast Visium CID44971,spage,nucb1,0.1414235127288902,0.7172492742538452
Breast Visium CID44971,spage,ets2,0.1393469133423466,0.399208128452301
Breast Visium CID44971,spage,rap1b,0.139290330920025,0.6744598746299744
Breast Visium CID44971,spage,rac1,0.1391968937455031,0.8261472582817078
Breast Visium CID44971,spage,neurl1b,0.1385377111052804,0.2053948938846588
Breast Visium CID44971,spage,smc2,0.1381231394503275,0.36036571860313416
Breast Visium CID44971,spage,stk17a,0.1373481070266114,0.39499279856681824
Breast Visium CID44971,spage,phlda1,0.1360251773790449,0.6752921938896179
Breast Visium CID44971,spage,rcan2,0.1344709376797016,0.18583665788173676
Breast Visium CID44971,spage,myo1b,0.1343945106390455,0.4137148857116699
Breast Visium CID44971,spage,flot1,0.1311421292380731,0.5944371819496155
Breast Visium CID44971,spage,dnaja1,0.1294728735651705,0.7974814176559448
Breast Visium CID44971,spage,filip1,0.1284832024494833,0.14835382997989655
Breast Visium CID44971,spage,tmem176a,0.1278133436832417,0.37345781922340393
Breast Visium CID44971,spage,rdx,0.125869492229782,0.5034745335578918
Breast Visium CID44971,spage,tcf19,0.123857557093218,0.2578391134738922
Breast Visium CID44971,spage,ptgdr,0.1212265313326574,0.15933342278003693
Breast Visium CID44971,spage,siva1,0.1205580246130144,0.6557137370109558
Breast Visium CID44971,spage,pou2f2,0.1198269558181049,0.25411421060562134
Breast Visium CID44971,spage,stk4,0.1189561826403681,0.4437730312347412
Breast Visium CID44971,spage,vps51,0.1185086804448684,0.6203100085258484
Breast Visium CID44971,spage,spon2,0.1184661888882665,0.3885151147842407
Breast Visium CID44971,spage,swap70,0.1182646895347658,0.4125124514102936
Breast Visium CID44971,spage,cd3g,0.1174300896482966,0.26362231373786926
Breast Visium CID44971,spage,runx1t1,0.1160884476351176,0.19030898809432983
Breast Visium CID44971,spage,tubb2a,0.1153620376380352,0.4842175543308258
Breast Visium CID44971,spage,ifitm1,0.1126215959816771,0.41892343759536743
Breast Visium CID44971,spage,tlr10,0.1123511543808205,0.15352994203567505
Breast Visium CID44971,spage,fam13c,0.111317753390068,0.15712708234786987
Breast Visium CID44971,spage,ugdh,0.1109614827647876,0.3944254219532013
Breast Visium CID44971,spage,matk,0.1106260671562241,0.25213849544525146
Breast Visium CID44971,spage,arhgap29,0.1084510453962405,0.2732540965080261
Breast Visium CID44971,spage,socs2,0.108175144891738,0.21883298456668854
Breast Visium CID44971,spage,veph1,0.1032842436980159,0.18929973244667053
Breast Visium CID44971,spage,sirpg,0.1000129397079923,0.19360733032226562
Breast Visium CID44971,spage,a4galt,0.0990959922366066,0.185467928647995
Breast Visium CID44971,spage,hopx,0.0985071377039729,0.2651100158691406
Breast Visium CID44971,spage,il4r,0.09717401212704,0.41480645537376404
Breast Visium CID44971,spage,btk,0.096617889045951,0.16378864645957947
Breast Visium CID44971,spage,p2ry14,0.0958017948330299,0.13559193909168243
Breast Visium CID44971,spage,csf3r,0.0920118384319428,0.1797337383031845
Breast Visium CID44971,spage,snai1,0.0918538628530188,0.18074968457221985
Breast Visium CID44971,spage,tsen54,0.0917300690794429,0.4372110664844513
Breast Visium CID44971,spage,gmppb,0.0896892002358379,0.37105831503868103
Breast Visium CID44971,spage,lipe,0.0879647537831911,0.16316348314285278
Breast Visium CID44971,spage,mrvi1,0.0838526653519376,0.18089659512043
Breast Visium CID44971,spage,rrbp1,0.0834634312774474,0.6585606932640076
Breast Visium CID44971,spage,pyhin1,0.0822417705531847,0.16002385318279266
Breast Visium CID44971,spage,cnrip1,0.0816059190917825,0.1458488255739212
Breast Visium CID44971,spage,klf4,0.0805998762295231,0.3003372550010681
Breast Visium CID44971,spage,adap2,0.0790737813078447,0.16409367322921753
Breast Visium CID44971,spage,arfgap3,0.0787879005204109,0.4782373011112213
Breast Visium CID44971,spage,lgals9b,0.077603336584905,0.08644509315490723
Breast Visium CID44971,spage,notch3,0.0769893935397779,0.42240485548973083
Breast Visium CID44971,spage,rora,0.076745674816668,0.23871441185474396
Breast Visium CID44971,spage,smc1a,0.0752370853487186,0.5418053269386292
Breast Visium CID44971,spage,rab27a,0.0725062385778615,0.3240223824977875
Breast Visium CID44971,spage,lamb1,0.072241584228397,0.3338107466697693
Breast Visium CID44971,spage,st3gal1,0.0715607842026684,0.3259449899196625
Breast Visium CID44971,spage,map1lc3a,0.0709246210673073,0.5666516423225403
Breast Visium CID44971,spage,dnajb9,0.0689991566218155,0.36235493421554565
Breast Visium CID44971,spage,ncam1,0.0687149579362582,0.08691302686929703
Breast Visium CID44971,spage,tmem243,0.0676725374946033,0.32212305068969727
Breast Visium CID44971,spage,ostf1,0.0664276582180583,0.35708561539649963
Breast Visium CID44971,spage,tmem88,0.0648718004090676,0.10842445492744446
Breast Visium CID44971,spage,rnf125,0.0634506162540742,0.23141121864318848
Breast Visium CID44971,spage,egr1,0.0616609131200381,0.6897952556610107
Breast Visium CID44971,spage,h2afx,0.0613061756371467,0.5483350157737732
Breast Visium CID44971,spage,orai2,0.0577601842422072,0.3998854160308838
Breast Visium CID44971,spage,cd40lg,0.0577197493413213,0.12942899763584137
Breast Visium CID44971,spage,sec14l1,0.0576360815717139,0.4453856348991394
Breast Visium CID44971,spage,tspan32,0.0463626128788678,0.12339838594198227
Breast Visium CID44971,spage,smim3,0.0460750863202347,0.21919192373752594
Breast Visium CID44971,spage,tspan4,0.0453175980069525,0.3956025242805481
Breast Visium CID44971,spage,fkbp11,0.0441816054128025,0.32711246609687805
Breast Visium CID44971,spage,plek2,0.0423221116851463,0.11900173872709274
Breast Visium CID44971,spage,fbln7,0.0367403625114446,0.20849764347076416
Breast Visium CID44971,spage,abca6,0.0345694659466394,0.08749008178710938
Breast Visium CID44971,spage,lama2,0.0341933597955454,0.12602894008159637
Breast Visium CID44971,spage,cenpm,0.0337766666320554,0.17697708308696747
Breast Visium CID44971,spage,mapk1,0.0325617685361785,0.5305866003036499
Breast Visium CID44971,spage,flt3lg,0.0280623524653863,0.12952794134616852
Breast Visium CID44971,spage,fgfbp2,0.0277888071076725,0.044486917555332184
Breast Visium CID44971,spage,linc00996,0.0250772960092983,0.07004241645336151
Breast Visium CID44971,spage,mtss1,0.0221938875485231,0.35326212644577026
Breast Visium CID44971,spage,aes,0.0154538795966437,0.7925305962562561
Breast Visium CID44971,spage,cachd1,0.0059713167023853,0.22818836569786072
Breast Visium CID44971,spage,tnfrsf13c,0.0043973556138422,0.07565192133188248
Breast Visium CID44971,spage,dnajb1,0.0040514784227023,0.5824995636940002
Breast Visium CID44971,spage,c12orf75,0.001741785813652,0.37138405442237854
Breast Visium CID44971,spage,akap5,-0.0101113201965794,0.0776824876666069
Breast Visium CID44971,spage,stap1,-0.0159444012149256,0.045397091656923294
Breast Visium CID44971,spage,hist1h1e,-0.0172233482676734,0.08005715906620026
Breast Visium CID44971,spaim,c1qa,0.6255105420840406,0.875584602355957
Breast Visium CID44971,spaim,trac,0.6234045910783367,0.7664221525192261
Breast Visium CID44971,spaim,cxcr4,0.5947795360299177,0.854812502861023
Breast Visium CID44971,spaim,gzmk,0.5451565573799435,0.6125757694244385
Breast Visium CID44971,spaim,spint2,0.5136201709829765,0.9186643362045288
Breast Visium CID44971,spaim,tbc1d10c,0.5125092091688386,0.6305333971977234
Breast Visium CID44971,spaim,col1a2,0.503370828647712,0.9060041308403015
Breast Visium CID44971,spaim,col6a2,0.5005400199321982,0.8930706977844238
Breast Visium CID44971,spaim,cotl1,0.4931077303843021,0.7245177626609802
Breast Visium CID44971,spaim,c2orf40,0.4915236755552796,0.5736551284790039
Breast Visium CID44971,spaim,cd2,0.4906616821313329,0.6552281379699707
Breast Visium CID44971,spaim,pecam1,0.4775898799308705,0.6677488684654236
Breast Visium CID44971,spaim,ptpn6,0.465590733695717,0.6533182859420776
Breast Visium CID44971,spaim,lst1,0.4554416795591928,0.6234598755836487
Breast Visium CID44971,spaim,cct3,0.4535635320628525,0.8591423034667969
Breast Visium CID44971,spaim,cacybp,0.4453246347822602,0.8057719469070435
Breast Visium CID44971,spaim,acap1,0.4425088974936444,0.5726903676986694
Breast Visium CID44971,spaim,cst7,0.4376845409476661,0.5561934113502502
Breast Visium CID44971,spaim,hdac2,0.4332269847438068,0.8238091468811035
Breast Visium CID44971,spaim,aebp1,0.431956671240122,0.8185854554176331
Breast Visium CID44971,spaim,lat,0.43034176038817,0.5831692814826965
Breast Visium CID44971,spaim,serpina1,0.4295089481839021,0.666806697845459
Breast Visium CID44971,spaim,cd93,0.4279550287249735,0.601212739944458
Breast Visium CID44971,spaim,ptpn7,0.427010309510369,0.4893408417701721
Breast Visium CID44971,spaim,nnmt,0.4214269632737683,0.7635918855667114
Breast Visium CID44971,spaim,uqcrh,0.4173334122819387,0.9251645803451538
Breast Visium CID44971,spaim,vopp1,0.4139465741252225,0.5894911885261536
Breast Visium CID44971,spaim,trim29,0.4133695732657362,0.6694080233573914
Breast Visium CID44971,spaim,hla-dmb,0.4129965537135879,0.6168980002403259
Breast Visium CID44971,spaim,gdi2,0.4097213959278057,0.8966334462165833
Breast Visium CID44971,spaim,gpsm3,0.4047779036858795,0.540054202079773
Breast Visium CID44971,spaim,ppdpf,0.4045372802704891,0.9290858507156372
Breast Visium CID44971,spaim,cryab,0.398491371642563,0.8467310070991516
Breast Visium CID44971,spaim,ifitm3,0.3972655382419686,0.8953337669372559
Breast Visium CID44971,spaim,tnfrsf1b,0.3945570246171477,0.5809940695762634
Breast Visium CID44971,spaim,rpn1,0.3912055918516484,0.7944954037666321
Breast Visium CID44971,spaim,lck,0.3911631860813975,0.5324692130088806
Breast Visium CID44971,spaim,arhgap9,0.389134595126013,0.5131051540374756
Breast Visium CID44971,spaim,hla-a,0.3869245683789794,0.945499837398529
Breast Visium CID44971,spaim,cnn2,0.385143692631848,0.7786645293235779
Breast Visium CID44971,spaim,rpl38,0.3827550887216737,0.9689434766769409
Breast Visium CID44971,spaim,kcnmb1,0.3821388987415701,0.5536561608314514
Breast Visium CID44971,spaim,snrpf,0.3802537125789889,0.8007503151893616
Breast Visium CID44971,spaim,ilf2,0.3797463498747292,0.8630537986755371
Breast Visium CID44971,spaim,psme2,0.377173952874245,0.7927797436714172
Breast Visium CID44971,spaim,selplg,0.3769888640866962,0.5044740438461304
Breast Visium CID44971,spaim,sf3b6,0.3708990286865036,0.8873524069786072
Breast Visium CID44971,spaim,adirf,0.3703175925660763,0.7650085687637329
Breast Visium CID44971,spaim,sept1,0.3696288064779909,0.5556117296218872
Breast Visium CID44971,spaim,hla-e,0.3674205516015892,0.8890838623046875
Breast Visium CID44971,spaim,pdia6,0.3636382124248331,0.863950788974762
Breast Visium CID44971,spaim,efhd2,0.3634654584639598,0.634054958820343
Breast Visium CID44971,spaim,tsc22d3,0.3611946557906895,0.8144526481628418
Breast Visium CID44971,spaim,gstm3,0.3609394318695748,0.5939526557922363
Breast Visium CID44971,spaim,hsbp1,0.3601684638610218,0.8511083126068115
Breast Visium CID44971,spaim,maob,0.3596165352578153,0.5134825110435486
Breast Visium CID44971,spaim,mrps35,0.35861693329165,0.7090954184532166
Breast Visium CID44971,spaim,sub1,0.3543040457539483,0.8956659436225891
Breast Visium CID44971,spaim,tns4,0.3536123200614127,0.5303106307983398
Breast Visium CID44971,spaim,krt17,0.3515068038114495,0.9197807908058167
Breast Visium CID44971,spaim,ctsz,0.3481256118647514,0.6782836318016052
Breast Visium CID44971,spaim,ms4a1,0.3469566590252533,0.4224488437175751
Breast Visium CID44971,spaim,snx20,0.3425069064610665,0.42823314666748047
Breast Visium CID44971,spaim,tpbg,0.3416947982629227,0.521608829498291
Breast Visium CID44971,spaim,htra1,0.3401969512465812,0.7312316298484802
Breast Visium CID44971,spaim,themis2,0.3373453401949627,0.45346346497535706
Breast Visium CID44971,spaim,tmem258,0.337338858051421,0.8947724103927612
Breast Visium CID44971,spaim,tcf7,0.3341084045361893,0.5186386108398438
Breast Visium CID44971,spaim,rpl17,0.3312130814794596,0.9042909741401672
Breast Visium CID44971,spaim,mme,0.3297642132274714,0.530780553817749
Breast Visium CID44971,spaim,ifngr2,0.3292202355492007,0.7534163594245911
Breast Visium CID44971,spaim,efhd1,0.3282796093905052,0.7351526618003845
Breast Visium CID44971,spaim,tcp1,0.3235021235838037,0.7864646315574646
Breast Visium CID44971,spaim,slc16a3,0.3234529748336708,0.5360575914382935
Breast Visium CID44971,spaim,ssr3,0.3232805670696334,0.8161289691925049
Breast Visium CID44971,spaim,ptges3,0.322781885066992,0.8942534327507019
Breast Visium CID44971,spaim,cox7a1,0.3216510781541318,0.5519724488258362
Breast Visium CID44971,spaim,aoah,0.3210316007074494,0.44646987318992615
Breast Visium CID44971,spaim,lrp1,0.3174842233630222,0.7314605116844177
Breast Visium CID44971,spaim,tcf4,0.3159326177332844,0.6019336581230164
Breast Visium CID44971,spaim,hla-dqa2,0.3145265661845243,0.5148023366928101
Breast Visium CID44971,spaim,pik3ip1,0.314388197797836,0.5492697954177856
Breast Visium CID44971,spaim,fyn,0.3104475582754976,0.4776766002178192
Breast Visium CID44971,spaim,tymp,0.3080664545997377,0.8027265667915344
Breast Visium CID44971,spaim,c1orf43,0.3078184691486764,0.7924854159355164
Breast Visium CID44971,spaim,rhob,0.3074233686845519,0.8092992305755615
Breast Visium CID44971,spaim,dap3,0.3068642446016996,0.76590496301651
Breast Visium CID44971,spaim,herpud1,0.3042675473647309,0.7439141273498535
Breast Visium CID44971,spaim,atp6v0b,0.3038490394791868,0.842754065990448
Breast Visium CID44971,spaim,tmsb10,0.3018688794801403,0.9826879501342773
Breast Visium CID44971,spaim,rhog,0.3015914395417783,0.6395552158355713
Breast Visium CID44971,spaim,ppia,0.3008761062379866,0.9632512927055359
Breast Visium CID44971,spaim,cxcr3,0.3000093696588589,0.3954090476036072
Breast Visium CID44971,spaim,pdlim4,0.292742975395879,0.6305534839630127
Breast Visium CID44971,spaim,rbpms,0.2926467494557527,0.577491819858551
Breast Visium CID44971,spaim,tram1,0.2917926119955887,0.776472806930542
Breast Visium CID44971,spaim,btg1,0.2916254482316245,0.8488075137138367
Breast Visium CID44971,spaim,mmrn2,0.2905005607662919,0.36401501297950745
Breast Visium CID44971,spaim,pafah1b3,0.2890595262441093,0.703919529914856
Breast Visium CID44971,spaim,plxdc2,0.2876412017762363,0.7715875506401062
Breast Visium CID44971,spaim,rpl31,0.2870555268335752,0.9764173626899719
Breast Visium CID44971,spaim,pim1,0.2870456954591777,0.48799383640289307
Breast Visium CID44971,spaim,gng5,0.2869946153420835,0.8811038136482239
Breast Visium CID44971,spaim,rpl5,0.2840666417728255,0.9594535827636719
Breast Visium CID44971,spaim,icam3,0.2835434399943514,0.48039501905441284
Breast Visium CID44971,spaim,rplp2,0.2817152193485633,0.9837654232978821
Breast Visium CID44971,spaim,rps28,0.2808808632640685,0.9823885560035706
Breast Visium CID44971,spaim,vamp8,0.2785926653235009,0.8345269560813904
Breast Visium CID44971,spaim,s100a10,0.275081498296787,0.8581787943840027
Breast Visium CID44971,spaim,aplp2,0.2720011860803613,0.8802353739738464
Breast Visium CID44971,spaim,tpp1,0.2718228171985812,0.7071581482887268
Breast Visium CID44971,spaim,syngr2,0.2710479694210697,0.8050389289855957
Breast Visium CID44971,spaim,mgp,0.270832444748346,0.9757521748542786
Breast Visium CID44971,spaim,arhgap15,0.2704893165467809,0.3562317192554474
Breast Visium CID44971,spaim,kdelr1,0.2666351383008596,0.7252897620201111
Breast Visium CID44971,spaim,tmpo,0.265806640718857,0.6751642823219299
Breast Visium CID44971,spaim,ccnd3,0.2639229236932192,0.6616286039352417
Breast Visium CID44971,spaim,ppic,0.2611304521008508,0.48777058720588684
Breast Visium CID44971,spaim,tmbim6,0.2601885334120692,0.8963424563407898
Breast Visium CID44971,spaim,zfp36l2,0.2592350482662987,0.9177194237709045
Breast Visium CID44971,spaim,rps16,0.2591342789025703,0.9771466255187988
Breast Visium CID44971,spaim,sept6,0.2578965439899732,0.5666666030883789
Breast Visium CID44971,spaim,ing4,0.2567951126986022,0.6377050876617432
Breast Visium CID44971,spaim,pabpc1,0.2564046842044153,0.9637891054153442
Breast Visium CID44971,spaim,pdcd4,0.2549399998362718,0.8028559684753418
Breast Visium CID44971,spaim,pkib,0.2530612632060199,0.38283246755599976
Breast Visium CID44971,spaim,ccl14,0.2527190798690873,0.21326898038387299
Breast Visium CID44971,spaim,apobec3c,0.2525002188919482,0.49014630913734436
Breast Visium CID44971,spaim,plac8,0.2520138412131425,0.38227999210357666
Breast Visium CID44971,spaim,fbxo2,0.251174897580711,0.49585992097854614
Breast Visium CID44971,spaim,rab31,0.2501085648001815,0.46993333101272583
Breast Visium CID44971,spaim,tmed10,0.2499323905736792,0.8124874234199524
Breast Visium CID44971,spaim,ndufv2,0.249049235677965,0.7857744097709656
Breast Visium CID44971,spaim,naca,0.2453370793040738,0.9551495313644409
Breast Visium CID44971,spaim,fos,0.2452050370690461,0.8312686085700989
Breast Visium CID44971,spaim,runx1,0.2449417056953805,0.7168960571289062
Breast Visium CID44971,spaim,lman1,0.2416825376626674,0.7912856936454773
Breast Visium CID44971,spaim,spn,0.2407368972324792,0.3855699896812439
Breast Visium CID44971,spaim,ppt1,0.2389073390540468,0.6673979759216309
Breast Visium CID44971,spaim,cdkn1a,0.238591172658365,0.6087872385978699
Breast Visium CID44971,spaim,sirpa,0.2379907051065464,0.513481080532074
Breast Visium CID44971,spaim,cyb5r3,0.2377632499417339,0.7173768281936646
Breast Visium CID44971,spaim,lgals1,0.2361177808495428,0.9156104326248169
Breast Visium CID44971,spaim,steap4,0.2357874920524013,0.39658123254776
Breast Visium CID44971,spaim,plpp2,0.2351062658534357,0.7300205230712891
Breast Visium CID44971,spaim,icam2,0.2349003832171729,0.41347214579582214
Breast Visium CID44971,spaim,mydgf,0.2331440709356329,0.7426269054412842
Breast Visium CID44971,spaim,slc9a3r2,0.2321179361646849,0.4880335032939911
Breast Visium CID44971,spaim,slc25a5,0.2317107563199387,0.7980163097381592
Breast Visium CID44971,spaim,ndrg2,0.2299342518103962,0.6900261640548706
Breast Visium CID44971,spaim,cxcr6,0.2281073905092373,0.3578358590602875
Breast Visium CID44971,spaim,mfap4,0.2225627683566452,0.45478594303131104
Breast Visium CID44971,spaim,cav1,0.2203385907576892,0.610580325126648
Breast Visium CID44971,spaim,mal,0.220100639897993,0.24216726422309875
Breast Visium CID44971,spaim,rgs10,0.2196903354344398,0.6719655990600586
Breast Visium CID44971,spaim,sdcbp,0.2172639045311861,0.7246029376983643
Breast Visium CID44971,spaim,alox5ap,0.2165657664470077,0.4566914737224579
Breast Visium CID44971,spaim,skap1,0.2163740174670362,0.2971876859664917
Breast Visium CID44971,spaim,fgr,0.2158589655978967,0.3328567147254944
Breast Visium CID44971,spaim,sptbn1,0.2155327234842938,0.7970293164253235
Breast Visium CID44971,spaim,efemp2,0.214657065788898,0.49434342980384827
Breast Visium CID44971,spaim,cd19,0.2145782853851577,0.2365937978029251
Breast Visium CID44971,spaim,ddx17,0.2143733184827025,0.8717950582504272
Breast Visium CID44971,spaim,col18a1,0.2116788402084837,0.8295596241950989
Breast Visium CID44971,spaim,cdh3,0.2110978595055521,0.6806977391242981
Breast Visium CID44971,spaim,ctgf,0.2100961540513702,0.8719626665115356
Breast Visium CID44971,spaim,ncf2,0.2094187553675058,0.33160409331321716
Breast Visium CID44971,spaim,ccdc167,0.2084970423787977,0.6066820025444031
Breast Visium CID44971,spaim,sec61a1,0.2078702799906,0.8306270241737366
Breast Visium CID44971,spaim,s1pr1,0.2075835201372721,0.3051414489746094
Breast Visium CID44971,spaim,tinagl1,0.2074417996763896,0.6855058073997498
Breast Visium CID44971,spaim,eef2,0.20678289888578,0.9523696899414062
Breast Visium CID44971,spaim,ctsw,0.2065468548762742,0.31491461396217346
Breast Visium CID44971,spaim,pask,0.2046497073510017,0.4389694631099701
Breast Visium CID44971,spaim,cux1,0.2044720725314329,0.4677683115005493
Breast Visium CID44971,spaim,foxp1,0.1999749622725234,0.6310307383537292
Breast Visium CID44971,spaim,grb2,0.1996377822005346,0.6509742736816406
Breast Visium CID44971,spaim,fndc3a,0.1988633665991329,0.627524197101593
Breast Visium CID44971,spaim,col14a1,0.1981768515547854,0.47573333978652954
Breast Visium CID44971,spaim,camk1d,0.1979222158345482,0.33355751633644104
Breast Visium CID44971,spaim,camk4,0.1975790559721685,0.2912915050983429
Breast Visium CID44971,spaim,dnmt1,0.1952420699495312,0.6760807037353516
Breast Visium CID44971,spaim,klf10,0.1926363105548217,0.49550408124923706
Breast Visium CID44971,spaim,socs3,0.1919812982811843,0.5264067053794861
Breast Visium CID44971,spaim,rab4a,0.1912835363561257,0.6411282420158386
Breast Visium CID44971,spaim,st13,0.1891745810251657,0.799635112285614
Breast Visium CID44971,spaim,sema3g,0.1868798247278754,0.2829435169696808
Breast Visium CID44971,spaim,cxcr5,0.1864201337281187,0.20301072299480438
Breast Visium CID44971,spaim,pik3r1,0.1845927460748321,0.5859785676002502
Breast Visium CID44971,spaim,creb3l2,0.1845670068272787,0.6207861304283142
Breast Visium CID44971,spaim,syvn1,0.1842510114646096,0.5615478157997131
Breast Visium CID44971,spaim,syk,0.1837711860906951,0.37706777453422546
Breast Visium CID44971,spaim,tshz2,0.1834396576883037,0.4466601312160492
Breast Visium CID44971,spaim,srsf5,0.1831061822111308,0.7394486665725708
Breast Visium CID44971,spaim,vpreb3,0.1828417694082999,0.21298684179782867
Breast Visium CID44971,spaim,bcl11b,0.1809897543527147,0.3581540286540985
Breast Visium CID44971,spaim,cmc1,0.180894681177689,0.5395737886428833
Breast Visium CID44971,spaim,rrm1,0.1765360955654221,0.5460111498832703
Breast Visium CID44971,spaim,mgat2,0.1754987700420868,0.42709240317344666
Breast Visium CID44971,spaim,clec7a,0.1722728462445355,0.4340895712375641
Breast Visium CID44971,spaim,rpl26,0.1715261162317494,0.9519157409667969
Breast Visium CID44971,spaim,fkbp2,0.1709144320544624,0.7452228665351868
Breast Visium CID44971,spaim,arsa,0.1673222299465573,0.4564438760280609
Breast Visium CID44971,spaim,fcrl1,0.1664264346046511,0.17007991671562195
Breast Visium CID44971,spaim,smim14,0.1642061651624087,0.5909037590026855
Breast Visium CID44971,spaim,rpl3,0.1640857304898783,0.9596973061561584
Breast Visium CID44971,spaim,erlec1,0.1620220896768609,0.616543173789978
Breast Visium CID44971,spaim,lilrb3,0.1608867372574192,0.25362327694892883
Breast Visium CID44971,spaim,rbbp8,0.158410937341184,0.5133684277534485
Breast Visium CID44971,spaim,mgst2,0.1582744391235327,0.457264244556427
Breast Visium CID44971,spaim,hcfc1r1,0.1574004808129273,0.6484436988830566
Breast Visium CID44971,spaim,creb3l4,0.1558966018125291,0.5039989948272705
Breast Visium CID44971,spaim,klrg1,0.1552889026642049,0.23811139166355133
Breast Visium CID44971,spaim,oxnad1,0.1548944276864493,0.3252413272857666
Breast Visium CID44971,spaim,oaz2,0.154525504912831,0.5910386443138123
Breast Visium CID44971,spaim,rpl7a,0.1532577735380657,0.971280038356781
Breast Visium CID44971,spaim,cirbp,0.1525504950156249,0.821801483631134
Breast Visium CID44971,spaim,s100a6,0.148770144255446,0.9516670107841492
Breast Visium CID44971,spaim,tpx2,0.1478453479104571,0.48968926072120667
Breast Visium CID44971,spaim,syt8,0.1468846125636849,0.5238789916038513
Breast Visium CID44971,spaim,rpl9,0.1447644277109011,0.9703460931777954
Breast Visium CID44971,spaim,bub3,0.1441153976895103,0.6388976573944092
Breast Visium CID44971,spaim,dok3,0.1414791260262588,0.22566643357276917
Breast Visium CID44971,spaim,lims2,0.1392075383703047,0.49657049775123596
Breast Visium CID44971,spaim,themis,0.1385383573490187,0.21896162629127502
Breast Visium CID44971,spaim,kdr,0.137848250877305,0.31277433037757874
Breast Visium CID44971,spaim,inpp1,0.1330188748005404,0.37308770418167114
Breast Visium CID44971,spaim,sel1l,0.1322692552715854,0.564592182636261
Breast Visium CID44971,spaim,hoxd9,0.1312872351501019,0.2764264941215515
Breast Visium CID44971,spaim,ass1,0.1305998578739217,0.5462538003921509
Breast Visium CID44971,spaim,tsc22d1,0.1300506547506449,0.7401122450828552
Breast Visium CID44971,spaim,fam111a,0.1297246992699837,0.47689422965049744
Breast Visium CID44971,spaim,pkig,0.1247390016494849,0.5792637467384338
Breast Visium CID44971,spaim,pltp,0.1244744564482776,0.5177326202392578
Breast Visium CID44971,spaim,ccdc50,0.1231412938440794,0.5164042115211487
Breast Visium CID44971,spaim,cbfa2t3,0.1230838997179336,0.259857714176178
Breast Visium CID44971,spaim,eps8,0.1224490361687046,0.5113205313682556
Breast Visium CID44971,spaim,rps13,0.1196574705081234,0.9681265950202942
Breast Visium CID44971,spaim,glrx,0.1194580852395102,0.417169988155365
Breast Visium CID44971,spaim,phldb2,0.1179270630861596,0.29902198910713196
Breast Visium CID44971,spaim,jakmip1,0.1175202605921131,0.155023455619812
Breast Visium CID44971,spaim,ptger2,0.1165483424022565,0.17843233048915863
Breast Visium CID44971,spaim,rpl12,0.1163650525900763,0.9718874096870422
Breast Visium CID44971,spaim,st6galnac4,0.1150614395652341,0.27193012833595276
Breast Visium CID44971,spaim,tk1,0.1150108287991275,0.46032026410102844
Breast Visium CID44971,spaim,angpt2,0.1099053858602015,0.1896764636039734
Breast Visium CID44971,spaim,rabac1,0.107084642316342,0.7704992294311523
Breast Visium CID44971,spaim,cd72,0.106038910447468,0.24622558057308197
Breast Visium CID44971,spaim,arhgap1,0.1058478166154754,0.6810457110404968
Breast Visium CID44971,spaim,smc4,0.1057738559065915,0.5606520771980286
Breast Visium CID44971,spaim,nucb2,0.105535650308475,0.4392472207546234
Breast Visium CID44971,spaim,bag3,0.1014576927673337,0.4649449586868286
Breast Visium CID44971,spaim,scarb1,0.1009253760448381,0.5940794348716736
Breast Visium CID44971,spaim,fcer2,0.098961942607182,0.138846293091774
Breast Visium CID44971,spaim,fosb,0.0974604048818092,0.6504846811294556
Breast Visium CID44971,spaim,rps4x,0.0941772560898766,0.966410756111145
Breast Visium CID44971,spaim,nusap1,0.093264756214574,0.36608633399009705
Breast Visium CID44971,spaim,lpcat4,0.091340491204624,0.3757047653198242
Breast Visium CID44971,spaim,sardh,0.0885979439195661,0.2086171954870224
Breast Visium CID44971,spaim,txk,0.0870984675629337,0.11410722881555557
Breast Visium CID44971,spaim,faslg,0.0867915912029623,0.14194273948669434
Breast Visium CID44971,spaim,klrd1,0.0867915260045022,0.212217777967453
Breast Visium CID44971,spaim,dhfr,0.0850907319472849,0.397256463766098
Breast Visium CID44971,spaim,hhex,0.0839112844619419,0.2062128484249115
Breast Visium CID44971,spaim,tnik,0.082081708304776,0.23379835486412048
Breast Visium CID44971,spaim,sh2d1b,0.0812240900368021,0.09768515825271606
Breast Visium CID44971,spaim,cblb,0.0781638652913578,0.3576084077358246
Breast Visium CID44971,spaim,arrb1,0.0770808952147102,0.39832568168640137
Breast Visium CID44971,spaim,tnfrsf17,0.0763718978359205,0.1347721666097641
Breast Visium CID44971,spaim,nmur1,0.0658387730593813,0.05220864713191986
Breast Visium CID44971,spaim,xcl1,0.063663596579984,0.17920738458633423
Breast Visium CID44971,spaim,npdc1,0.0593559313029711,0.6022970676422119
Breast Visium CID44971,spaim,ca4,0.0575636668487919,0.12163779139518738
Breast Visium CID44971,spaim,hlf,0.0573317695686831,0.2720297873020172
Breast Visium CID44971,spaim,linc00926,0.057252923615542,0.22674450278282166
Breast Visium CID44971,spaim,hrct1,0.0529236147880075,0.17197220027446747
Breast Visium CID44971,spaim,ppp2r5b,0.0521280601507052,0.3290209174156189
Breast Visium CID44971,spaim,snx22,0.0510025567018807,0.26474812626838684
Breast Visium CID44971,spaim,asf1b,0.0509326616366114,0.29235443472862244
Breast Visium CID44971,spaim,tmigd2,0.0475848697472715,0.10011936724185944
Breast Visium CID44971,spaim,ctnnal1,0.0471830047734473,0.2985706627368927
Breast Visium CID44971,spaim,arl11,0.0467732081334321,0.12473277747631073
Breast Visium CID44971,spaim,st6galnac2,0.0396175694020252,0.06198064237833023
Breast Visium CID44971,spaim,mcm2,0.0270511654659654,0.4318954348564148
Breast Visium CID44971,spaim,znf385d,0.0250449779078827,0.17702770233154297
Breast Visium CID44971,spaim,bard1,0.0245590520204214,0.256113201379776
Breast Visium CID44971,spaim,rgma,0.0204331057602407,0.42582976818084717
Breast Visium CID44971,spaim,sytl1,0.0202144489811081,0.5278344750404358
Breast Visium CID44971,spaim,ncr1,0.0145307624145485,0.050908152014017105
Breast Visium CID44971,spaim,mt-nd4l,0.0143257138466872,0.8466732501983643
Breast Visium CID44971,spaim,arhgap24,0.0116201230939083,0.22748850286006927
Breast Visium CID44971,spaim,rpl29,-0.0062468646518049,0.9707620143890381
Breast Visium CID44971,spaim,rbpms2,-0.0077390346428601,0.15419822931289673
Breast Visium CID44971,spaim,rps15,-0.0448958130189935,0.9618793725967407
Breast Visium CID44971,spaim,mt-atp6,-0.1718051937209936,0.9744713306427002
Breast Visium CID44971,spaim,c1qb,0.6294465759925625,0.8675150871276855
Breast Visium CID44971,spaim,srgn,0.6070551073350804,0.8260320425033569
Breast Visium CID44971,spaim,dst,0.5956139738125131,0.8133938908576965
Breast Visium CID44971,spaim,agr2,0.5835898549155707,0.6715242266654968
Breast Visium CID44971,spaim,col3a1,0.5818757933151488,0.9177484512329102
Breast Visium CID44971,spaim,hla-dqb1,0.5787636574389906,0.8159615397453308
Breast Visium CID44971,spaim,azgp1,0.5515237635055479,0.7770050764083862
Breast Visium CID44971,spaim,hla-dra,0.5456833694212954,0.9423588514328003
Breast Visium CID44971,spaim,crabp1,0.5300162902351797,0.8672702312469482
Breast Visium CID44971,spaim,mlph,0.5249332195066748,0.6089330315589905
Breast Visium CID44971,spaim,ighm,0.5224499580056301,0.7624345421791077
Breast Visium CID44971,spaim,pfn1,0.518745021652888,0.9698479771614075
Breast Visium CID44971,spaim,col1a1,0.4804667360068013,0.8863325119018555
Breast Visium CID44971,spaim,rasal3,0.4706917007326147,0.590522050857544
Breast Visium CID44971,spaim,col17a1,0.4683890427175085,0.7383447289466858
Breast Visium CID44971,spaim,arpc1b,0.465041179416665,0.7929799556732178
Breast Visium CID44971,spaim,snrpe,0.4580263053689803,0.8650745749473572
Breast Visium CID44971,spaim,tpm1,0.4572057046067918,0.8771949410438538
Breast Visium CID44971,spaim,dstn,0.4520736404675295,0.8969486355781555
Breast Visium CID44971,spaim,sell,0.4516504403498684,0.5412163138389587
Breast Visium CID44971,spaim,il2rg,0.4456453744577777,0.6079257726669312
Breast Visium CID44971,spaim,sparc,0.4421345428382385,0.9131577610969543
Breast Visium CID44971,spaim,plek,0.4400799619679569,0.5700902938842773
Breast Visium CID44971,spaim,ldhb,0.4389760870905093,0.9381893873214722
Breast Visium CID44971,spaim,fxyd3,0.4319879296242638,0.7863550186157227
Breast Visium CID44971,spaim,cd247,0.4312731834985523,0.5301691293716431
Breast Visium CID44971,spaim,snrpd1,0.4267179471201013,0.7752050161361694
Breast Visium CID44971,spaim,cd24,0.4245282711335995,0.9499839544296265
Breast Visium CID44971,spaim,cybb,0.4119737170225455,0.5811405181884766
Breast Visium CID44971,spaim,serping1,0.4091333320119705,0.8165152668952942
Breast Visium CID44971,spaim,epcam,0.408092508839522,0.8441596031188965
Breast Visium CID44971,spaim,ppp1r14a,0.4044525905167552,0.6154748797416687
Breast Visium CID44971,spaim,hla-b,0.4023354729055839,0.9483386278152466
Breast Visium CID44971,spaim,ifi27,0.3987808816464195,0.7813403010368347
Breast Visium CID44971,spaim,cyba,0.3972831188846442,0.8430880308151245
Breast Visium CID44971,spaim,epas1,0.3967108356114459,0.6072198748588562
Breast Visium CID44971,spaim,eif1,0.3932901716182141,0.9542955756187439
Breast Visium CID44971,spaim,tacstd2,0.3917125934559188,0.8293831944465637
Breast Visium CID44971,spaim,arf1,0.3913275668229625,0.9161990284919739
Breast Visium CID44971,spaim,limd2,0.3831965349817121,0.6705407500267029
Breast Visium CID44971,spaim,cd69,0.3780015045697933,0.504534125328064
Breast Visium CID44971,spaim,rnase1,0.3745038349965386,0.6978484392166138
Breast Visium CID44971,spaim,hspg2,0.3728427284073756,0.8009161353111267
Breast Visium CID44971,spaim,grn,0.3717084679337299,0.8612616062164307
Breast Visium CID44971,spaim,il16,0.3716579113933004,0.5143586993217468
Breast Visium CID44971,spaim,uqcrb,0.3703551397345128,0.9361234307289124
Breast Visium CID44971,spaim,palld,0.3655488562388314,0.706453800201416
Breast Visium CID44971,spaim,mt2a,0.3645917522831856,0.9735267758369446
Breast Visium CID44971,spaim,gas6,0.3613596843250369,0.8023574948310852
Breast Visium CID44971,spaim,stom,0.3607445239711165,0.7355604767799377
Breast Visium CID44971,spaim,gapdh,0.3554355102523653,0.9793899059295654
Breast Visium CID44971,spaim,mdh2,0.3529246936356187,0.8363286852836609
Breast Visium CID44971,spaim,app,0.3512306083398868,0.903419554233551
Breast Visium CID44971,spaim,ybx1,0.3505607492734043,0.8775362372398376
Breast Visium CID44971,spaim,sat1,0.3420909956125622,0.8670588135719299
Breast Visium CID44971,spaim,dynlt1,0.342048196325938,0.8218792676925659
Breast Visium CID44971,spaim,cxcl2,0.3417295652178787,0.49922552704811096
Breast Visium CID44971,spaim,runx3,0.3416025019077764,0.495113343000412
Breast Visium CID44971,spaim,tigit,0.3364210445175728,0.46362149715423584
Breast Visium CID44971,spaim,kdelr2,0.3348426956106817,0.8368546962738037
Breast Visium CID44971,spaim,dennd2d,0.3335049881437181,0.6082891225814819
Breast Visium CID44971,spaim,cd99,0.3323197027044631,0.7804990410804749
Breast Visium CID44971,spaim,srp9,0.3315853817803585,0.8584360480308533
Breast Visium CID44971,spaim,cd63,0.327038302313901,0.9385427236557007
Breast Visium CID44971,spaim,tmed9,0.3267175734515156,0.7490951418876648
Breast Visium CID44971,spaim,tspan7,0.3262511686206719,0.360874205827713
Breast Visium CID44971,spaim,linc00861,0.3260927259296228,0.36805814504623413
Breast Visium CID44971,spaim,msr1,0.3250003685778148,0.5081697106361389
Breast Visium CID44971,spaim,col5a2,0.3241230449351519,0.6615331768989563
Breast Visium CID44971,spaim,rpl27a,0.3232916546290524,0.9771278500556946
Breast Visium CID44971,spaim,ctsk,0.3223868709288816,0.6510045528411865
Breast Visium CID44971,spaim,emb,0.3205840577470533,0.50737065076828
Breast Visium CID44971,spaim,gnai2,0.3185374447209644,0.8085774183273315
Breast Visium CID44971,spaim,hddc2,0.3184800831948537,0.7331113815307617
Breast Visium CID44971,spaim,islr,0.3178664093472546,0.7080792784690857
Breast Visium CID44971,spaim,snrpd2,0.3177617884143492,0.9172198176383972
Breast Visium CID44971,spaim,rnaset2,0.3172106433574221,0.7457154393196106
Breast Visium CID44971,spaim,ufc1,0.3149499452615573,0.7910974025726318
Breast Visium CID44971,spaim,tmem98,0.3139413916839093,0.4911637306213379
Breast Visium CID44971,spaim,kif12,0.3131939492504949,0.3814921975135803
Breast Visium CID44971,spaim,gimap7,0.3125029965016929,0.45435771346092224
Breast Visium CID44971,spaim,rps25,0.312340773221186,0.9767597913742065
Breast Visium CID44971,spaim,tnfrsf25,0.3093655585744778,0.46662917733192444
Breast Visium CID44971,spaim,mfge8,0.307765738669978,0.8492644429206848
Breast Visium CID44971,spaim,rps20,0.301033706361239,0.973118245601654
Breast Visium CID44971,spaim,ptma,0.3005519191264473,0.9764140248298645
Breast Visium CID44971,spaim,cd79b,0.2998249698748787,0.39307478070259094
Breast Visium CID44971,spaim,gnly,0.299598755894202,0.38447871804237366
Breast Visium CID44971,spaim,jun,0.2936238654591967,0.7516995072364807
Breast Visium CID44971,spaim,pdia4,0.2869442914189788,0.786203145980835
Breast Visium CID44971,spaim,irf7,0.2858051993756842,0.5281813740730286
Breast Visium CID44971,spaim,cxcl16,0.285274775838522,0.6086610555648804
Breast Visium CID44971,spaim,ifi16,0.2851755580229405,0.6155529022216797
Breast Visium CID44971,spaim,cldn5,0.2842284528870438,0.4010080397129059
Breast Visium CID44971,spaim,fcmr,0.2841161834572241,0.37523120641708374
Breast Visium CID44971,spaim,myadm,0.2786661404336118,0.6778598427772522
Breast Visium CID44971,spaim,fcgr2a,0.2783717245911826,0.5595051050186157
Breast Visium CID44971,spaim,ppp1ca,0.2756443197790075,0.79185950756073
Breast Visium CID44971,spaim,anxa3,0.2731724141440512,0.6260486245155334
Breast Visium CID44971,spaim,nutf2,0.2725598275909771,0.7098748683929443
Breast Visium CID44971,spaim,rasgrp2,0.2725551183112841,0.41719111800193787
Breast Visium CID44971,spaim,capn8,0.2713237472168892,0.4006812572479248
Breast Visium CID44971,spaim,dgka,0.2704984911009752,0.46927061676979065
Breast Visium CID44971,spaim,tmed2,0.2674474587717574,0.8292145133018494
Breast Visium CID44971,spaim,dok2,0.2654695578251479,0.41056662797927856
Breast Visium CID44971,spaim,emp1,0.264273105740415,0.5638043284416199
Breast Visium CID44971,spaim,aff3,0.2624107099586103,0.3580923080444336
Breast Visium CID44971,spaim,eomes,0.2620202159065661,0.34736907482147217
Breast Visium CID44971,spaim,map1b,0.2583990669680631,0.44086137413978577
Breast Visium CID44971,spaim,atp1a1,0.2577686211846625,0.8374685645103455
Breast Visium CID44971,spaim,derl3,0.2568017369289401,0.38081344962120056
Breast Visium CID44971,spaim,rnf130,0.2560515726324566,0.685345470905304
Breast Visium CID44971,spaim,vps29,0.2553701301412163,0.7204763293266296
Breast Visium CID44971,spaim,prkch,0.2503457080540284,0.46005162596702576
Breast Visium CID44971,spaim,reep5,0.2482857281344782,0.7252755761146545
Breast Visium CID44971,spaim,h2afy,0.2470928800173855,0.7570381760597229
Breast Visium CID44971,spaim,fam49b,0.2470659015022803,0.6083698868751526
Breast Visium CID44971,spaim,ier2,0.2411317239525388,0.7895188927650452
Breast Visium CID44971,spaim,tpst2,0.2399478612708243,0.49064263701438904
Breast Visium CID44971,spaim,cyr61,0.2396025392534319,0.7970990538597107
Breast Visium CID44971,spaim,ier3,0.2393083948652504,0.7093208432197571
Breast Visium CID44971,spaim,rassf2,0.2382085314026102,0.47674524784088135
Breast Visium CID44971,spaim,s100a11,0.2376776431029148,0.9707472324371338
Breast Visium CID44971,spaim,tmem173,0.2367722711143018,0.4687359631061554
Breast Visium CID44971,spaim,id2,0.2354748836777648,0.7053558230400085
Breast Visium CID44971,spaim,plac9,0.2330393919318342,0.39292463660240173
Breast Visium CID44971,spaim,aph1a,0.2327458647009603,0.7871536016464233
Breast Visium CID44971,spaim,cdk2ap2,0.2326933416741989,0.5769082307815552
Breast Visium CID44971,spaim,znf503,0.2302503633127962,0.3580217957496643
Breast Visium CID44971,spaim,zfp36,0.2297941975314403,0.8267314434051514
Breast Visium CID44971,spaim,samhd1,0.229351818254451,0.6759828329086304
Breast Visium CID44971,spaim,srpk1,0.2260098972423172,0.6221866607666016
Breast Visium CID44971,spaim,nedd9,0.2254724396259353,0.5440384745597839
Breast Visium CID44971,spaim,rps23,0.2248107077647752,0.9721953272819519
Breast Visium CID44971,spaim,vps72,0.2239490542499433,0.6053814888000488
Breast Visium CID44971,spaim,bcam,0.2231257827631801,0.5237773656845093
Breast Visium CID44971,spaim,c1orf54,0.2229179941092092,0.39517366886138916
Breast Visium CID44971,spaim,reep6,0.2228758634873164,0.3657350242137909
Breast Visium CID44971,spaim,pmepa1,0.2226528190187014,0.587761402130127
Breast Visium CID44971,spaim,pax5,0.2221337516919449,0.1967168003320694
Breast Visium CID44971,spaim,rpl34,0.2185569781568669,0.9730516672134399
Breast Visium CID44971,spaim,cd40,0.2161131536596976,0.41358065605163574
Breast Visium CID44971,spaim,march1,0.2146735321180015,0.37889647483825684
Breast Visium CID44971,spaim,rpl15,0.2121108018150442,0.9715445041656494
Breast Visium CID44971,spaim,il3ra,0.2098343810005891,0.32466045022010803
Breast Visium CID44971,spaim,eef1a1,0.2091368850616833,0.9846872091293335
Breast Visium CID44971,spaim,spcs3,0.2082680827163989,0.6858235001564026
Breast Visium CID44971,spaim,phactr1,0.2065902302038941,0.3237023651599884
Breast Visium CID44971,spaim,fam177a1,0.206536262698337,0.6028120517730713
Breast Visium CID44971,spaim,krt81,0.2051269774617297,0.36975228786468506
Breast Visium CID44971,spaim,hm13,0.2046310798441102,0.7327961921691895
Breast Visium CID44971,spaim,sod3,0.2023318180362842,0.31149524450302124
Breast Visium CID44971,spaim,rbp7,0.2014167512295205,0.37060296535491943
Breast Visium CID44971,spaim,abi3,0.1969659636497282,0.38356882333755493
Breast Visium CID44971,spaim,btf3,0.1966849569626417,0.8788784742355347
Breast Visium CID44971,spaim,il6st,0.1966196913168166,0.7104568481445312
Breast Visium CID44971,spaim,leprotl1,0.1957576782633996,0.5697382688522339
Breast Visium CID44971,spaim,ndufa4l2,0.1957023415683702,0.3855597972869873
Breast Visium CID44971,spaim,il33,0.1945290569965375,0.2859271764755249
Breast Visium CID44971,spaim,cisd2,0.19414144885215,0.5520166158676147
Breast Visium CID44971,spaim,mgll,0.1940799563745223,0.4306177496910095
Breast Visium CID44971,spaim,nes,0.193193889080068,0.6079604625701904
Breast Visium CID44971,spaim,rps12,0.1904492867760545,0.980065643787384
Breast Visium CID44971,spaim,fbln5,0.1887220104605141,0.4511603116989136
Breast Visium CID44971,spaim,slc3a2,0.1874683164457909,0.7378458380699158
Breast Visium CID44971,spaim,rhoh,0.1870408312496486,0.4121541678905487
Breast Visium CID44971,spaim,acbd6,0.1868137287812756,0.5901822447776794
Breast Visium CID44971,spaim,cyb561a3,0.1803377642024133,0.5315240025520325
Breast Visium CID44971,spaim,nr2f2,0.1797324571725493,0.5255270600318909
Breast Visium CID44971,spaim,tmem109,0.1780935621021363,0.5731436014175415
Breast Visium CID44971,spaim,traf4,0.176871329461397,0.7046051621437073
Breast Visium CID44971,spaim,klf6,0.1758074222617224,0.8569300174713135
Breast Visium CID44971,spaim,dbnl,0.1721749815188534,0.6126390695571899
Breast Visium CID44971,spaim,eif4b,0.1719432509250823,0.8623443245887756
Breast Visium CID44971,spaim,rasef,0.1707796046087376,0.4155272841453552
Breast Visium CID44971,spaim,hla-dob,0.1690172069632315,0.3112010061740875
Breast Visium CID44971,spaim,ednra,0.1685943177224224,0.3325606882572174
Breast Visium CID44971,spaim,tacc1,0.166598873407872,0.5092393755912781
Breast Visium CID44971,spaim,c1qtnf1,0.1655260956302917,0.3738865852355957
Breast Visium CID44971,spaim,rabep1,0.1648051183975153,0.5599285364151001
Breast Visium CID44971,spaim,gpr65,0.1633692909349451,0.3024578392505646
Breast Visium CID44971,spaim,cdc42ep3,0.1633565873353457,0.4735703468322754
Breast Visium CID44971,spaim,hspa1b,0.1624978919569184,0.6078676581382751
Breast Visium CID44971,spaim,serpinh1,0.1586732874514722,0.823458194732666
Breast Visium CID44971,spaim,mctp1,0.1574355059057144,0.21087397634983063
Breast Visium CID44971,spaim,igf1,0.1573238230783509,0.46362751722335815
Breast Visium CID44971,spaim,plekhf1,0.1560322579850221,0.32961827516555786
Breast Visium CID44971,spaim,tie1,0.1559533785776382,0.2882358729839325
Breast Visium CID44971,spaim,ccpg1,0.1554573883392905,0.46354779601097107
Breast Visium CID44971,spaim,gem,0.1548468095598385,0.5064085125923157
Breast Visium CID44971,spaim,rpa3,0.1543779787240115,0.5704564452171326
Breast Visium CID44971,spaim,mir222hg,0.154170290581709,0.23348671197891235
Breast Visium CID44971,spaim,adgrg1,0.1526634263855004,0.6974360942840576
Breast Visium CID44971,spaim,acadvl,0.1496507866276131,0.8480704426765442
Breast Visium CID44971,spaim,golgb1,0.14914076772174,0.6348304152488708
Breast Visium CID44971,spaim,dck,0.148604870476915,0.4886039197444916
Breast Visium CID44971,spaim,rpl35a,0.1470100869658699,0.959642231464386
Breast Visium CID44971,spaim,shc1,0.1464495012183622,0.6673875451087952
Breast Visium CID44971,spaim,notch4,0.1462431873556638,0.36775141954421997
Breast Visium CID44971,spaim,lmcd1,0.1454011285146437,0.41461676359176636
Breast Visium CID44971,spaim,fam110d,0.142625865071636,0.20412202179431915
Breast Visium CID44971,spaim,hsp90aa1,0.1422814154878745,0.9420638680458069
Breast Visium CID44971,spaim,taf15,0.1415416136291343,0.5960974097251892
Breast Visium CID44971,spaim,dnajc1,0.1402148791208377,0.3931974768638611
Breast Visium CID44971,spaim,rbm47,0.1400551632935581,0.6026228070259094
Breast Visium CID44971,spaim,sdf2l1,0.1390954044849824,0.5087887048721313
Breast Visium CID44971,spaim,pnpla2,0.137936679771483,0.6404983401298523
Breast Visium CID44971,spaim,hbegf,0.1376487392965003,0.3262959420681
Breast Visium CID44971,spaim,foxp3,0.1373533876333718,0.25044625997543335
Breast Visium CID44971,spaim,foxs1,0.1366474561042026,0.16587616503238678
Breast Visium CID44971,spaim,clmn,0.1365595164359178,0.4339369833469391
Breast Visium CID44971,spaim,ednrb,0.136407006190455,0.3078919053077698
Breast Visium CID44971,spaim,cpne5,0.1342232134159337,0.23298919200897217
Breast Visium CID44971,spaim,stim1,0.1326608803390435,0.44183602929115295
Breast Visium CID44971,spaim,gucy1a2,0.1326201322677187,0.18692782521247864
Breast Visium CID44971,spaim,parva,0.1308300271686498,0.5913469791412354
Breast Visium CID44971,spaim,znf331,0.1307151141751335,0.4140748977661133
Breast Visium CID44971,spaim,rcsd1,0.1303678633927403,0.40425145626068115
Breast Visium CID44971,spaim,rapgef3,0.1295755579493751,0.30775371193885803
Breast Visium CID44971,spaim,myd88,0.1263942198654719,0.4692746102809906
Breast Visium CID44971,spaim,man2b1,0.1260721626354713,0.22335530817508698
Breast Visium CID44971,spaim,map3k8,0.1241046211070386,0.39869746565818787
Breast Visium CID44971,spaim,tpt1,0.1233869374027102,0.9778633713722229
Breast Visium CID44971,spaim,sec62,0.1219756630396291,0.6849437952041626
Breast Visium CID44971,spaim,ephx1,0.1205789939947067,0.5751075744628906
Breast Visium CID44971,spaim,ighd,0.1201028469201413,0.12161272019147873
Breast Visium CID44971,spaim,fxyd6,0.1182167994832883,0.5339958071708679
Breast Visium CID44971,spaim,erg,0.1160535974187612,0.24099190533161163
Breast Visium CID44971,spaim,xcl2,0.1151809388970326,0.22108061611652374
Breast Visium CID44971,spaim,tbx21,0.1148739679586136,0.18708841502666473
Breast Visium CID44971,spaim,creld2,0.1118675427802514,0.4427671432495117
Breast Visium CID44971,spaim,rpl7,0.1117699398792962,0.9653196930885315
Breast Visium CID44971,spaim,gpihbp1,0.1104951291784038,0.20783470571041107
Breast Visium CID44971,spaim,snrnp25,0.1099705318782591,0.5672633051872253
Breast Visium CID44971,spaim,mef2c,0.1086621478893408,0.3842594027519226
Breast Visium CID44971,spaim,nt5e,0.1075423344032158,0.21135233342647552
Breast Visium CID44971,spaim,usp28,0.1070411699757938,0.45180705189704895
Breast Visium CID44971,spaim,ralgps2,0.1063486232656998,0.26614293456077576
Breast Visium CID44971,spaim,akap12,0.1053692253863975,0.30916717648506165
Breast Visium CID44971,spaim,itm2a,0.1040907075033109,0.5315712690353394
Breast Visium CID44971,spaim,atp2b1,0.1033697363946553,0.5754882097244263
Breast Visium CID44971,spaim,alox5,0.1033241997287867,0.34823423624038696
Breast Visium CID44971,spaim,dusp4,0.1028313800558059,0.5316884517669678
Breast Visium CID44971,spaim,magi1,0.102808716451487,0.46680039167404175
Breast Visium CID44971,spaim,trgc1,0.0997292559050715,0.1360846906900406
Breast Visium CID44971,spaim,ccdc88a,0.0992779286661214,0.43192121386528015
Breast Visium CID44971,spaim,aif1l,0.098560955495824,0.539527952671051
Breast Visium CID44971,spaim,cnr2,0.0975574382546692,0.10684715956449509
Breast Visium CID44971,spaim,rasl12,0.0973141897009564,0.2676929235458374
Breast Visium CID44971,spaim,pnoc,0.0972701859917052,0.1366385668516159
Breast Visium CID44971,spaim,trg-as1,0.0972607545573851,0.1705453097820282
Breast Visium CID44971,spaim,eaf2,0.0960675035014593,0.2108883559703827
Breast Visium CID44971,spaim,or51e1,0.0944956492600926,0.08281765133142471
Breast Visium CID44971,spaim,snx29,0.094456268900223,0.32111454010009766
Breast Visium CID44971,spaim,tspan13,0.0937926926054338,0.583832859992981
Breast Visium CID44971,spaim,tcl1a,0.0937200973972438,0.1327895224094391
Breast Visium CID44971,spaim,gapt,0.0933138674605107,0.20634634792804718
Breast Visium CID44971,spaim,syne1,0.0907781939082328,0.35487934947013855
Breast Visium CID44971,spaim,cox4i2,0.0900425571216886,0.20731621980667114
Breast Visium CID44971,spaim,ptpn4,0.0883789542141205,0.32934173941612244
Breast Visium CID44971,spaim,rps27a,0.0882833504705773,0.9751085638999939
Breast Visium CID44971,spaim,b4galt7,0.0863600694892106,0.38424152135849
Breast Visium CID44971,spaim,ccr4,0.0854291170751705,0.09806156903505325
Breast Visium CID44971,spaim,abhd15,0.0845645537429005,0.2565557062625885
Breast Visium CID44971,spaim,dek,0.0837948553827477,0.708442211151123
Breast Visium CID44971,spaim,plpp5,0.0812410098668391,0.4575502872467041
Breast Visium CID44971,spaim,krt86,0.0807767569710351,0.256887823343277
Breast Visium CID44971,spaim,spink2,0.0806563697242775,0.10177507251501083
Breast Visium CID44971,spaim,mei1,0.074612621808828,0.16650159657001495
Breast Visium CID44971,spaim,linc01197,0.0737123911711386,0.09163977950811386
Breast Visium CID44971,spaim,ap1s2,0.0713293920559495,0.48389968276023865
Breast Visium CID44971,spaim,ttc38,0.0705229045009089,0.34277868270874023
Breast Visium CID44971,spaim,cdkn3,0.0609337264544838,0.3095912039279938
Breast Visium CID44971,spaim,rpl13a,0.058841470436638,0.9807414412498474
Breast Visium CID44971,spaim,lyst,0.0563936455522336,0.2862359583377838
Breast Visium CID44971,spaim,arid5b,0.055467220488859,0.5053980350494385
Breast Visium CID44971,spaim,arc,0.055407724116056,0.1309167444705963
Breast Visium CID44971,spaim,pik3r3,0.0546493420357751,0.5378003120422363
Breast Visium CID44971,spaim,hrc,0.0528162738336902,0.08765191584825516
Breast Visium CID44971,spaim,aqp3,0.0512089558222865,0.37999027967453003
Breast Visium CID44971,spaim,sh3pxd2b,0.0509063047989737,0.4196477234363556
Breast Visium CID44971,spaim,capn12,0.0497630502126538,0.2838236391544342
Breast Visium CID44971,spaim,rps6,0.0495869180734276,0.9697428941726685
Breast Visium CID44971,spaim,nr2f1,0.0456538184545497,0.4465295672416687
Breast Visium CID44971,spaim,znf808,0.0456457795053351,0.2168087661266327
Breast Visium CID44971,spaim,lrrc26,0.0437455058050643,0.29665204882621765
Breast Visium CID44971,spaim,bach2,0.0408027296125168,0.22210030257701874
Breast Visium CID44971,spaim,fancb,0.0347014033887102,0.1814974993467331
Breast Visium CID44971,spaim,map3k7cl,0.0322741860875587,0.14336827397346497
Breast Visium CID44971,spaim,rps3a,0.0274863638416639,0.9745149612426758
Breast Visium CID44971,spaim,klrf1,-0.0065787536882584,0.17494599521160126
Breast Visium CID44971,spaim,rpl41,-0.0173078202873416,0.9759914875030518
Breast Visium CID44971,spaim,frmd3,-0.0290975359800175,0.178008571267128
Breast Visium CID44971,spaim,rps5,-0.0339011549496902,0.9548379182815552
Breast Visium CID44971,spaim,inpp4b,-0.0345018633543778,0.29328233003616333
Breast Visium CID44971,spaim,lyz,0.6090392120855593,0.7767176032066345
Breast Visium CID44971,spaim,trbc1,0.6069676190364276,0.7475288510322571
Breast Visium CID44971,spaim,hla-dpb1,0.5809272185481683,0.8710199594497681
Breast Visium CID44971,spaim,ccl5,0.5740233041366584,0.7634882926940918
Breast Visium CID44971,spaim,cd53,0.5634357675258503,0.6911346316337585
Breast Visium CID44971,spaim,hla-dqa1,0.5543297281366111,0.7371783256530762
Breast Visium CID44971,spaim,rac2,0.5382494245310084,0.6861096024513245
Breast Visium CID44971,spaim,sema3c,0.531707448086692,0.7307335138320923
Breast Visium CID44971,spaim,mgst1,0.5275358888253131,0.9118648171424866
Breast Visium CID44971,spaim,tmsb4x,0.5267927627122636,0.9686622023582458
Breast Visium CID44971,spaim,tpm2,0.5159327463063634,0.8727983832359314
Breast Visium CID44971,spaim,cd68,0.5021551065920297,0.6486819982528687
Breast Visium CID44971,spaim,cd3d,0.4986126612336107,0.6372168064117432
Breast Visium CID44971,spaim,cd48,0.4934898150478584,0.6201646327972412
Breast Visium CID44971,spaim,fcer1g,0.4912736346110397,0.7501885294914246
Breast Visium CID44971,spaim,vwf,0.4845217634325844,0.6678520441055298
Breast Visium CID44971,spaim,cd6,0.4809246908815286,0.6145526766777039
Breast Visium CID44971,spaim,cd3e,0.4702656536911764,0.6208891868591309
Breast Visium CID44971,spaim,sparcl1,0.4665782877048597,0.8096425533294678
Breast Visium CID44971,spaim,lum,0.4622835026158253,0.7906840443611145
Breast Visium CID44971,spaim,mt1x,0.4609628339570436,0.881857693195343
Breast Visium CID44971,spaim,fbxo32,0.45865666322245,0.7395228743553162
Breast Visium CID44971,spaim,mrpl51,0.4433046229888723,0.88343745470047
Breast Visium CID44971,spaim,s100a4,0.4402412977925406,0.7685176134109497
Breast Visium CID44971,spaim,fkbp4,0.4392713935500266,0.8621007204055786
Breast Visium CID44971,spaim,gzma,0.438437887348708,0.5387682914733887
Breast Visium CID44971,spaim,hla-dma,0.4261739153265018,0.6828690767288208
Breast Visium CID44971,spaim,cd7,0.4244761026369083,0.5566143989562988
Breast Visium CID44971,spaim,abracl,0.4142919200120808,0.8047942519187927
Breast Visium CID44971,spaim,ikzf1,0.4087592862255418,0.536916971206665
Breast Visium CID44971,spaim,tnfaip3,0.4060406263660905,0.6036155223846436
Breast Visium CID44971,spaim,itm2b,0.3969537889213163,0.9603561758995056
Breast Visium CID44971,spaim,wls,0.3959190701211256,0.5697224140167236
Breast Visium CID44971,spaim,zg16b,0.3940800910331569,0.4514144957065582
Breast Visium CID44971,spaim,hspa5,0.3902977425579892,0.8221539855003357
Breast Visium CID44971,spaim,ca12,0.3889230792941606,0.47045186161994934
Breast Visium CID44971,spaim,gmfg,0.3868908858505882,0.5856572985649109
Breast Visium CID44971,spaim,pfn2,0.3853290646641886,0.7581374645233154
Breast Visium CID44971,spaim,ms4a6a,0.3845871993693123,0.6441536545753479
Breast Visium CID44971,spaim,igfbp4,0.3843634947436718,0.9189868569374084
Breast Visium CID44971,spaim,hcls1,0.3835041462275539,0.5822225213050842
Breast Visium CID44971,spaim,cd37,0.3816849804770567,0.5920315980911255
Breast Visium CID44971,spaim,npc2,0.3800036494416186,0.889216423034668
Breast Visium CID44971,spaim,pfdn2,0.3799491102312724,0.7968171834945679
Breast Visium CID44971,spaim,plvap,0.3776766551802865,0.595276951789856
Breast Visium CID44971,spaim,cytip,0.3773689828591339,0.5255262851715088
Breast Visium CID44971,spaim,ctsh,0.3751625754271812,0.7396300435066223
Breast Visium CID44971,spaim,rpl36a,0.3725399704290408,0.9617584943771362
Breast Visium CID44971,spaim,lsm4,0.3719233885075506,0.8071132898330688
Breast Visium CID44971,spaim,spi1,0.3684030229905379,0.5842844843864441
Breast Visium CID44971,spaim,krt8,0.3675185654408119,0.8926416039466858
Breast Visium CID44971,spaim,lgals9,0.3615431453019744,0.5835590362548828
Breast Visium CID44971,spaim,phb2,0.3597915436807773,0.888926088809967
Breast Visium CID44971,spaim,itgb7,0.3589164152496659,0.4659297466278076
Breast Visium CID44971,spaim,tpd52l1,0.3570044136037816,0.8187219500541687
Breast Visium CID44971,spaim,mmp2,0.3567957785050569,0.7398306727409363
Breast Visium CID44971,spaim,ccl4,0.3563640013229713,0.5622317790985107
Breast Visium CID44971,spaim,cpvl,0.3547333809566624,0.4919322729110718
Breast Visium CID44971,spaim,txnl1,0.3530251185418503,0.7846789360046387
Breast Visium CID44971,spaim,aqp1,0.3518834985727989,0.6634958982467651
Breast Visium CID44971,spaim,pstpip1,0.3513024923368469,0.4758315086364746
Breast Visium CID44971,spaim,prdx1,0.350068008518512,0.9354921579360962
Breast Visium CID44971,spaim,socs1,0.3463444682626674,0.5420266389846802
Breast Visium CID44971,spaim,actn4,0.3451208730267837,0.8629467487335205
Breast Visium CID44971,spaim,slamf7,0.343746987755923,0.45477402210235596
Breast Visium CID44971,spaim,krt5,0.3410822122748581,0.9031858444213867
Breast Visium CID44971,spaim,ucp2,0.3407763351079989,0.5906434059143066
Breast Visium CID44971,spaim,fgl2,0.3400557420714385,0.5819625854492188
Breast Visium CID44971,spaim,pdgfrb,0.3400263081504722,0.5952500700950623
Breast Visium CID44971,spaim,prdx6,0.3389688738604646,0.8652313947677612
Breast Visium CID44971,spaim,ppa1,0.338525881634549,0.8478487730026245
Breast Visium CID44971,spaim,cap1,0.3378865964736864,0.8104602098464966
Breast Visium CID44971,spaim,csrp1,0.3324276433020805,0.8751087188720703
Breast Visium CID44971,spaim,arrb2,0.33188061400216,0.5555393099784851
Breast Visium CID44971,spaim,sla,0.3315334022743164,0.5103971362113953
Breast Visium CID44971,spaim,ranbp1,0.3268055819835436,0.7125639915466309
Breast Visium CID44971,spaim,cd27,0.3250271683527668,0.46795424818992615
Breast Visium CID44971,spaim,lyn,0.3213884917204069,0.4898483455181122
Breast Visium CID44971,spaim,dusp6,0.3211612122362235,0.6490561366081238
Breast Visium CID44971,spaim,ywhae,0.3206796431894955,0.8898491263389587
Breast Visium CID44971,spaim,snx3,0.3201992574971034,0.8637587428092957
Breast Visium CID44971,spaim,mpc2,0.3184297866128468,0.7228076457977295
Breast Visium CID44971,spaim,id3,0.3180330329615095,0.5825664401054382
Breast Visium CID44971,spaim,dkk3,0.3173953380569777,0.6191812753677368
Breast Visium CID44971,spaim,dusp2,0.3166187330537428,0.47642597556114197
Breast Visium CID44971,spaim,apobec3g,0.3117022660323842,0.48944932222366333
Breast Visium CID44971,spaim,ran,0.3064391547581585,0.8729845881462097
Breast Visium CID44971,spaim,rpl22,0.3042763838519244,0.9733017683029175
Breast Visium CID44971,spaim,lgals3bp,0.3021248142492885,0.746715247631073
Breast Visium CID44971,spaim,fcgr3a,0.3020058811485909,0.5862662196159363
Breast Visium CID44971,spaim,sash3,0.2958906683074531,0.40988481044769287
Breast Visium CID44971,spaim,atp6v0e1,0.2953608640553056,0.8189623355865479
Breast Visium CID44971,spaim,batf,0.2931552127979883,0.4602668285369873
Breast Visium CID44971,spaim,atp1b1,0.2928731787729047,0.6983108520507812
Breast Visium CID44971,spaim,dmkn,0.2919687175599503,0.6015912890434265
Breast Visium CID44971,spaim,oaz1,0.2910024185343834,0.9291514754295349
Breast Visium CID44971,spaim,cd34,0.2868228199820578,0.4153292179107666
Breast Visium CID44971,spaim,tmc4,0.2867430644392592,0.45074042677879333
Breast Visium CID44971,spaim,gja4,0.286258830936606,0.36145511269569397
Breast Visium CID44971,spaim,lman2,0.2860641791405512,0.725830614566803
Breast Visium CID44971,spaim,pdzk1ip1,0.2820583342171502,0.519607424736023
Breast Visium CID44971,spaim,cd59,0.2813445732399867,0.8943001627922058
Breast Visium CID44971,spaim,plpp3,0.2778560429325707,0.6808361411094666
Breast Visium CID44971,spaim,sh3yl1,0.2752588742194013,0.6652042269706726
Breast Visium CID44971,spaim,rbm17,0.2745173781995272,0.7992333769798279
Breast Visium CID44971,spaim,krtcap2,0.2727778257395817,0.7799309492111206
Breast Visium CID44971,spaim,ggt5,0.2713698724912569,0.558408260345459
Breast Visium CID44971,spaim,cflar,0.268713322241416,0.6973011493682861
Breast Visium CID44971,spaim,sec11c,0.2684901647929809,0.6976317763328552
Breast Visium CID44971,spaim,hck,0.264089380255049,0.4073132872581482
Breast Visium CID44971,spaim,rftn1,0.2633657995025009,0.4474286139011383
Breast Visium CID44971,spaim,npm1,0.2617154164282193,0.878718912601471
Breast Visium CID44971,spaim,adgrf5,0.2606788952785764,0.37931105494499207
Breast Visium CID44971,spaim,hnrnpa0,0.2588597149219979,0.7761445045471191
Breast Visium CID44971,spaim,dut,0.2587791962943022,0.7203238010406494
Breast Visium CID44971,spaim,junb,0.2579553343404794,0.7506389617919922
Breast Visium CID44971,spaim,eif3h,0.2578346731814449,0.8188987374305725
Breast Visium CID44971,spaim,msrb3,0.2569745727320914,0.4473370611667633
Breast Visium CID44971,spaim,dusp1,0.2525897490346584,0.8377801179885864
Breast Visium CID44971,spaim,erp29,0.2507550499262079,0.7752999663352966
Breast Visium CID44971,spaim,rnase4,0.2501456680397879,0.42850545048713684
Breast Visium CID44971,spaim,hla-doa,0.2463605775147678,0.43639907240867615
Breast Visium CID44971,spaim,pilra,0.2460303700315205,0.399081289768219
Breast Visium CID44971,spaim,btg2,0.2454189438058459,0.6040188074111938
Breast Visium CID44971,spaim,ubc,0.2452623867683923,0.9495590925216675
Breast Visium CID44971,spaim,icos,0.243827227262171,0.3222208619117737
Breast Visium CID44971,spaim,uba52,0.2436343973265941,0.9779900312423706
Breast Visium CID44971,spaim,olfml3,0.2435665920113934,0.5614029169082642
Breast Visium CID44971,spaim,fgd2,0.2425117413062442,0.3738045394420624
Breast Visium CID44971,spaim,saraf,0.2416373383949893,0.7885808348655701
Breast Visium CID44971,spaim,lat2,0.2399497840051539,0.38963353633880615
Breast Visium CID44971,spaim,ptafr,0.2392859191785342,0.3306775689125061
Breast Visium CID44971,spaim,ddx39a,0.2353343115792223,0.6409834027290344
Breast Visium CID44971,spaim,rpl30,0.2340046238713832,0.9833477735519409
Breast Visium CID44971,spaim,impdh2,0.2329478768801228,0.7820993661880493
Breast Visium CID44971,spaim,cobl,0.2325208484171601,0.3814743757247925
Breast Visium CID44971,spaim,ssr4,0.2314572428238427,0.9262204766273499
Breast Visium CID44971,spaim,slit3,0.2312410877525114,0.3874272406101227
Breast Visium CID44971,spaim,tmem204,0.230242296722199,0.4118872284889221
Breast Visium CID44971,spaim,cdh1,0.2289592420677936,0.769391655921936
Breast Visium CID44971,spaim,vmp1,0.2285707208779866,0.8720775842666626
Breast Visium CID44971,spaim,cd28,0.2260758923607313,0.2820625305175781
Breast Visium CID44971,spaim,s100a16,0.2255981777971902,0.750328779220581
Breast Visium CID44971,spaim,mtus1,0.2253691566076217,0.47257620096206665
Breast Visium CID44971,spaim,rplp0,0.2251755416574147,0.9791436791419983
Breast Visium CID44971,spaim,trem2,0.2251290632963607,0.49773669242858887
Breast Visium CID44971,spaim,manf,0.2232667254484527,0.6411934494972229
Breast Visium CID44971,spaim,pak1,0.2230742311260458,0.572840690612793
Breast Visium CID44971,spaim,filip1l,0.2230336765845525,0.3882334232330322
Breast Visium CID44971,spaim,rgs19,0.2201631867473867,0.5268995761871338
Breast Visium CID44971,spaim,tespa1,0.2192804221800138,0.27656611800193787
Breast Visium CID44971,spaim,comt,0.2192666892743445,0.7095115780830383
Breast Visium CID44971,spaim,fabp4,0.2189630471246651,0.37704983353614807
Breast Visium CID44971,spaim,ctsf,0.2188762729915588,0.5456984043121338
Breast Visium CID44971,spaim,glt8d2,0.217071171263832,0.396022230386734
Breast Visium CID44971,spaim,slc9a3r1,0.2113092363832749,0.746853768825531
Breast Visium CID44971,spaim,eif3l,0.2112265721919365,0.8378816246986389
Breast Visium CID44971,spaim,crip2,0.2109931078722451,0.7096431851387024
Breast Visium CID44971,spaim,stard10,0.2097181631881627,0.7643089890480042
Breast Visium CID44971,spaim,lag3,0.2083231436249037,0.4067641794681549
Breast Visium CID44971,spaim,clec11a,0.2070952022064341,0.5354589223861694
Breast Visium CID44971,spaim,cd36,0.2062484962531691,0.43389132618904114
Breast Visium CID44971,spaim,spry1,0.2044498726832433,0.5458770990371704
Breast Visium CID44971,spaim,slc2a3,0.2038721153113001,0.40754732489585876
Breast Visium CID44971,spaim,gpx3,0.2038345702984446,0.4480706751346588
Breast Visium CID44971,spaim,thbd,0.2032807490960629,0.364033579826355
Breast Visium CID44971,spaim,lpp,0.2015772115401363,0.596305251121521
Breast Visium CID44971,spaim,pbxip1,0.2014673380969155,0.6943254470825195
Breast Visium CID44971,spaim,cdc37,0.2008130770100816,0.7536728978157043
Breast Visium CID44971,spaim,moxd1,0.200041807425043,0.3208150267601013
Breast Visium CID44971,spaim,mall,0.1980110919532831,0.31473955512046814
Breast Visium CID44971,spaim,prdx4,0.197525634209425,0.6800156235694885
Breast Visium CID44971,spaim,cd22,0.1942803944049811,0.21225616335868835
Breast Visium CID44971,spaim,sh2d2a,0.1942363600655167,0.33854493498802185
Breast Visium CID44971,spaim,tmem106c,0.1937126952608477,0.6345165967941284
Breast Visium CID44971,spaim,samd3,0.1929550765249117,0.2555472254753113
Breast Visium CID44971,spaim,shroom3,0.1928809138624474,0.47067153453826904
Breast Visium CID44971,spaim,jam2,0.192780416320577,0.3609152138233185
Breast Visium CID44971,spaim,adam12,0.1911695318984556,0.47184163331985474
Breast Visium CID44971,spaim,trat1,0.1905852458981818,0.2520637512207031
Breast Visium CID44971,spaim,tmem160,0.1905587428244753,0.7315595149993896
Breast Visium CID44971,spaim,hspa1a,0.1893849777290113,0.8329381942749023
Breast Visium CID44971,spaim,apold1,0.1888266342277268,0.5160065293312073
Breast Visium CID44971,spaim,mcm3,0.1868820439580241,0.6202263832092285
Breast Visium CID44971,spaim,pycard,0.1866350186205394,0.7221698760986328
Breast Visium CID44971,spaim,arhgdia,0.1855875178447313,0.8404875993728638
Breast Visium CID44971,spaim,igfbp2,0.1851859953548026,0.6328302025794983
Breast Visium CID44971,spaim,ehd4,0.1840230817002049,0.5228719115257263
Breast Visium CID44971,spaim,sox17,0.1830676617388741,0.21290570497512817
Breast Visium CID44971,spaim,pced1b,0.1784570690474882,0.3623969554901123
Breast Visium CID44971,spaim,myct1,0.1767114538707847,0.22789070010185242
Breast Visium CID44971,spaim,laptm4a,0.1765815789203599,0.8855108618736267
Breast Visium CID44971,spaim,sgce,0.1757778631554156,0.40875720977783203
Breast Visium CID44971,spaim,aldh2,0.1754622717419356,0.44771063327789307
Breast Visium CID44971,spaim,zbp1,0.1727952016973371,0.23469169437885284
Breast Visium CID44971,spaim,sorbs3,0.171330230251857,0.5649259686470032
Breast Visium CID44971,spaim,kcnj8,0.1706349954478012,0.3164135217666626
Breast Visium CID44971,spaim,fam20a,0.1694786629987063,0.3632024824619293
Breast Visium CID44971,spaim,pgf,0.1679880276076307,0.3632656931877136
Breast Visium CID44971,spaim,derl1,0.1679487779108703,0.6168609261512756
Breast Visium CID44971,spaim,tnfrsf9,0.1658866132792768,0.2212018370628357
Breast Visium CID44971,spaim,tnfsf14,0.1655031347597501,0.2015126347541809
Breast Visium CID44971,spaim,col4a2,0.1654385009001849,0.8165943622589111
Breast Visium CID44971,spaim,loxl1,0.1654343335928447,0.4335070848464966
Breast Visium CID44971,spaim,nrp1,0.1628914133425063,0.4907657206058502
Breast Visium CID44971,spaim,atf3,0.1625117576642476,0.6089099049568176
Breast Visium CID44971,spaim,arhgap31,0.1575238285487748,0.3793790340423584
Breast Visium CID44971,spaim,lyl1,0.1570329958242455,0.2786806523799896
Breast Visium CID44971,spaim,hprt1,0.1565349472239034,0.5108209848403931
Breast Visium CID44971,spaim,h3f3b,0.1551657596951248,0.9415281414985657
Breast Visium CID44971,spaim,mfap2,0.1527309493101441,0.6856973767280579
Breast Visium CID44971,spaim,h2afj,0.1492971975154695,0.758655846118927
Breast Visium CID44971,spaim,mnda,0.146772866218958,0.314323753118515
Breast Visium CID44971,spaim,atg3,0.1453272797906494,0.6050837635993958
Breast Visium CID44971,spaim,tpst1,0.1423377388045434,0.34252461791038513
Breast Visium CID44971,spaim,uba2,0.1422460772911096,0.6495841145515442
Breast Visium CID44971,spaim,edn1,0.1419237015780272,0.33060672879219055
Breast Visium CID44971,spaim,eid1,0.1396155845401811,0.6687667369842529
Breast Visium CID44971,spaim,p2ry6,0.1372506894714849,0.254968523979187
Breast Visium CID44971,spaim,ptpn22,0.1358548349509486,0.2859260141849518
Breast Visium CID44971,spaim,crispld2,0.1328392668603706,0.5129055380821228
Breast Visium CID44971,spaim,dad1,0.1318559852677159,0.7103486657142639
Breast Visium CID44971,spaim,pttg1,0.1316614313053448,0.5140987038612366
Breast Visium CID44971,spaim,ppp1r15a,0.1300299560512316,0.5205655097961426
Breast Visium CID44971,spaim,sae1,0.129545375837114,0.5384314656257629
Breast Visium CID44971,spaim,cd244,0.1285966011498049,0.15860337018966675
Breast Visium CID44971,spaim,tmem208,0.1271806730424946,0.5905925631523132
Breast Visium CID44971,spaim,ebf1,0.1264305991194127,0.2977784276008606
Breast Visium CID44971,spaim,palmd,0.1260556873396866,0.3747762441635132
Breast Visium CID44971,spaim,wfdc1,0.1253707710761489,0.1348266452550888
Breast Visium CID44971,spaim,lilra4,0.1252010745978343,0.17433136701583862
Breast Visium CID44971,spaim,rps24,0.1230164302924044,0.964252233505249
Breast Visium CID44971,spaim,arhgap18,0.1227807529770299,0.44379812479019165
Breast Visium CID44971,spaim,clec4a,0.1221275132860669,0.271705687046051
Breast Visium CID44971,spaim,hpgd,0.1208903299610574,0.31634166836738586
Breast Visium CID44971,spaim,gzmh,0.1196992676270309,0.25565963983535767
Breast Visium CID44971,spaim,olfm1,0.1190880697884204,0.28023552894592285
Breast Visium CID44971,spaim,egflam,0.1148621569541058,0.2646280527114868
Breast Visium CID44971,spaim,yeats4,0.1142111997991471,0.40965554118156433
Breast Visium CID44971,spaim,fam167b,0.1103610016088364,0.22904850542545319
Breast Visium CID44971,spaim,rps27,0.1102550213294195,0.9826129674911499
Breast Visium CID44971,spaim,txndc11,0.1083843681312924,0.45886850357055664
Breast Visium CID44971,spaim,fam96a,0.1052683145162922,0.530005156993866
Breast Visium CID44971,spaim,slfn12l,0.1020319757105967,0.1541082262992859
Breast Visium CID44971,spaim,hsd17b8,0.101191773419808,0.30520930886268616
Breast Visium CID44971,spaim,trdc,0.0987300688077791,0.1698603481054306
Breast Visium CID44971,spaim,lmnb1,0.0987041125714468,0.36241820454597473
Breast Visium CID44971,spaim,ccna2,0.0957120148537273,0.4081050753593445
Breast Visium CID44971,spaim,ldb2,0.0919619321633716,0.262338250875473
Breast Visium CID44971,spaim,pbx4,0.0876213822862558,0.20593953132629395
Breast Visium CID44971,spaim,krt15,0.0869791991516132,0.8682053089141846
Breast Visium CID44971,spaim,nostrin,0.0864346865714172,0.26010075211524963
Breast Visium CID44971,spaim,cdk1,0.0862038828643314,0.4450673460960388
Breast Visium CID44971,spaim,stag3,0.0860910783699424,0.20699667930603027
Breast Visium CID44971,spaim,zwint,0.0856063444934201,0.4016750454902649
Breast Visium CID44971,spaim,btnl9,0.0847313653699296,0.32064342498779297
Breast Visium CID44971,spaim,tmem154,0.083928094433053,0.22478178143501282
Breast Visium CID44971,spaim,ccr6,0.0836674550561285,0.20353560149669647
Breast Visium CID44971,spaim,gjc1,0.081754145006222,0.24371887743473053
Breast Visium CID44971,spaim,arl15,0.0804347512927778,0.27707964181900024
Breast Visium CID44971,spaim,ankrd29,0.0801605076348332,0.27571555972099304
Breast Visium CID44971,spaim,st6galnac3,0.0783401112094442,0.1419481337070465
Breast Visium CID44971,spaim,mmp25-as1,0.0745719887120853,0.29280713200569153
Breast Visium CID44971,spaim,sarm1,0.0722763687539075,0.29530248045921326
Breast Visium CID44971,spaim,prc1,0.0658989280549825,0.3569667935371399
Breast Visium CID44971,spaim,ube2j1,0.0639891464125206,0.5233707427978516
Breast Visium CID44971,spaim,blnk,0.063581709649197,0.3146587908267975
Breast Visium CID44971,spaim,ptk2,0.0620504890784942,0.5925039649009705
Breast Visium CID44971,spaim,ldlrap1,0.0606797360124629,0.38292548060417175
Breast Visium CID44971,spaim,chst12,0.0600662716712559,0.36961349844932556
Breast Visium CID44971,spaim,rasl11a,0.0589274221878596,0.08812379091978073
Breast Visium CID44971,spaim,epb41l4a,0.051908142821789,0.2096375972032547
Breast Visium CID44971,spaim,stard3nl,0.04943715189878,0.38184502720832825
Breast Visium CID44971,spaim,pdgfrl,0.046203867146947,0.2725676894187927
Breast Visium CID44971,spaim,cep112,0.0452217212179176,0.16254743933677673
Breast Visium CID44971,spaim,ldlrad4,0.0396313037269853,0.4273824095726013
Breast Visium CID44971,spaim,mkl2,0.0374339171712951,0.4697856903076172
Breast Visium CID44971,spaim,ncaph,0.0364923454697371,0.2548200786113739
Breast Visium CID44971,spaim,ankrd28,0.0357038543591761,0.4857282340526581
Breast Visium CID44971,spaim,tnfsf8,0.0340315837871447,0.09616173058748245
Breast Visium CID44971,spaim,ncr3,0.0329380457473846,0.0911756157875061
Breast Visium CID44971,spaim,cav2,0.0313013866376492,0.6321464776992798
Breast Visium CID44971,spaim,cenpk,0.0311527353437587,0.23413777351379395
Breast Visium CID44971,spaim,cd160,0.0263093869379088,0.08934710174798965
Breast Visium CID44971,spaim,rps18,0.0182402954700716,0.9774463772773743
Breast Visium CID44971,spaim,b3gnt7,0.0139888994256368,0.1777772605419159
Breast Visium CID44971,spaim,sytl3,0.0113542202763605,0.20700407028198242
Breast Visium CID44971,spaim,rps14,0.0092071239017449,0.9639688730239868
Breast Visium CID44971,spaim,ehf,-0.0006641321188414,0.20756390690803528
Breast Visium CID44971,spaim,ttll10,-0.0221056584845567,0.09093190729618073
Breast Visium CID44971,spaim,rfc3,-0.0388559758749666,0.2928765118122101
Breast Visium CID44971,spaim,clspn,-0.0443188819391609,0.09860193729400635
Breast Visium CID44971,spaim,mt-atp8,-0.0857761361381467,0.6476222276687622
Breast Visium CID44971,spaim,rpl8,-0.1212249962936356,0.9722756743431091
Breast Visium CID44971,spaim,mt-co3,-0.1767097390587056,0.9775522947311401
Breast Visium CID44971,spaim,cd52,0.6293845509583277,0.7809537053108215
Breast Visium CID44971,spaim,laptm5,0.6220439713444235,0.8490094542503357
Breast Visium CID44971,spaim,ltb,0.6086023512772406,0.7066851854324341
Breast Visium CID44971,spaim,itgb2,0.575228711970426,0.7829349040985107
Breast Visium CID44971,spaim,tyrobp,0.5735548532683744,0.8244338631629944
Breast Visium CID44971,spaim,hla-drb1,0.5693701983039405,0.8526179194450378
Breast Visium CID44971,spaim,dcdc2,0.5342979492861751,0.48064449429512024
Breast Visium CID44971,spaim,il7r,0.5282642074818615,0.6788731217384338
Breast Visium CID44971,spaim,lsp1,0.5177431004959285,0.7179157733917236
Breast Visium CID44971,spaim,myh11,0.5170944250468478,0.6543440222740173
Breast Visium CID44971,spaim,agr3,0.5081657052298161,0.5522577166557312
Breast Visium CID44971,spaim,a2m,0.4912250286759855,0.935971736907959
Breast Visium CID44971,spaim,strap,0.4877196339362205,0.8579716086387634
Breast Visium CID44971,spaim,psmb9,0.4781092223007422,0.7124838829040527
Breast Visium CID44971,spaim,stmn1,0.4728243942686188,0.8832054138183594
Breast Visium CID44971,spaim,oxtr,0.4677881056480781,0.5942922234535217
Breast Visium CID44971,spaim,acta2,0.4648000223407747,0.9323011636734009
Breast Visium CID44971,spaim,cst3,0.4594927238117882,0.9171415567398071
Breast Visium CID44971,spaim,dcn,0.4478634284870637,0.8693687915802002
Breast Visium CID44971,spaim,mpeg1,0.4446370841940809,0.58736252784729
Breast Visium CID44971,spaim,cd79a,0.4443905851704292,0.5328901410102844
Breast Visium CID44971,spaim,eng,0.4420577299155179,0.7128163576126099
Breast Visium CID44971,spaim,pebp1,0.4406889384364071,0.9046908617019653
Breast Visium CID44971,spaim,mlf2,0.4406288365208322,0.8751818537712097
Breast Visium CID44971,spaim,actn1,0.4381274307692404,0.8235279321670532
Breast Visium CID44971,spaim,sh3bgrl3,0.4372130028510027,0.9165593385696411
Breast Visium CID44971,spaim,spock2,0.4370061157087396,0.6446395516395569
Breast Visium CID44971,spaim,nkg7,0.4365191651100015,0.5892499089241028
Breast Visium CID44971,spaim,ncf1,0.4354678519013823,0.6042442917823792
Breast Visium CID44971,spaim,tbx3,0.424123982619078,0.5022491812705994
Breast Visium CID44971,spaim,ccr7,0.4218057246560898,0.5032466053962708
Breast Visium CID44971,spaim,csf1r,0.4206719349777894,0.6536304354667664
Breast Visium CID44971,spaim,cxcl13,0.4144487471235518,0.4927189350128174
Breast Visium CID44971,spaim,hla-c,0.4058606284974163,0.9356533885002136
Breast Visium CID44971,spaim,jtb,0.4001273844279966,0.893484890460968
Breast Visium CID44971,spaim,ndufb4,0.3972822771776896,0.8752794861793518
Breast Visium CID44971,spaim,cd4,0.3962134898053807,0.5850860476493835
Breast Visium CID44971,spaim,mrps21,0.3959674767635454,0.8684748411178589
Breast Visium CID44971,spaim,col6a1,0.3936360463319422,0.8808875679969788
Breast Visium CID44971,spaim,h3f3a,0.3936290455732617,0.9703902006149292
Breast Visium CID44971,spaim,klf2,0.3911053588941513,0.6906252503395081
Breast Visium CID44971,spaim,mt1e,0.3904715690549512,0.8982036709785461
Breast Visium CID44971,spaim,il2rb,0.3878161608701035,0.480162650346756
Breast Visium CID44971,spaim,ndufs5,0.3877032531397748,0.9161326289176941
Breast Visium CID44971,spaim,rheb,0.3861768001791982,0.8377264142036438
Breast Visium CID44971,spaim,gsn,0.3845072033601013,0.9181742072105408
Breast Visium CID44971,spaim,tuba1b,0.3757629912937798,0.9474440813064575
Breast Visium CID44971,spaim,pcolce,0.3741030418802692,0.6490565538406372
Breast Visium CID44971,spaim,krt14,0.3718490365786303,0.8497360348701477
Breast Visium CID44971,spaim,arpc3,0.3701301128416325,0.871192991733551
Breast Visium CID44971,spaim,mxra5,0.3683177658556512,0.6665903925895691
Breast Visium CID44971,spaim,ssu72,0.3673770084300799,0.8443394303321838
Breast Visium CID44971,spaim,sec61b,0.3666161325034485,0.8706574440002441
Breast Visium CID44971,spaim,emcn,0.3627550302061639,0.437218576669693
Breast Visium CID44971,spaim,aldh7a1,0.3618832092232596,0.655623733997345
Breast Visium CID44971,spaim,csta,0.358076852907047,0.7085172533988953
Breast Visium CID44971,spaim,gng11,0.3573629554102752,0.4837948977947235
Breast Visium CID44971,spaim,pcbp2,0.3566351562069439,0.9396345019340515
Breast Visium CID44971,spaim,scpep1,0.3553361353235377,0.7490276098251343
Breast Visium CID44971,spaim,fstl1,0.3525132416536723,0.7328981757164001
Breast Visium CID44971,spaim,calm3,0.3506539425552154,0.8029182553291321
Breast Visium CID44971,spaim,sumo1,0.3486473634488367,0.7572166919708252
Breast Visium CID44971,spaim,perp,0.3466813614785846,0.9058244824409485
Breast Visium CID44971,spaim,isg20,0.3442685085826481,0.5833362340927124
Breast Visium CID44971,spaim,spdef,0.3439116237896902,0.6209189295768738
Breast Visium CID44971,spaim,jaml,0.3397598551370547,0.45860999822616577
Breast Visium CID44971,spaim,pigr,0.3366458477909165,0.4433610737323761
Breast Visium CID44971,spaim,rpsa,0.3345162408039244,0.9756430983543396
Breast Visium CID44971,spaim,cxcl12,0.3321792709236813,0.7069950103759766
Breast Visium CID44971,spaim,sec61g,0.3305246963542369,0.8333877325057983
Breast Visium CID44971,spaim,lilrb4,0.3293083679634413,0.4634415805339813
Breast Visium CID44971,spaim,traf3ip3,0.3274075792812186,0.5153405070304871
Breast Visium CID44971,spaim,arpc1a,0.3267211333983282,0.7867546677589417
Breast Visium CID44971,spaim,c1s,0.3246692294038564,0.8026507496833801
Breast Visium CID44971,spaim,pdgfa,0.3234898918393718,0.5417976975440979
Breast Visium CID44971,spaim,hebp1,0.3210832387113229,0.7031359076499939
Breast Visium CID44971,spaim,camta1,0.3203057334423262,0.7755420207977295
Breast Visium CID44971,spaim,tbc1d9,0.3132585730054575,0.5518611073493958
Breast Visium CID44971,spaim,nhp2,0.3127248395252034,0.8146257996559143
Breast Visium CID44971,spaim,snrpc,0.3117829027230629,0.7852356433868408
Breast Visium CID44971,spaim,tnfrsf4,0.3116982761727387,0.4762735068798065
Breast Visium CID44971,spaim,dsp,0.311162933654493,0.859849214553833
Breast Visium CID44971,spaim,lgals3,0.3102869425438692,0.7872840166091919
Breast Visium CID44971,spaim,errfi1,0.3080701318247831,0.706943929195404
Breast Visium CID44971,spaim,cd83,0.3074554143310636,0.4752502739429474
Breast Visium CID44971,spaim,adgre5,0.3072916576176318,0.5491451025009155
Breast Visium CID44971,spaim,dynlrb1,0.3003316613124979,0.8280839920043945
Breast Visium CID44971,spaim,cmas,0.2982220067890151,0.6777803301811218
Breast Visium CID44971,spaim,psmb8,0.2977717237913244,0.6707395315170288
Breast Visium CID44971,spaim,rps21,0.2972095284750493,0.9824515581130981
Breast Visium CID44971,spaim,emp2,0.2971272706440273,0.6526862978935242
Breast Visium CID44971,spaim,pmp22,0.295330758051473,0.6504436135292053
Breast Visium CID44971,spaim,fbln2,0.2938200741629556,0.5504696369171143
Breast Visium CID44971,spaim,bgn,0.2926512934348606,0.7520535588264465
Breast Visium CID44971,spaim,esam,0.2914238760125372,0.38708049058914185
Breast Visium CID44971,spaim,cd8b,0.2903011273621672,0.39670780301094055
Breast Visium CID44971,spaim,was,0.2899946624683611,0.42999938130378723
Breast Visium CID44971,spaim,spcs1,0.2892987048685724,0.7985613346099854
Breast Visium CID44971,spaim,ncf4,0.2889316739498954,0.39182621240615845
Breast Visium CID44971,spaim,cnn3,0.2875164509082927,0.6782235503196716
Breast Visium CID44971,spaim,prf1,0.2872779116355728,0.41492900252342224
Breast Visium CID44971,spaim,ddx5,0.2855158747601246,0.9120280742645264
Breast Visium CID44971,spaim,hsh2d,0.2849073091935737,0.36428189277648926
Breast Visium CID44971,spaim,hspb1,0.2847355964653895,0.9021376967430115
Breast Visium CID44971,spaim,pcna,0.2825501902989774,0.7496532797813416
Breast Visium CID44971,spaim,polr2i,0.2823268369607791,0.788484513759613
Breast Visium CID44971,spaim,flnb,0.2798611586686872,0.7997695803642273
Breast Visium CID44971,spaim,anxa1,0.2779870633713155,0.7949733734130859
Breast Visium CID44971,spaim,pkm,0.2733009610482423,0.8502044677734375
Breast Visium CID44971,spaim,pdcd1,0.2731369553770723,0.34931981563568115
Breast Visium CID44971,spaim,s100a1,0.2723774645284288,0.350113183259964
Breast Visium CID44971,spaim,areg,0.2719324577875741,0.4816831052303314
Breast Visium CID44971,spaim,tmem176b,0.2708773930401228,0.593011736869812
Breast Visium CID44971,spaim,cdh11,0.2702798120356379,0.5053418278694153
Breast Visium CID44971,spaim,tnfrsf18,0.2691674870447139,0.35081589221954346
Breast Visium CID44971,spaim,tcea1,0.2674640927060313,0.6872166395187378
Breast Visium CID44971,spaim,st6gal1,0.2667351782749216,0.4780314266681671
Breast Visium CID44971,spaim,mzb1,0.2658037665862638,0.4692593514919281
Breast Visium CID44971,spaim,sla2,0.261957890587791,0.3090995252132416
Breast Visium CID44971,spaim,maged2,0.257811104504503,0.7889772057533264
Breast Visium CID44971,spaim,lef1,0.255313968001033,0.3574948012828827
Breast Visium CID44971,spaim,pim2,0.2548253948647235,0.4291713535785675
Breast Visium CID44971,spaim,fam210b,0.2534727245584966,0.7415258288383484
Breast Visium CID44971,spaim,p4hb,0.2531765260828772,0.9201433658599854
Breast Visium CID44971,spaim,coa3,0.2524363492670883,0.6826618909835815
Breast Visium CID44971,spaim,sdc1,0.2519208583825514,0.8370233178138733
Breast Visium CID44971,spaim,tns1,0.2494937025195714,0.5550671219825745
Breast Visium CID44971,spaim,gzmb,0.2493944074899739,0.3909711241722107
Breast Visium CID44971,spaim,rarres2,0.2491374635677548,0.623401403427124
Breast Visium CID44971,spaim,cnpy3,0.2480733592437102,0.6386998891830444
Breast Visium CID44971,spaim,ptprb,0.2427314269035499,0.29590386152267456
Breast Visium CID44971,spaim,pea15,0.2417783886395467,0.7151960134506226
Breast Visium CID44971,spaim,spcs2,0.2415933232036781,0.747961163520813
Breast Visium CID44971,spaim,ltbp4,0.2376509232630924,0.5392733216285706
Breast Visium CID44971,spaim,prrx1,0.2369990202574786,0.5303888320922852
Breast Visium CID44971,spaim,cd38,0.2357288212942984,0.321705162525177
Breast Visium CID44971,spaim,kctd12,0.2356799275529362,0.6335809826850891
Breast Visium CID44971,spaim,nexn,0.235204114626207,0.3912340998649597
Breast Visium CID44971,spaim,lifr,0.2348007354426179,0.44360312819480896
Breast Visium CID44971,spaim,cd248,0.2322072117763223,0.4782464802265167
Breast Visium CID44971,spaim,mob1a,0.2313247864441046,0.7365191578865051
Breast Visium CID44971,spaim,snx10,0.2309676277188855,0.4060533046722412
Breast Visium CID44971,spaim,rps2,0.2274967266142576,0.9810518622398376
Breast Visium CID44971,spaim,ehd2,0.2261580810533964,0.5862864851951599
Breast Visium CID44971,spaim,sdc4,0.2260315836664415,0.7977430820465088
Breast Visium CID44971,spaim,ly86,0.2245413130591168,0.3754802942276001
Breast Visium CID44971,spaim,cracr2b,0.2214760551012721,0.7040519118309021
Breast Visium CID44971,spaim,rps6ka4,0.2208358255935646,0.4509389102458954
Breast Visium CID44971,spaim,sspn,0.2207316127385149,0.46050652861595154
Breast Visium CID44971,spaim,podn,0.2198419442939776,0.37830260396003723
Breast Visium CID44971,spaim,csnk1a1,0.2194852967391695,0.7708800435066223
Breast Visium CID44971,spaim,rps11,0.2187553890503088,0.9824740886688232
Breast Visium CID44971,spaim,icam1,0.2155064359769433,0.5598721504211426
Breast Visium CID44971,spaim,pld4,0.2144776788381071,0.3997361361980438
Breast Visium CID44971,spaim,psmc3,0.2143164289630968,0.7268384695053101
Breast Visium CID44971,spaim,ptp4a3,0.2126729817445097,0.3981950879096985
Breast Visium CID44971,spaim,ugcg,0.2107680456454968,0.6053299307823181
Breast Visium CID44971,spaim,scimp,0.209751785778101,0.2596179246902466
Breast Visium CID44971,spaim,slamf1,0.2075102249895473,0.2869185209274292
Breast Visium CID44971,spaim,raly,0.2073541647672789,0.7711881995201111
Breast Visium CID44971,spaim,mafb,0.2060170580793803,0.6550721526145935
Breast Visium CID44971,spaim,adamts1,0.204889289480265,0.5856879353523254
Breast Visium CID44971,spaim,meox2,0.2047394515307138,0.26211023330688477
Breast Visium CID44971,spaim,cd86,0.2042162760921895,0.3450997471809387
Breast Visium CID44971,spaim,c3ar1,0.2040304302423209,0.4144638478755951
Breast Visium CID44971,spaim,glipr1,0.2025661848635729,0.5038052797317505
Breast Visium CID44971,spaim,pou2af1,0.2014446816753623,0.41386890411376953
Breast Visium CID44971,spaim,nfic,0.2013084893841375,0.6562113761901855
Breast Visium CID44971,spaim,prnp,0.2006156716644191,0.7008125185966492
Breast Visium CID44971,spaim,fpr1,0.2004562094835333,0.28761306405067444
Breast Visium CID44971,spaim,tbx2,0.1981215992738478,0.3239954113960266
Breast Visium CID44971,spaim,mcm5,0.1976779326044251,0.49166253209114075
Breast Visium CID44971,spaim,csrnp1,0.1952914368241506,0.5038049221038818
Breast Visium CID44971,spaim,btla,0.1946574811188732,0.20496529340744019
Breast Visium CID44971,spaim,adam15,0.192509281982141,0.7372641563415527
Breast Visium CID44971,spaim,ptpre,0.1914116028173256,0.3914167284965515
Breast Visium CID44971,spaim,tfeb,0.1912163374200612,0.38549402356147766
Breast Visium CID44971,spaim,mt1m,0.1904169882063632,0.4319056570529938
Breast Visium CID44971,spaim,jak1,0.1898815822561813,0.6881682276725769
Breast Visium CID44971,spaim,chpf,0.1895449024865278,0.6577256917953491
Breast Visium CID44971,spaim,eif3d,0.1850875693228102,0.6798953413963318
Breast Visium CID44971,spaim,tspan3,0.1839999606954689,0.6848636865615845
Breast Visium CID44971,spaim,itgae,0.1817642722072022,0.5105891823768616
Breast Visium CID44971,spaim,znf385a,0.1808571510926102,0.40555810928344727
Breast Visium CID44971,spaim,klrb1,0.1806252725302663,0.35720211267471313
Breast Visium CID44971,spaim,sept11,0.1805754244418892,0.6202302575111389
Breast Visium CID44971,spaim,cald1,0.1795576848572425,0.8259128928184509
Breast Visium CID44971,spaim,tm4sf18,0.1792918244147105,0.4430257976055145
Breast Visium CID44971,spaim,snx2,0.1778012800203947,0.45077019929885864
Breast Visium CID44971,spaim,rps8,0.1760959804460477,0.978360652923584
Breast Visium CID44971,spaim,sp140,0.1753660701470946,0.26334142684936523
Breast Visium CID44971,spaim,picalm,0.1752841533342398,0.6297933459281921
Breast Visium CID44971,spaim,sertad1,0.1740797294821559,0.4594559073448181
Breast Visium CID44971,spaim,mad2l1,0.1735612330035345,0.48384058475494385
Breast Visium CID44971,spaim,apmap,0.1710222410318328,0.6844159960746765
Breast Visium CID44971,spaim,higd1b,0.1695872162020227,0.23353996872901917
Breast Visium CID44971,spaim,dnajc9,0.1695583302329995,0.5398661494255066
Breast Visium CID44971,spaim,elf3,0.1684628878775534,0.7333420515060425
Breast Visium CID44971,spaim,blk,0.1662098882367487,0.2011222392320633
Breast Visium CID44971,spaim,mbp,0.1659235900565142,0.3788072466850281
Breast Visium CID44971,spaim,rcn3,0.165413294430993,0.44401615858078003
Breast Visium CID44971,spaim,mthfd2,0.1623867185925308,0.5635624527931213
Breast Visium CID44971,spaim,srprb,0.1623512315971232,0.5713413953781128
Breast Visium CID44971,spaim,sept7,0.1601261032339821,0.6938858032226562
Breast Visium CID44971,spaim,brd2,0.1595590065407787,0.6965075731277466
Breast Visium CID44971,spaim,itm2c,0.1594455115566272,0.5418275594711304
Breast Visium CID44971,spaim,tnfrsf12a,0.1567879030845495,0.6492932438850403
Breast Visium CID44971,spaim,ndrg1,0.1527583728247237,0.6335546374320984
Breast Visium CID44971,spaim,hvcn1,0.1519384652461965,0.3673590123653412
Breast Visium CID44971,spaim,mki67,0.1518025037883378,0.40620729327201843
Breast Visium CID44971,spaim,carhsp1,0.1478338857661982,0.5897882580757141
Breast Visium CID44971,spaim,tnfaip8,0.1474936880056243,0.3646516799926758
Breast Visium CID44971,spaim,bank1,0.1473231031925923,0.188152477145195
Breast Visium CID44971,spaim,psmb10,0.1459743556861796,0.40304288268089294
Breast Visium CID44971,spaim,rpl6,0.1457092405499361,0.9544056057929993
Breast Visium CID44971,spaim,tnip3,0.1453371098883397,0.15301570296287537
Breast Visium CID44971,spaim,srpx,0.1414761598904604,0.39240792393684387
Breast Visium CID44971,spaim,adam28,0.1387894645641419,0.2858918011188507
Breast Visium CID44971,spaim,tox,0.1380289850928796,0.27917149662971497
Breast Visium CID44971,spaim,adcy4,0.137034597408045,0.267985999584198
Breast Visium CID44971,spaim,znf683,0.1352144533167955,0.249826580286026
Breast Visium CID44971,spaim,podxl,0.1337519992547137,0.6424666047096252
Breast Visium CID44971,spaim,fchsd2,0.1333931437919071,0.4301767647266388
Breast Visium CID44971,spaim,fcgrt,0.1297288997357957,0.6759154796600342
Breast Visium CID44971,spaim,lgi4,0.1293749327504094,0.20882204174995422
Breast Visium CID44971,spaim,phf19,0.1284817960462726,0.3565937578678131
Breast Visium CID44971,spaim,rab32,0.1269964185018576,0.5023044347763062
Breast Visium CID44971,spaim,rpl10a,0.1263285138548971,0.9517125487327576
Breast Visium CID44971,spaim,igll5,0.1237354833866892,0.21073712408542633
Breast Visium CID44971,spaim,zeb2,0.1217019925395881,0.4248243570327759
Breast Visium CID44971,spaim,clic3,0.1216308719334254,0.42997732758522034
Breast Visium CID44971,spaim,msh2,0.1194564647360459,0.500036895275116
Breast Visium CID44971,spaim,kifc1,0.1193351910263013,0.34667906165122986
Breast Visium CID44971,spaim,mef2a,0.1178872617252561,0.4953347146511078
Breast Visium CID44971,spaim,plxdc1,0.1171541249228705,0.4745224714279175
Breast Visium CID44971,spaim,itga6,0.1168717817452853,0.5653311610221863
Breast Visium CID44971,spaim,rps19,0.1165133252596617,0.9826545715332031
Breast Visium CID44971,spaim,tnfsf11,0.1132793550495789,0.243806853890419
Breast Visium CID44971,spaim,maff,0.1125606414994271,0.38356485962867737
Breast Visium CID44971,spaim,aim2,0.109084743805829,0.16939453780651093
Breast Visium CID44971,spaim,dnajc3,0.1062990488851661,0.5037497282028198
Breast Visium CID44971,spaim,txndc15,0.1050148454394716,0.4396619200706482
Breast Visium CID44971,spaim,fxyd7,0.1048696358251439,0.1399555653333664
Breast Visium CID44971,spaim,hey1,0.1025985629029007,0.353085994720459
Breast Visium CID44971,spaim,dnase1l3,0.1014533217007054,0.1634703129529953
Breast Visium CID44971,spaim,fcrl6,0.1009122359323736,0.15465261042118073
Breast Visium CID44971,spaim,h2afv,0.099765955072307,0.7102175354957581
Breast Visium CID44971,spaim,fam129c,0.0988121581108549,0.15262047946453094
Breast Visium CID44971,spaim,fcrl5,0.0976675283247297,0.19086654484272003
Breast Visium CID44971,spaim,zc3h12a,0.0957741420429521,0.3107302188873291
Breast Visium CID44971,spaim,p2ry10,0.0945377336531184,0.15901906788349152
Breast Visium CID44971,spaim,gldn,0.0927857253264699,0.13652518391609192
Breast Visium CID44971,spaim,sept4,0.092388450134099,0.3898203372955322
Breast Visium CID44971,spaim,tmem255b,0.0920910656263414,0.21899820864200592
Breast Visium CID44971,spaim,lpar5,0.0914889913519537,0.23896507918834686
Breast Visium CID44971,spaim,ssh2,0.0891274733405217,0.37415868043899536
Breast Visium CID44971,spaim,tfpi,0.0873910432011898,0.47494712471961975
Breast Visium CID44971,spaim,klrc1,0.0859409965382564,0.14414894580841064
Breast Visium CID44971,spaim,cyyr1,0.0846674326084491,0.3846331238746643
Breast Visium CID44971,spaim,cd300lg,0.0833525474540939,0.1880112588405609
Breast Visium CID44971,spaim,cldn4,0.0828857301231851,0.8639119267463684
Breast Visium CID44971,spaim,pxk,0.0754390290649509,0.29850223660469055
Breast Visium CID44971,spaim,znf608,0.0747672877852776,0.23878754675388336
Breast Visium CID44971,spaim,ncbp1,0.073661607147341,0.4710597097873688
Breast Visium CID44971,spaim,s1pr5,0.0720829351531572,0.12971439957618713
Breast Visium CID44971,spaim,pde3b,0.0690878609272116,0.21878284215927124
Breast Visium CID44971,spaim,cx3cr1,0.0657899010233515,0.2549024522304535
Breast Visium CID44971,spaim,fxyd1,0.0649057178436816,0.2859472632408142
Breast Visium CID44971,spaim,bcas4,0.0627834814345601,0.3007866442203522
Breast Visium CID44971,spaim,spag4,0.0616721315061839,0.17864389717578888
Breast Visium CID44971,spaim,plagl1,0.059937605193443,0.4608250558376312
Breast Visium CID44971,spaim,nudt1,0.058923146040649,0.4429070055484772
Breast Visium CID44971,spaim,atp1b2,0.0571092885078259,0.14767126739025116
Breast Visium CID44971,spaim,sp2,0.055688712917106,0.33573994040489197
Breast Visium CID44971,spaim,hnrnpa1l2,0.0542892617050551,0.24157856404781342
Breast Visium CID44971,spaim,snhg18,0.0537041804515278,0.22646595537662506
Breast Visium CID44971,spaim,rpl36,0.0528718997129811,0.9786393642425537
Breast Visium CID44971,spaim,neat1,0.0460222489179662,0.8440925478935242
Breast Visium CID44971,spaim,kir3dl2,0.0445437087068875,0.05234389007091522
Breast Visium CID44971,spaim,adrb2,0.0363907564083091,0.13487863540649414
Breast Visium CID44971,spaim,cramp1,0.0286409503022844,0.3802166283130646
Breast Visium CID44971,spaim,tnfrsf10d,0.0270756278946214,0.15572544932365417
Breast Visium CID44971,spaim,abcc9,0.0256389829079609,0.12600190937519073
Breast Visium CID44971,spaim,tnmd,0.0244940905367395,0.08358200639486313
Breast Visium CID44971,spaim,kir2dl4,0.0214188499165754,0.054431501775979996
Breast Visium CID44971,spaim,tnfrsf13b,0.0211475526880258,0.07328426837921143
Breast Visium CID44971,spaim,rps9,0.0207504400351269,0.9632000923156738
Breast Visium CID44971,spaim,fam162b,0.0091838124753033,0.10096966475248337
Breast Visium CID44971,spaim,ckap2l,0.0071942679715852,0.17783573269844055
Breast Visium CID44971,spaim,napsa,-0.0015082045138521,0.09449897706508636
Breast Visium CID44971,spaim,ddit4,-0.003446205289044,0.7304037809371948
Breast Visium CID44971,spaim,mir99ahg,-0.038917535779196,0.31631115078926086
Breast Visium CID44971,spaim,rpl13,-0.1807944998878501,0.9753327965736389
Breast Visium CID44971,spaim,plcg2,-0.2381258630031225,0.5343062877655029
Breast Visium CID44971,spaim,malat1,-0.5541228807931974,0.8942763209342957
Breast Visium CID44971,spaim,trbc2,0.6400250387901617,0.8185062408447266
Breast Visium CID44971,spaim,coro1a,0.6006553479189095,0.8006314635276794
Breast Visium CID44971,spaim,rgs1,0.5719249391168374,0.8189282417297363
Breast Visium CID44971,spaim,c1qc,0.5698786856177297,0.804479718208313
Breast Visium CID44971,spaim,hla-dpa1,0.5695612960836857,0.896503210067749
Breast Visium CID44971,spaim,arhgdib,0.5620826837464531,0.8356322050094604
Breast Visium CID44971,spaim,tagln,0.5527845239987186,0.9490857124328613
Breast Visium CID44971,spaim,mylk,0.5525255896025535,0.8713175058364868
Breast Visium CID44971,spaim,hla-drb5,0.5517163161493414,0.816900372505188
Breast Visium CID44971,spaim,ptprc,0.5484728655080225,0.7247495651245117
Breast Visium CID44971,spaim,ctss,0.5428767889396847,0.7409167289733887
Breast Visium CID44971,spaim,il32,0.5417570246824783,0.7784671187400818
Breast Visium CID44971,spaim,lcp1,0.5262871914492304,0.742424488067627
Breast Visium CID44971,spaim,hcst,0.4593946564844717,0.6502147912979126
Breast Visium CID44971,spaim,cnn1,0.4583554496127281,0.7068147659301758
Breast Visium CID44971,spaim,cd5,0.4466311984812529,0.5103498697280884
Breast Visium CID44971,spaim,tubb,0.4436337540446587,0.9400110244750977
Breast Visium CID44971,spaim,lamb3,0.4421841879710746,0.6996512413024902
Breast Visium CID44971,spaim,aif1,0.4401994638135947,0.704275369644165
Breast Visium CID44971,spaim,cd74,0.4379115044696287,0.9574422836303711
Breast Visium CID44971,spaim,cox7a2,0.4274649574716694,0.9077180027961731
Breast Visium CID44971,spaim,lcp2,0.4251238411978409,0.5712925791740417
Breast Visium CID44971,spaim,zap70,0.4222493893791511,0.5511143803596497
Breast Visium CID44971,spaim,igfbp7,0.4220681863333488,0.8821541666984558
Breast Visium CID44971,spaim,col6a3,0.4149020922711162,0.7776088714599609
Breast Visium CID44971,spaim,cdc123,0.4148138580740121,0.7708256244659424
Breast Visium CID44971,spaim,myl9,0.4096505178018951,0.924900472164154
Breast Visium CID44971,spaim,sgk1,0.4083309948683745,0.7984715700149536
Breast Visium CID44971,spaim,actb,0.4062868235440806,0.9844246506690979
Breast Visium CID44971,spaim,hmgb2,0.403145069125715,0.7795464396476746
Breast Visium CID44971,spaim,irf8,0.4029869445681268,0.5360703468322754
Breast Visium CID44971,spaim,cd8a,0.393776003044032,0.5728122591972351
Breast Visium CID44971,spaim,lair1,0.3864522224067932,0.5454979538917542
Breast Visium CID44971,spaim,fhl2,0.3863536774607052,0.629462718963623
Breast Visium CID44971,spaim,ankrd30a,0.3858542449610739,0.44264551997184753
Breast Visium CID44971,spaim,ackr1,0.3855699518180935,0.4999580979347229
Breast Visium CID44971,spaim,serpinf1,0.3848155132116836,0.7008515000343323
Breast Visium CID44971,spaim,cfl1,0.3786616204016454,0.9527745246887207
Breast Visium CID44971,spaim,arpc2,0.3781187695369851,0.863768994808197
Breast Visium CID44971,spaim,kiaa1324,0.3751518789940703,0.7572267055511475
Breast Visium CID44971,spaim,marcksl1,0.3745965553968609,0.9225760698318481
Breast Visium CID44971,spaim,fxyd5,0.3698926509760045,0.6943478584289551
Breast Visium CID44971,spaim,ikzf3,0.3689737020175156,0.5634691715240479
Breast Visium CID44971,spaim,gimap4,0.3680823798424313,0.5543211698532104
Breast Visium CID44971,spaim,psap,0.3643172891947289,0.9583631157875061
Breast Visium CID44971,spaim,tgfb1,0.3633852470742041,0.5618367195129395
Breast Visium CID44971,spaim,plk2,0.3629109708612897,0.5227439999580383
Breast Visium CID44971,spaim,hmgn1,0.3628614945906821,0.9029372930526733
Breast Visium CID44971,spaim,col15a1,0.3597629732477907,0.6669334173202515
Breast Visium CID44971,spaim,ltbp2,0.358714439051009,0.709122896194458
Breast Visium CID44971,spaim,hnrnpa1,0.3542549837114358,0.9458667039871216
Breast Visium CID44971,spaim,mxra8,0.3501823074218104,0.723761260509491
Breast Visium CID44971,spaim,fam198b,0.346396672065786,0.6269593834877014
Breast Visium CID44971,spaim,actg1,0.3447785648905988,0.9829779863357544
Breast Visium CID44971,spaim,pgam1,0.3443321051425293,0.8372054696083069
Breast Visium CID44971,spaim,ramp3,0.3436390438046273,0.4492380917072296
Breast Visium CID44971,spaim,cldn7,0.3430499929793119,0.4956052899360657
Breast Visium CID44971,spaim,txn,0.3405445746403351,0.911146879196167
Breast Visium CID44971,spaim,tpi1,0.3392255963890945,0.9168565273284912
Breast Visium CID44971,spaim,hspe1,0.3381783785185148,0.8953801989555359
Breast Visium CID44971,spaim,cldn11,0.3371826711938567,0.5332277417182922
Breast Visium CID44971,spaim,hmgn3,0.328987546027274,0.8637182116508484
Breast Visium CID44971,spaim,h2afz,0.3238520341009754,0.8584726452827454
Breast Visium CID44971,spaim,hmgn2,0.3236015074205546,0.8942016363143921
Breast Visium CID44971,spaim,crnde,0.3234528273947383,0.7370319366455078
Breast Visium CID44971,spaim,b2m,0.3225164804726757,0.9721980094909668
Breast Visium CID44971,spaim,plpp1,0.322494374368178,0.5995100140571594
Breast Visium CID44971,spaim,bin2,0.3213608177091285,0.45191559195518494
Breast Visium CID44971,spaim,serp1,0.3206996774515246,0.875659167766571
Breast Visium CID44971,spaim,pdlim1,0.3197984635321507,0.660264253616333
Breast Visium CID44971,spaim,timp3,0.3197709061611032,0.8155407309532166
Breast Visium CID44971,spaim,eif3e,0.319606395148295,0.8648582696914673
Breast Visium CID44971,spaim,mif,0.3193252254791354,0.856245219707489
Breast Visium CID44971,spaim,rpl37,0.3170016721500453,0.981736421585083
Breast Visium CID44971,spaim,rpl27,0.3168911437747413,0.964621901512146
Breast Visium CID44971,spaim,ramp2,0.3168418709229544,0.4661412537097931
Breast Visium CID44971,spaim,ciita,0.3164547193780449,0.503998339176178
Breast Visium CID44971,spaim,ifitm2,0.3156395034113869,0.7559350728988647
Breast Visium CID44971,spaim,bst2,0.3148630399368693,0.7459848523139954
Breast Visium CID44971,spaim,zyx,0.3143999482112549,0.7746536135673523
Breast Visium CID44971,spaim,krt18,0.3114614793227087,0.8117613196372986
Breast Visium CID44971,spaim,ms4a7,0.3110398004490363,0.5225223898887634
Breast Visium CID44971,spaim,ssr2,0.3103235448879635,0.8968746066093445
Breast Visium CID44971,spaim,ywhah,0.3101828653727363,0.7437613010406494
Breast Visium CID44971,spaim,nucks1,0.3094869900500511,0.8868125677108765
Breast Visium CID44971,spaim,aes,0.3059109707286158,0.8895429968833923
Breast Visium CID44971,spaim,ifitm1,0.3041994923552361,0.4957178235054016
Breast Visium CID44971,spaim,evl,0.3034541775335714,0.7614866495132446
Breast Visium CID44971,spaim,nlrc5,0.3016628694468175,0.5464600324630737
Breast Visium CID44971,spaim,clec2b,0.3015515186261432,0.47666236758232117
Breast Visium CID44971,spaim,vcan,0.3013512071613026,0.672455906867981
Breast Visium CID44971,spaim,c1orf162,0.2992007016925139,0.5309646725654602
Breast Visium CID44971,spaim,snrpb,0.299198120740849,0.8125606179237366
Breast Visium CID44971,spaim,lamtor5,0.2989043261106066,0.8236059546470642
Breast Visium CID44971,spaim,ube2v2,0.2978310464143514,0.690596878528595
Breast Visium CID44971,spaim,timp2,0.296513072846955,0.8139889240264893
Breast Visium CID44971,spaim,mgat1,0.2958954428908955,0.7005488276481628
Breast Visium CID44971,spaim,cuta,0.2956875765667326,0.8781554698944092
Breast Visium CID44971,spaim,frzb,0.2948906309832651,0.8176384568214417
Breast Visium CID44971,spaim,igsf6,0.294870093915529,0.4220258593559265
Breast Visium CID44971,spaim,cd96,0.2930279471566979,0.39584922790527344
Breast Visium CID44971,spaim,hnrnpa2b1,0.2921853931845802,0.9268103241920471
Breast Visium CID44971,spaim,fbp1,0.2912181174583397,0.43685251474380493
Breast Visium CID44971,spaim,vps28,0.2904607124859308,0.8495960235595703
Breast Visium CID44971,spaim,gstp1,0.2901286821396389,0.9417473673820496
Breast Visium CID44971,spaim,lbh,0.2883554118443593,0.6709115505218506
Breast Visium CID44971,spaim,cd300a,0.2882613723750608,0.398711621761322
Breast Visium CID44971,spaim,tgfb1i1,0.287949607098105,0.5925567746162415
Breast Visium CID44971,spaim,morf4l2,0.2873815674179949,0.8255577683448792
Breast Visium CID44971,spaim,gzmm,0.2839848720380095,0.3493798077106476
Breast Visium CID44971,spaim,rab37,0.2826545050690993,0.3082990348339081
Breast Visium CID44971,spaim,xbp1,0.2817664954846719,0.7332766652107239
Breast Visium CID44971,spaim,sf3b5,0.281569019384063,0.791495680809021
Breast Visium CID44971,spaim,rpl37a,0.2794274247458858,0.9831956028938293
Breast Visium CID44971,spaim,capg,0.2785311368835347,0.7689105272293091
Breast Visium CID44971,spaim,itk,0.2780671154349804,0.3156142830848694
Breast Visium CID44971,spaim,sit1,0.2751915400283399,0.36387118697166443
Breast Visium CID44971,spaim,sumo2,0.2751550967823164,0.9031053185462952
Breast Visium CID44971,spaim,adam8,0.2743052226641763,0.4577561020851135
Breast Visium CID44971,spaim,hsp90b1,0.2728417367168274,0.9172458052635193
Breast Visium CID44971,spaim,cox7a2l,0.2727560796380842,0.7098299264907837
Breast Visium CID44971,spaim,ap1s1,0.2723193766900889,0.6839420795440674
Breast Visium CID44971,spaim,pdlim7,0.2721025610638553,0.676606297492981
Breast Visium CID44971,spaim,tmem59,0.2708082045250325,0.8256622552871704
Breast Visium CID44971,spaim,rgs5,0.2703981554686975,0.5935961008071899
Breast Visium CID44971,spaim,f2r,0.2685104184284728,0.583182156085968
Breast Visium CID44971,spaim,mrpl9,0.2672956540154533,0.6523545384407043
Breast Visium CID44971,spaim,stat4,0.2664979099971943,0.33239588141441345
Breast Visium CID44971,spaim,cpe,0.2627187032012756,0.6496295928955078
Breast Visium CID44971,spaim,clec2d,0.2607988578573578,0.5654430985450745
Breast Visium CID44971,spaim,rerg,0.2607616964833823,0.6677775382995605
Breast Visium CID44971,spaim,rap1b,0.2604657218905536,0.7127003073692322
Breast Visium CID44971,spaim,mcam,0.2599356078331479,0.5348917245864868
Breast Visium CID44971,spaim,gabarap,0.2582382273513771,0.7246425747871399
Breast Visium CID44971,spaim,ap2s1,0.2579958425163751,0.7887879610061646
Breast Visium CID44971,spaim,rnase6,0.2567721511892833,0.46070238947868347
Breast Visium CID44971,spaim,atp6v1f,0.2554594300971615,0.8211022019386292
Breast Visium CID44971,spaim,clec14a,0.2549161034490309,0.32173770666122437
Breast Visium CID44971,spaim,slc7a7,0.2540077124231682,0.3928174376487732
Breast Visium CID44971,spaim,idh2,0.2536576209663955,0.681066632270813
Breast Visium CID44971,spaim,myo6,0.2535359233941482,0.6977578997612
Breast Visium CID44971,spaim,rtn4,0.2511173627140342,0.8512325882911682
Breast Visium CID44971,spaim,anp32b,0.2510688224769704,0.8229176998138428
Breast Visium CID44971,spaim,ece1,0.2505546041656798,0.7142040729522705
Breast Visium CID44971,spaim,ccl28,0.2492290278049037,0.3817959427833557
Breast Visium CID44971,spaim,tnfsf13b,0.2450831014952186,0.38904523849487305
Breast Visium CID44971,spaim,banf1,0.243858691466849,0.8070847392082214
Breast Visium CID44971,spaim,id1,0.2433580053497953,0.41782069206237793
Breast Visium CID44971,spaim,egfl7,0.2417924659864615,0.5178977251052856
Breast Visium CID44971,spaim,slc38a10,0.23914453501859,0.6111130714416504
Breast Visium CID44971,spaim,tgfbr2,0.2376225243494875,0.5894339680671692
Breast Visium CID44971,spaim,oasl,0.2375009878933013,0.3067397177219391
Breast Visium CID44971,spaim,stk17a,0.2372326860252076,0.4530014991760254
Breast Visium CID44971,spaim,fbl,0.2304206737819775,0.8327428698539734
Breast Visium CID44971,spaim,crtap,0.2302473002335824,0.6312282085418701
Breast Visium CID44971,spaim,adgrl4,0.2284406622240886,0.3591323494911194
Breast Visium CID44971,spaim,nid1,0.2268723831983721,0.5407111048698425
Breast Visium CID44971,spaim,mfsd1,0.2244594810780064,0.6049990057945251
Breast Visium CID44971,spaim,rarres3,0.2240247132030672,0.6636841893196106
Breast Visium CID44971,spaim,havcr2,0.2212511761565734,0.3990272879600525
Breast Visium CID44971,spaim,phlda1,0.2208428380405888,0.7150053381919861
Breast Visium CID44971,spaim,cd3g,0.2205303170216649,0.35936102271080017
Breast Visium CID44971,spaim,tmem176a,0.2196122012504463,0.5156455039978027
Breast Visium CID44971,spaim,vamp5,0.2195322252438464,0.5462231040000916
Breast Visium CID44971,spaim,hmgb1,0.218919936228869,0.8892722129821777
Breast Visium CID44971,spaim,elf5,0.2183779238837133,0.6448878645896912
Breast Visium CID44971,spaim,dynll1,0.2183113476583369,0.9092358350753784
Breast Visium CID44971,spaim,txnip,0.2177943551357708,0.8916488885879517
Breast Visium CID44971,spaim,cystm1,0.2149621040206027,0.5224390029907227
Breast Visium CID44971,spaim,rpl36al,0.2134393029438885,0.8002910614013672
Breast Visium CID44971,spaim,cdh5,0.2132803232879247,0.3538475036621094
Breast Visium CID44971,spaim,dnaja1,0.2130998189619655,0.827029824256897
Breast Visium CID44971,spaim,rpl4,0.211893124911754,0.9753978252410889
Breast Visium CID44971,spaim,matk,0.2086834395468475,0.3170037269592285
Breast Visium CID44971,spaim,cxorf36,0.2077635467826017,0.30718761682510376
Breast Visium CID44971,spaim,rac1,0.2041462961287173,0.847075879573822
Breast Visium CID44971,spaim,sirpg,0.2033587075384605,0.2741517424583435
Breast Visium CID44971,spaim,siva1,0.1969411223502268,0.6787318587303162
Breast Visium CID44971,spaim,gng2,0.1956739297990993,0.353363037109375
Breast Visium CID44971,spaim,fbln1,0.1947861890136957,0.7418820858001709
Breast Visium CID44971,spaim,ube2e3,0.1938212091314806,0.693901777267456
Breast Visium CID44971,spaim,flt1,0.19218578969237,0.3235101103782654
Breast Visium CID44971,spaim,rasd1,0.1917116465363384,0.52797931432724
Breast Visium CID44971,spaim,lrp10,0.1907084515664188,0.6722139716148376
Breast Visium CID44971,spaim,linc00996,0.1891473625546238,0.22656938433647156
Breast Visium CID44971,spaim,fcrla,0.188600737913449,0.20678679645061493
Breast Visium CID44971,spaim,pold4,0.1869060878791814,0.4314887821674347
Breast Visium CID44971,spaim,flot1,0.1859817799955504,0.6759962439537048
Breast Visium CID44971,spaim,sptssa,0.1851238476408975,0.612140417098999
Breast Visium CID44971,spaim,tecr,0.1843686208300778,0.7557602524757385
Breast Visium CID44971,spaim,gadd45b,0.1822141779537654,0.5615413784980774
Breast Visium CID44971,spaim,mlec,0.1792449549326243,0.6793066263198853
Breast Visium CID44971,spaim,lama2,0.1789702921899712,0.3562890589237213
Breast Visium CID44971,spaim,parp15,0.1768114864756644,0.23417766392230988
Breast Visium CID44971,spaim,csf2ra,0.1765622778032509,0.3485282063484192
Breast Visium CID44971,spaim,tyms,0.170701215797312,0.5040828585624695
Breast Visium CID44971,spaim,calcrl,0.1686562584106293,0.2813849449157715
Breast Visium CID44971,spaim,stk4,0.1679194285379034,0.4947485625743866
Breast Visium CID44971,spaim,il4r,0.163581922720839,0.5052374005317688
Breast Visium CID44971,spaim,mapk1,0.16221634681953,0.6021871566772461
Breast Visium CID44971,spaim,ptgdr,0.1620369676299483,0.1766158640384674
Breast Visium CID44971,spaim,gstt2b,0.1615652693585966,0.2979457378387451
Breast Visium CID44971,spaim,meox1,0.1600616161903289,0.2265603095293045
Breast Visium CID44971,spaim,snai1,0.1595888276223759,0.23089167475700378
Breast Visium CID44971,spaim,uaca,0.1585438603807351,0.4838707149028778
Breast Visium CID44971,spaim,pou2f2,0.1535555879822109,0.3012346625328064
Breast Visium CID44971,spaim,btk,0.1535011480673633,0.24195633828639984
Breast Visium CID44971,spaim,nucb1,0.1524610555192657,0.7551587224006653
Breast Visium CID44971,spaim,ugdh,0.1517296364513712,0.5657969117164612
Breast Visium CID44971,spaim,fen1,0.1489949318417497,0.4199947118759155
Breast Visium CID44971,spaim,hopx,0.1480597678467192,0.35093334317207336
Breast Visium CID44971,spaim,swap70,0.1479534732977179,0.504768967628479
Breast Visium CID44971,spaim,egr1,0.147499304437119,0.8696804642677307
Breast Visium CID44971,spaim,smim3,0.146970300913003,0.3452284336090088
Breast Visium CID44971,spaim,dlc1,0.1469353934865385,0.36117351055145264
Breast Visium CID44971,spaim,a4galt,0.1431036907011828,0.296235054731369
Breast Visium CID44971,spaim,tlr10,0.1424789610995067,0.20739948749542236
Breast Visium CID44971,spaim,h2afx,0.1420457455059942,0.5894872546195984
Breast Visium CID44971,spaim,arfgap3,0.1420246842631773,0.5051379799842834
Breast Visium CID44971,spaim,tmem87a,0.1411432103391287,0.553557276725769
Breast Visium CID44971,spaim,arhgap29,0.1355872440387933,0.37947461009025574
Breast Visium CID44971,spaim,rrbp1,0.1346300783821658,0.7446115612983704
Breast Visium CID44971,spaim,rpl35,0.134057508528073,0.9694448113441467
Breast Visium CID44971,spaim,tspan4,0.1340269815061071,0.5597894787788391
Breast Visium CID44971,spaim,pyhin1,0.1333996170914988,0.2045276165008545
Breast Visium CID44971,spaim,gmppb,0.133296315856258,0.4077756404876709
Breast Visium CID44971,spaim,meg3,0.132968500586469,0.5696852803230286
Breast Visium CID44971,spaim,st3gal1,0.1323246173518706,0.36647242307662964
Breast Visium CID44971,spaim,dnajb9,0.1317060019842496,0.42811164259910583
Breast Visium CID44971,spaim,tubb2a,0.1299394155276795,0.5643647909164429
Breast Visium CID44971,spaim,ccdc102b,0.1295750972299373,0.22285978496074677
Breast Visium CID44971,spaim,socs2,0.1280825223006147,0.2721743881702423
Breast Visium CID44971,spaim,flt3lg,0.1254685929083439,0.19411277770996094
Breast Visium CID44971,spaim,spon2,0.1244617778590937,0.5981231927871704
Breast Visium CID44971,spaim,uqcrhl,0.1243911638866194,0.26405808329582214
Breast Visium CID44971,spaim,smc1a,0.1239438582806695,0.5846582055091858
Breast Visium CID44971,spaim,rab27a,0.1234512340705863,0.40479516983032227
Breast Visium CID44971,spaim,dnajb1,0.1226247191022185,0.6788052916526794
Breast Visium CID44971,spaim,map1lc3a,0.1225743239363355,0.6388852000236511
Breast Visium CID44971,spaim,cd40lg,0.122107110694785,0.19189545512199402
Breast Visium CID44971,spaim,sesn1,0.1211057168942643,0.4804641902446747
Breast Visium CID44971,spaim,neurl1b,0.1191243038240395,0.29502376914024353
Breast Visium CID44971,spaim,cnrip1,0.1185356849359806,0.2178989201784134
Breast Visium CID44971,spaim,ets2,0.114865239860408,0.5085049271583557
Breast Visium CID44971,spaim,rps3,0.114304628056115,0.9673154950141907
Breast Visium CID44971,spaim,rcan2,0.112090042287466,0.20883139967918396
Breast Visium CID44971,spaim,tspan32,0.1098422352854473,0.18063972890377045
Breast Visium CID44971,spaim,ppp1r1b,0.1092870541840572,0.37789395451545715
Breast Visium CID44971,spaim,rpl32,0.108901103329003,0.9767014384269714
Breast Visium CID44971,spaim,c12orf75,0.1081306854382858,0.5035191774368286
Breast Visium CID44971,spaim,tmem88,0.1046898976540098,0.20835193991661072
Breast Visium CID44971,spaim,tsen54,0.1033136669774613,0.4697916805744171
Breast Visium CID44971,spaim,orai2,0.1004645485886675,0.46210339665412903
Breast Visium CID44971,spaim,sec14l1,0.0978374647508694,0.5015344619750977
Breast Visium CID44971,spaim,lamb1,0.0956245335373989,0.6455337405204773
Breast Visium CID44971,spaim,stap1,0.0941657916531653,0.14344285428524017
Breast Visium CID44971,spaim,runx1t1,0.0920987633228319,0.25936415791511536
Breast Visium CID44971,spaim,fkbp11,0.0909191578548547,0.3774408996105194
Breast Visium CID44971,spaim,tmem243,0.0896379631422358,0.35098984837532043
Breast Visium CID44971,spaim,p2ry14,0.08910077333797,0.15107837319374084
Breast Visium CID44971,spaim,ostf1,0.0876780971168459,0.39873409271240234
Breast Visium CID44971,spaim,fam13c,0.0867791247890698,0.17781253159046173
Breast Visium CID44971,spaim,nudt4,0.0844103788639327,0.6703982353210449
Breast Visium CID44971,spaim,csf3r,0.0817009185343407,0.285182923078537
Breast Visium CID44971,spaim,cdt1,0.0813974911511208,0.41450387239456177
Breast Visium CID44971,spaim,cenpm,0.0752151194148724,0.2716105282306671
Breast Visium CID44971,spaim,mtss1,0.0748422644593792,0.4584241509437561
Breast Visium CID44971,spaim,notch3,0.0746262359179446,0.7334173917770386
Breast Visium CID44971,spaim,rdx,0.0744637810842226,0.5567125082015991
Breast Visium CID44971,spaim,filip1,0.0711965308498737,0.10895714163780212
Breast Visium CID44971,spaim,isyna1,0.070973554968141,0.6921814680099487
Breast Visium CID44971,spaim,fbln7,0.0698065090048122,0.2997567355632782
Breast Visium CID44971,spaim,smc2,0.0676221316925484,0.38238075375556946
Breast Visium CID44971,spaim,add3,0.0669165277007263,0.4909815490245819
Breast Visium CID44971,spaim,rnf125,0.0633448341667626,0.27251529693603516
Breast Visium CID44971,spaim,ncam1,0.0624468590452959,0.09215333312749863
Breast Visium CID44971,spaim,lgals9b,0.0597249434179973,0.060262277722358704
Breast Visium CID44971,spaim,vps51,0.0568444823633692,0.636298418045044
Breast Visium CID44971,spaim,mrvi1,0.0565345014050015,0.3324478566646576
Breast Visium CID44971,spaim,adap2,0.0551387560632429,0.26484718918800354
Breast Visium CID44971,spaim,klf4,0.0544694074994474,0.3852684795856476
Breast Visium CID44971,spaim,tnfrsf13c,0.0538591301474651,0.20572318136692047
Breast Visium CID44971,spaim,myo1b,0.0532638881224935,0.5254424214363098
Breast Visium CID44971,spaim,rora,0.0506912805121118,0.25323784351348877
Breast Visium CID44971,spaim,fgfbp2,0.0362116159902715,0.07347939163446426
Breast Visium CID44971,spaim,abca6,0.0312835232478664,0.17141911387443542
Breast Visium CID44971,spaim,tcf19,0.0255752384011058,0.30124589800834656
Breast Visium CID44971,spaim,lipe,0.0131262952324241,0.17323951423168182
Breast Visium CID44971,spaim,plek2,0.0090985219852511,0.18814000487327576
Breast Visium CID44971,spaim,akap5,0.0049116883005964,0.1467122882604599
Breast Visium CID44971,spaim,cachd1,0.0012562353986844,0.3905271589756012
Breast Visium CID44971,spaim,rpl18,-0.0114301220287504,0.9689434170722961
Breast Visium CID44971,spaim,veph1,-0.0193020156563973,0.17240294814109802
Breast Visium CID44971,spaim,hist1h1e,-0.0315773009352753,0.10800887644290924
Breast Visium CID44971,spaim,mtrnr2l12,-0.3184878236767108,0.8018348813056946
Breast Visium CID44971,stimpute,tmsb10,0.7936238549687251,0.9962329784564282
Breast Visium CID44971,stimpute,c2orf40,0.6412571768832791,0.7273468707488322
Breast Visium CID44971,stimpute,hla-a,0.5747080713624304,0.9528121154438337
Breast Visium CID44971,stimpute,cacybp,0.5495835203176609,0.8393397050489048
Breast Visium CID44971,stimpute,hdac2,0.5298583333200827,0.8235544438502068
Breast Visium CID44971,stimpute,uqcrh,0.5144765407465246,0.9102009822252096
Breast Visium CID44971,stimpute,hla-e,0.507469055501347,0.9024621747854253
Breast Visium CID44971,stimpute,sf3b6,0.4974596325542134,0.900056277203897
Breast Visium CID44971,stimpute,gdi2,0.4927355138281395,0.8696341843640244
Breast Visium CID44971,stimpute,snrpf,0.4918937215894772,0.8292786016398829
Breast Visium CID44971,stimpute,cirbp,0.4893205315052965,0.864172092449686
Breast Visium CID44971,stimpute,ilf2,0.4655762394357492,0.8554374971171471
Breast Visium CID44971,stimpute,pik3r1,0.4494471505095337,0.6736595588714184
Breast Visium CID44971,stimpute,cryab,0.4418971060638343,0.7529849473974991
Breast Visium CID44971,stimpute,cotl1,0.4412245707059338,0.7148199709618361
Breast Visium CID44971,stimpute,tymp,0.4328419795466336,0.7906686328655822
Breast Visium CID44971,stimpute,rps4x,0.4304486076817424,0.9814210876719429
Breast Visium CID44971,stimpute,cct3,0.4204555598410775,0.8420423065440716
Breast Visium CID44971,stimpute,mme,0.4149487243140153,0.5691216154073537
Breast Visium CID44971,stimpute,tshz2,0.4126323260740401,0.5623935153983721
Breast Visium CID44971,stimpute,rpl29,0.4116697540507158,0.9869898409125061
Breast Visium CID44971,stimpute,tcp1,0.4112469773732466,0.7982022738294062
Breast Visium CID44971,stimpute,kcnmb1,0.4083525474355555,0.5723712286420051
Breast Visium CID44971,stimpute,maob,0.3971965997683458,0.5492875468618187
Breast Visium CID44971,stimpute,mrps35,0.3925151520399689,0.7145280060611655
Breast Visium CID44971,stimpute,ppdpf,0.3861415703244927,0.9277122511748731
Breast Visium CID44971,stimpute,trim29,0.3815526963152758,0.5847810245508577
Breast Visium CID44971,stimpute,lman1,0.3800939796919516,0.8059344141339188
Breast Visium CID44971,stimpute,rpl3,0.3798667421710888,0.9705583485323692
Breast Visium CID44971,stimpute,rpl17,0.3775620267810214,0.897997967547392
Breast Visium CID44971,stimpute,cst7,0.3750624217129725,0.5263087289438427
Breast Visium CID44971,stimpute,ndrg2,0.3719402607477126,0.6998202111319756
Breast Visium CID44971,stimpute,pdia6,0.3698446428679289,0.8585753262827771
Breast Visium CID44971,stimpute,lst1,0.3684026069806715,0.5703096880947048
Breast Visium CID44971,stimpute,psme2,0.3654212661271426,0.7842550860511817
Breast Visium CID44971,stimpute,s100a6,0.3618944340257948,0.9574802867456351
Breast Visium CID44971,stimpute,gstm3,0.3612702072669279,0.6071628992626398
Breast Visium CID44971,stimpute,c1qa,0.3537627866658375,0.6611698989509331
Breast Visium CID44971,stimpute,tpbg,0.3501243276116098,0.5512263646315034
Breast Visium CID44971,stimpute,cxcr4,0.3495130363903976,0.7766065196757631
Breast Visium CID44971,stimpute,rpn1,0.3466521774175445,0.7938993587059763
Breast Visium CID44971,stimpute,hsbp1,0.3385768714351529,0.8247165730920983
Breast Visium CID44971,stimpute,tmem258,0.3343873054689281,0.8769778719466416
Breast Visium CID44971,stimpute,ptpn6,0.333915009801631,0.6062549833343993
Breast Visium CID44971,stimpute,gng5,0.333368125954333,0.8762462023109626
Breast Visium CID44971,stimpute,srsf5,0.3308540175536653,0.7617136053471616
Breast Visium CID44971,stimpute,hla-dmb,0.3263437703844993,0.5729678562911885
Breast Visium CID44971,stimpute,slc16a3,0.3249494842000454,0.5415283655448402
Breast Visium CID44971,stimpute,rps15,0.3232404371402892,0.9792210996180829
Breast Visium CID44971,stimpute,rplp2,0.3203796589847842,0.9828858534410907
Breast Visium CID44971,stimpute,c1orf43,0.3186867848264568,0.7827931973196104
Breast Visium CID44971,stimpute,tbc1d10c,0.3167628472972461,0.5288622514827284
Breast Visium CID44971,stimpute,pafah1b3,0.3157907071704944,0.6884943345625435
Breast Visium CID44971,stimpute,serpina1,0.3116929810397879,0.5860986063991577
Breast Visium CID44971,stimpute,spint2,0.3092028127180518,0.7731177160590098
Breast Visium CID44971,stimpute,efhd1,0.3082023005280967,0.672063176844647
Breast Visium CID44971,stimpute,rhob,0.3036483135441987,0.7122490002187843
Breast Visium CID44971,stimpute,rbpms,0.3019601759802723,0.5493950129944779
Breast Visium CID44971,stimpute,ptges3,0.3000598769498162,0.8871847773270984
Breast Visium CID44971,stimpute,cnn2,0.30003684462727,0.7583275594126175
Breast Visium CID44971,stimpute,trac,0.2979582315052898,0.6103334730581791
Breast Visium CID44971,stimpute,cd2,0.2889398237590933,0.5481486797691201
Breast Visium CID44971,stimpute,atp6v0b,0.2854703713509206,0.8277149775151709
Breast Visium CID44971,stimpute,st13,0.2784718924644131,0.8084602914307712
Breast Visium CID44971,stimpute,sub1,0.2778185447072142,0.8783694264513265
Breast Visium CID44971,stimpute,pecam1,0.2771202057526458,0.5691701747362216
Breast Visium CID44971,stimpute,tnfrsf1b,0.2765318073967218,0.5197006918965781
Breast Visium CID44971,stimpute,rpl9,0.273953464055203,0.9775664928718912
Breast Visium CID44971,stimpute,syngr2,0.2734490968198476,0.7943769669824975
Breast Visium CID44971,stimpute,pdlim4,0.2732831574163921,0.552293975010408
Breast Visium CID44971,stimpute,tns4,0.2719881098239663,0.4568375883019902
Breast Visium CID44971,stimpute,efhd2,0.266420958510645,0.582828691901438
Breast Visium CID44971,stimpute,hla-dqa2,0.2653544324853705,0.4879313159752007
Breast Visium CID44971,stimpute,dap3,0.2649484158874263,0.7308960142143403
Breast Visium CID44971,stimpute,themis2,0.2643979876494782,0.42417470100887256
Breast Visium CID44971,stimpute,ssr3,0.2596144867731518,0.7914953285175506
Breast Visium CID44971,stimpute,aoah,0.2591702358344149,0.41433653571965895
Breast Visium CID44971,stimpute,ctsz,0.2544654229473996,0.6265669527638289
Breast Visium CID44971,stimpute,acap1,0.2523379276638935,0.4730090711290172
Breast Visium CID44971,stimpute,nnmt,0.2506702228844137,0.5621564874342979
Breast Visium CID44971,stimpute,pabpc1,0.2480608384030002,0.9528876597712537
Breast Visium CID44971,stimpute,sirpa,0.2474972427214609,0.4934551763477196
Breast Visium CID44971,stimpute,lck,0.2400055659354147,0.4474685458733215
Breast Visium CID44971,stimpute,eef2,0.2379252758641848,0.9441334143486085
Breast Visium CID44971,stimpute,rpl26,0.2374896785858003,0.9508520483020062
Breast Visium CID44971,stimpute,arhgap9,0.2366232757040938,0.43343696597866516
Breast Visium CID44971,stimpute,rpl5,0.2312010452532828,0.9591494186960967
Breast Visium CID44971,stimpute,mt-atp6,0.2307996350855282,0.9924526643536259
Breast Visium CID44971,stimpute,ndufv2,0.2297250814317131,0.7726068329859835
Breast Visium CID44971,stimpute,vopp1,0.2282073320562626,0.5131974109836451
Breast Visium CID44971,stimpute,herpud1,0.2262467508131766,0.7310050698885464
Breast Visium CID44971,stimpute,zfp36l2,0.2259404057255364,0.9061134665617342
Breast Visium CID44971,stimpute,col1a2,0.2256561134930801,0.6527991699632535
Breast Visium CID44971,stimpute,vamp8,0.2239453695799404,0.8180889219502953
Breast Visium CID44971,stimpute,rpl12,0.2207220675278105,0.9824389390682505
Breast Visium CID44971,stimpute,tpp1,0.2189470773880614,0.6757583977252825
Breast Visium CID44971,stimpute,dnmt1,0.2159892204956317,0.6535217283062267
Breast Visium CID44971,stimpute,rab31,0.2148759299547817,0.43087105855693686
Breast Visium CID44971,stimpute,ing4,0.2128940944023279,0.595460327407712
Breast Visium CID44971,stimpute,ncf2,0.2114513724399696,0.3256072728055604
Breast Visium CID44971,stimpute,rhog,0.2113700721776265,0.6100201843963143
Breast Visium CID44971,stimpute,lat,0.2079873892308897,0.46379698001446157
Breast Visium CID44971,stimpute,s100a10,0.2078105728630179,0.8305361722902097
Breast Visium CID44971,stimpute,cdkn1a,0.2020978638527651,0.5440165549894662
Breast Visium CID44971,stimpute,rps28,0.2015483953546326,0.9869605067828512
Breast Visium CID44971,stimpute,ccdc167,0.2009408282149004,0.5728590927428494
Breast Visium CID44971,stimpute,rab4a,0.1968895351486507,0.6188972503669024
Breast Visium CID44971,stimpute,rpl7a,0.1967738571835806,0.9804973956540771
Breast Visium CID44971,stimpute,ptpn7,0.1966236796362347,0.36318128558640955
Breast Visium CID44971,stimpute,ppt1,0.1941885213391941,0.6490801418521631
Breast Visium CID44971,stimpute,slc25a5,0.1925954374047552,0.7727946941372312
Breast Visium CID44971,stimpute,tsc22d1,0.1923219701267517,0.6634085692141812
Breast Visium CID44971,stimpute,aplp2,0.1906545817987799,0.822661262278929
Breast Visium CID44971,stimpute,gpsm3,0.1903040409969159,0.43476622019618505
Breast Visium CID44971,stimpute,fbxo2,0.1901426113068473,0.41902374996457475
Breast Visium CID44971,stimpute,mydgf,0.1880461126060133,0.7232461323400525
Breast Visium CID44971,stimpute,tsc22d3,0.1874810279926964,0.7505523820026199
Breast Visium CID44971,stimpute,klf10,0.1865935220019098,0.44760678807510246
Breast Visium CID44971,stimpute,snx20,0.1853216940382825,0.3457659754229364
Breast Visium CID44971,stimpute,rbbp8,0.1799928848221528,0.48295857319307434
Breast Visium CID44971,stimpute,naca,0.1788468727442833,0.9556947620283103
Breast Visium CID44971,stimpute,grb2,0.176546885477052,0.6342234559645246
Breast Visium CID44971,stimpute,lrp1,0.1751952168814637,0.6147781272269852
Breast Visium CID44971,stimpute,cxcr6,0.1740424224568652,0.31793054830720147
Breast Visium CID44971,stimpute,pim1,0.1729070388968311,0.4488149415660744
Breast Visium CID44971,stimpute,gzmk,0.172884188616303,0.4199647063229989
Breast Visium CID44971,stimpute,tpx2,0.171823176978036,0.439836621230891
Breast Visium CID44971,stimpute,selplg,0.1676406669645126,0.3969042891578854
Breast Visium CID44971,stimpute,clec7a,0.1670085120387653,0.39003023370028966
Breast Visium CID44971,stimpute,cox7a1,0.1664581152119923,0.42082719066656865
Breast Visium CID44971,stimpute,apobec3c,0.16622674375024,0.43944948804962064
Breast Visium CID44971,stimpute,foxp1,0.1602049498914818,0.6108038821986604
Breast Visium CID44971,stimpute,spn,0.1601620655143134,0.3366880064353181
Breast Visium CID44971,stimpute,lims2,0.1576976303468903,0.4553922006659174
Breast Visium CID44971,stimpute,tcf4,0.1576161095467778,0.5222831775757268
Breast Visium CID44971,stimpute,runx1,0.1571607057340157,0.6641368164510006
Breast Visium CID44971,stimpute,alox5ap,0.15547075813739,0.41172751917486694
Breast Visium CID44971,stimpute,plxdc2,0.1543776516504145,0.6408849964818618
Breast Visium CID44971,stimpute,adirf,0.1542734088435381,0.5686843293699789
Breast Visium CID44971,stimpute,sec61a1,0.1538108698179967,0.7748200708719604
Breast Visium CID44971,stimpute,fgr,0.1515292542999056,0.28206984076652275
Breast Visium CID44971,stimpute,ctsw,0.1497789863118839,0.27642906500243214
Breast Visium CID44971,stimpute,ppia,0.148661440880631,0.9610208983920332
Breast Visium CID44971,stimpute,tmbim6,0.1456255340318615,0.8835130498999823
Breast Visium CID44971,stimpute,tk1,0.1455904228841715,0.38133672047881007
Breast Visium CID44971,stimpute,dok3,0.1439281211690507,0.22951748447825307
Breast Visium CID44971,stimpute,cxcr3,0.1432866255047662,0.30662178369935106
Breast Visium CID44971,stimpute,smim14,0.143154554755114,0.5510014026526713
Breast Visium CID44971,stimpute,steap4,0.1428714296389154,0.3312276348588527
Breast Visium CID44971,stimpute,icam3,0.142301220880396,0.41070768500237037
Breast Visium CID44971,stimpute,col14a1,0.1408575576293244,0.3775902930451452
Breast Visium CID44971,stimpute,pdcd4,0.1407853129293959,0.7696425599168135
Breast Visium CID44971,stimpute,mcm2,0.138562866404472,0.39135244230360006
Breast Visium CID44971,stimpute,lgals1,0.1374682550325411,0.8597157225559581
Breast Visium CID44971,stimpute,sept1,0.1346006051821278,0.4335098353836169
Breast Visium CID44971,stimpute,rps13,0.1335668982584505,0.9755110410889949
Breast Visium CID44971,stimpute,arsa,0.1303737236593861,0.4380477976069984
Breast Visium CID44971,stimpute,cd93,0.1299068847339552,0.4088707393755901
Breast Visium CID44971,stimpute,ifitm3,0.1298566507859561,0.7908255309603552
Breast Visium CID44971,stimpute,slc9a3r2,0.1295863076182038,0.4041872487379413
Breast Visium CID44971,stimpute,mmrn2,0.1290521315496328,0.27988849146662703
Breast Visium CID44971,stimpute,cux1,0.1281157244041536,0.42595883140762997
Breast Visium CID44971,stimpute,tram1,0.1270206737733415,0.7355686757699087
Breast Visium CID44971,stimpute,tmed10,0.126713138190195,0.7813544910511516
Breast Visium CID44971,stimpute,tmpo,0.125479991892574,0.5841584375062492
Breast Visium CID44971,stimpute,fyn,0.1245769205111988,0.3888602169668928
Breast Visium CID44971,stimpute,sdcbp,0.1220074123295043,0.6866379664635597
Breast Visium CID44971,stimpute,kdelr1,0.1202455764959679,0.700829792036031
Breast Visium CID44971,stimpute,mt-nd4l,0.119320706937395,0.860006593594085
Breast Visium CID44971,stimpute,syk,0.1171310584069211,0.3092263978390366
Breast Visium CID44971,stimpute,ifngr2,0.1160623437340325,0.642782860712125
Breast Visium CID44971,stimpute,angpt2,0.1157348999988471,0.19017120631615164
Breast Visium CID44971,stimpute,krt17,0.1153198433642175,0.5458622314488802
Breast Visium CID44971,stimpute,asf1b,0.1146595290809626,0.2693042138491132
Breast Visium CID44971,stimpute,sytl1,0.1141665147025531,0.5188681717356922
Breast Visium CID44971,stimpute,erlec1,0.1137862201038424,0.585229293326625
Breast Visium CID44971,stimpute,smc4,0.1125526909258969,0.48503286211553126
Breast Visium CID44971,stimpute,ddx17,0.1103014733457413,0.8564050910770252
Breast Visium CID44971,stimpute,ccl14,0.1097560158332241,0.16309234336510725
Breast Visium CID44971,stimpute,ccnd3,0.1071891819457833,0.6269897646138451
Breast Visium CID44971,stimpute,plpp2,0.107059731145936,0.5773189209369275
Breast Visium CID44971,stimpute,rrm1,0.1032559599831014,0.46138019397012675
Breast Visium CID44971,stimpute,themis,0.102771090989898,0.19603082310642198
Breast Visium CID44971,stimpute,sept6,0.1018371105851212,0.49707063423618064
Breast Visium CID44971,stimpute,rgs10,0.1011844398211907,0.6107529204790417
Breast Visium CID44971,stimpute,glrx,0.1004134202606377,0.38792208386103955
Breast Visium CID44971,stimpute,hlf,0.0960678700795711,0.2324724607795839
Breast Visium CID44971,stimpute,ppic,0.0955097721830563,0.3772103564531427
Breast Visium CID44971,stimpute,ass1,0.0940475804990514,0.44456844443115934
Breast Visium CID44971,stimpute,cdh3,0.0933072599530801,0.4542100117695554
Breast Visium CID44971,stimpute,creb3l4,0.0927086543266844,0.456327704677503
Breast Visium CID44971,stimpute,arhgap15,0.0915841144581545,0.26794760005466595
Breast Visium CID44971,stimpute,mgp,0.0898271538223411,0.8251686014443432
Breast Visium CID44971,stimpute,nusap1,0.0851934001209017,0.2951121471266306
Breast Visium CID44971,stimpute,jakmip1,0.083736980692801,0.13680983950815442
Breast Visium CID44971,stimpute,arl11,0.0821938580775496,0.13816936072580382
Breast Visium CID44971,stimpute,syt8,0.0817132769224668,0.3500065418977202
Breast Visium CID44971,stimpute,plac8,0.0788220618993326,0.267568700539235
Breast Visium CID44971,stimpute,st6galnac4,0.0785100565075344,0.2548701123830374
Breast Visium CID44971,stimpute,inpp1,0.0771326476486012,0.3366872413366581
Breast Visium CID44971,stimpute,lilrb3,0.074004325278112,0.18953006589607238
Breast Visium CID44971,stimpute,rabac1,0.0735786212696836,0.7502676671204178
Breast Visium CID44971,stimpute,pkig,0.072959033563227,0.48294890559692505
Breast Visium CID44971,stimpute,camk1d,0.0694558708304168,0.2624833170755873
Breast Visium CID44971,stimpute,skap1,0.0693827251160794,0.21742992587150797
Breast Visium CID44971,stimpute,cyb5r3,0.0689674877214791,0.669549223558484
Breast Visium CID44971,stimpute,faslg,0.0683177569854567,0.126958638185907
Breast Visium CID44971,stimpute,sardh,0.0668825011051371,0.18622843230015088
Breast Visium CID44971,stimpute,mgat2,0.0635538131249934,0.3621678709389441
Breast Visium CID44971,stimpute,bub3,0.0625844652612155,0.5818387195314926
Breast Visium CID44971,stimpute,dhfr,0.0623406013032073,0.297623457651991
Breast Visium CID44971,stimpute,mgst2,0.0610985304806028,0.4029526064667013
Breast Visium CID44971,stimpute,fam111a,0.0600243575622089,0.40128166991838204
Breast Visium CID44971,stimpute,bag3,0.059593287043971,0.3803301254909354
Breast Visium CID44971,stimpute,syvn1,0.0575445745027623,0.47664875840204873
Breast Visium CID44971,stimpute,rpl31,0.0573339637237017,0.964261599374695
Breast Visium CID44971,stimpute,htra1,0.0544361338249735,0.5732903906886064
Breast Visium CID44971,stimpute,rgma,0.0505838851106279,0.3613095094625921
Breast Visium CID44971,stimpute,oaz2,0.0500353797686469,0.5310301677402682
Breast Visium CID44971,stimpute,btg1,0.0432496918732693,0.7983715064792375
Breast Visium CID44971,stimpute,pkib,0.0425085251453818,0.2769896949936639
Breast Visium CID44971,stimpute,rps16,0.0420109386213334,0.9719762445469295
Breast Visium CID44971,stimpute,fndc3a,0.0409682916230175,0.5461465846734741
Breast Visium CID44971,stimpute,bcl11b,0.0400826967920342,0.2631276508475196
Breast Visium CID44971,stimpute,sel1l,0.0396096851720952,0.5018855202264878
Breast Visium CID44971,stimpute,lpcat4,0.0394537346201437,0.3317148630365883
Breast Visium CID44971,stimpute,npdc1,0.0382972441950358,0.5427632113760366
Breast Visium CID44971,stimpute,cd72,0.0372181941493081,0.19429288755654894
Breast Visium CID44971,stimpute,cblb,0.0366448490304135,0.313256016315049
Breast Visium CID44971,stimpute,tnik,0.0366094406295858,0.20365378070609114
Breast Visium CID44971,stimpute,hrct1,0.036382510802618,0.12501247365721396
Breast Visium CID44971,stimpute,klrd1,0.0358625100269661,0.1621716402196845
Breast Visium CID44971,stimpute,hoxd9,0.0312182432183977,0.18779242818474567
Breast Visium CID44971,stimpute,cmc1,0.030840893615499,0.4863411913609835
Breast Visium CID44971,stimpute,znf385d,0.0286614358140184,0.15016713181514466
Breast Visium CID44971,stimpute,icam2,0.0281919339837484,0.3251237216609949
Breast Visium CID44971,stimpute,kdr,0.0264966100300979,0.20276677352044842
Breast Visium CID44971,stimpute,s1pr1,0.0261679310667309,0.20641709382099407
Breast Visium CID44971,stimpute,arhgap1,0.0245126342318562,0.6031949691986128
Breast Visium CID44971,stimpute,efemp2,0.0241489584318805,0.33482365934910335
Breast Visium CID44971,stimpute,tinagl1,0.0223965880833983,0.4452599502461118
Breast Visium CID44971,stimpute,ccdc50,0.0202201402772622,0.4664866748058739
Breast Visium CID44971,stimpute,cav1,0.018858120241372,0.40323981859205793
Breast Visium CID44971,stimpute,fos,0.0184225882690279,0.6944210586619695
Breast Visium CID44971,stimpute,col6a2,0.0145128319270476,0.6269795408750086
Breast Visium CID44971,stimpute,cbfa2t3,0.0144109762858997,0.19386238762570157
Breast Visium CID44971,stimpute,hhex,0.0119903684699139,0.13899037412394802
Breast Visium CID44971,stimpute,pik3ip1,0.011553120050817,0.40626863349069
Breast Visium CID44971,stimpute,ncr1,0.0115293235858987,0.043170381006502015
Breast Visium CID44971,stimpute,arrb1,0.0110611755458442,0.32297111196866696
Breast Visium CID44971,stimpute,creb3l2,0.0106047393246897,0.5386711528566324
Breast Visium CID44971,stimpute,fkbp2,0.0104406261067116,0.7042261160786681
Breast Visium CID44971,stimpute,phldb2,0.0085210822461697,0.21068069953145827
Breast Visium CID44971,stimpute,sema3g,0.0076901563098618,0.1724671168648585
Breast Visium CID44971,stimpute,ctnnal1,0.007655830804006,0.22812516122435464
Breast Visium CID44971,stimpute,eps8,0.0069738679068269,0.38344717079823554
Breast Visium CID44971,stimpute,sptbn1,0.0065319388223781,0.7090723811507338
Breast Visium CID44971,stimpute,nucb2,0.005224040754751,0.38456223536310163
Breast Visium CID44971,stimpute,xcl1,0.005053504941513,0.13475452457790726
Breast Visium CID44971,stimpute,fcrl1,0.0041087482226647,0.06302645209228408
Breast Visium CID44971,stimpute,camk4,0.003491754747658,0.18210041074259556
Breast Visium CID44971,stimpute,ptger2,-0.0013872580747079,0.0953680261203877
Breast Visium CID44971,stimpute,pltp,-0.0015484083068678,0.4028233148114342
Breast Visium CID44971,stimpute,sh2d1b,-0.0017138058853475,0.039303609048565995
Breast Visium CID44971,stimpute,mal,-0.003309601914897,0.1067033753986639
Breast Visium CID44971,stimpute,nmur1,-0.0042439668675329,0.014599906341746757
Breast Visium CID44971,stimpute,bard1,-0.0061028263946179,0.1969385971652466
Breast Visium CID44971,stimpute,oxnad1,-0.0084075181259037,0.22820756633959355
Breast Visium CID44971,stimpute,mfap4,-0.0087526478176621,0.29938105415374294
Breast Visium CID44971,stimpute,cxcr5,-0.0104015809186252,0.07936077043276642
Breast Visium CID44971,stimpute,klrg1,-0.0107802211049947,0.148497669464906
Breast Visium CID44971,stimpute,st6galnac2,-0.0154417414690521,0.020122299863113393
Breast Visium CID44971,stimpute,linc00926,-0.0189152775328824,0.14136815803053424
Breast Visium CID44971,stimpute,col18a1,-0.0195027915704864,0.6792566357391733
Breast Visium CID44971,stimpute,hcfc1r1,-0.0196237829750371,0.5808815829201791
Breast Visium CID44971,stimpute,txk,-0.0208682056351334,0.04058538934390548
Breast Visium CID44971,stimpute,fcer2,-0.0215145931449812,0.049577124589797204
Breast Visium CID44971,stimpute,ca4,-0.0242399790916507,0.04300204112197373
Breast Visium CID44971,stimpute,tmigd2,-0.0248487701223973,0.04631419700850808
Breast Visium CID44971,stimpute,snx22,-0.0301289320460055,0.16951798318259356
Breast Visium CID44971,stimpute,ms4a1,-0.0309423765401428,0.1986971967260458
Breast Visium CID44971,stimpute,arhgap24,-0.0356218732510341,0.13920770549503836
Breast Visium CID44971,stimpute,tnfrsf17,-0.039311952582499,0.05081165110284691
Breast Visium CID44971,stimpute,rbpms2,-0.0406701763357876,0.07733263715690937
Breast Visium CID44971,stimpute,vpreb3,-0.0514757249093556,0.0718484583537568
Breast Visium CID44971,stimpute,cd19,-0.0515203219428053,0.07307153749191354
Breast Visium CID44971,stimpute,ctgf,-0.0520216505694905,0.6187036826263231
Breast Visium CID44971,stimpute,scarb1,-0.0524875808998938,0.4586038447536462
Breast Visium CID44971,stimpute,ppp2r5b,-0.0529569109101457,0.23086668649898
Breast Visium CID44971,stimpute,pask,-0.0608618617525565,0.2569628020183766
Breast Visium CID44971,stimpute,tcf7,-0.0618911802297278,0.2529330614427351
Breast Visium CID44971,stimpute,socs3,-0.1056055216321802,0.2971251562532545
Breast Visium CID44971,stimpute,rpl38,-0.1065010683474188,0.9323027565512683
Breast Visium CID44971,stimpute,aebp1,-0.1086494952418235,0.5425203653582733
Breast Visium CID44971,stimpute,fosb,-0.2308151606723159,0.38002934868532384
Breast Visium CID44971,stimpute,azgp1,0.6583668169435516,0.8082742003134613
Breast Visium CID44971,stimpute,agr2,0.6509444071223485,0.7460705119017459
Breast Visium CID44971,stimpute,hla-b,0.6448680064306634,0.9628623527414913
Breast Visium CID44971,stimpute,pfn1,0.6394475267487071,0.9737910009764918
Breast Visium CID44971,stimpute,hla-dra,0.5833681946786446,0.8749417408484503
Breast Visium CID44971,stimpute,srgn,0.5646739033293374,0.7970334999595327
Breast Visium CID44971,stimpute,rpl41,0.5592464761497333,0.99297952130041
Breast Visium CID44971,stimpute,rps12,0.5568306022661353,0.9935521923736491
Breast Visium CID44971,stimpute,crabp1,0.5532034896601492,0.7928353273338188
Breast Visium CID44971,stimpute,dst,0.5464306576293633,0.812872044819623
Breast Visium CID44971,stimpute,hla-dqb1,0.5390773728795893,0.8025301047355735
Breast Visium CID44971,stimpute,mlph,0.5269975776860454,0.6524963164556682
Breast Visium CID44971,stimpute,snrpe,0.5195802838207254,0.8602850360564646
Breast Visium CID44971,stimpute,fxyd3,0.5046569639863262,0.723030747827911
Breast Visium CID44971,stimpute,c1qb,0.4976726136963355,0.696203041889965
Breast Visium CID44971,stimpute,sparc,0.4973258295020589,0.8228947964961285
Breast Visium CID44971,stimpute,snrpd1,0.4914315655587464,0.8007387305003533
Breast Visium CID44971,stimpute,eef1a1,0.4887393620766809,0.9980214199650759
Breast Visium CID44971,stimpute,sat1,0.4713915180392201,0.8763566876545982
Breast Visium CID44971,stimpute,ifi27,0.4519904560763618,0.7398469004607722
Breast Visium CID44971,stimpute,ptma,0.4464982933115976,0.9853232122087286
Breast Visium CID44971,stimpute,arf1,0.4431183932774356,0.9147713799161764
Breast Visium CID44971,stimpute,col1a1,0.4382790535895984,0.6706849344257709
Breast Visium CID44971,stimpute,gapdh,0.4314565162759396,0.9816843000995664
Breast Visium CID44971,stimpute,grn,0.429665079578147,0.8545697953689847
Breast Visium CID44971,stimpute,btf3,0.4249266104065816,0.8980164827417964
Breast Visium CID44971,stimpute,ldhb,0.4219091765487935,0.8949053328372536
Breast Visium CID44971,stimpute,epcam,0.4165663965479367,0.7705946693017222
Breast Visium CID44971,stimpute,aff3,0.4158693517475632,0.5004432043225072
Breast Visium CID44971,stimpute,dstn,0.414320963521219,0.8845887379952655
Breast Visium CID44971,stimpute,arpc1b,0.4139295561030711,0.7751456196014745
Breast Visium CID44971,stimpute,cxcl2,0.4101733484212065,0.5680289568192713
Breast Visium CID44971,stimpute,rps6,0.3964803542860886,0.9856333163978225
Breast Visium CID44971,stimpute,plek,0.3866496936301929,0.5386512316386971
Breast Visium CID44971,stimpute,rpl15,0.385939944689448,0.9820874729547467
Breast Visium CID44971,stimpute,srp9,0.3850896599000603,0.8476514717692476
Breast Visium CID44971,stimpute,cd24,0.3841095831708856,0.7982116136412047
Breast Visium CID44971,stimpute,rps3a,0.3811341072519159,0.9900795247056325
Breast Visium CID44971,stimpute,rpl34,0.3809069130347223,0.9817778545510024
Breast Visium CID44971,stimpute,mdh2,0.3764962810434915,0.8173421298234896
Breast Visium CID44971,stimpute,rps20,0.3726772277460846,0.9379384386267616
Breast Visium CID44971,stimpute,rps27a,0.3726078143660368,0.9891450788800777
Breast Visium CID44971,stimpute,cybb,0.370003785203752,0.5392508275593134
Breast Visium CID44971,stimpute,col3a1,0.3460978236298376,0.6288015354994491
Breast Visium CID44971,stimpute,cyba,0.3450755171166915,0.8137008436606821
Breast Visium CID44971,stimpute,il2rg,0.3427129698064031,0.543272826368756
Breast Visium CID44971,stimpute,cd69,0.339672882175209,0.4841114839050806
Breast Visium CID44971,stimpute,il6st,0.3377465541430436,0.7180312395069945
Breast Visium CID44971,stimpute,rpl35a,0.3369976289224059,0.9699239704988105
Breast Visium CID44971,stimpute,s100a11,0.3352296261210427,0.9620885286711915
Breast Visium CID44971,stimpute,rpl27a,0.3345278969525003,0.9620472878317895
Breast Visium CID44971,stimpute,hspg2,0.3332843742138409,0.6796654115356265
Breast Visium CID44971,stimpute,capn8,0.3319961605550425,0.45243370444451053
Breast Visium CID44971,stimpute,ybx1,0.3291884621263019,0.870283571852121
Breast Visium CID44971,stimpute,jun,0.3291290898709221,0.7607456365881642
Breast Visium CID44971,stimpute,serpinh1,0.3277289881152202,0.8077402711423858
Breast Visium CID44971,stimpute,rnase1,0.3265598948507528,0.6082519612915959
Breast Visium CID44971,stimpute,tpm1,0.325440967892392,0.8193793919113561
Breast Visium CID44971,stimpute,cd247,0.3173249901734406,0.4574839914924726
Breast Visium CID44971,stimpute,sell,0.313637589951212,0.4677573948133814
Breast Visium CID44971,stimpute,reep5,0.3112270617703759,0.7359980711254586
Breast Visium CID44971,stimpute,nutf2,0.3111004053387098,0.7085071150038788
Breast Visium CID44971,stimpute,aph1a,0.3090809284856846,0.7890086201816142
Breast Visium CID44971,stimpute,palld,0.303955126900779,0.6641640115347827
Breast Visium CID44971,stimpute,hddc2,0.3032432697990634,0.6990197048472584
Breast Visium CID44971,stimpute,vps72,0.3020650191060645,0.6152202624129414
Breast Visium CID44971,stimpute,col17a1,0.3010114179657213,0.5705656071613029
Breast Visium CID44971,stimpute,snrpd2,0.3008872457246928,0.9065608036068207
Breast Visium CID44971,stimpute,rps25,0.2997486440296926,0.9796138322743689
Breast Visium CID44971,stimpute,reep6,0.2944150847611858,0.4160712891630521
Breast Visium CID44971,stimpute,msr1,0.2937857642330734,0.44837977879317287
Breast Visium CID44971,stimpute,tpt1,0.2916690750817478,0.9906560804082362
Breast Visium CID44971,stimpute,pdia4,0.291541438389057,0.7862528514738111
Breast Visium CID44971,stimpute,kif12,0.2858037857604654,0.3967471573091529
Breast Visium CID44971,stimpute,rasal3,0.285631133069398,0.4845288595667243
Breast Visium CID44971,stimpute,limd2,0.2813470225204968,0.6059803899547622
Breast Visium CID44971,stimpute,dynlt1,0.2799401933424268,0.7969988520272538
Breast Visium CID44971,stimpute,ufc1,0.2727244882392,0.7625646330714525
Breast Visium CID44971,stimpute,srpk1,0.2680272388341169,0.6169236502359753
Breast Visium CID44971,stimpute,tacstd2,0.2675377538655541,0.694331750660621
Breast Visium CID44971,stimpute,zfp36,0.2652622067436694,0.8205903683672681
Breast Visium CID44971,stimpute,fam49b,0.2577266499424854,0.5999172986634781
Breast Visium CID44971,stimpute,samhd1,0.2547062704230123,0.637424387784621
Breast Visium CID44971,stimpute,ctsk,0.252386531401608,0.5250528893106905
Breast Visium CID44971,stimpute,anxa3,0.2517659094369666,0.5975987865133912
Breast Visium CID44971,stimpute,islr,0.2456743731528134,0.5682656099327227
Breast Visium CID44971,stimpute,tigit,0.2393697933792634,0.38175264988851176
Breast Visium CID44971,stimpute,tmed9,0.2390045910615992,0.7362591792499192
Breast Visium CID44971,stimpute,rasef,0.2363377325384504,0.42014765230455
Breast Visium CID44971,stimpute,aif1l,0.2359691253527639,0.5459169229932692
Breast Visium CID44971,stimpute,rpl7,0.2344492670528498,0.9672477915177814
Breast Visium CID44971,stimpute,il16,0.2335907814828634,0.43138767260768784
Breast Visium CID44971,stimpute,foxs1,0.2329283913411619,0.2606108619001684
Breast Visium CID44971,stimpute,tmed2,0.2320304453732448,0.8162338941086036
Breast Visium CID44971,stimpute,dgka,0.2318598376724911,0.4674320480878051
Breast Visium CID44971,stimpute,ppp1r14a,0.2310493472191572,0.5263389869103614
Breast Visium CID44971,stimpute,stom,0.2310449558910124,0.6827139026570098
Breast Visium CID44971,stimpute,myadm,0.2297066486751694,0.664018516141342
Breast Visium CID44971,stimpute,fcgr2a,0.2296282252430523,0.47010901628918644
Breast Visium CID44971,stimpute,col5a2,0.2286083140757937,0.508018902732192
Breast Visium CID44971,stimpute,dok2,0.227352538106701,0.3814804862048341
Breast Visium CID44971,stimpute,serping1,0.2267166635751143,0.6957042222825813
Breast Visium CID44971,stimpute,gnai2,0.2247543856498321,0.7345194694603562
Breast Visium CID44971,stimpute,ifi16,0.2238322153433333,0.584267122005108
Breast Visium CID44971,stimpute,epas1,0.2219686629829781,0.5106574098007022
Breast Visium CID44971,stimpute,tmem98,0.2218954414442829,0.4602974088018957
Breast Visium CID44971,stimpute,cxcl16,0.2213502339144753,0.5841624381462541
Breast Visium CID44971,stimpute,ppp1ca,0.2209701227747055,0.7775864894375883
Breast Visium CID44971,stimpute,emb,0.220244303686588,0.44894785802649867
Breast Visium CID44971,stimpute,vps29,0.2197611969276883,0.7110004471172775
Breast Visium CID44971,stimpute,inpp4b,0.2179943508571141,0.36244010786102576
Breast Visium CID44971,stimpute,kdelr2,0.2173791243448995,0.8175305942066707
Breast Visium CID44971,stimpute,rps5,0.215155021834263,0.9672086419493559
Breast Visium CID44971,stimpute,rnaset2,0.2149293231806671,0.6993893428673893
Breast Visium CID44971,stimpute,pmepa1,0.2123807710265415,0.5412929396846652
Breast Visium CID44971,stimpute,mt2a,0.2069621449239912,0.9490916843637449
Breast Visium CID44971,stimpute,rabep1,0.2065116936260341,0.5589550966310304
Breast Visium CID44971,stimpute,golgb1,0.2060267509212855,0.6365081512130707
Breast Visium CID44971,stimpute,sdf2l1,0.2015510407106178,0.516858805672813
Breast Visium CID44971,stimpute,hsp90aa1,0.1990830605615891,0.9490937517562844
Breast Visium CID44971,stimpute,h2afy,0.1982679911223972,0.7365650906449243
Breast Visium CID44971,stimpute,gas6,0.1980979722240428,0.7227497534308428
Breast Visium CID44971,stimpute,cd99,0.1967818740323758,0.7287785150044391
Breast Visium CID44971,stimpute,id2,0.1957921662845993,0.6888155431232622
Breast Visium CID44971,stimpute,cyr61,0.1938878520897569,0.7547214305989026
Breast Visium CID44971,stimpute,irf7,0.1937703531660188,0.5011388029821505
Breast Visium CID44971,stimpute,map1b,0.1888976402068474,0.4238266963637627
Breast Visium CID44971,stimpute,emp1,0.188122737640228,0.517141114584191
Breast Visium CID44971,stimpute,lrrc26,0.1837436060164203,0.33071782457120286
Breast Visium CID44971,stimpute,gimap7,0.1801284430323264,0.36867667617579136
Breast Visium CID44971,stimpute,akap12,0.1799290460360269,0.32519728273319787
Breast Visium CID44971,stimpute,rassf2,0.1778083166816533,0.4260542638091637
Breast Visium CID44971,stimpute,rcsd1,0.1752713786594823,0.40519831366828896
Breast Visium CID44971,stimpute,acbd6,0.1749290525189657,0.5576683925047691
Breast Visium CID44971,stimpute,app,0.1674535976100825,0.8601008883421386
Breast Visium CID44971,stimpute,runx3,0.1670496162844372,0.3904211822361489
Breast Visium CID44971,stimpute,uqcrb,0.1664688279743502,0.9182940483152806
Breast Visium CID44971,stimpute,rps23,0.1661011524881565,0.9787470315232605
Breast Visium CID44971,stimpute,fcmr,0.1638923247478851,0.3139907680238105
Breast Visium CID44971,stimpute,dbnl,0.1619359213599204,0.587574074305751
Breast Visium CID44971,stimpute,march1,0.1605696897924965,0.31285726927832275
Breast Visium CID44971,stimpute,ccpg1,0.160170046107813,0.4600386771134076
Breast Visium CID44971,stimpute,tpst2,0.1601664727699703,0.4533881690009154
Breast Visium CID44971,stimpute,cldn5,0.152643446694241,0.31597561999415463
Breast Visium CID44971,stimpute,nr2f1,0.1525106125509387,0.3783580502524252
Breast Visium CID44971,stimpute,ednra,0.1520846941138251,0.29883040687916196
Breast Visium CID44971,stimpute,znf503,0.1514009869794306,0.33519212650571906
Breast Visium CID44971,stimpute,nedd9,0.1513742935967015,0.49290271712047756
Breast Visium CID44971,stimpute,ralgps2,0.1503592862711948,0.2793156614178403
Breast Visium CID44971,stimpute,abi3,0.1491040974248042,0.3438285835287488
Breast Visium CID44971,stimpute,znf331,0.1490122412022005,0.40828931634740984
Breast Visium CID44971,stimpute,il3ra,0.1484142382548069,0.28130466136150484
Breast Visium CID44971,stimpute,rhoh,0.1465847199271272,0.36697922466790767
Breast Visium CID44971,stimpute,sod3,0.1457852580883,0.2737462002171277
Breast Visium CID44971,stimpute,gpr65,0.1448381726498645,0.26637271005252433
Breast Visium CID44971,stimpute,rpa3,0.1439742351317894,0.5522095915539955
Breast Visium CID44971,stimpute,spcs3,0.1421558749253842,0.6632932069069624
Breast Visium CID44971,stimpute,dusp4,0.140820858499432,0.4946734519834192
Breast Visium CID44971,stimpute,dennd2d,0.1407439396577463,0.5156351408255335
Breast Visium CID44971,stimpute,pnpla2,0.1389787708300325,0.625607921383735
Breast Visium CID44971,stimpute,clmn,0.1387595231255516,0.41916215866267853
Breast Visium CID44971,stimpute,tnfrsf25,0.1384409995764479,0.3608344189134251
Breast Visium CID44971,stimpute,cd79b,0.1367138174398413,0.3124823888158629
Breast Visium CID44971,stimpute,ndufa4l2,0.1366530328925102,0.31614553518107813
Breast Visium CID44971,stimpute,pik3r3,0.1363595161567078,0.5034061345680678
Breast Visium CID44971,stimpute,rnf130,0.1345782395910115,0.6456897650002636
Breast Visium CID44971,stimpute,snrnp25,0.1338783716392202,0.5323003463301444
Breast Visium CID44971,stimpute,cisd2,0.1336319825429317,0.5266215912170158
Breast Visium CID44971,stimpute,cdk2ap2,0.1336263575576707,0.553938914269689
Breast Visium CID44971,stimpute,plpp5,0.1321699781177036,0.4490260438935842
Breast Visium CID44971,stimpute,hbegf,0.1300271700546159,0.311216807067584
Breast Visium CID44971,stimpute,lmcd1,0.1288109543721608,0.36382806810103524
Breast Visium CID44971,stimpute,plac9,0.1285062536169144,0.3162770980913997
Breast Visium CID44971,stimpute,tmem173,0.1261766881512819,0.4160893067511438
Breast Visium CID44971,stimpute,cd40,0.1258234250911994,0.35094409760807344
Breast Visium CID44971,stimpute,mfge8,0.1244500444376487,0.7396074998633403
Breast Visium CID44971,stimpute,prkch,0.1236702115325628,0.3773721330224783
Breast Visium CID44971,stimpute,tspan13,0.1220979314074877,0.5442495569338567
Breast Visium CID44971,stimpute,gem,0.1203250922440493,0.41080860087344834
Breast Visium CID44971,stimpute,mef2c,0.1196973212395048,0.3427956823522864
Breast Visium CID44971,stimpute,bcam,0.1170179825888998,0.4579473121884306
Breast Visium CID44971,stimpute,nes,0.1152363572973588,0.49988059849487765
Breast Visium CID44971,stimpute,rapgef3,0.1150188082630059,0.2703757834968935
Breast Visium CID44971,stimpute,c1orf54,0.1134069176097324,0.33160215655197234
Breast Visium CID44971,stimpute,il33,0.1133225630054697,0.250277025521537
Breast Visium CID44971,stimpute,arid5b,0.113048339212646,0.49249597854246574
Breast Visium CID44971,stimpute,rbm47,0.1117523679670863,0.4925248007179333
Breast Visium CID44971,stimpute,phactr1,0.1116058737625255,0.2592008801398707
Breast Visium CID44971,stimpute,tacc1,0.110472227978657,0.4562135129898544
Breast Visium CID44971,stimpute,cox4i2,0.1099450405021827,0.202137152559203
Breast Visium CID44971,stimpute,dck,0.1090388625035793,0.4465044183952327
Breast Visium CID44971,stimpute,tspan7,0.1046892373109571,0.24533678689901364
Breast Visium CID44971,stimpute,cd63,0.1028821230650769,0.9155192856591883
Breast Visium CID44971,stimpute,leprotl1,0.1027929637592608,0.5346178811397099
Breast Visium CID44971,stimpute,tie1,0.1023034100800584,0.2357263385754037
Breast Visium CID44971,stimpute,myd88,0.1001115751727915,0.4383711816941112
Breast Visium CID44971,stimpute,alox5,0.097207734707172,0.29407868724552405
Breast Visium CID44971,stimpute,mgll,0.0947039605133961,0.37080567968698447
Breast Visium CID44971,stimpute,parva,0.0934121827122337,0.5508959442744893
Breast Visium CID44971,stimpute,mctp1,0.093016092542977,0.17765083329400405
Breast Visium CID44971,stimpute,gnly,0.0929752107633149,0.23775881873229568
Breast Visium CID44971,stimpute,cdkn3,0.0917758913655362,0.28946300961417865
Breast Visium CID44971,stimpute,usp28,0.0901638212220351,0.41104337283965287
Breast Visium CID44971,stimpute,c1qtnf1,0.0891993490691996,0.30392394041521564
Breast Visium CID44971,stimpute,rasgrp2,0.0874527204595384,0.325400381112696
Breast Visium CID44971,stimpute,fam177a1,0.0869841503456464,0.5772442199022588
Breast Visium CID44971,stimpute,cdc42ep3,0.0854138146469719,0.40113394199784913
Breast Visium CID44971,stimpute,man2b1,0.0845517814470571,0.21558759718352855
Breast Visium CID44971,stimpute,pax5,0.0820510906302062,0.13200715251145495
Breast Visium CID44971,stimpute,ier3,0.0808100741034826,0.6221206751128047
Breast Visium CID44971,stimpute,ap1s2,0.0801429838994352,0.4287199270071887
Breast Visium CID44971,stimpute,creld2,0.0798511497841039,0.41980953635526935
Breast Visium CID44971,stimpute,hm13,0.0764411217397265,0.7022782731401692
Breast Visium CID44971,stimpute,acadvl,0.075742141852836,0.8174890910176991
Breast Visium CID44971,stimpute,adgrg1,0.074936268217893,0.6111884902911959
Breast Visium CID44971,stimpute,fbln5,0.07441928373499,0.3452456692531303
Breast Visium CID44971,stimpute,fancb,0.0739864642160896,0.17438254753165527
Breast Visium CID44971,stimpute,syne1,0.0737662396171621,0.29571307690279136
Breast Visium CID44971,stimpute,eif1,0.0720411699878686,0.9383960600403898
Breast Visium CID44971,stimpute,b4galt7,0.0706664908778799,0.3585711082910204
Breast Visium CID44971,stimpute,rbp7,0.0684413776412733,0.2621953684651398
Breast Visium CID44971,stimpute,linc00861,0.0680542932809236,0.204149265903259
Breast Visium CID44971,stimpute,klrf1,0.0671164563539025,0.17894187928736244
Breast Visium CID44971,stimpute,mir222hg,0.0658001679942627,0.19434323381446242
Breast Visium CID44971,stimpute,traf4,0.0634912584626464,0.601865186120312
Breast Visium CID44971,stimpute,aqp3,0.063451743272105,0.316323918307678
Breast Visium CID44971,stimpute,arc,0.062977556385876,0.13200027591885274
Breast Visium CID44971,stimpute,xcl2,0.0617441771824249,0.18415358031443452
Breast Visium CID44971,stimpute,stim1,0.0607449443326183,0.3875105182014901
Breast Visium CID44971,stimpute,eomes,0.0582215254623947,0.21160641330978108
Breast Visium CID44971,stimpute,gpihbp1,0.054958670456335,0.15276033755592658
Breast Visium CID44971,stimpute,tbx21,0.0547753463772599,0.13699690871764358
Breast Visium CID44971,stimpute,map3k8,0.0546965035877109,0.37195330631529117
Breast Visium CID44971,stimpute,or51e1,0.0539606638776523,0.07803734888625052
Breast Visium CID44971,stimpute,fam110d,0.0538906064102782,0.14834419620428305
Breast Visium CID44971,stimpute,lyst,0.052996156451816,0.265715712861076
Breast Visium CID44971,stimpute,abhd15,0.0527883184407691,0.1935074298699202
Breast Visium CID44971,stimpute,sec62,0.0507421973481519,0.6606195547153368
Breast Visium CID44971,stimpute,slc3a2,0.047668784919755,0.7100784550678692
Breast Visium CID44971,stimpute,igf1,0.0460773661793172,0.29872183641143985
Breast Visium CID44971,stimpute,eif4b,0.0458257080067148,0.843078604770635
Breast Visium CID44971,stimpute,ednrb,0.0450484326046743,0.22881858970749028
Breast Visium CID44971,stimpute,foxp3,0.0425182759852134,0.1675449285725448
Breast Visium CID44971,stimpute,map3k7cl,0.0423796097962672,0.1310941984021643
Breast Visium CID44971,stimpute,nr2f2,0.0399911285311139,0.42337616419278407
Breast Visium CID44971,stimpute,ccdc88a,0.037474563778077,0.35829169400419547
Breast Visium CID44971,stimpute,cyb561a3,0.036921033692186,0.4795027504555683
Breast Visium CID44971,stimpute,trg-as1,0.0351277152522955,0.12475955991525509
Breast Visium CID44971,stimpute,gucy1a2,0.0343485297881683,0.12279789569963444
Breast Visium CID44971,stimpute,mei1,0.0342222444669026,0.131533087389537
Breast Visium CID44971,stimpute,eaf2,0.033963839841173,0.16196086315254732
Breast Visium CID44971,stimpute,atp1a1,0.0313687638618893,0.7609459424532562
Breast Visium CID44971,stimpute,shc1,0.025459851330264,0.5977241903614576
Breast Visium CID44971,stimpute,hla-dob,0.0247301988777327,0.20997989323320945
Breast Visium CID44971,stimpute,tcl1a,0.0234843530275392,0.07641248751210306
Breast Visium CID44971,stimpute,atp2b1,0.0232513206813938,0.5239562994699485
Breast Visium CID44971,stimpute,notch4,0.0232094080387183,0.23843302893860946
Breast Visium CID44971,stimpute,ttc38,0.0224130005411347,0.28124229535987333
Breast Visium CID44971,stimpute,erg,0.0219141614943826,0.15675360595085622
Breast Visium CID44971,stimpute,rasl12,0.0213315588934051,0.19690640522760147
Breast Visium CID44971,stimpute,rpl13a,0.0205066582943285,0.9653302031655372
Breast Visium CID44971,stimpute,trgc1,0.0191065275983947,0.06685785437972487
Breast Visium CID44971,stimpute,nt5e,0.0170744080901645,0.1473719757197438
Breast Visium CID44971,stimpute,dek,0.0169819217193221,0.6776735001446587
Breast Visium CID44971,stimpute,tmem109,0.0159583438158563,0.5100607516203677
Breast Visium CID44971,stimpute,frmd3,0.0137010613037107,0.1709650329485007
Breast Visium CID44971,stimpute,snx29,0.0130458545934573,0.2520765012049487
Breast Visium CID44971,stimpute,taf15,0.0127202739168856,0.5581028356206057
Breast Visium CID44971,stimpute,znf808,0.012580639086317,0.1639988419536614
Breast Visium CID44971,stimpute,linc01197,0.011982115755639,0.05564056380539249
Breast Visium CID44971,stimpute,ccr4,0.0098828955189168,0.04764379643741257
Breast Visium CID44971,stimpute,magi1,0.00770975456675,0.3639991204961491
Breast Visium CID44971,stimpute,gapt,0.0067525164623734,0.12170257671236001
Breast Visium CID44971,stimpute,krt86,0.0033193920610823,0.18318112011978016
Breast Visium CID44971,stimpute,pnoc,0.0015769625861634,0.07833775173868497
Breast Visium CID44971,stimpute,dnajc1,0.001258500822604,0.35195234427439154
Breast Visium CID44971,stimpute,fxyd6,-0.0026839562171212,0.4038955916038749
Breast Visium CID44971,stimpute,ighd,-0.0077725517865768,0.03921759217627349
Breast Visium CID44971,stimpute,ighm,-0.0118015843316467,0.3965923637878826
Breast Visium CID44971,stimpute,spink2,-0.0125758542851547,0.03537459743992154
Breast Visium CID44971,stimpute,capn12,-0.0130265965215987,0.17677973381157136
Breast Visium CID44971,stimpute,hrc,-0.0132741228213348,0.03380876243816305
Breast Visium CID44971,stimpute,cnr2,-0.0158713103765835,0.03753407473174951
Breast Visium CID44971,stimpute,itm2a,-0.0164587825698316,0.40977515029645883
Breast Visium CID44971,stimpute,cpne5,-0.0181996831830673,0.11416472469962209
Breast Visium CID44971,stimpute,ptpn4,-0.0274498043750297,0.26453607316786726
Breast Visium CID44971,stimpute,ier2,-0.0290197569008831,0.7479802526333588
Breast Visium CID44971,stimpute,derl3,-0.029164768764133,0.17923811580189497
Breast Visium CID44971,stimpute,sh3pxd2b,-0.0362549200433824,0.295821969283362
Breast Visium CID44971,stimpute,bach2,-0.0377646257251134,0.14821684627992848
Breast Visium CID44971,stimpute,plekhf1,-0.0422148489475807,0.2172282307057027
Breast Visium CID44971,stimpute,klf6,-0.0443069428551247,0.7683562725480582
Breast Visium CID44971,stimpute,krt81,-0.0560727046641967,0.16279181540672033
Breast Visium CID44971,stimpute,ephx1,-0.0724097299367772,0.48192632074486197
Breast Visium CID44971,stimpute,hspa1b,-0.0777017837148031,0.5310760700737696
Breast Visium CID44971,stimpute,tmsb4x,0.5700367941880319,0.964948345720208
Breast Visium CID44971,stimpute,hla-dpb1,0.5140748074797918,0.8181075890240825
Breast Visium CID44971,stimpute,lyz,0.4808539488145293,0.6874281297240026
Breast Visium CID44971,stimpute,hla-dqa1,0.4763690047273501,0.7033649704921967
Breast Visium CID44971,stimpute,lum,0.4493640469182217,0.7453648607569331
Breast Visium CID44971,stimpute,s100a4,0.4275749409553062,0.7551210401341985
Breast Visium CID44971,stimpute,fcer1g,0.4199553003068429,0.6269003177889333
Breast Visium CID44971,stimpute,cd68,0.4156619790824931,0.6068769493978918
Breast Visium CID44971,stimpute,hla-dma,0.3715024021148798,0.6563034478526325
Breast Visium CID44971,stimpute,rplp0,0.3696904051300315,0.9882514233540074
Breast Visium CID44971,stimpute,mt1x,0.3591436528442321,0.8369749819890737
Breast Visium CID44971,stimpute,sema3c,0.3571622304092662,0.649800646340351
Breast Visium CID44971,stimpute,fbxo32,0.3485619828506758,0.6997665381932399
Breast Visium CID44971,stimpute,ctsh,0.3484488640281356,0.6955016157107409
Breast Visium CID44971,stimpute,ms4a6a,0.3389118778113008,0.5485810450506633
Breast Visium CID44971,stimpute,lgals9,0.3115079675255797,0.570018728299888
Breast Visium CID44971,stimpute,fgl2,0.3056551226971935,0.511156888215298
Breast Visium CID44971,stimpute,fcgr3a,0.3028068420472108,0.49911089906907924
Breast Visium CID44971,stimpute,cpvl,0.3019822559530504,0.46226011913895265
Breast Visium CID44971,stimpute,mgst1,0.2946357304350163,0.7722521556269205
Breast Visium CID44971,stimpute,cd53,0.2839653274519686,0.5600567532599887
Breast Visium CID44971,stimpute,spi1,0.2774472888566728,0.4748875110108534
Breast Visium CID44971,stimpute,tpd52l1,0.2743783552505845,0.7021629814647382
Breast Visium CID44971,stimpute,olfml3,0.2700372265223149,0.48686994107140674
Breast Visium CID44971,stimpute,loxl1,0.2691854566165727,0.4401241225452002
Breast Visium CID44971,stimpute,mmp2,0.2684117823442568,0.6882564735781249
Breast Visium CID44971,stimpute,lgals3bp,0.2675576283475063,0.7002815458828405
Breast Visium CID44971,stimpute,id3,0.264688332754786,0.5762910191847597
Breast Visium CID44971,stimpute,slamf7,0.2621271688574992,0.41143966447052954
Breast Visium CID44971,stimpute,mt-co3,0.2620383679101254,0.9950650387929681
Breast Visium CID44971,stimpute,cd48,0.2616374212769528,0.5012484940136552
Breast Visium CID44971,stimpute,tpm2,0.2428932424049557,0.7285290628251778
Breast Visium CID44971,stimpute,sh3yl1,0.2401575731458676,0.6412843761500442
Breast Visium CID44971,stimpute,wls,0.236588212350876,0.5202761607614846
Breast Visium CID44971,stimpute,hck,0.2344392588998978,0.36335969941316376
Breast Visium CID44971,stimpute,ptafr,0.2324050723174129,0.330704133293481
Breast Visium CID44971,stimpute,cdh1,0.2322271185361335,0.6687514289537745
Breast Visium CID44971,stimpute,rpl22,0.2289195617101592,0.974773840009036
Breast Visium CID44971,stimpute,ccl5,0.2278743885900271,0.5985368555480995
Breast Visium CID44971,stimpute,pfn2,0.2256462178359546,0.6945114536527555
Breast Visium CID44971,stimpute,atp1b1,0.2253919370073868,0.6390728963306508
Breast Visium CID44971,stimpute,ucp2,0.2239746631816371,0.539973012815668
Breast Visium CID44971,stimpute,npm1,0.2231528364488799,0.8760364182701156
Breast Visium CID44971,stimpute,arhgdia,0.2228570295328691,0.8413476018215195
Breast Visium CID44971,stimpute,csrp1,0.2227485707843269,0.8000452184085494
Breast Visium CID44971,stimpute,lat2,0.2200446208630207,0.36496473979462435
Breast Visium CID44971,stimpute,slc2a3,0.2177811359715162,0.4223642344219503
Breast Visium CID44971,stimpute,arrb2,0.2149410266054869,0.5053686764432938
Breast Visium CID44971,stimpute,ccl4,0.2140897192568971,0.4826496552985935
Breast Visium CID44971,stimpute,pdgfrb,0.2131620100959158,0.5155651416486936
Breast Visium CID44971,stimpute,sash3,0.2104151563742906,0.36330114259952123
Breast Visium CID44971,stimpute,hcls1,0.2071515178555065,0.4989281044277185
Breast Visium CID44971,stimpute,rpl8,0.2043354249574538,0.9888732880623361
Breast Visium CID44971,stimpute,dmkn,0.2042522678077656,0.5345929703043416
Breast Visium CID44971,stimpute,pstpip1,0.2035407874095798,0.39740281021499435
Breast Visium CID44971,stimpute,sparcl1,0.2033242986315565,0.7083540863312197
Breast Visium CID44971,stimpute,lyn,0.2029900287842872,0.4265414691127601
Breast Visium CID44971,stimpute,hla-doa,0.2009750452888106,0.39934079574414977
Breast Visium CID44971,stimpute,gzma,0.2008393263303187,0.4040302287337491
Breast Visium CID44971,stimpute,krt15,0.1996213201993941,0.7050349121023907
Breast Visium CID44971,stimpute,fgd2,0.1979914973407212,0.3338203775599108
Breast Visium CID44971,stimpute,npc2,0.1976240469982339,0.825077744523844
Breast Visium CID44971,stimpute,gmfg,0.1934517085180385,0.4924826852334614
Breast Visium CID44971,stimpute,txnl1,0.1841471845850359,0.7569932589404564
Breast Visium CID44971,stimpute,oaz1,0.1840064213764183,0.9216543794773753
Breast Visium CID44971,stimpute,apobec3g,0.1816768246387319,0.42837125980727253
Breast Visium CID44971,stimpute,pilra,0.18027569567935,0.3184413119918655
Breast Visium CID44971,stimpute,ywhae,0.1777301290479521,0.8596503409835641
Breast Visium CID44971,stimpute,mt-atp8,0.1758527119008714,0.6741624542698382
Breast Visium CID44971,stimpute,cflar,0.1745401282367732,0.6775092371606878
Breast Visium CID44971,stimpute,lyl1,0.173599906034702,0.28507765669142165
Breast Visium CID44971,stimpute,krt8,0.1725314617808846,0.7015714056888485
Breast Visium CID44971,stimpute,ppa1,0.1712379114940928,0.7989391696171819
Breast Visium CID44971,stimpute,dusp1,0.1697757460456571,0.8289959985970351
Breast Visium CID44971,stimpute,rftn1,0.1662834130898743,0.40522055626253695
Breast Visium CID44971,stimpute,rac2,0.1647768262296033,0.5074176263605613
Breast Visium CID44971,stimpute,rpl30,0.1637466084450173,0.9919764978950797
Breast Visium CID44971,stimpute,vwf,0.1631156766601714,0.44674187249435776
Breast Visium CID44971,stimpute,adam12,0.1587964547199163,0.42054435198274914
Breast Visium CID44971,stimpute,itgb7,0.1569394663486446,0.35875370957933705
Breast Visium CID44971,stimpute,cd37,0.1525897840031852,0.4817708738528977
Breast Visium CID44971,stimpute,fam20a,0.1522954380351867,0.3404547077465333
Breast Visium CID44971,stimpute,mrpl51,0.150114624516442,0.8405532968008603
Breast Visium CID44971,stimpute,sla,0.1488674072046264,0.4160930598171376
Breast Visium CID44971,stimpute,aldh2,0.1486657848011605,0.3800453074182155
Breast Visium CID44971,stimpute,phb2,0.1482549359026225,0.8620609295486258
Breast Visium CID44971,stimpute,shroom3,0.1452692569132483,0.40651914751092044
Breast Visium CID44971,stimpute,ikzf1,0.1452034129288543,0.4004437379814951
Breast Visium CID44971,stimpute,trbc1,0.1445985882287696,0.521566940110325
Breast Visium CID44971,stimpute,rps24,0.1419251122607209,0.9734519602339434
Breast Visium CID44971,stimpute,ggt5,0.1411625821205448,0.4989540962384893
Breast Visium CID44971,stimpute,crispld2,0.141036524206399,0.46236574318536483
Breast Visium CID44971,stimpute,h3f3b,0.1399804130267346,0.9474665672916839
Breast Visium CID44971,stimpute,mpc2,0.1396388992792828,0.6946247990445571
Breast Visium CID44971,stimpute,tmem106c,0.1375899341289127,0.6096306391750773
Breast Visium CID44971,stimpute,itm2b,0.1363453868209091,0.9467119026405955
Breast Visium CID44971,stimpute,cd7,0.1352122565398317,0.39737645333462057
Breast Visium CID44971,stimpute,pfdn2,0.1350866698801763,0.7600424558828158
Breast Visium CID44971,stimpute,fkbp4,0.1342962682033973,0.7557986123125829
Breast Visium CID44971,stimpute,cytip,0.1329319554427326,0.39459038637596894
Breast Visium CID44971,stimpute,glt8d2,0.1302403080645512,0.35530023261422833
Breast Visium CID44971,stimpute,msrb3,0.1301640993273674,0.37939257767970935
Breast Visium CID44971,stimpute,sgce,0.129169634413913,0.3716132862405567
Breast Visium CID44971,stimpute,dusp6,0.128815788518152,0.5524018430341366
Breast Visium CID44971,stimpute,atp6v0e1,0.1284599112755417,0.7892775113496531
Breast Visium CID44971,stimpute,mfap2,0.1251025866689916,0.577497846565673
Breast Visium CID44971,stimpute,samd3,0.1249957585507876,0.22248699685870724
Breast Visium CID44971,stimpute,plvap,0.1244842306422621,0.41740440836264364
Breast Visium CID44971,stimpute,dkk3,0.1244181140817819,0.5107973593300894
Breast Visium CID44971,stimpute,prdx4,0.1225261915764562,0.644839824689682
Breast Visium CID44971,stimpute,rpl36a,0.1224920564758567,0.9417636951622025
Breast Visium CID44971,stimpute,mkl2,0.1209902497502747,0.44318386227489404
Breast Visium CID44971,stimpute,laptm4a,0.1193806980421138,0.8547485149996142
Breast Visium CID44971,stimpute,socs1,0.1181729022434773,0.461437919580727
Breast Visium CID44971,stimpute,eif3h,0.1162155506646338,0.8053564235554451
Breast Visium CID44971,stimpute,clec11a,0.1158926024932833,0.4962770280431928
Breast Visium CID44971,stimpute,trem2,0.1151827093964649,0.3738985820545402
Breast Visium CID44971,stimpute,dusp2,0.1149743824592735,0.43969144103007085
Breast Visium CID44971,stimpute,cd27,0.1137165216398189,0.35168749152582535
Breast Visium CID44971,stimpute,lman2,0.1130533656736847,0.6952836584826523
Breast Visium CID44971,stimpute,cd3d,0.1103507166646743,0.4279799020194948
Breast Visium CID44971,stimpute,pdzk1ip1,0.1098745720847969,0.39861185871567384
Breast Visium CID44971,stimpute,tmem204,0.1088442750833193,0.356218770803847
Breast Visium CID44971,stimpute,rps18,0.1069076377204723,0.9891997745882266
Breast Visium CID44971,stimpute,tmem160,0.1036924112698552,0.7116702728220303
Breast Visium CID44971,stimpute,cd160,0.1025984162334608,0.13423050505565925
Breast Visium CID44971,stimpute,impdh2,0.101248042557549,0.7070863369957932
Breast Visium CID44971,stimpute,cd36,0.100418760336455,0.35690962521905784
Breast Visium CID44971,stimpute,cap1,0.09657600804986,0.7694669108872052
Breast Visium CID44971,stimpute,cd3e,0.0958312366849862,0.4191293951152652
Breast Visium CID44971,stimpute,zbp1,0.0927455801037637,0.1942586212298503
Breast Visium CID44971,stimpute,slit3,0.0918857481048749,0.30481442535880177
Breast Visium CID44971,stimpute,hnrnpa0,0.090362445937714,0.7536163026201607
Breast Visium CID44971,stimpute,cd6,0.0896751802388013,0.40719533248044676
Breast Visium CID44971,stimpute,sh2d2a,0.0894961448429045,0.2786169215054087
Breast Visium CID44971,stimpute,ssr4,0.0894089840028058,0.919950898810033
Breast Visium CID44971,stimpute,arhgap18,0.0879395169550083,0.38348060579668924
Breast Visium CID44971,stimpute,rgs19,0.0878143074760378,0.43703070684635326
Breast Visium CID44971,stimpute,p2ry6,0.0853534208459231,0.18979397995471464
Breast Visium CID44971,stimpute,cobl,0.0838322300119631,0.2965911075217717
Breast Visium CID44971,stimpute,hspa1a,0.0814076475803418,0.7736275195631596
Breast Visium CID44971,stimpute,rbm17,0.081226569115561,0.7601074233101505
Breast Visium CID44971,stimpute,tpst1,0.079898081084974,0.27466830331657466
Breast Visium CID44971,stimpute,mnda,0.0796924085403944,0.2292175683398994
Breast Visium CID44971,stimpute,actn4,0.07958384682615,0.8200683289458915
Breast Visium CID44971,stimpute,nrp1,0.077951425905304,0.3877051822049114
Breast Visium CID44971,stimpute,lag3,0.07572340158091,0.32095406630441253
Breast Visium CID44971,stimpute,cd34,0.0756341024559604,0.29707909164307017
Breast Visium CID44971,stimpute,rnase4,0.075374821760974,0.36439041876352696
Breast Visium CID44971,stimpute,clec4a,0.072961470347221,0.19887506836249372
Breast Visium CID44971,stimpute,ptpn22,0.0714287442434756,0.25009488818130793
Breast Visium CID44971,stimpute,tnfaip3,0.067377411367213,0.5057528645540776
Breast Visium CID44971,stimpute,pycard,0.0671386569686467,0.6132333825587777
Breast Visium CID44971,stimpute,prdx1,0.0657482018173016,0.9080763088196078
Breast Visium CID44971,stimpute,mtus1,0.0638808260821133,0.40973393827260757
Breast Visium CID44971,stimpute,ptk2,0.062879251029148,0.5400191913988535
Breast Visium CID44971,stimpute,adgrf5,0.0623147601143189,0.24572801127820149
Breast Visium CID44971,stimpute,fabp4,0.0609724669865489,0.2886805852817278
Breast Visium CID44971,stimpute,arhgap31,0.0605135170670222,0.31161957354168457
Breast Visium CID44971,stimpute,ca12,0.0583873148881795,0.28133705527991515
Breast Visium CID44971,stimpute,ehf,0.057927295498718,0.18646491369247317
Breast Visium CID44971,stimpute,pak1,0.0578433610367796,0.4644410769582336
Breast Visium CID44971,stimpute,ran,0.0573208882803058,0.8536160615307684
Breast Visium CID44971,stimpute,lpp,0.0563200279111082,0.5489985937699702
Breast Visium CID44971,stimpute,plpp3,0.0563114010143926,0.592850349455009
Breast Visium CID44971,stimpute,cd244,0.0553424996255789,0.11692522980988433
Breast Visium CID44971,stimpute,hspa5,0.0536894867517529,0.7731840932135743
Breast Visium CID44971,stimpute,stard10,0.0533745693680514,0.569053534617967
Breast Visium CID44971,stimpute,snx3,0.0527081592347053,0.83291457530089
Breast Visium CID44971,stimpute,tmem208,0.051704369021586,0.5650112468967909
Breast Visium CID44971,stimpute,ebf1,0.0496084359568021,0.24102917176927663
Breast Visium CID44971,stimpute,krtcap2,0.0490913308624845,0.7531667242396691
Breast Visium CID44971,stimpute,ranbp1,0.0490644614175933,0.6737933526022564
Breast Visium CID44971,stimpute,thbd,0.0487930437111119,0.2616672008512246
Breast Visium CID44971,stimpute,tespa1,0.0487410878348824,0.18075622041793385
Breast Visium CID44971,stimpute,cd28,0.0482360709871489,0.17610618237855669
Breast Visium CID44971,stimpute,tnfrsf9,0.0479644846445759,0.15376402500609093
Breast Visium CID44971,stimpute,manf,0.0477924865203734,0.5991315492325435
Breast Visium CID44971,stimpute,uba2,0.04664542869669,0.6201370395113819
Breast Visium CID44971,stimpute,sarm1,0.0420066210369087,0.23851675827038013
Breast Visium CID44971,stimpute,pttg1,0.0403074094354314,0.4533474574867138
Breast Visium CID44971,stimpute,ldlrap1,0.039879949479227,0.34545853563180134
Breast Visium CID44971,stimpute,dut,0.0397766200287996,0.6908243549306792
Breast Visium CID44971,stimpute,derl1,0.0389164097427715,0.5769636541461497
Breast Visium CID44971,stimpute,btnl9,0.0367659235773876,0.22762702367984472
Breast Visium CID44971,stimpute,sec11c,0.0364869350316774,0.6593865505024357
Breast Visium CID44971,stimpute,gzmh,0.0357065129405928,0.18438465111897556
Breast Visium CID44971,stimpute,lsm4,0.0351892008536903,0.7331259503582136
Breast Visium CID44971,stimpute,pdgfrl,0.034748458507149,0.23399673626530673
Breast Visium CID44971,stimpute,filip1l,0.0343849913849444,0.30779151656403775
Breast Visium CID44971,stimpute,jam2,0.0324703509169639,0.28394302466755705
Breast Visium CID44971,stimpute,aqp1,0.0321316276429331,0.49756430638816806
Breast Visium CID44971,stimpute,cav2,0.0318566287370631,0.5479858291758749
Breast Visium CID44971,stimpute,egflam,0.0308881972138697,0.21334579920162716
Breast Visium CID44971,stimpute,tmc4,0.0303852972682866,0.30436926797078334
Breast Visium CID44971,stimpute,cd22,0.0303721257653341,0.1258153872881226
Breast Visium CID44971,stimpute,igfbp2,0.0300624766316294,0.5173439358263485
Breast Visium CID44971,stimpute,icos,0.0294544049740165,0.19337149911748397
Breast Visium CID44971,stimpute,stard3nl,0.0291313901884688,0.36566547343358924
Breast Visium CID44971,stimpute,ubc,0.0274518111334921,0.9451845036284962
Breast Visium CID44971,stimpute,zg16b,0.0270334453336265,0.25553572578649514
Breast Visium CID44971,stimpute,lilra4,0.0263901566694174,0.10451557733758844
Breast Visium CID44971,stimpute,trdc,0.0260888932308358,0.11303100761450117
Breast Visium CID44971,stimpute,igfbp4,0.0249995107910502,0.8485540192017293
Breast Visium CID44971,stimpute,comt,0.024752398374037,0.6430086757279748
Breast Visium CID44971,stimpute,apold1,0.0234841717141849,0.3720370852123709
Breast Visium CID44971,stimpute,gja4,0.0229913183358225,0.20966578194722973
Breast Visium CID44971,stimpute,h2afj,0.0225509782565118,0.6763587481418865
Breast Visium CID44971,stimpute,palmd,0.0223473052932338,0.29396007196904694
Breast Visium CID44971,stimpute,sox17,0.0221631000387918,0.12162159991723259
Breast Visium CID44971,stimpute,ankrd29,0.0220416366928432,0.1985479255062287
Breast Visium CID44971,stimpute,chst12,0.0199004660074986,0.32025771610554965
Breast Visium CID44971,stimpute,pced1b,0.0192668403767207,0.26844783859055976
Breast Visium CID44971,stimpute,mmp25-as1,0.018741146046671,0.2498980217049208
Breast Visium CID44971,stimpute,blnk,0.0178635362380645,0.25746717871251845
Breast Visium CID44971,stimpute,eid1,0.0175312997689548,0.6556863792034257
Breast Visium CID44971,stimpute,ankrd28,0.0173922807962705,0.43303098869301654
Breast Visium CID44971,stimpute,txndc11,0.0168375660931972,0.4217476698974515
Breast Visium CID44971,stimpute,tmem154,0.0166858887735625,0.17496326945305674
Breast Visium CID44971,stimpute,ddx39a,0.0166225445850033,0.583425421607198
Breast Visium CID44971,stimpute,arl15,0.0130691045264915,0.20572931968744038
Breast Visium CID44971,stimpute,ncr3,0.0115107264610624,0.0671320180644273
Breast Visium CID44971,stimpute,fam96a,0.0100944482941782,0.4626235294539044
Breast Visium CID44971,stimpute,hprt1,0.0095290466032675,0.46652399838488234
Breast Visium CID44971,stimpute,slc9a3r1,0.009443991004483,0.6877046107673976
Breast Visium CID44971,stimpute,cenpk,0.008728725921705,0.20438935118088952
Breast Visium CID44971,stimpute,abracl,0.0083561133502325,0.7425490106691209
Breast Visium CID44971,stimpute,rasl11a,0.007745174181968,0.06511785473507578
Breast Visium CID44971,stimpute,trat1,0.0073719854739249,0.13992829076227908
Breast Visium CID44971,stimpute,hsd17b8,0.0062914601929761,0.25636529483350196
Breast Visium CID44971,stimpute,ccna2,0.0044453882327744,0.2778328924492815
Breast Visium CID44971,stimpute,tnfsf14,0.0041646535158348,0.09819677713855236
Breast Visium CID44971,stimpute,lmnb1,0.0036814321152399,0.28257381008549703
Breast Visium CID44971,stimpute,b3gnt7,0.0036407348658768,0.13658206029376538
Breast Visium CID44971,stimpute,myct1,0.0026754153314874,0.11105050592066579
Breast Visium CID44971,stimpute,cdk1,-0.0007504977315074,0.3356410430779911
Breast Visium CID44971,stimpute,st6galnac3,-0.0010938673139255,0.07658477657894219
Breast Visium CID44971,stimpute,vmp1,-0.002509229070763,0.8020718540165632
Breast Visium CID44971,stimpute,rfc3,-0.0035274199770324,0.24657267773948113
Breast Visium CID44971,stimpute,gpx3,-0.0035326392833146,0.3022435683289196
Breast Visium CID44971,stimpute,ctsf,-0.0038986429319655,0.46238959038039845
Breast Visium CID44971,stimpute,tnfsf8,-0.0056575520318741,0.06299296978604539
Breast Visium CID44971,stimpute,yeats4,-0.0059667729172145,0.3301782337067655
Breast Visium CID44971,stimpute,ehd4,-0.0079667794390569,0.4524290117609641
Breast Visium CID44971,stimpute,uba52,-0.0088073389015267,0.9776761992435029
Breast Visium CID44971,stimpute,prc1,-0.0089486160140447,0.25429104904780697
Breast Visium CID44971,stimpute,eif3l,-0.00982896285688,0.8063787241995265
Breast Visium CID44971,stimpute,pgf,-0.0099395738145603,0.2570114038087491
Breast Visium CID44971,stimpute,ccr6,-0.0101675092233387,0.12292749970511814
Breast Visium CID44971,stimpute,ube2j1,-0.0115814633739682,0.49372940211415695
Breast Visium CID44971,stimpute,wfdc1,-0.0120283935821184,0.049597909105622756
Breast Visium CID44971,stimpute,ldlrad4,-0.0142293607394966,0.3781063990291183
Breast Visium CID44971,stimpute,cdc37,-0.0146684144881517,0.7303946043692382
Breast Visium CID44971,stimpute,nostrin,-0.0155836665162405,0.17502526577987407
Breast Visium CID44971,stimpute,ttll10,-0.0158312702383997,0.05330337497687515
Breast Visium CID44971,stimpute,mall,-0.0159540198397108,0.19252716374794213
Breast Visium CID44971,stimpute,hpgd,-0.016596909021613,0.21015187139364255
Breast Visium CID44971,stimpute,epb41l4a,-0.0167756623273288,0.13489021451995903
Breast Visium CID44971,stimpute,gjc1,-0.0175423414213256,0.15746427909689745
Breast Visium CID44971,stimpute,spry1,-0.0190821143398719,0.40989837700348314
Breast Visium CID44971,stimpute,clspn,-0.019793951086294,0.07454586318675864
Breast Visium CID44971,stimpute,atg3,-0.0204663395030225,0.5426695754927121
Breast Visium CID44971,stimpute,rps14,-0.0217561773154325,0.9750822648870862
Breast Visium CID44971,stimpute,cep112,-0.0218892319485157,0.09047158973195182
Breast Visium CID44971,stimpute,pbxip1,-0.0261421861100456,0.5902067303525531
Breast Visium CID44971,stimpute,moxd1,-0.0267039521153038,0.15564943113626298
Breast Visium CID44971,stimpute,batf,-0.0313612827834585,0.34893667924182215
Breast Visium CID44971,stimpute,erp29,-0.0322463271971395,0.7442209792811264
Breast Visium CID44971,stimpute,rps27,-0.0349595419948344,0.9904171634553587
Breast Visium CID44971,stimpute,slfn12l,-0.0357230696523024,0.06438721466807547
Breast Visium CID44971,stimpute,mcm3,-0.0357424916103728,0.4919359068167092
Breast Visium CID44971,stimpute,sytl3,-0.0367589479692379,0.16695554398483833
Breast Visium CID44971,stimpute,sae1,-0.03759820209238,0.4896948482384234
Breast Visium CID44971,stimpute,pbx4,-0.0407201989889433,0.12928331957509
Breast Visium CID44971,stimpute,fam167b,-0.0410298196382701,0.11962717414425174
Breast Visium CID44971,stimpute,prdx6,-0.041056725892146,0.8181420923196943
Breast Visium CID44971,stimpute,zwint,-0.0426775122512308,0.2821586378145271
Breast Visium CID44971,stimpute,olfm1,-0.0431123019477407,0.15342211650874138
Breast Visium CID44971,stimpute,sorbs3,-0.0435476847101344,0.4931215311622855
Breast Visium CID44971,stimpute,cd59,-0.0446494974170096,0.7744152751893817
Breast Visium CID44971,stimpute,ldb2,-0.046842703690499,0.15472658897575034
Breast Visium CID44971,stimpute,ppp1r15a,-0.0471749088956716,0.45830613230138106
Breast Visium CID44971,stimpute,stag3,-0.0477139418123703,0.09858103333268142
Breast Visium CID44971,stimpute,krt5,-0.0505685159955454,0.646638066287295
Breast Visium CID44971,stimpute,ncaph,-0.0525169040182954,0.1512983400014439
Breast Visium CID44971,stimpute,edn1,-0.0537100920551702,0.17081580958715062
Breast Visium CID44971,stimpute,dad1,-0.0555093372976821,0.688143329071468
Breast Visium CID44971,stimpute,saraf,-0.0703986310351113,0.7445241521566036
Breast Visium CID44971,stimpute,crip2,-0.0759910732588411,0.5821984580877928
Breast Visium CID44971,stimpute,kcnj8,-0.0815635602154989,0.13207478366529082
Breast Visium CID44971,stimpute,s100a16,-0.0903056338133799,0.5681606321774599
Breast Visium CID44971,stimpute,btg2,-0.0989724439294746,0.505221740674932
Breast Visium CID44971,stimpute,col4a2,-0.1013315906268035,0.6836115972843106
Breast Visium CID44971,stimpute,junb,-0.1383925536034701,0.7136023490143065
Breast Visium CID44971,stimpute,atf3,-0.148302263201308,0.4326413129959027
Breast Visium CID44971,stimpute,stmn1,0.6430063888272898,0.8936992936823281
Breast Visium CID44971,stimpute,laptm5,0.6252581681652326,0.8421119874573343
Breast Visium CID44971,stimpute,myh11,0.5916056340149903,0.713166129860504
Breast Visium CID44971,stimpute,itgb2,0.5909257420898787,0.7850536292571505
Breast Visium CID44971,stimpute,hla-c,0.5858814308084889,0.9446572544462831
Breast Visium CID44971,stimpute,hla-drb1,0.545821055464786,0.8381798033182241
Breast Visium CID44971,stimpute,strap,0.5458177337927753,0.8443849959019974
Breast Visium CID44971,stimpute,rpl13,0.5289116722318391,0.99508507828159
Breast Visium CID44971,stimpute,h3f3a,0.5181702726458011,0.9735101196983154
Breast Visium CID44971,stimpute,sh3bgrl3,0.5003630246950851,0.9086014069888636
Breast Visium CID44971,stimpute,acta2,0.4978350959877343,0.7939016767102666
Breast Visium CID44971,stimpute,dcdc2,0.4915040206420791,0.5518643381185271
Breast Visium CID44971,stimpute,agr3,0.4910346580278743,0.5908020781268944
Breast Visium CID44971,stimpute,rpl10a,0.4858907811410189,0.9684828207976245
Breast Visium CID44971,stimpute,oxtr,0.4843149650626119,0.6152157501218114
Breast Visium CID44971,stimpute,tyrobp,0.4819824243659702,0.7301609231719226
Breast Visium CID44971,stimpute,tbx3,0.4711232670731868,0.5918281295316873
Breast Visium CID44971,stimpute,pigr,0.4699075860001338,0.5726264310809231
Breast Visium CID44971,stimpute,cd52,0.4670488700206763,0.7052364281833975
Breast Visium CID44971,stimpute,psmb9,0.4618756919552215,0.7249180276885893
Breast Visium CID44971,stimpute,tuba1b,0.4554900371023818,0.9338697803550243
Breast Visium CID44971,stimpute,areg,0.4533855958341086,0.6018529754655332
Breast Visium CID44971,stimpute,lsp1,0.4413647462089691,0.6906957146087914
Breast Visium CID44971,stimpute,s100a1,0.4315945456692588,0.506851943876654
Breast Visium CID44971,stimpute,rheb,0.4287600184598633,0.8252026708268683
Breast Visium CID44971,stimpute,aldh7a1,0.4221854616352009,0.6656914512852619
Breast Visium CID44971,stimpute,rps21,0.4217641554544418,0.9853488035818089
Breast Visium CID44971,stimpute,mlf2,0.399350876511254,0.8262098587054828
Breast Visium CID44971,stimpute,csta,0.3982924600449447,0.6538340575357313
Breast Visium CID44971,stimpute,arpc1a,0.3930301653171247,0.7814019259408913
Breast Visium CID44971,stimpute,errfi1,0.3706417030191924,0.6827977855699201
Breast Visium CID44971,stimpute,pebp1,0.3615067145191073,0.870387927802175
Breast Visium CID44971,stimpute,nkg7,0.3551828961736655,0.5449920685556149
Breast Visium CID44971,stimpute,maged2,0.3533513266650708,0.7767997033638218
Breast Visium CID44971,stimpute,cst3,0.3493728050761192,0.8246143361680106
Breast Visium CID44971,stimpute,jtb,0.3458990722985008,0.8646646568732735
Breast Visium CID44971,stimpute,sumo1,0.3438749309704618,0.7620430873427556
Breast Visium CID44971,stimpute,rps8,0.3437641923823438,0.9884184450721114
Breast Visium CID44971,stimpute,rpl6,0.3432354737609664,0.9660641558148766
Breast Visium CID44971,stimpute,csf1r,0.3409404722112415,0.5423872286486177
Breast Visium CID44971,stimpute,mpeg1,0.3403013564443605,0.5236783350465433
Breast Visium CID44971,stimpute,camta1,0.3393926567800228,0.7575472504022944
Breast Visium CID44971,stimpute,malat1,0.3386967199198811,0.9457504826838815
Breast Visium CID44971,stimpute,rps9,0.3382042934679962,0.9788198574692356
Breast Visium CID44971,stimpute,ssu72,0.3327700815164895,0.8126976992993636
Breast Visium CID44971,stimpute,rps19,0.3314750383016343,0.9947763100941028
Breast Visium CID44971,stimpute,snrpc,0.3176032814303492,0.7645295851934243
Breast Visium CID44971,stimpute,neat1,0.3171982524251698,0.8503247467614258
Breast Visium CID44971,stimpute,tbc1d9,0.312587051752469,0.5349939024876353
Breast Visium CID44971,stimpute,ndufs5,0.3118264822729509,0.8865444324074455
Breast Visium CID44971,stimpute,sec61b,0.3114726455355202,0.8593012901212957
Breast Visium CID44971,stimpute,bgn,0.3098748298951059,0.6462444409086259
Breast Visium CID44971,stimpute,psmb8,0.3090068442896322,0.6725221012332592
Breast Visium CID44971,stimpute,rpl36,0.3087315861761766,0.9854076399405963
Breast Visium CID44971,stimpute,spdef,0.306508201687191,0.5661608507633705
Breast Visium CID44971,stimpute,pcbp2,0.3054079507365186,0.9353529486658037
Breast Visium CID44971,stimpute,pdgfa,0.2929699084253098,0.5118938960837492
Breast Visium CID44971,stimpute,eif3d,0.2928049773084037,0.6964306359563688
Breast Visium CID44971,stimpute,cd83,0.29140770247435,0.49747506847240186
Breast Visium CID44971,stimpute,mrps21,0.2892414607212727,0.8318200530852704
Breast Visium CID44971,stimpute,spock2,0.2862349356426593,0.560169685619613
Breast Visium CID44971,stimpute,actn1,0.2845668411735367,0.7147330655248675
Breast Visium CID44971,stimpute,cmas,0.2844494527359513,0.620493219244965
Breast Visium CID44971,stimpute,ndufb4,0.2835773329981436,0.8375582918771507
Breast Visium CID44971,stimpute,calm3,0.2809564959222207,0.7873116196061013
Breast Visium CID44971,stimpute,cd4,0.2733557892296664,0.5217359124485784
Breast Visium CID44971,stimpute,anxa1,0.2726937407808488,0.7367368735054226
Breast Visium CID44971,stimpute,lgals3,0.2695195662393197,0.765697547973773
Breast Visium CID44971,stimpute,arpc3,0.2690156691163961,0.8516970563241936
Breast Visium CID44971,stimpute,pkm,0.2667884495965342,0.8254378290185201
Breast Visium CID44971,stimpute,lilrb4,0.2586444952361801,0.4235493335185314
Breast Visium CID44971,stimpute,rpsa,0.2578087968901719,0.9748286209668444
Breast Visium CID44971,stimpute,cxcl13,0.2570057942250789,0.42395566830121156
Breast Visium CID44971,stimpute,jaml,0.2563995489006687,0.41743334242763674
Breast Visium CID44971,stimpute,nhp2,0.2513566577747802,0.7804586502729091
Breast Visium CID44971,stimpute,ly86,0.2511833924397741,0.3847560469571277
Breast Visium CID44971,stimpute,prf1,0.2489320921320158,0.3913559043432162
Breast Visium CID44971,stimpute,mt1e,0.2488265474610337,0.758132694356096
Breast Visium CID44971,stimpute,isg20,0.2404313809647077,0.5451933549849413
Breast Visium CID44971,stimpute,dynlrb1,0.2380441161899465,0.8097874618917514
Breast Visium CID44971,stimpute,dcn,0.235847554544221,0.5628838998126946
Breast Visium CID44971,stimpute,nexn,0.2333765146635903,0.38134969648276956
Breast Visium CID44971,stimpute,scpep1,0.2329732000142191,0.6681870910180921
Breast Visium CID44971,stimpute,sec61g,0.2322926095284022,0.8025539461041881
Breast Visium CID44971,stimpute,fstl1,0.2314453212716391,0.5797047976773525
Breast Visium CID44971,stimpute,mad2l1,0.2304720935235654,0.47655343813720585
Breast Visium CID44971,stimpute,spcs1,0.229339579571209,0.7898301737966957
Breast Visium CID44971,stimpute,snx10,0.2274783417050181,0.40023425447535704
Breast Visium CID44971,stimpute,pcna,0.2257481207984433,0.6786392273757353
Breast Visium CID44971,stimpute,tcea1,0.224142011361518,0.6756383615949749
Breast Visium CID44971,stimpute,c3ar1,0.2214248282120537,0.39189562516317533
Breast Visium CID44971,stimpute,hspb1,0.2201677610709361,0.8757366034372589
Breast Visium CID44971,stimpute,klf2,0.2185621083472472,0.6076343853898768
Breast Visium CID44971,stimpute,hebp1,0.215551503856048,0.6275151259043331
Breast Visium CID44971,stimpute,csnk1a1,0.2145744700915735,0.7477657337989598
Breast Visium CID44971,stimpute,adgre5,0.2120748452386518,0.4808745001665678
Breast Visium CID44971,stimpute,eng,0.2116732182530181,0.5780773837706439
Breast Visium CID44971,stimpute,cd86,0.2111196618335455,0.34123796728404776
Breast Visium CID44971,stimpute,prnp,0.2067453324868074,0.6621076110550067
Breast Visium CID44971,stimpute,fpr1,0.2060419681819733,0.2976193825839827
Breast Visium CID44971,stimpute,ncf4,0.2060189273904147,0.3562497358034682
Breast Visium CID44971,stimpute,cnn3,0.2045876724862829,0.5707966063839703
Breast Visium CID44971,stimpute,traf3ip3,0.2023543928020638,0.4514204067745179
Breast Visium CID44971,stimpute,cnpy3,0.1990332592964001,0.6209998912670802
Breast Visium CID44971,stimpute,polr2i,0.1973180678040339,0.7357284827731472
Breast Visium CID44971,stimpute,gzmb,0.1954337941235242,0.35741196887415727
Breast Visium CID44971,stimpute,cd8b,0.1945328384760935,0.34484925401999056
Breast Visium CID44971,stimpute,il2rb,0.1931956100510857,0.3727238723850088
Breast Visium CID44971,stimpute,ncf1,0.192479855724113,0.4769187071598364
Breast Visium CID44971,stimpute,coa3,0.1913022763630614,0.652671628859304
Breast Visium CID44971,stimpute,adam15,0.1907850276361829,0.6778263813844546
Breast Visium CID44971,stimpute,dsp,0.1906686384881686,0.6931271956862659
Breast Visium CID44971,stimpute,znf385a,0.1890925907636214,0.40063627935221025
Breast Visium CID44971,stimpute,glipr1,0.1843228313033764,0.4934588555978672
Breast Visium CID44971,stimpute,rps2,0.1840222518860035,0.9848384908900444
Breast Visium CID44971,stimpute,lifr,0.1817672701807965,0.4000166108594966
Breast Visium CID44971,stimpute,dnajc9,0.1811434471943512,0.5132886965511299
Breast Visium CID44971,stimpute,was,0.1800754062416053,0.36520409532712667
Breast Visium CID44971,stimpute,podn,0.1762670653880385,0.34374682136896045
Breast Visium CID44971,stimpute,ehd2,0.1731843057809596,0.49002761128928674
Breast Visium CID44971,stimpute,perp,0.1698939881062031,0.7292895917937673
Breast Visium CID44971,stimpute,raly,0.1690996309345401,0.7419324668110419
Breast Visium CID44971,stimpute,jak1,0.1664248281607087,0.6805174147987046
Breast Visium CID44971,stimpute,gng11,0.1655491816193552,0.3632355344559175
Breast Visium CID44971,stimpute,fam210b,0.1654234120545291,0.6479510954807303
Breast Visium CID44971,stimpute,tnfrsf4,0.163768233342786,0.3780110802561382
Breast Visium CID44971,stimpute,pdcd1,0.1620069593835663,0.2851693272491574
Breast Visium CID44971,stimpute,snx2,0.1618346030066395,0.44124874667909314
Breast Visium CID44971,stimpute,ptpre,0.1597306393974081,0.3714387789187726
Breast Visium CID44971,stimpute,itm2c,0.1580388967704598,0.5076599604897583
Breast Visium CID44971,stimpute,emcn,0.1580182950724197,0.3088321025989707
Breast Visium CID44971,stimpute,col6a1,0.1556789967532962,0.5965724964534495
Breast Visium CID44971,stimpute,pld4,0.1511143696700007,0.32539788730985664
Breast Visium CID44971,stimpute,cyyr1,0.1509441784148738,0.37580595928333194
Breast Visium CID44971,stimpute,cldn4,0.1505017324117031,0.6896260281996438
Breast Visium CID44971,stimpute,ltb,0.1488765162785219,0.48426987718881
Breast Visium CID44971,stimpute,elf3,0.1487420796891084,0.603945633195727
Breast Visium CID44971,stimpute,mob1a,0.148368733086641,0.7027266884565263
Breast Visium CID44971,stimpute,ddx5,0.146997191962622,0.8959996701765907
Breast Visium CID44971,stimpute,zeb2,0.1465217713872986,0.4005511531019722
Breast Visium CID44971,stimpute,emp2,0.1444648499887263,0.5479002295287
Breast Visium CID44971,stimpute,spcs2,0.1416274432005826,0.7294978308935237
Breast Visium CID44971,stimpute,adamts1,0.1395209119557863,0.4823365199241488
Breast Visium CID44971,stimpute,ptp4a3,0.1355384797356796,0.3514530356324873
Breast Visium CID44971,stimpute,pcolce,0.1352115432579364,0.4598464458088193
Breast Visium CID44971,stimpute,psmc3,0.1318497208559897,0.6713991733659145
Breast Visium CID44971,stimpute,sept11,0.1314239144025883,0.5664517635017665
Breast Visium CID44971,stimpute,fbln2,0.1298237783353723,0.3961661434576407
Breast Visium CID44971,stimpute,ddit4,0.1234358358854754,0.7340825230378281
Breast Visium CID44971,stimpute,mki67,0.1218693182496344,0.34211430553164385
Breast Visium CID44971,stimpute,fxyd1,0.1200054426798475,0.26193527765415836
Breast Visium CID44971,stimpute,a2m,0.118568393087157,0.7074838593430389
Breast Visium CID44971,stimpute,esam,0.1175664663302852,0.27802913937809487
Breast Visium CID44971,stimpute,sla2,0.117464011447624,0.23045553435821922
Breast Visium CID44971,stimpute,hvcn1,0.1170886206496096,0.33168041740152165
Breast Visium CID44971,stimpute,mthfd2,0.1170231516168542,0.5319669852928525
Breast Visium CID44971,stimpute,apmap,0.1158272005877396,0.6453489788038502
Breast Visium CID44971,stimpute,msh2,0.1148781034305114,0.44943720896725037
Breast Visium CID44971,stimpute,kifc1,0.1142334186938912,0.3058411855181629
Breast Visium CID44971,stimpute,nfic,0.1126101713983889,0.595192696788591
Breast Visium CID44971,stimpute,pim2,0.1121192919086762,0.35725594066810346
Breast Visium CID44971,stimpute,ncbp1,0.110251355934,0.436664896107324
Breast Visium CID44971,stimpute,hsh2d,0.1098956061303274,0.2665544921512671
Breast Visium CID44971,stimpute,srpx,0.1092955915916223,0.2925992742949931
Breast Visium CID44971,stimpute,cracr2b,0.1092363663319358,0.5795379742841713
Breast Visium CID44971,stimpute,csrnp1,0.1088383155600596,0.4351185947927328
Breast Visium CID44971,stimpute,nudt1,0.1084100192935943,0.42028398439871767
Breast Visium CID44971,stimpute,cd38,0.108368257530727,0.2611133596937734
Breast Visium CID44971,stimpute,mt1m,0.1061959659222871,0.3437964126438018
Breast Visium CID44971,stimpute,prrx1,0.1057094592452583,0.4083675904871645
Breast Visium CID44971,stimpute,fcgrt,0.1036262220261025,0.6174315058440898
Breast Visium CID44971,stimpute,rps6ka4,0.1033629539175196,0.39338129270312033
Breast Visium CID44971,stimpute,krt14,0.1025237840934998,0.4925763900683001
Breast Visium CID44971,stimpute,tns1,0.1024992984955069,0.4340377477727278
Breast Visium CID44971,stimpute,itga6,0.1010095581391529,0.5044905210240391
Breast Visium CID44971,stimpute,meox2,0.1007824558853476,0.2072399972319209
Breast Visium CID44971,stimpute,s1pr5,0.1004645483607399,0.14475475672057683
Breast Visium CID44971,stimpute,gldn,0.0987793754872303,0.14733869659679022
Breast Visium CID44971,stimpute,tox,0.0984748512480962,0.2483920687237898
Breast Visium CID44971,stimpute,st6gal1,0.0977676617024456,0.38316043539563266
Breast Visium CID44971,stimpute,znf683,0.0972416101252842,0.21765364777266744
Breast Visium CID44971,stimpute,snhg18,0.096709309868867,0.21959663818567934
Breast Visium CID44971,stimpute,mxra5,0.0941228802951724,0.44818974558817487
Breast Visium CID44971,stimpute,sspn,0.0936043613112132,0.3810785552277571
Breast Visium CID44971,stimpute,txndc15,0.0900356727547338,0.41378451454738674
Breast Visium CID44971,stimpute,p4hb,0.0890088602232122,0.8981487451739245
Breast Visium CID44971,stimpute,tm4sf18,0.085279768286739,0.3509104057504536
Breast Visium CID44971,stimpute,rarres2,0.0841421704726686,0.4141576160954647
Breast Visium CID44971,stimpute,sertad1,0.0840528224015808,0.3975022915673055
Breast Visium CID44971,stimpute,mafb,0.0834809632500795,0.5601915947229374
Breast Visium CID44971,stimpute,cxcl12,0.0827938348873046,0.4298334705653169
Breast Visium CID44971,stimpute,tmem176b,0.0820166041255141,0.43302056593886445
Breast Visium CID44971,stimpute,scimp,0.0818196211411826,0.18521129699989936
Breast Visium CID44971,stimpute,lpar5,0.0816470732871812,0.21482276659278648
Breast Visium CID44971,stimpute,psmb10,0.0774890427262288,0.3650509604619074
Breast Visium CID44971,stimpute,ptprb,0.0764315864496894,0.19208062003629997
Breast Visium CID44971,stimpute,znf608,0.074109226418722,0.21647737569110945
Breast Visium CID44971,stimpute,sdc4,0.0732496786372053,0.6693910208405872
Breast Visium CID44971,stimpute,pmp22,0.0731112493763058,0.47650482623907214
Breast Visium CID44971,stimpute,pea15,0.0728801508946693,0.6599078850569545
Breast Visium CID44971,stimpute,btla,0.071541536737569,0.14107978357631581
Breast Visium CID44971,stimpute,sp140,0.0705936579997624,0.19872299113242783
Breast Visium CID44971,stimpute,il7r,0.0666410011303746,0.4535169217557947
Breast Visium CID44971,stimpute,slamf1,0.0649753857917511,0.19696918330769286
Breast Visium CID44971,stimpute,adam28,0.0648559639411037,0.22302546445316118
Breast Visium CID44971,stimpute,rcn3,0.0633078443642017,0.3195813710054765
Breast Visium CID44971,stimpute,mcm5,0.0632456737415444,0.39270325777156845
Breast Visium CID44971,stimpute,cald1,0.0628926757834006,0.6937882838342955
Breast Visium CID44971,stimpute,tnfrsf18,0.0621589066964884,0.22096393502148276
Breast Visium CID44971,stimpute,itgae,0.0603281680952953,0.4500388475806413
Breast Visium CID44971,stimpute,kctd12,0.0593892697033057,0.47543944914566777
Breast Visium CID44971,stimpute,maff,0.0592946932434468,0.30418155909115435
Breast Visium CID44971,stimpute,klrb1,0.0585898143253138,0.27176419405659524
Breast Visium CID44971,stimpute,tnfrsf10d,0.0557563156367466,0.14254270966842264
Breast Visium CID44971,stimpute,brd2,0.0555052856728963,0.6447421325181425
Breast Visium CID44971,stimpute,cdh11,0.0530382035662978,0.33444304556698445
Breast Visium CID44971,stimpute,tnfaip8,0.0525769131207568,0.3055384891578857
Breast Visium CID44971,stimpute,atp1b2,0.0523259456305097,0.12113304103341592
Breast Visium CID44971,stimpute,phf19,0.0505631481200263,0.28078145001088
Breast Visium CID44971,stimpute,mef2a,0.0474293942757811,0.41691169757860946
Breast Visium CID44971,stimpute,mir99ahg,0.0466787893095812,0.25079080404622695
Breast Visium CID44971,stimpute,flnb,0.046597125548204,0.6565813356370553
Breast Visium CID44971,stimpute,ckap2l,0.0451588169116231,0.15845930459917923
Breast Visium CID44971,stimpute,sp2,0.0448581958276369,0.3033234505056732
Breast Visium CID44971,stimpute,carhsp1,0.0443626757343287,0.5320749572278497
Breast Visium CID44971,stimpute,picalm,0.043974693826138,0.5586520337496381
Breast Visium CID44971,stimpute,pde3b,0.0416740530685008,0.19172882135533612
Breast Visium CID44971,stimpute,p2ry10,0.0389583110228858,0.12009457141354814
Breast Visium CID44971,stimpute,adcy4,0.0370990890837448,0.17079772493828452
Breast Visium CID44971,stimpute,srprb,0.036705375159932,0.5254344473311174
Breast Visium CID44971,stimpute,mbp,0.0362623919933624,0.3248535306894699
Breast Visium CID44971,stimpute,napsa,0.032926044841881,0.09612665202202388
Breast Visium CID44971,stimpute,plxdc1,0.0324783169979519,0.3048368304673417
Breast Visium CID44971,stimpute,tfeb,0.0323668004420624,0.27234753695106606
Breast Visium CID44971,stimpute,sept7,0.0309856328994042,0.6599477514723053
Breast Visium CID44971,stimpute,fam162b,0.0305749726215564,0.08725412609318756
Breast Visium CID44971,stimpute,tnip3,0.0292700270595679,0.09123066505688117
Breast Visium CID44971,stimpute,sdc1,0.0269280236522426,0.6288263225407674
Breast Visium CID44971,stimpute,ugcg,0.0268365591648671,0.5199647946446834
Breast Visium CID44971,stimpute,cx3cr1,0.0260294067296993,0.18633762441202645
Breast Visium CID44971,stimpute,bcas4,0.0192891552575678,0.24645720903270701
Breast Visium CID44971,stimpute,cd248,0.0187642379513979,0.2620517146919979
Breast Visium CID44971,stimpute,fcrl6,0.0186265462346858,0.09665010119708986
Breast Visium CID44971,stimpute,aim2,0.0169305788634052,0.09514476254585202
Breast Visium CID44971,stimpute,clic3,0.0150118955430093,0.32479098769776865
Breast Visium CID44971,stimpute,tmem255b,0.0139916464281491,0.13874271456892417
Breast Visium CID44971,stimpute,tfpi,0.0136649120029938,0.3622789729907412
Breast Visium CID44971,stimpute,fam129c,0.0126841248556364,0.08162455313490781
Breast Visium CID44971,stimpute,cramp1,0.0111855890647442,0.2776553406989103
Breast Visium CID44971,stimpute,ssh2,0.0108017761063278,0.31069836049412086
Breast Visium CID44971,stimpute,cd79a,0.0101798938843487,0.28959498311883247
Breast Visium CID44971,stimpute,plcg2,0.009783124019514,0.4828445143312731
Breast Visium CID44971,stimpute,spag4,0.0092196991491586,0.09840300873061905
Breast Visium CID44971,stimpute,adrb2,0.008011040581344,0.09850478124288974
Breast Visium CID44971,stimpute,ccr7,0.0071617033928544,0.2656922948826142
Breast Visium CID44971,stimpute,plagl1,0.0071553922575121,0.3541329492658982
Breast Visium CID44971,stimpute,dnajc3,0.0062885263868199,0.444709973944974
Breast Visium CID44971,stimpute,ltbp4,0.0041760510619279,0.3881719635798666
Breast Visium CID44971,stimpute,rab32,0.0014781702229981,0.41332872790327096
Breast Visium CID44971,stimpute,zc3h12a,0.000621389861231,0.22588588085784367
Breast Visium CID44971,stimpute,bank1,-0.0009636886037091,0.08738714949767394
Breast Visium CID44971,stimpute,tnmd,-0.0030770711704319,0.04803794665252167
Breast Visium CID44971,stimpute,hey1,-0.0055512161008796,0.25326333328152
Breast Visium CID44971,stimpute,kir3dl2,-0.0056380304691931,0.016016686193465406
Breast Visium CID44971,stimpute,tbx2,-0.0071912440974598,0.17172624513319468
Breast Visium CID44971,stimpute,pxk,-0.0086206400911125,0.22436236246675442
Breast Visium CID44971,stimpute,rps11,-0.0114504130983355,0.9678951007200531
Breast Visium CID44971,stimpute,kir2dl4,-0.0135700740140031,0.024772297756620702
Breast Visium CID44971,stimpute,higd1b,-0.0143115131661738,0.11414646043507215
Breast Visium CID44971,stimpute,podxl,-0.0161273812630967,0.48549083278210814
Breast Visium CID44971,stimpute,igll5,-0.0175588989501597,0.09368367577782508
Breast Visium CID44971,stimpute,fcrl5,-0.0189483641789953,0.10924537114550742
Breast Visium CID44971,stimpute,dnase1l3,-0.0209185536424505,0.06784823287236431
Breast Visium CID44971,stimpute,lgi4,-0.0229518034658149,0.09830800198371954
Breast Visium CID44971,stimpute,fxyd7,-0.026215078603679,0.04496540338783692
Breast Visium CID44971,stimpute,abcc9,-0.0271253839354034,0.0477943692456775
Breast Visium CID44971,stimpute,hnrnpa1l2,-0.0277989598317983,0.1536695630620901
Breast Visium CID44971,stimpute,blk,-0.0278209130332211,0.06561523569403781
Breast Visium CID44971,stimpute,tnfsf11,-0.0283776969936061,0.10370080748527791
Breast Visium CID44971,stimpute,tspan3,-0.0293812459471362,0.598467979284773
Breast Visium CID44971,stimpute,ndrg1,-0.0314951442318801,0.5225211042224465
Breast Visium CID44971,stimpute,sept4,-0.0327004700154552,0.27556242130494946
Breast Visium CID44971,stimpute,tnfrsf13b,-0.0331425259390071,0.022709058060730855
Breast Visium CID44971,stimpute,cd300lg,-0.0343099624062148,0.08219439462044696
Breast Visium CID44971,stimpute,h2afv,-0.0371082266355345,0.5913907292559247
Breast Visium CID44971,stimpute,tnfrsf12a,-0.0404844797616425,0.4847147841314665
Breast Visium CID44971,stimpute,klrc1,-0.0413236626715322,0.05557259462042819
Breast Visium CID44971,stimpute,pou2af1,-0.0423818976692848,0.21406021376399714
Breast Visium CID44971,stimpute,lef1,-0.047630656156053,0.20357828958978572
Breast Visium CID44971,stimpute,mzb1,-0.0516020340048519,0.24507228498559686
Breast Visium CID44971,stimpute,icam1,-0.0547396928808362,0.38147013411373804
Breast Visium CID44971,stimpute,fchsd2,-0.0707671921602662,0.28979539674821764
Breast Visium CID44971,stimpute,chpf,-0.0890644737707415,0.5107728909466136
Breast Visium CID44971,stimpute,gsn,-0.1110299893873948,0.7312257958891483
Breast Visium CID44971,stimpute,c1s,-0.149466689888411,0.4862652402656476
Breast Visium CID44971,stimpute,b2m,0.7129363070364125,0.9873446421617953
Breast Visium CID44971,stimpute,cd74,0.6716200736833351,0.9522022463369565
Breast Visium CID44971,stimpute,xbp1,0.6474294716318444,0.8410438444048737
Breast Visium CID44971,stimpute,hla-drb5,0.58561530420037,0.822400840424501
Breast Visium CID44971,stimpute,hla-dpa1,0.5844447426777807,0.839599184475473
Breast Visium CID44971,stimpute,c1qc,0.5803138154926226,0.7253734591391529
Breast Visium CID44971,stimpute,ctss,0.5704110365012044,0.7694220530802318
Breast Visium CID44971,stimpute,psap,0.5685522867687501,0.9514199652072034
Breast Visium CID44971,stimpute,igfbp7,0.5535362773317792,0.7881124675220292
Breast Visium CID44971,stimpute,frzb,0.5519245017780289,0.7937749362922406
Breast Visium CID44971,stimpute,rgs1,0.5457903159378966,0.741985015212225
Breast Visium CID44971,stimpute,cox7a2,0.5362337639718016,0.9158225875556932
Breast Visium CID44971,stimpute,tubb,0.5331535837462391,0.9353787457012405
Breast Visium CID44971,stimpute,ptprc,0.5178175300938463,0.7101300531707951
Breast Visium CID44971,stimpute,coro1a,0.5143544755175681,0.7495967658447906
Breast Visium CID44971,stimpute,h2afz,0.511546996501359,0.8846843946708811
Breast Visium CID44971,stimpute,arhgdib,0.5089300002123944,0.8293611569328395
Breast Visium CID44971,stimpute,ccl28,0.4964823668564758,0.5778379040819288
Breast Visium CID44971,stimpute,cdc123,0.4858988422492853,0.7732233895858642
Breast Visium CID44971,stimpute,hspe1,0.4713078417451349,0.9062757388361247
Breast Visium CID44971,stimpute,tpi1,0.468587079621063,0.9243442431199588
Breast Visium CID44971,stimpute,actb,0.4526624793907334,0.9905921611094533
Breast Visium CID44971,stimpute,hmgn3,0.4426617886214345,0.8585146987340746
Breast Visium CID44971,stimpute,cfl1,0.4319915878847771,0.9533133046283861
Breast Visium CID44971,stimpute,txn,0.4308706785191287,0.9136098439289565
Breast Visium CID44971,stimpute,lcp1,0.4193256113325452,0.6731296610622302
Breast Visium CID44971,stimpute,cldn7,0.4123918683564048,0.5563242139051245
Breast Visium CID44971,stimpute,aif1,0.4095954911605607,0.6199568342106179
Breast Visium CID44971,stimpute,nucks1,0.4077082837341385,0.8902746323263072
Breast Visium CID44971,stimpute,lcp2,0.4030780032236151,0.5628127175715912
Breast Visium CID44971,stimpute,ankrd30a,0.4024165576744588,0.4961789546414781
Breast Visium CID44971,stimpute,hcst,0.3972109521910671,0.6063672934768153
Breast Visium CID44971,stimpute,lamtor5,0.3871612424883632,0.8117971282241867
Breast Visium CID44971,stimpute,trbc2,0.3869111001524299,0.6732609684039444
Breast Visium CID44971,stimpute,cnn1,0.3863028408964123,0.646369165692131
Breast Visium CID44971,stimpute,myl9,0.3834776340747738,0.7628178077548289
Breast Visium CID44971,stimpute,sgk1,0.3822044669238843,0.7605077729638189
Breast Visium CID44971,stimpute,fxyd5,0.3809375265449191,0.7012115741024947
Breast Visium CID44971,stimpute,rps3,0.3739967851231766,0.9800110274235014
Breast Visium CID44971,stimpute,marcksl1,0.3728516499113593,0.8700290657893016
Breast Visium CID44971,stimpute,hmgn1,0.368285319388958,0.8931828328819567
Breast Visium CID44971,stimpute,rpl36al,0.3666857578290772,0.8198065707122546
Breast Visium CID44971,stimpute,mylk,0.3659184866958387,0.6869873081672087
Breast Visium CID44971,stimpute,hnrnpa1,0.3642980953544445,0.9441320846508545
Breast Visium CID44971,stimpute,ube2v2,0.3634593546796551,0.7039242350061945
Breast Visium CID44971,stimpute,ifitm2,0.3629380489348213,0.7371603051933084
Breast Visium CID44971,stimpute,rpl18,0.3627350981599185,0.9843427641275743
Breast Visium CID44971,stimpute,kiaa1324,0.3625813835995464,0.6879214377411083
Breast Visium CID44971,stimpute,ap1s1,0.3617250028555491,0.6917100191657671
Breast Visium CID44971,stimpute,bst2,0.3588640683898723,0.7375916387158054
Breast Visium CID44971,stimpute,vcan,0.3470699660118908,0.6393146685961599
Breast Visium CID44971,stimpute,mtrnr2l12,0.3470613845637563,0.862419311717732
Breast Visium CID44971,stimpute,tgfb1,0.3459650964091107,0.5713421351846816
Breast Visium CID44971,stimpute,arpc2,0.3441972588004838,0.8500577980946263
Breast Visium CID44971,stimpute,gstp1,0.3400275159650522,0.9303942792622388
Breast Visium CID44971,stimpute,crnde,0.3393240868694228,0.7044585715388154
Breast Visium CID44971,stimpute,timp3,0.3365444266810633,0.7041523775141658
Breast Visium CID44971,stimpute,mif,0.33345913751156,0.8582323754131115
Breast Visium CID44971,stimpute,krt18,0.3312758959131775,0.732795039219664
Breast Visium CID44971,stimpute,zap70,0.32918513283472,0.49509607272589007
Breast Visium CID44971,stimpute,ackr1,0.3232267882626393,0.4673358017763564
Breast Visium CID44971,stimpute,lair1,0.3184996844588197,0.48594744781434845
Breast Visium CID44971,stimpute,rarres3,0.3161416220389874,0.6846986932380046
Breast Visium CID44971,stimpute,fbp1,0.3112586726780849,0.4713810925436076
Breast Visium CID44971,stimpute,hmgb2,0.3102925495644426,0.7603641288603601
Breast Visium CID44971,stimpute,fhl2,0.3099589102143862,0.5836678965666117
Breast Visium CID44971,stimpute,sumo2,0.3071566251845818,0.9026322821411035
Breast Visium CID44971,stimpute,mgat1,0.3071529304340497,0.6874955830105701
Breast Visium CID44971,stimpute,timp2,0.3066355847928046,0.7217282545286765
Breast Visium CID44971,stimpute,elf5,0.3054773650803566,0.6210826701393026
Breast Visium CID44971,stimpute,capg,0.2971013032898434,0.701573475156926
Breast Visium CID44971,stimpute,mrpl9,0.2961950481449072,0.6496620327225203
Breast Visium CID44971,stimpute,tagln,0.2960988667083188,0.7906431518873525
Breast Visium CID44971,stimpute,banf1,0.2954664148590266,0.8118311390029819
Breast Visium CID44971,stimpute,serpinf1,0.2890168070280371,0.5939848743865837
Breast Visium CID44971,stimpute,ywhah,0.2878650993801074,0.7129919305513704
Breast Visium CID44971,stimpute,cox7a2l,0.2864471472781794,0.7116736756577847
Breast Visium CID44971,stimpute,lamb3,0.2861292633486942,0.591154156292605
Breast Visium CID44971,stimpute,dynll1,0.2803959087839486,0.911196247021889
Breast Visium CID44971,stimpute,rpl37a,0.2800920848362375,0.9786655668108933
Breast Visium CID44971,stimpute,rpl32,0.2739155123710744,0.9871543092582014
Breast Visium CID44971,stimpute,evl,0.2738887130229659,0.730735464052424
Breast Visium CID44971,stimpute,igsf6,0.2710661849280214,0.3969559223296805
Breast Visium CID44971,stimpute,clec2b,0.2708781502283771,0.4753545856108754
Breast Visium CID44971,stimpute,cd5,0.2704820634166819,0.41821452814312166
Breast Visium CID44971,stimpute,ppp1r1b,0.2696930090749828,0.4207923412018328
Breast Visium CID44971,stimpute,slc7a7,0.2693268871966968,0.40044488094230857
Breast Visium CID44971,stimpute,pgam1,0.2687804082985057,0.8190580060934827
Breast Visium CID44971,stimpute,hsp90b1,0.2667020194742794,0.9165642506699391
Breast Visium CID44971,stimpute,morf4l2,0.2666881266923381,0.8003213521112564
Breast Visium CID44971,stimpute,ciita,0.2642136781567745,0.4561093586325453
Breast Visium CID44971,stimpute,tnfsf13b,0.2626788179623574,0.40537931841785885
Breast Visium CID44971,stimpute,snrpb,0.2613224686445047,0.8009525965932066
Breast Visium CID44971,stimpute,eif3e,0.259177732979465,0.8521653793532173
Breast Visium CID44971,stimpute,myo6,0.2561452428322502,0.6437303182056009
Breast Visium CID44971,stimpute,c1orf162,0.2500847169200305,0.4446361816288368
Breast Visium CID44971,stimpute,serp1,0.248110426760655,0.8617431108366167
Breast Visium CID44971,stimpute,il32,0.2445542531496426,0.683462932301151
Breast Visium CID44971,stimpute,tmem59,0.2444878966190309,0.8223663971617893
Breast Visium CID44971,stimpute,nlrc5,0.2442896576012376,0.49506752340167637
Breast Visium CID44971,stimpute,cd300a,0.2412331421251198,0.36466721115165424
Breast Visium CID44971,stimpute,cd8a,0.2403917002862553,0.4884934517115212
Breast Visium CID44971,stimpute,zyx,0.2402336915991339,0.76118018755781
Breast Visium CID44971,stimpute,adam8,0.2389080092779675,0.41819498261815774
Breast Visium CID44971,stimpute,anp32b,0.2367633610477604,0.8111797924567495
Breast Visium CID44971,stimpute,havcr2,0.2364713597468225,0.3787273548275489
Breast Visium CID44971,stimpute,fbl,0.2359961094674075,0.7905575258095986
Breast Visium CID44971,stimpute,rpl37,0.233398830622547,0.9810308611858441
Breast Visium CID44971,stimpute,id1,0.2332110473070543,0.4226044168890653
Breast Visium CID44971,stimpute,ube2e3,0.2322240981958216,0.6682944038808913
Breast Visium CID44971,stimpute,hnrnpa2b1,0.2312658893552032,0.9231216841660177
Breast Visium CID44971,stimpute,vamp5,0.2293477827932489,0.5146394464489434
Breast Visium CID44971,stimpute,plk2,0.2289164741793379,0.49794571801113163
Breast Visium CID44971,stimpute,ikzf3,0.2288836016981189,0.4746513210085024
Breast Visium CID44971,stimpute,irf8,0.2281273098686506,0.4587560734280984
Breast Visium CID44971,stimpute,mfsd1,0.2276473499349769,0.5820902556456456
Breast Visium CID44971,stimpute,rerg,0.2239950814612831,0.610512538384026
Breast Visium CID44971,stimpute,f2r,0.2199456389740615,0.49182948780203845
Breast Visium CID44971,stimpute,ramp2,0.2188908396946869,0.39912695863140624
Breast Visium CID44971,stimpute,cuta,0.2180321428531641,0.8271623347296251
Breast Visium CID44971,stimpute,col6a3,0.2177726000227473,0.5193791531542112
Breast Visium CID44971,stimpute,col15a1,0.2130710576326957,0.5239200161193057
Breast Visium CID44971,stimpute,ssr2,0.2112263041678013,0.8686887636998009
Breast Visium CID44971,stimpute,pdlim1,0.2101396558854977,0.5910871465080877
Breast Visium CID44971,stimpute,ms4a7,0.2081741820793353,0.40352141580438083
Breast Visium CID44971,stimpute,pdlim7,0.2077127978577332,0.6189518314495202
Breast Visium CID44971,stimpute,tmem87a,0.2074286921811744,0.562347978483871
Breast Visium CID44971,stimpute,atp6v1f,0.2074166360164373,0.7923109523990027
Breast Visium CID44971,stimpute,rap1b,0.2067407798976606,0.7009645791967823
Breast Visium CID44971,stimpute,mxra8,0.2044707793438696,0.5225551815819927
Breast Visium CID44971,stimpute,ramp3,0.2027789501384266,0.3682050567732677
Breast Visium CID44971,stimpute,rtn4,0.2021078142038649,0.8420469907234553
Breast Visium CID44971,stimpute,ap2s1,0.2018269977288559,0.7691142497974095
Breast Visium CID44971,stimpute,hmgn2,0.2011824753459419,0.8759535778368001
Breast Visium CID44971,stimpute,plpp1,0.1943540563619006,0.5256575796047425
Breast Visium CID44971,stimpute,flt1,0.1933689778329269,0.31306334595492236
Breast Visium CID44971,stimpute,hmgb1,0.1930796729380272,0.887525759029074
Breast Visium CID44971,stimpute,lrp10,0.1917952458832709,0.6592251751742648
Breast Visium CID44971,stimpute,crtap,0.191746785020536,0.6113820623130661
Breast Visium CID44971,stimpute,rpl35,0.1912779531481141,0.9758080337676639
Breast Visium CID44971,stimpute,oasl,0.1906885711881754,0.29179823259175547
Breast Visium CID44971,stimpute,gimap4,0.1901955142915591,0.4537056728993481
Breast Visium CID44971,stimpute,gabarap,0.1893349747246712,0.7162631145994826
Breast Visium CID44971,stimpute,sf3b5,0.1869988250830536,0.7518314244605907
Breast Visium CID44971,stimpute,txnip,0.1866432330203439,0.8649676010357767
Breast Visium CID44971,stimpute,mcam,0.1852781565518845,0.44146608948178667
Breast Visium CID44971,stimpute,ltbp2,0.185000121710767,0.5517603415339211
Breast Visium CID44971,stimpute,rnase6,0.1846605326096974,0.36743133196770694
Breast Visium CID44971,stimpute,vps28,0.1830285563279634,0.8213991841159796
Breast Visium CID44971,stimpute,isyna1,0.1797207689953988,0.6155500053141368
Breast Visium CID44971,stimpute,clec14a,0.1795138308574119,0.2850052038642645
Breast Visium CID44971,stimpute,bin2,0.1770369194236878,0.36541918096964476
Breast Visium CID44971,stimpute,stat4,0.1763126599150078,0.2845965559529093
Breast Visium CID44971,stimpute,sptssa,0.1749015111162559,0.576345780764115
Breast Visium CID44971,stimpute,cd3g,0.1746627281588922,0.32249360974605157
Breast Visium CID44971,stimpute,meg3,0.1695875557498951,0.4337325920608722
Breast Visium CID44971,stimpute,fbln1,0.1695438650008142,0.5339200662740939
Breast Visium CID44971,stimpute,uaca,0.1677880488412831,0.4620575447854398
Breast Visium CID44971,stimpute,calcrl,0.1669723372220284,0.2768555606905742
Breast Visium CID44971,stimpute,pold4,0.1631604605945344,0.42663538866070794
Breast Visium CID44971,stimpute,tgfbr2,0.1624111597143508,0.5217212577532749
Breast Visium CID44971,stimpute,ece1,0.162261613102928,0.6088138202532303
Breast Visium CID44971,stimpute,flot1,0.1606984328662605,0.6534920570908055
Breast Visium CID44971,stimpute,cd96,0.1588540333112419,0.31091552591926
Breast Visium CID44971,stimpute,rgs5,0.1588024292259246,0.43041531597451677
Breast Visium CID44971,stimpute,gadd45b,0.1558329051852783,0.5406514266176089
Breast Visium CID44971,stimpute,cpe,0.1543904126545083,0.46391989312999926
Breast Visium CID44971,stimpute,ets2,0.1535849453917607,0.48780568812972336
Breast Visium CID44971,stimpute,fen1,0.152760329049818,0.41553185679699955
Breast Visium CID44971,stimpute,mlec,0.1516522029558393,0.6629429260996093
Breast Visium CID44971,stimpute,uqcrhl,0.1485984550786129,0.28429306994319226
Breast Visium CID44971,stimpute,idh2,0.1458843372976794,0.6408883246406117
Breast Visium CID44971,stimpute,arhgap29,0.1442515655956072,0.3676936834684832
Breast Visium CID44971,stimpute,cxorf36,0.1414824497726216,0.2588545742486233
Breast Visium CID44971,stimpute,nid1,0.1412835998650511,0.41790518114249575
Breast Visium CID44971,stimpute,tubb2a,0.1408574961956431,0.5530504256832852
Breast Visium CID44971,stimpute,tyms,0.1407860747657451,0.4456301952389218
Breast Visium CID44971,stimpute,csf2ra,0.1397056730508081,0.29226298468609485
Breast Visium CID44971,stimpute,nudt4,0.1384569594207804,0.6481216310465742
Breast Visium CID44971,stimpute,egfl7,0.1383885673503416,0.3760833146661993
Breast Visium CID44971,stimpute,tgfb1i1,0.1368592776415231,0.48900956452082944
Breast Visium CID44971,stimpute,cystm1,0.1356671178811721,0.504324657902636
Breast Visium CID44971,stimpute,rasd1,0.1333222680449619,0.4470729551202139
Breast Visium CID44971,stimpute,rpl4,0.1329098949905731,0.9737330089862088
Breast Visium CID44971,stimpute,itk,0.1304049951762617,0.23052493565028612
Breast Visium CID44971,stimpute,tspan4,0.1299753255585328,0.5226336440690049
Breast Visium CID44971,stimpute,clec2d,0.128791788346159,0.46253599127293854
Breast Visium CID44971,stimpute,stk17a,0.1270432167133301,0.4153560285732891
Breast Visium CID44971,stimpute,siva1,0.1260934319699648,0.6645815414002146
Breast Visium CID44971,stimpute,parp15,0.1242041799473299,0.2056943271135303
Breast Visium CID44971,stimpute,adgrl4,0.1238612308270798,0.2701492088576892
Breast Visium CID44971,stimpute,dlc1,0.1236244883901213,0.3161104898906927
Breast Visium CID44971,stimpute,a4galt,0.1234464838265309,0.269774206474084
Breast Visium CID44971,stimpute,actg1,0.1229170136876583,0.9863127657915807
Breast Visium CID44971,stimpute,nucb1,0.1223478429422741,0.7339423868886782
Breast Visium CID44971,stimpute,cdh5,0.1188193579443427,0.2722205341175284
Breast Visium CID44971,stimpute,ugdh,0.118574922155397,0.44283339580050607
Breast Visium CID44971,stimpute,klf4,0.1176567920445243,0.3844936781206705
Breast Visium CID44971,stimpute,sirpg,0.1161369267232429,0.21466871586470657
Breast Visium CID44971,stimpute,add3,0.1150647595731857,0.46929990703133084
Breast Visium CID44971,stimpute,sit1,0.1143966624207441,0.2600809085938422
Breast Visium CID44971,stimpute,lbh,0.11403139011228,0.5759605209074039
Breast Visium CID44971,stimpute,meox1,0.1092433502913311,0.20093151631514997
Breast Visium CID44971,stimpute,orai2,0.1089922250710229,0.4329552307136258
Breast Visium CID44971,stimpute,btk,0.1085236158919466,0.20301466195105647
Breast Visium CID44971,stimpute,rab27a,0.1067708518512108,0.3755791242878741
Breast Visium CID44971,stimpute,phlda1,0.1066425890076697,0.6836725085110174
Breast Visium CID44971,stimpute,gmppb,0.1058764416964424,0.3834257740317188
Breast Visium CID44971,stimpute,dnaja1,0.1053861938786116,0.807135739641482
Breast Visium CID44971,stimpute,gzmm,0.1049273102311883,0.2488337212580786
Breast Visium CID44971,stimpute,neurl1b,0.1045601591457376,0.2527899084592761
Breast Visium CID44971,stimpute,tsen54,0.1005299620681776,0.45612449953414913
Breast Visium CID44971,stimpute,rdx,0.0987737712683752,0.5332122120662747
Breast Visium CID44971,stimpute,snai1,0.0983384195585984,0.2090945022131646
Breast Visium CID44971,stimpute,mrvi1,0.0980098252548263,0.292899918848158
Breast Visium CID44971,stimpute,veph1,0.0969372734834266,0.19290075842912077
Breast Visium CID44971,stimpute,pou2f2,0.0937002052563954,0.2507008058510037
Breast Visium CID44971,stimpute,tecr,0.0936014011801781,0.7202634294956076
Breast Visium CID44971,stimpute,hopx,0.0918720304508505,0.29493319444630767
Breast Visium CID44971,stimpute,slc38a10,0.0883046397221204,0.5399442006354871
Breast Visium CID44971,stimpute,gng2,0.0881760055927892,0.2854734685594244
Breast Visium CID44971,stimpute,cldn11,0.0872039323101123,0.38835221032575423
Breast Visium CID44971,stimpute,cnrip1,0.087031151657879,0.1912302840752888
Breast Visium CID44971,stimpute,rrbp1,0.0836950971987597,0.7241463201249809
Breast Visium CID44971,stimpute,rora,0.0818305054275636,0.2500949624570253
Breast Visium CID44971,stimpute,ifitm1,0.0812094129139515,0.41383385896167657
Breast Visium CID44971,stimpute,tmem176a,0.0803489189806644,0.39538305458731665
Breast Visium CID44971,stimpute,cdt1,0.0799300858441782,0.3503621299078988
Breast Visium CID44971,stimpute,mtss1,0.0757659910693706,0.40634925028604657
Breast Visium CID44971,stimpute,vps51,0.075509729722117,0.6100203179189496
Breast Visium CID44971,stimpute,c12orf75,0.07543628216468,0.4577106858151514
Breast Visium CID44971,stimpute,tspan32,0.0703169505587225,0.14600045576184623
Breast Visium CID44971,stimpute,abca6,0.0697131349966969,0.1516160500740512
Breast Visium CID44971,stimpute,tlr10,0.069204207053352,0.1613404027464322
Breast Visium CID44971,stimpute,spon2,0.0688932115749037,0.4449976544268179
Breast Visium CID44971,stimpute,myo1b,0.0672065438373793,0.46205274859629325
Breast Visium CID44971,stimpute,fam13c,0.0661148563048032,0.15035929306631782
Breast Visium CID44971,stimpute,rab37,0.0659806359677068,0.17435819829429935
Breast Visium CID44971,stimpute,rcan2,0.0651677818065218,0.1584431759189534
Breast Visium CID44971,stimpute,aes,0.0636647826285598,0.8320898502906396
Breast Visium CID44971,stimpute,rac1,0.0618922971119726,0.8242767865592645
Breast Visium CID44971,stimpute,cd40lg,0.0614385686760917,0.1469560991530128
Breast Visium CID44971,stimpute,il4r,0.0601030399945085,0.41119344321877077
Breast Visium CID44971,stimpute,ccdc102b,0.0580255384031892,0.18108283871958825
Breast Visium CID44971,stimpute,rpl27,0.0572767265711268,0.9581567610829614
Breast Visium CID44971,stimpute,ostf1,0.0553110263084967,0.3618137674022421
Breast Visium CID44971,stimpute,mapk1,0.0549960893496034,0.5320557793798539
Breast Visium CID44971,stimpute,lamb1,0.0547486062502447,0.45912084339477416
Breast Visium CID44971,stimpute,stk4,0.0536867118256104,0.44990575155965346
Breast Visium CID44971,stimpute,smc1a,0.05161878329425,0.553267303668112
Breast Visium CID44971,stimpute,adap2,0.0501614283089736,0.18851505625363513
Breast Visium CID44971,stimpute,tmem88,0.0495124177360745,0.14643149524052954
Breast Visium CID44971,stimpute,pyhin1,0.0491069534017691,0.1508830368920228
Breast Visium CID44971,stimpute,socs2,0.0488789625363865,0.2215757650600903
Breast Visium CID44971,stimpute,egr1,0.0475929922270571,0.8176914688521654
Breast Visium CID44971,stimpute,p2ry14,0.047128888043349,0.12000846250378853
Breast Visium CID44971,stimpute,smim3,0.0471239410753737,0.26650268799862614
Breast Visium CID44971,stimpute,filip1,0.0464133226193219,0.09631434373726944
Breast Visium CID44971,stimpute,arfgap3,0.0458402329490384,0.4758161709915981
Breast Visium CID44971,stimpute,linc00996,0.0448252729131551,0.12362436510352179
Breast Visium CID44971,stimpute,rnf125,0.0447446032475301,0.2488921614196341
Breast Visium CID44971,stimpute,stap1,0.0442568184407534,0.10951438545673482
Breast Visium CID44971,stimpute,csf3r,0.0439896987243248,0.2096573540143289
Breast Visium CID44971,stimpute,fam198b,0.0405239333333828,0.43507179767199466
Breast Visium CID44971,stimpute,fcrla,0.0364982068261654,0.10800372653574078
Breast Visium CID44971,stimpute,smc2,0.0362145737798583,0.32814235545469583
Breast Visium CID44971,stimpute,gstt2b,0.0359183824264751,0.21043291487306823
Breast Visium CID44971,stimpute,tmem243,0.0347820971125539,0.31716252411114954
Breast Visium CID44971,stimpute,swap70,0.0340030085940596,0.4420469528582964
Breast Visium CID44971,stimpute,dnajb9,0.0331450048706669,0.3664390346439751
Breast Visium CID44971,stimpute,st3gal1,0.0319075178379148,0.3297929487355556
Breast Visium CID44971,stimpute,runx1t1,0.0308170429812692,0.17846151505942104
Breast Visium CID44971,stimpute,matk,0.0285269326884159,0.2086992010919889
Breast Visium CID44971,stimpute,map1lc3a,0.0213618983069344,0.5707112419221541
Breast Visium CID44971,stimpute,tcf19,0.0175278013691735,0.2374499469664804
Breast Visium CID44971,stimpute,akap5,0.0173948460594837,0.11101352088421845
Breast Visium CID44971,stimpute,h2afx,0.0147327127288746,0.5434090229725892
Breast Visium CID44971,stimpute,plek2,0.0094973114219569,0.13373309289861787
Breast Visium CID44971,stimpute,cenpm,0.0078724041191265,0.1925674560520249
Breast Visium CID44971,stimpute,fbln7,0.0046082470715428,0.1941732758549288
Breast Visium CID44971,stimpute,fkbp11,0.0035244343852248,0.3252493102332043
Breast Visium CID44971,stimpute,fgfbp2,0.0016197590225979,0.03743765334082185
Breast Visium CID44971,stimpute,sec14l1,0.0002531379169776,0.4500944140780443
Breast Visium CID44971,stimpute,ptgdr,-0.0009187742201037,0.08080896244362075
Breast Visium CID44971,stimpute,flt3lg,-0.0020387082876465,0.12903878114939935
Breast Visium CID44971,stimpute,lgals9b,-0.002817559212786,0.028045080841363614
Breast Visium CID44971,stimpute,lama2,-0.0029389847983016,0.18544574629742266
Breast Visium CID44971,stimpute,notch3,-0.0049225239250446,0.5755654924212952
Breast Visium CID44971,stimpute,dnajb1,-0.0140171869460097,0.6216719078045154
Breast Visium CID44971,stimpute,hist1h1e,-0.0179354347594339,0.08150661408405488
Breast Visium CID44971,stimpute,ncam1,-0.022047213058307,0.024885170902348562
Breast Visium CID44971,stimpute,tnfrsf13c,-0.0291502750708307,0.0989751218353424
Breast Visium CID44971,stimpute,cachd1,-0.041287650009464,0.27358776970404175
Breast Visium CID44971,stimpute,lipe,-0.0555372110522797,0.07481050426257262
Breast Visium CID44971,stimpute,sesn1,-0.0613659160963758,0.383951992496506
Breast Visium CID44971,cytospace,tmsb10,0.5750195665629853,0.9811428920988001
Breast Visium CID44971,cytospace,col1a2,0.5273882068308035,0.6437385179650512
Breast Visium CID44971,cytospace,hla-e,0.4377435529029109,0.8357001085191401
Breast Visium CID44971,cytospace,hla-a,0.4340489387039163,0.9085754842510164
Breast Visium CID44971,cytospace,hdac2,0.4328287108909514,0.762242808283181
Breast Visium CID44971,cytospace,uqcrh,0.4126361089402895,0.8748295122936
Breast Visium CID44971,cytospace,ccl14,0.3938793125330633,0.4062887959193135
Breast Visium CID44971,cytospace,rps4x,0.3922506996231518,0.9769600599502876
Breast Visium CID44971,cytospace,ctgf,0.3879538575468562,0.6589342535653853
Breast Visium CID44971,cytospace,ifitm3,0.381302570242025,0.8041081870865641
Breast Visium CID44971,cytospace,rps28,0.3746547593454097,0.9847029458814304
Breast Visium CID44971,cytospace,cacybp,0.3730594102741033,0.7349131145280665
Breast Visium CID44971,cytospace,col6a2,0.3719869237651418,0.6199096145728566
Breast Visium CID44971,cytospace,lst1,0.3634627409699696,0.432817370416288
Breast Visium CID44971,cytospace,rpl3,0.358097005341253,0.9644827576254076
Breast Visium CID44971,cytospace,fos,0.356330433950606,0.792278355554125
Breast Visium CID44971,cytospace,aebp1,0.353841052759995,0.5689513769210663
Breast Visium CID44971,cytospace,rpl29,0.3481645738330263,0.9775000616592112
Breast Visium CID44971,cytospace,rplp2,0.3472823017171869,0.9706139638851314
Breast Visium CID44971,cytospace,sf3b6,0.3462096001426246,0.8251076132304821
Breast Visium CID44971,cytospace,pecam1,0.3392983197681517,0.42741193757174867
Breast Visium CID44971,cytospace,c1qa,0.3391834469912577,0.41333686064355635
Breast Visium CID44971,cytospace,nnmt,0.3342077105232735,0.6154409673017753
Breast Visium CID44971,cytospace,serpina1,0.3329489326495471,0.4761581440192398
Breast Visium CID44971,cytospace,cirbp,0.3315737326849493,0.8023203240025794
Breast Visium CID44971,cytospace,gdi2,0.3310554535929432,0.8023522722154135
Breast Visium CID44971,cytospace,cxcr4,0.3304968928563298,0.5746230480675578
Breast Visium CID44971,cytospace,c2orf40,0.3266557529882695,0.4489076894048397
Breast Visium CID44971,cytospace,cotl1,0.3231932086058992,0.5465320770460662
Breast Visium CID44971,cytospace,htra1,0.3202960917933212,0.5316987423506411
Breast Visium CID44971,cytospace,spint2,0.309223825060855,0.7573863969203237
Breast Visium CID44971,cytospace,cd93,0.3056853647565551,0.3788611988959492
Breast Visium CID44971,cytospace,ilf2,0.3042196018919219,0.7786059515471373
Breast Visium CID44971,cytospace,cnn2,0.3020946479917599,0.6492151203160146
Breast Visium CID44971,cytospace,lgals1,0.2969900793423946,0.7795109224037446
Breast Visium CID44971,cytospace,c1orf43,0.2873309278419396,0.7365400659884627
Breast Visium CID44971,cytospace,snrpf,0.2860868933365192,0.6983602071070323
Breast Visium CID44971,cytospace,tymp,0.2826528705567044,0.6176558970715295
Breast Visium CID44971,cytospace,ppdpf,0.2813836469032233,0.9035329648387891
Breast Visium CID44971,cytospace,cryab,0.2771822689667314,0.7281490289523705
Breast Visium CID44971,cytospace,s100a6,0.2763721661079589,0.8887930153547413
Breast Visium CID44971,cytospace,mmrn2,0.2749779711909292,0.31819990169139695
Breast Visium CID44971,cytospace,mrps35,0.2699013142290351,0.6091018637609956
Breast Visium CID44971,cytospace,kcnmb1,0.2694920928272683,0.3908395822045988
Breast Visium CID44971,cytospace,gzmk,0.2693238802479664,0.3442276681126114
Breast Visium CID44971,cytospace,trac,0.2692417720741971,0.36047894725757107
Breast Visium CID44971,cytospace,cd2,0.2640738974960943,0.3705946765124548
Breast Visium CID44971,cytospace,nmur1,0.2632240874283105,0.2646254286389242
Breast Visium CID44971,cytospace,hla-dmb,0.2627593815381185,0.37486730291597464
Breast Visium CID44971,cytospace,rps15,0.2617935521374052,0.9650504801469523
Breast Visium CID44971,cytospace,cct3,0.2597924283006771,0.7719831328150888
Breast Visium CID44971,cytospace,tmem258,0.2581970246239632,0.8120270199314813
Breast Visium CID44971,cytospace,rhob,0.2579936978452274,0.7331127893922051
Breast Visium CID44971,cytospace,tns4,0.2553213575203833,0.3597981860225867
Breast Visium CID44971,cytospace,tcp1,0.2514464627380713,0.705807999900207
Breast Visium CID44971,cytospace,pik3r1,0.2489140281547794,0.4988783667778327
Breast Visium CID44971,cytospace,acap1,0.2473863755447754,0.3297683763820033
Breast Visium CID44971,cytospace,gng5,0.2446872043177115,0.8311295043452886
Breast Visium CID44971,cytospace,dap3,0.244425646846976,0.6325336713932679
Breast Visium CID44971,cytospace,snx20,0.2402994175051771,0.2883039947108979
Breast Visium CID44971,cytospace,lck,0.2371419101216194,0.3199004084216042
Breast Visium CID44971,cytospace,tbc1d10c,0.2361935015510852,0.31587459553956204
Breast Visium CID44971,cytospace,rab31,0.2356277916563446,0.3927153498911041
Breast Visium CID44971,cytospace,slc16a3,0.2340033228776691,0.35511637067932433
Breast Visium CID44971,cytospace,srsf5,0.2327162244190835,0.6756109749966732
Breast Visium CID44971,cytospace,selplg,0.2266942380277177,0.3163923334843287
Breast Visium CID44971,cytospace,trim29,0.2238471291093459,0.3667488424259587
Breast Visium CID44971,cytospace,hla-dqa2,0.2223362893516351,0.353111548170492
Breast Visium CID44971,cytospace,adirf,0.2219968093012653,0.49977193261779274
Breast Visium CID44971,cytospace,lman1,0.2216459290584644,0.6945779290701489
Breast Visium CID44971,cytospace,tsc22d3,0.2209111825027392,0.6589952495412729
Breast Visium CID44971,cytospace,tcf4,0.2204052019900369,0.4542298874324276
Breast Visium CID44971,cytospace,gpsm3,0.2184183272653789,0.34272294354350624
Breast Visium CID44971,cytospace,zfp36l2,0.218137701472281,0.8486517875180366
Breast Visium CID44971,cytospace,rpl9,0.2177620135026518,0.969471024276828
Breast Visium CID44971,cytospace,rpl26,0.2122644934393375,0.9107606432340674
Breast Visium CID44971,cytospace,tnfrsf1b,0.2121943163111901,0.34705897436348765
Breast Visium CID44971,cytospace,pafah1b3,0.2102653777992655,0.5575267098102461
Breast Visium CID44971,cytospace,mt-atp6,0.2090997194210392,0.978837308698685
Breast Visium CID44971,cytospace,krt17,0.2084724868848351,0.452066166831437
Breast Visium CID44971,cytospace,lrp1,0.2063715682538403,0.4657455691741532
Breast Visium CID44971,cytospace,ctsz,0.2042737564415035,0.45424253193875064
Breast Visium CID44971,cytospace,btg1,0.1987254780390343,0.7812639903513001
Breast Visium CID44971,cytospace,plpp2,0.1974461478501781,0.572591123378042
Breast Visium CID44971,cytospace,arhgap9,0.1971326891726392,0.27384505813542775
Breast Visium CID44971,cytospace,rpl7a,0.19363043833877,0.9739233461767767
Breast Visium CID44971,cytospace,maob,0.1930964774363157,0.2927758398428214
Breast Visium CID44971,cytospace,rpl12,0.1927616917949834,0.9771081118245761
Breast Visium CID44971,cytospace,cdkn1a,0.1909184763547164,0.5263695855302901
Breast Visium CID44971,cytospace,ptges3,0.1858460724973305,0.8278599074013506
Breast Visium CID44971,cytospace,themis2,0.1847326714438834,0.2626948592163508
Breast Visium CID44971,cytospace,mme,0.1838398411501429,0.2771615832923355
Breast Visium CID44971,cytospace,cst7,0.1812083275505042,0.2752709116758168
Breast Visium CID44971,cytospace,rpl5,0.1801320963166099,0.9498657769855361
Breast Visium CID44971,cytospace,tpbg,0.1797033911016648,0.3870532465785788
Breast Visium CID44971,cytospace,ifngr2,0.1791259535911723,0.6139914486457532
Breast Visium CID44971,cytospace,pkib,0.1760191317620273,0.298399966796811
Breast Visium CID44971,cytospace,pabpc1,0.1720091554682938,0.9150186891100767
Breast Visium CID44971,cytospace,pdlim4,0.1715042674224715,0.41257874610638473
Breast Visium CID44971,cytospace,tshz2,0.1714233853597642,0.3378296434798261
Breast Visium CID44971,cytospace,pdcd4,0.1710928593213287,0.6370901849928245
Breast Visium CID44971,cytospace,cav1,0.170435969528532,0.4538215170803095
Breast Visium CID44971,cytospace,lat,0.1686616558045425,0.2701890298338215
Breast Visium CID44971,cytospace,efhd1,0.1674206811777018,0.5542950038493042
Breast Visium CID44971,cytospace,efemp2,0.1669757142612278,0.360193190857252
Breast Visium CID44971,cytospace,sept1,0.1650764552205116,0.28486927203817525
Breast Visium CID44971,cytospace,hsbp1,0.1640822204698536,0.737465371340616
Breast Visium CID44971,cytospace,fosb,0.1632971469587595,0.550537639660531
Breast Visium CID44971,cytospace,ing4,0.1623288019396638,0.484228681491431
Breast Visium CID44971,cytospace,atp6v0b,0.1589694229596974,0.7228440143345954
Breast Visium CID44971,cytospace,ndrg2,0.1572993914852748,0.5408550560156022
Breast Visium CID44971,cytospace,icam3,0.1536254225534846,0.2923384605775628
Breast Visium CID44971,cytospace,rpl17,0.1534783139556787,0.780121414802042
Breast Visium CID44971,cytospace,mgp,0.1513638258750388,0.8797762467780184
Breast Visium CID44971,cytospace,plxdc2,0.1507253706044125,0.5680086560343827
Breast Visium CID44971,cytospace,gstm3,0.1505409515064165,0.4332477053093274
Breast Visium CID44971,cytospace,cdh3,0.1492278338993985,0.3539871363319076
Breast Visium CID44971,cytospace,ndufv2,0.1488984146493841,0.6877679344823527
Breast Visium CID44971,cytospace,klf10,0.1488092121358798,0.3954032571747031
Breast Visium CID44971,cytospace,fbxo2,0.1463302525771302,0.2765886763987037
Breast Visium CID44971,cytospace,sub1,0.1459989996307827,0.8178669828917394
Breast Visium CID44971,cytospace,pdia6,0.1456128433160241,0.7552370540103243
Breast Visium CID44971,cytospace,socs3,0.1446892147570933,0.40513625239192047
Breast Visium CID44971,cytospace,ssr3,0.144011542159898,0.6867008747041388
Breast Visium CID44971,cytospace,vopp1,0.143048809371071,0.3119072676686245
Breast Visium CID44971,cytospace,ptpn7,0.1420997176152225,0.20489409094662192
Breast Visium CID44971,cytospace,hcfc1r1,0.1414559616463321,0.5322175363376263
Breast Visium CID44971,cytospace,rps16,0.1404916173354921,0.9596686510773127
Breast Visium CID44971,cytospace,alox5ap,0.1403088468093789,0.26175653595174014
Breast Visium CID44971,cytospace,herpud1,0.1398289009506867,0.6387451593200152
Breast Visium CID44971,cytospace,rab4a,0.1386357369200648,0.5243092987326909
Breast Visium CID44971,cytospace,rbbp8,0.1364747376759142,0.34801566310317755
Breast Visium CID44971,cytospace,tpx2,0.1363392641518836,0.23071684291268763
Breast Visium CID44971,cytospace,aoah,0.1361073784528419,0.1986995669066167
Breast Visium CID44971,cytospace,psme2,0.1334780206407603,0.6401178329870396
Breast Visium CID44971,cytospace,ppic,0.1309909869333243,0.3352797915999597
Breast Visium CID44971,cytospace,tpp1,0.1309840023945433,0.45185757822510825
Breast Visium CID44971,cytospace,rpn1,0.1299905427895201,0.658709256331972
Breast Visium CID44971,cytospace,ncf2,0.1296120165460393,0.18957366496471395
Breast Visium CID44971,cytospace,eef2,0.1290440186221055,0.9247966016966441
Breast Visium CID44971,cytospace,tmbim6,0.1288313170335234,0.8196170291242064
Breast Visium CID44971,cytospace,syk,0.1268178047791841,0.20930463413925066
Breast Visium CID44971,cytospace,plac8,0.1267633491432231,0.17795621261599434
Breast Visium CID44971,cytospace,ass1,0.1267506676106647,0.4144289419324257
Breast Visium CID44971,cytospace,rps13,0.1263290254552784,0.9721612046188821
Breast Visium CID44971,cytospace,s100a10,0.1259505595739137,0.6750073908308054
Breast Visium CID44971,cytospace,arhgap15,0.1252209547331719,0.2077525439905823
Breast Visium CID44971,cytospace,col18a1,0.1241341855728039,0.48611546131241096
Breast Visium CID44971,cytospace,pask,0.1219571761397554,0.19952160483933107
Breast Visium CID44971,cytospace,sept6,0.1197057828804568,0.38678899265636635
Breast Visium CID44971,cytospace,ppia,0.1190596485952107,0.943035425375988
Breast Visium CID44971,cytospace,rhog,0.1186550032025275,0.4498624254696392
Breast Visium CID44971,cytospace,slc9a3r2,0.1155048061808573,0.2635282186021723
Breast Visium CID44971,cytospace,mt-nd4l,0.1140854402805905,0.8542055694802932
Breast Visium CID44971,cytospace,tmed10,0.1128943628559388,0.6558132130946465
Breast Visium CID44971,cytospace,rpl38,0.1106561900416521,0.8888599615183128
Breast Visium CID44971,cytospace,grb2,0.1101654307661675,0.4709154229718232
Breast Visium CID44971,cytospace,slc25a5,0.1091638794174333,0.716747066021001
Breast Visium CID44971,cytospace,s1pr1,0.1073431446105333,0.16544492140442893
Breast Visium CID44971,cytospace,vamp8,0.1053823931663737,0.6664974401087775
Breast Visium CID44971,cytospace,dnmt1,0.1048249082397668,0.48202368595618955
Breast Visium CID44971,cytospace,mfap4,0.1037241298056694,0.25459713570520703
Breast Visium CID44971,cytospace,cyb5r3,0.1006397169904021,0.5790493461793048
Breast Visium CID44971,cytospace,tcf7,0.0999453251788751,0.1827293627698948
Breast Visium CID44971,cytospace,rgs10,0.0997405359486492,0.4776356737790314
Breast Visium CID44971,cytospace,sardh,0.099073746395345,0.12985285638046618
Breast Visium CID44971,cytospace,col14a1,0.0982092163075032,0.26628922605945105
Breast Visium CID44971,cytospace,clec7a,0.0978646264777202,0.21635813609317797
Breast Visium CID44971,cytospace,tram1,0.096702443302513,0.5700779441854861
Breast Visium CID44971,cytospace,mydgf,0.0946109625491929,0.6288129928186791
Breast Visium CID44971,cytospace,fgr,0.0945948218816969,0.15900558234031748
Breast Visium CID44971,cytospace,runx1,0.0944828594880682,0.4408760379041655
Breast Visium CID44971,cytospace,foxp1,0.0944012474002543,0.4552415602621213
Breast Visium CID44971,cytospace,sirpa,0.0942022963351761,0.25710628255869933
Breast Visium CID44971,cytospace,nusap1,0.0940173132644519,0.1705214795376303
Breast Visium CID44971,cytospace,cxcr3,0.0938872954413133,0.15367530664926846
Breast Visium CID44971,cytospace,ptpn6,0.0929104382766889,0.3135891654668416
Breast Visium CID44971,cytospace,dok3,0.0907996585012957,0.12445063425901592
Breast Visium CID44971,cytospace,syngr2,0.0905312903682331,0.6460692768993085
Breast Visium CID44971,cytospace,pltp,0.0899406604437755,0.31755569092099234
Breast Visium CID44971,cytospace,ppt1,0.0894419383533651,0.4656877532294036
Breast Visium CID44971,cytospace,camk4,0.0885796885315293,0.13275399895937892
Breast Visium CID44971,cytospace,arsa,0.0880747751956659,0.28481984239841984
Breast Visium CID44971,cytospace,hoxd9,0.0875413565334993,0.12926443767139142
Breast Visium CID44971,cytospace,nucb2,0.0870087781485083,0.3424825085563011
Breast Visium CID44971,cytospace,tsc22d1,0.0846098424361657,0.6301883327558796
Breast Visium CID44971,cytospace,naca,0.0845956683313661,0.9408369466314489
Breast Visium CID44971,cytospace,cmc1,0.084594248672673,0.36446120803068344
Breast Visium CID44971,cytospace,camk1d,0.0839606284073306,0.16975039913927029
Breast Visium CID44971,cytospace,icam2,0.0835552091871692,0.2214277835622541
Breast Visium CID44971,cytospace,cxcr6,0.0830984331150941,0.13367274967666923
Breast Visium CID44971,cytospace,creb3l4,0.0808045798701963,0.3039259326781066
Breast Visium CID44971,cytospace,tnfrsf17,0.0787724190508396,0.09015410257140931
Breast Visium CID44971,cytospace,cox7a1,0.0781038262334295,0.2728167559704314
Breast Visium CID44971,cytospace,syt8,0.0754625315417055,0.20775388299746206
Breast Visium CID44971,cytospace,eps8,0.0747905550808797,0.34170860957732513
Breast Visium CID44971,cytospace,tinagl1,0.0744289548787033,0.4267753690026781
Breast Visium CID44971,cytospace,pik3ip1,0.0743900225675289,0.2505797162148215
Breast Visium CID44971,cytospace,st13,0.0740456300271787,0.7112651171557384
Breast Visium CID44971,cytospace,mcm2,0.0731358821539789,0.16462118260864272
Breast Visium CID44971,cytospace,skap1,0.0711479167695717,0.13551057386627124
Breast Visium CID44971,cytospace,rpl31,0.0705376620040492,0.9139565531067847
Breast Visium CID44971,cytospace,npdc1,0.0694757683695215,0.4354637819639951
Breast Visium CID44971,cytospace,lims2,0.0674856829928833,0.24140069022335298
Breast Visium CID44971,cytospace,erlec1,0.0663828840732543,0.4578212668131118
Breast Visium CID44971,cytospace,ccnd3,0.0658231554300307,0.4552588039539894
Breast Visium CID44971,cytospace,fndc3a,0.065757149794368,0.41709807412044364
Breast Visium CID44971,cytospace,tk1,0.0656255757899387,0.17592165476658608
Breast Visium CID44971,cytospace,znf385d,0.0646476532580769,0.10846158930834152
Breast Visium CID44971,cytospace,mgst2,0.0644214110082787,0.2953434611958942
Breast Visium CID44971,cytospace,scarb1,0.0641305075056821,0.3295169800872355
Breast Visium CID44971,cytospace,aplp2,0.062672003575976,0.6529274123751289
Breast Visium CID44971,cytospace,fyn,0.0609263188443128,0.18262423547582413
Breast Visium CID44971,cytospace,tmpo,0.0571780575569194,0.33464321609096714
Breast Visium CID44971,cytospace,efhd2,0.0558582742632027,0.23912442260510317
Breast Visium CID44971,cytospace,bard1,0.0550580425454768,0.1412906596899299
Breast Visium CID44971,cytospace,spn,0.0540852841086035,0.11697161149236963
Breast Visium CID44971,cytospace,pim1,0.0534210737554437,0.22287522534007387
Breast Visium CID44971,cytospace,tnik,0.053265802160742,0.1092396582304765
Breast Visium CID44971,cytospace,sec61a1,0.0518827033536185,0.5260951383188669
Breast Visium CID44971,cytospace,sel1l,0.0504723978709906,0.2829291596602794
Breast Visium CID44971,cytospace,ms4a1,0.0503956859568796,0.08452801402132015
Breast Visium CID44971,cytospace,phldb2,0.0487570552994403,0.13097059949868545
Breast Visium CID44971,cytospace,oxnad1,0.0481098177843575,0.1420392834534099
Breast Visium CID44971,cytospace,bag3,0.0476198777886984,0.30711911650667445
Breast Visium CID44971,cytospace,hhex,0.046659476285429,0.08849407401569276
Breast Visium CID44971,cytospace,kdelr1,0.0465604760266149,0.6254046834964124
Breast Visium CID44971,cytospace,ctsw,0.0465272760959199,0.10231383270306402
Breast Visium CID44971,cytospace,pkig,0.0460237066506383,0.3900430098055505
Breast Visium CID44971,cytospace,fkbp2,0.0448009761602572,0.616764825258699
Breast Visium CID44971,cytospace,ccdc167,0.0435951242443171,0.3452457745398727
Breast Visium CID44971,cytospace,xcl1,0.0429216410994712,0.06118450516318574
Breast Visium CID44971,cytospace,smim14,0.0423103079179191,0.3952169863589261
Breast Visium CID44971,cytospace,mal,0.0422111612164423,0.06815615779288675
Breast Visium CID44971,cytospace,cblb,0.0420747893952922,0.1891434594560892
Breast Visium CID44971,cytospace,kdr,0.0410797662352429,0.08767286191536464
Breast Visium CID44971,cytospace,bcl11b,0.0405876622961923,0.1069682439674369
Breast Visium CID44971,cytospace,steap4,0.0393454020324328,0.13558647709906882
Breast Visium CID44971,cytospace,themis,0.0386603695655033,0.06027190680108628
Breast Visium CID44971,cytospace,linc00926,0.0378952567205673,0.06802622412675222
Breast Visium CID44971,cytospace,sema3g,0.0378124804327002,0.0727512967775898
Breast Visium CID44971,cytospace,inpp1,0.0366801946613311,0.19931941121939253
Breast Visium CID44971,cytospace,angpt2,0.0352280783935156,0.08110147721331647
Breast Visium CID44971,cytospace,rabac1,0.0345391650364156,0.6517351229449301
Breast Visium CID44971,cytospace,lilrb3,0.0327948894013576,0.07722504822249088
Breast Visium CID44971,cytospace,smc4,0.0315007478439877,0.2914417741340883
Breast Visium CID44971,cytospace,arl11,0.030588131678726,0.051844292250052486
Breast Visium CID44971,cytospace,ddx17,0.0282053928271022,0.7140406143744935
Breast Visium CID44971,cytospace,arhgap1,0.0272759905414625,0.3567108935017173
Breast Visium CID44971,cytospace,st6galnac4,0.0248538938962583,0.12325386445432093
Breast Visium CID44971,cytospace,syvn1,0.0248264597158661,0.251129009725717
Breast Visium CID44971,cytospace,rbpms,0.0243734971339693,0.3551058281590578
Breast Visium CID44971,cytospace,fam111a,0.0225679691236385,0.22131655248847582
Breast Visium CID44971,cytospace,rrm1,0.0224360438028411,0.2591722516124037
Breast Visium CID44971,cytospace,apobec3c,0.020813110761034,0.1788061282956456
Breast Visium CID44971,cytospace,cd72,0.01821563625377,0.07415238071816593
Breast Visium CID44971,cytospace,glrx,0.0181121532671772,0.20871696438178872
Breast Visium CID44971,cytospace,hrct1,0.0179927254065271,0.05225373893308909
Breast Visium CID44971,cytospace,hlf,0.0164107955071774,0.06425522104758652
Breast Visium CID44971,cytospace,sptbn1,0.0158820277307702,0.49636651726458575
Breast Visium CID44971,cytospace,bub3,0.015778454337134,0.4393097670262118
Breast Visium CID44971,cytospace,arrb1,0.0146480977232437,0.16633050856011958
Breast Visium CID44971,cytospace,sdcbp,0.014628480740192,0.5318429576983438
Breast Visium CID44971,cytospace,ccdc50,0.0141698757124266,0.30499666103118633
Breast Visium CID44971,cytospace,creb3l2,0.0137463580375195,0.3122111882341587
Breast Visium CID44971,cytospace,ctnnal1,0.01243611019507,0.14406377517282418
Breast Visium CID44971,cytospace,txk,0.0123584910543365,0.020159932353000665
Breast Visium CID44971,cytospace,ca4,0.0120679432698519,0.03131267392374829
Breast Visium CID44971,cytospace,rbpms2,0.0117049694677703,0.055398009628529185
Breast Visium CID44971,cytospace,st6galnac2,0.0114611236697326,0.024571587973593174
Breast Visium CID44971,cytospace,oaz2,0.008103578612648,0.3043491048553783
Breast Visium CID44971,cytospace,sytl1,0.0064127102890739,0.2563299009995362
Breast Visium CID44971,cytospace,fcer2,0.0038025573167111,0.011672036677952745
Breast Visium CID44971,cytospace,rgma,0.0037805531617148,0.19174804201880374
Breast Visium CID44971,cytospace,klrg1,0.0031916599759885,0.05241214655110699
Breast Visium CID44971,cytospace,cbfa2t3,0.0030232288196316,0.045694749949342105
Breast Visium CID44971,cytospace,ptger2,0.0016973726460901,0.029098365253372425
Breast Visium CID44971,cytospace,snx22,-0.0012620212208551,0.0592806222522211
Breast Visium CID44971,cytospace,klrd1,-0.001783115868052,0.023003815408070342
Breast Visium CID44971,cytospace,sh2d1b,-0.0025984496889974,0.0
Breast Visium CID44971,cytospace,ncr1,-0.0027941403422984,0.0
Breast Visium CID44971,cytospace,fcrl1,-0.0064159862341585,0.0
Breast Visium CID44971,cytospace,asf1b,-0.0066659661112515,0.05787349186663653
Breast Visium CID44971,cytospace,cxcr5,-0.0087776721395701,0.0
Breast Visium CID44971,cytospace,jakmip1,-0.0088207276125645,0.0
Breast Visium CID44971,cytospace,cux1,-0.0089867416495591,0.19664281103244347
Breast Visium CID44971,cytospace,tmigd2,-0.0099417609799051,0.0
Breast Visium CID44971,cytospace,mgat2,-0.0102199650267635,0.13055096157338789
Breast Visium CID44971,cytospace,cd19,-0.0104185055381893,0.005357387859978981
Breast Visium CID44971,cytospace,vpreb3,-0.0118905453535227,0.0
Breast Visium CID44971,cytospace,arhgap24,-0.0137621873641475,0.06699417288953044
Breast Visium CID44971,cytospace,faslg,-0.0148542461459128,0.0
Breast Visium CID44971,cytospace,dhfr,-0.020705613376658,0.07326356423456536
Breast Visium CID44971,cytospace,lpcat4,-0.0221662964957329,0.1173275636408884
Breast Visium CID44971,cytospace,ppp2r5b,-0.032518990265638,0.09432395272821491
Breast Visium CID44971,cytospace,col1a1,0.5139354707382295,0.6462899261232605
Breast Visium CID44971,cytospace,col3a1,0.4736926350277712,0.6198933426189939
Breast Visium CID44971,cytospace,crabp1,0.4730728402226183,0.7521835466534642
Breast Visium CID44971,cytospace,hla-b,0.4698043187044965,0.9084664297567672
Breast Visium CID44971,cytospace,pfn1,0.4444244520990557,0.9457219880032278
Breast Visium CID44971,cytospace,sparc,0.4417822028456557,0.7440342446653769
Breast Visium CID44971,cytospace,rps12,0.4410495008548536,0.9853805017070054
Breast Visium CID44971,cytospace,dst,0.4337536619280911,0.6473150773011868
Breast Visium CID44971,cytospace,hla-dra,0.4227183507118831,0.6184966043686674
Breast Visium CID44971,cytospace,cd24,0.4128946171140013,0.7878125779610555
Breast Visium CID44971,cytospace,gapdh,0.4062811154786791,0.9689697537506149
Breast Visium CID44971,cytospace,eef1a1,0.4049981037280769,0.9940670865574696
Breast Visium CID44971,cytospace,hla-dqb1,0.4026143146623817,0.57852840395603
Breast Visium CID44971,cytospace,ifi27,0.4013157926760846,0.6369660134190926
Breast Visium CID44971,cytospace,ldhb,0.3989784536593792,0.8714018510670604
Breast Visium CID44971,cytospace,agr2,0.3936733929494022,0.44774397321932147
Breast Visium CID44971,cytospace,c1qb,0.3850471507971062,0.4496210199274103
Breast Visium CID44971,cytospace,srgn,0.3815440171707786,0.5657729992480072
Breast Visium CID44971,cytospace,epcam,0.3746946165474634,0.7206396724350675
Breast Visium CID44971,cytospace,rpl41,0.3692630640847985,0.9870503273596736
Breast Visium CID44971,cytospace,cnr2,0.3667222142817823,0.3701771047913361
Breast Visium CID44971,cytospace,snrpe,0.3665945448420232,0.7591633834585959
Breast Visium CID44971,cytospace,mlph,0.363314432005536,0.4500457518899421
Breast Visium CID44971,cytospace,azgp1,0.3619923626497313,0.6128396363911297
Breast Visium CID44971,cytospace,snrpd1,0.3370693475982053,0.6942032502147663
Breast Visium CID44971,cytospace,fxyd3,0.3178413821223556,0.5755136497783222
Breast Visium CID44971,cytospace,epas1,0.3161752971667889,0.4568133124413525
Breast Visium CID44971,cytospace,tspan7,0.3157800245916318,0.3531359979458444
Breast Visium CID44971,cytospace,plek,0.3135778265072831,0.38634209927789936
Breast Visium CID44971,cytospace,ppp1r14a,0.3097280655965431,0.46809392692738655
Breast Visium CID44971,cytospace,islr,0.3015744124456201,0.5429806465980065
Breast Visium CID44971,cytospace,col5a2,0.2986146675992825,0.4747633774271595
Breast Visium CID44971,cytospace,srp9,0.2931569793278237,0.7748591139830194
Breast Visium CID44971,cytospace,jun,0.2922037061384621,0.7236127176403014
Breast Visium CID44971,cytospace,serping1,0.289798037200039,0.6439001511781938
Breast Visium CID44971,cytospace,s100a11,0.2859124543940783,0.9328725575830433
Breast Visium CID44971,cytospace,sat1,0.2850626318081496,0.7447160174253252
Breast Visium CID44971,cytospace,rpl34,0.2845412139847529,0.9737435192183178
Breast Visium CID44971,cytospace,rpl15,0.2842502950476193,0.9754815103814217
Breast Visium CID44971,cytospace,cyr61,0.2806003037717304,0.6852888781031854
Breast Visium CID44971,cytospace,ptma,0.2788713900270995,0.9772823226014493
Breast Visium CID44971,cytospace,rps6,0.2774037145159516,0.9762179847386909
Breast Visium CID44971,cytospace,mdh2,0.2768765706096626,0.7563459891322332
Breast Visium CID44971,cytospace,zfp36,0.2736099642752862,0.778463456374138
Breast Visium CID44971,cytospace,arf1,0.2724565202728528,0.8536903741937479
Breast Visium CID44971,cytospace,hddc2,0.2722677545959872,0.6316531008472444
Breast Visium CID44971,cytospace,cxcl2,0.2664487966297925,0.44178623941899503
Breast Visium CID44971,cytospace,rpl35a,0.2633625572645023,0.9615618339882241
Breast Visium CID44971,cytospace,msr1,0.2581206972068992,0.3281460569711287
Breast Visium CID44971,cytospace,tacstd2,0.2578305226239054,0.6364869271813982
Breast Visium CID44971,cytospace,aff3,0.2575580590610537,0.3104018942878729
Breast Visium CID44971,cytospace,rpl27a,0.2543512285260326,0.925563464464418
Breast Visium CID44971,cytospace,grn,0.2539050465495571,0.721770388208818
Breast Visium CID44971,cytospace,rasal3,0.2509241984859051,0.31992890873771845
Breast Visium CID44971,cytospace,tpm1,0.2502007800279289,0.7293830272036166
Breast Visium CID44971,cytospace,cd247,0.2468176172430858,0.30153959171617106
Breast Visium CID44971,cytospace,cybb,0.2459207847607552,0.33012930598893764
Breast Visium CID44971,cytospace,il6st,0.2452690304490012,0.5532845236804793
Breast Visium CID44971,cytospace,hspg2,0.2452075429038384,0.4820889899701782
Breast Visium CID44971,cytospace,snrpd2,0.2440346995513505,0.8712936264980216
Breast Visium CID44971,cytospace,btf3,0.2430149511054211,0.8701526453936395
Breast Visium CID44971,cytospace,nutf2,0.2415009745081746,0.621791535404175
Breast Visium CID44971,cytospace,gimap7,0.2414693147650886,0.3340087554590434
Breast Visium CID44971,cytospace,cyba,0.2331270340490706,0.6788536057581972
Breast Visium CID44971,cytospace,dstn,0.2329583406901852,0.828431282169014
Breast Visium CID44971,cytospace,col17a1,0.2320273013673836,0.34416971962858933
Breast Visium CID44971,cytospace,aph1a,0.2299052772124359,0.7064203137715742
Breast Visium CID44971,cytospace,dynlt1,0.2298237098717138,0.7231173909828307
Breast Visium CID44971,cytospace,arpc1b,0.2240045431686632,0.5513767025106774
Breast Visium CID44971,cytospace,ctsk,0.2163401265409867,0.4307537704930444
Breast Visium CID44971,cytospace,rps3a,0.2158745281348962,0.9833877066286433
Breast Visium CID44971,cytospace,srpk1,0.2151682273629815,0.5256433600727114
Breast Visium CID44971,cytospace,map1b,0.208886953736835,0.37603969975728946
Breast Visium CID44971,cytospace,samhd1,0.206001102188812,0.4301716909492432
Breast Visium CID44971,cytospace,sell,0.2059987936646549,0.2843247556416812
Breast Visium CID44971,cytospace,rps27a,0.2016742976596816,0.9827089048587191
Breast Visium CID44971,cytospace,rps23,0.1995006400368604,0.9743260831887869
Breast Visium CID44971,cytospace,mt2a,0.1994092833111602,0.8562279776561423
Breast Visium CID44971,cytospace,palld,0.1976286452045299,0.5337630428024636
Breast Visium CID44971,cytospace,ifi16,0.1954897390549324,0.46341701350312814
Breast Visium CID44971,cytospace,rps25,0.1937654030347222,0.9693696138238909
Breast Visium CID44971,cytospace,cd99,0.1903552031872367,0.6288475489374984
Breast Visium CID44971,cytospace,il2rg,0.1899278926387028,0.329277047065219
Breast Visium CID44971,cytospace,ufc1,0.1888854745755329,0.6971655516051695
Breast Visium CID44971,cytospace,rnase1,0.1876910776981302,0.3344456275228632
Breast Visium CID44971,cytospace,capn8,0.1870508154192064,0.25694559809356593
Breast Visium CID44971,cytospace,ybx1,0.186516412649768,0.831119849430027
Breast Visium CID44971,cytospace,rps5,0.1856880572537255,0.9596450351002953
Breast Visium CID44971,cytospace,fam49b,0.1852047715394736,0.4771911443617727
Breast Visium CID44971,cytospace,emp1,0.1818067500223497,0.4236172422675408
Breast Visium CID44971,cytospace,rasef,0.1762554024459022,0.30463527728974354
Breast Visium CID44971,cytospace,serpinh1,0.1748831666751423,0.686035711337418
Breast Visium CID44971,cytospace,rnaset2,0.1736340745931449,0.5887616634290916
Breast Visium CID44971,cytospace,gas6,0.1733630297570623,0.5354472671966778
Breast Visium CID44971,cytospace,anxa3,0.1725441158792616,0.41768281289373194
Breast Visium CID44971,cytospace,il3ra,0.1712217141300503,0.2206290002041442
Breast Visium CID44971,cytospace,kif12,0.169072195612334,0.22601959607650457
Breast Visium CID44971,cytospace,cd63,0.1684305554924557,0.8754592195208901
Breast Visium CID44971,cytospace,myadm,0.1682972743700617,0.5699416311051955
Breast Visium CID44971,cytospace,plac9,0.1676131885854256,0.2834851005022772
Breast Visium CID44971,cytospace,gnai2,0.1642646349821069,0.545118238797211
Breast Visium CID44971,cytospace,reep5,0.1630459613996941,0.6021650462252737
Breast Visium CID44971,cytospace,tigit,0.1611686255725136,0.2148537901918877
Breast Visium CID44971,cytospace,fcgr2a,0.1604658936744091,0.27902902935580387
Breast Visium CID44971,cytospace,tnfrsf25,0.1598017364766665,0.22003172617815353
Breast Visium CID44971,cytospace,rps20,0.1577182610695743,0.8268629710689911
Breast Visium CID44971,cytospace,vps72,0.1532349521713861,0.4781283618228388
Breast Visium CID44971,cytospace,march1,0.1510853785598623,0.21103325225705805
Breast Visium CID44971,cytospace,pmepa1,0.1509529717157031,0.33635954955062514
Breast Visium CID44971,cytospace,nr2f1,0.1506920544086216,0.3073244279316618
Breast Visium CID44971,cytospace,dok2,0.1494308898440691,0.23010826881254884
Breast Visium CID44971,cytospace,hbegf,0.1483056763598681,0.2615170015451662
Breast Visium CID44971,cytospace,tpt1,0.1476840518769365,0.9803543481937822
Breast Visium CID44971,cytospace,kdelr2,0.1461168664295236,0.6827051912554191
Breast Visium CID44971,cytospace,itm2a,0.1461003634410835,0.39388096063032074
Breast Visium CID44971,cytospace,cd69,0.1448576052689106,0.23977646931817728
Breast Visium CID44971,cytospace,gem,0.1417540062001285,0.37734705217033404
Breast Visium CID44971,cytospace,traf4,0.1369370498961435,0.5574547940410571
Breast Visium CID44971,cytospace,phactr1,0.1369049490630705,0.204576256693287
Breast Visium CID44971,cytospace,ndufa4l2,0.1365959040657688,0.2283003336347546
Breast Visium CID44971,cytospace,linc00861,0.1345204268177696,0.16738773188140768
Breast Visium CID44971,cytospace,bcam,0.1343764543491213,0.38766793821969886
Breast Visium CID44971,cytospace,rassf2,0.1340756001914678,0.25901862282013605
Breast Visium CID44971,cytospace,mctp1,0.1338730465140144,0.16805437584836283
Breast Visium CID44971,cytospace,pdia4,0.1335998427151545,0.5802046578458936
Breast Visium CID44971,cytospace,man2b1,0.1331629153892645,0.2112881775962468
Breast Visium CID44971,cytospace,krt81,0.1331522494534957,0.186287004373779
Breast Visium CID44971,cytospace,acbd6,0.1322002565330964,0.47352028006919855
Breast Visium CID44971,cytospace,il16,0.1309006479559585,0.22385191753779898
Breast Visium CID44971,cytospace,hsp90aa1,0.1302229860075963,0.9247704385244522
Breast Visium CID44971,cytospace,ier3,0.1299775216105353,0.5685198996286038
Breast Visium CID44971,cytospace,reep6,0.1295192856005884,0.23326060084926117
Breast Visium CID44971,cytospace,tmed2,0.128686064295081,0.7085494688547593
Breast Visium CID44971,cytospace,c1orf54,0.1286654310733816,0.24945372436610103
Breast Visium CID44971,cytospace,stom,0.1272047336087016,0.497970431228721
Breast Visium CID44971,cytospace,mfge8,0.1261439423044553,0.6737109490343385
Breast Visium CID44971,cytospace,nedd9,0.1234071759313826,0.36021215612083224
Breast Visium CID44971,cytospace,tie1,0.1228058172197653,0.16259306942977206
Breast Visium CID44971,cytospace,plpp5,0.121889314302277,0.3657661641933071
Breast Visium CID44971,cytospace,sod3,0.1186084298411903,0.21538907015082295
Breast Visium CID44971,cytospace,cxcl16,0.1177907691160165,0.4280823091092169
Breast Visium CID44971,cytospace,rapgef3,0.1175885896788285,0.1710846373482718
Breast Visium CID44971,cytospace,aif1l,0.11711846111268,0.3427821235376331
Breast Visium CID44971,cytospace,h2afy,0.1152833875627356,0.6014280288318921
Breast Visium CID44971,cytospace,limd2,0.1139756999859448,0.38180810978388735
Breast Visium CID44971,cytospace,erg,0.1134448854935838,0.16143975762792762
Breast Visium CID44971,cytospace,gpr65,0.1109273538141687,0.16663091444031344
Breast Visium CID44971,cytospace,nes,0.1102477407476053,0.383685074722897
Breast Visium CID44971,cytospace,tacc1,0.1090893968527517,0.34078296595112206
Breast Visium CID44971,cytospace,lmcd1,0.1085505039260283,0.2593628786917287
Breast Visium CID44971,cytospace,sec62,0.1072666915230599,0.5894719114515917
Breast Visium CID44971,cytospace,tmem98,0.1072124949673816,0.32718546152795647
Breast Visium CID44971,cytospace,irf7,0.1050650312581348,0.3218075603858487
Breast Visium CID44971,cytospace,atp2b1,0.1038994179150023,0.3912394815511706
Breast Visium CID44971,cytospace,tspan13,0.1027214084759548,0.4026686221586735
Breast Visium CID44971,cytospace,tpst2,0.1022419538989151,0.29286837362547286
Breast Visium CID44971,cytospace,runx3,0.1003518583990499,0.17703862846253623
Breast Visium CID44971,cytospace,vps29,0.0987148153471558,0.5730642229140951
Breast Visium CID44971,cytospace,uqcrb,0.0986322484723073,0.8611277335172196
Breast Visium CID44971,cytospace,klf6,0.0965025658560745,0.7571616282711908
Breast Visium CID44971,cytospace,sdf2l1,0.0953892831375394,0.34623703744162077
Breast Visium CID44971,cytospace,igf1,0.0948513512709165,0.2632533003856493
Breast Visium CID44971,cytospace,cd79b,0.0945721034121155,0.15862741965921504
Breast Visium CID44971,cytospace,rbp7,0.0938335001526328,0.17811019222216404
Breast Visium CID44971,cytospace,rbm47,0.0930350686630351,0.3564746595588308
Breast Visium CID44971,cytospace,fam110d,0.0924146188569696,0.11625069357422743
Breast Visium CID44971,cytospace,mgll,0.0910145006360738,0.2628924472444985
Breast Visium CID44971,cytospace,emb,0.0898221866616459,0.20539576198293102
Breast Visium CID44971,cytospace,cldn5,0.0894237883008402,0.14771272730290866
Breast Visium CID44971,cytospace,fbln5,0.0888879804477564,0.2652315170575059
Breast Visium CID44971,cytospace,prkch,0.0886468689060003,0.2084826682522974
Breast Visium CID44971,cytospace,arid5b,0.0883458770090618,0.4235761264847363
Breast Visium CID44971,cytospace,il33,0.0870588690112736,0.1623999483000473
Breast Visium CID44971,cytospace,ednrb,0.086420743904902,0.17952110307024433
Breast Visium CID44971,cytospace,foxs1,0.0846534664644844,0.11197141773345885
Breast Visium CID44971,cytospace,mef2c,0.0838927962518254,0.21131611354404972
Breast Visium CID44971,cytospace,pik3r3,0.0834515736463056,0.34801046867711904
Breast Visium CID44971,cytospace,cisd2,0.0825679714718725,0.38725386878541607
Breast Visium CID44971,cytospace,akap12,0.0824166040082509,0.19019618554471118
Breast Visium CID44971,cytospace,lrrc26,0.0822337255569152,0.18266901852691533
Breast Visium CID44971,cytospace,abi3,0.0807235076830201,0.1682867032735181
Breast Visium CID44971,cytospace,ighm,0.0791556189138179,0.13833945762340735
Breast Visium CID44971,cytospace,app,0.0774475428825154,0.7577394780800017
Breast Visium CID44971,cytospace,rnf130,0.0764679017752972,0.49934071057455437
Breast Visium CID44971,cytospace,rhoh,0.0762355424746488,0.17437550312605282
Breast Visium CID44971,cytospace,rasgrp2,0.0744714656684304,0.1601503367795774
Breast Visium CID44971,cytospace,dgka,0.0738023441422528,0.20832768249341607
Breast Visium CID44971,cytospace,eif1,0.0737260222309554,0.9193840850681803
Breast Visium CID44971,cytospace,leprotl1,0.0724797522289545,0.3723096692348329
Breast Visium CID44971,cytospace,fam177a1,0.071485690918203,0.4542316819172366
Breast Visium CID44971,cytospace,alox5,0.0674291171208066,0.15931836386352943
Breast Visium CID44971,cytospace,krt86,0.0665813872576897,0.10939391324989421
Breast Visium CID44971,cytospace,rpl13a,0.0655938387492571,0.9416090035274641
Breast Visium CID44971,cytospace,foxp3,0.0652303868301542,0.09915847218355636
Breast Visium CID44971,cytospace,rabep1,0.0606670708195969,0.3306628650866969
Breast Visium CID44971,cytospace,cox4i2,0.060187659594588,0.10403264256085651
Breast Visium CID44971,cytospace,cdc42ep3,0.0584873389896887,0.24628518316985448
Breast Visium CID44971,cytospace,c1qtnf1,0.0581395055578683,0.16180216818719942
Breast Visium CID44971,cytospace,clmn,0.0565657917400623,0.26660756794846097
Breast Visium CID44971,cytospace,ccpg1,0.0556257009730648,0.30050934752141084
Breast Visium CID44971,cytospace,znf503,0.0554132344362637,0.17923980075434506
Breast Visium CID44971,cytospace,eaf2,0.055222661409092,0.10092465701407491
Breast Visium CID44971,cytospace,notch4,0.0550206662380321,0.13959266457862232
Breast Visium CID44971,cytospace,linc01197,0.0545384787579216,0.06646055419356249
Breast Visium CID44971,cytospace,magi1,0.0539755408187177,0.24654517991075678
Breast Visium CID44971,cytospace,acadvl,0.0533223233005355,0.6893130947659221
Breast Visium CID44971,cytospace,ednra,0.0522382561733326,0.15480361506625206
Breast Visium CID44971,cytospace,tmem109,0.0512956642829617,0.4064688546652003
Breast Visium CID44971,cytospace,atp1a1,0.0512731501640899,0.5868653185507385
Breast Visium CID44971,cytospace,tmem173,0.0509492340618826,0.2364787204973942
Breast Visium CID44971,cytospace,parva,0.0502932093209362,0.3934715078304317
Breast Visium CID44971,cytospace,arc,0.0500145674091897,0.09706508685923264
Breast Visium CID44971,cytospace,or51e1,0.0492418550309339,0.05995784632263708
Breast Visium CID44971,cytospace,nr2f2,0.0475161275006002,0.26731847532144937
Breast Visium CID44971,cytospace,cd40,0.0443057541575803,0.18501301862109354
Breast Visium CID44971,cytospace,rpl7,0.0438453449326345,0.936542106277549
Breast Visium CID44971,cytospace,derl3,0.0438162669376963,0.09175228139092832
Breast Visium CID44971,cytospace,capn12,0.0430846757570179,0.09539783982649033
Breast Visium CID44971,cytospace,bach2,0.0423988551159158,0.11236477672540786
Breast Visium CID44971,cytospace,snrnp25,0.0421330150245282,0.3308201663218606
Breast Visium CID44971,cytospace,stim1,0.0418139187107228,0.18299602765861014
Breast Visium CID44971,cytospace,b4galt7,0.0416936340401206,0.18857547380890363
Breast Visium CID44971,cytospace,creld2,0.0411250733122106,0.2555343522570233
Breast Visium CID44971,cytospace,golgb1,0.0409949934623528,0.44698401414202943
Breast Visium CID44971,cytospace,rpa3,0.040402762488816,0.37651838447374864
Breast Visium CID44971,cytospace,frmd3,0.040287766426696,0.09413156618495
Breast Visium CID44971,cytospace,spcs3,0.0399737133913096,0.4450150950438123
Breast Visium CID44971,cytospace,cyb561a3,0.0393890684751707,0.30409546829413675
Breast Visium CID44971,cytospace,ralgps2,0.0391243289082241,0.10361906267348624
Breast Visium CID44971,cytospace,ptpn4,0.0391010072941446,0.15807971757907635
Breast Visium CID44971,cytospace,lyst,0.038036622634349,0.13546954330918354
Breast Visium CID44971,cytospace,plekhf1,0.0378391053791729,0.13554521404895753
Breast Visium CID44971,cytospace,snx29,0.0362980700716993,0.15246650030962747
Breast Visium CID44971,cytospace,aqp3,0.0344053682634104,0.1804514172052699
Breast Visium CID44971,cytospace,gucy1a2,0.0334480456314467,0.06077515467567401
Breast Visium CID44971,cytospace,dek,0.0327939315513734,0.5938022463104696
Breast Visium CID44971,cytospace,cdk2ap2,0.0326183677383475,0.3867586772650299
Breast Visium CID44971,cytospace,cdkn3,0.0322963379798205,0.11171097744022902
Breast Visium CID44971,cytospace,pnpla2,0.0285933849762994,0.5246456984503125
Breast Visium CID44971,cytospace,sh3pxd2b,0.0275406558427456,0.21174246742208228
Breast Visium CID44971,cytospace,znf331,0.0271501046590869,0.22723897013650973
Breast Visium CID44971,cytospace,ppp1ca,0.0267567241244915,0.625836930927287
Breast Visium CID44971,cytospace,ier2,0.0256597207397244,0.6985325364187241
Breast Visium CID44971,cytospace,mei1,0.0248960763652936,0.05064344270795393
Breast Visium CID44971,cytospace,slc3a2,0.0243609678604294,0.5903301519068432
Breast Visium CID44971,cytospace,hm13,0.0234301808576795,0.578384421233887
Breast Visium CID44971,cytospace,dennd2d,0.0234055141348165,0.2708050997946061
Breast Visium CID44971,cytospace,ttc38,0.0227036453434318,0.13639380857125566
Breast Visium CID44971,cytospace,eif4b,0.0221043445739228,0.7352028150082691
Breast Visium CID44971,cytospace,fancb,0.0219330151874715,0.056074938621178454
Breast Visium CID44971,cytospace,gapt,0.0217610615965218,0.056977635997306895
Breast Visium CID44971,cytospace,dusp4,0.0215216618091993,0.3041518207002288
Breast Visium CID44971,cytospace,ap1s2,0.0186029843328392,0.2607037517355678
Breast Visium CID44971,cytospace,fxyd6,0.0185836216367382,0.2633832250572216
Breast Visium CID44971,cytospace,dnajc1,0.0178871869438311,0.2678075350845161
Breast Visium CID44971,cytospace,hla-dob,0.0177832730715053,0.06766787885368532
Breast Visium CID44971,cytospace,usp28,0.0167422636007416,0.1882960861553131
Breast Visium CID44971,cytospace,nt5e,0.0164320891044475,0.0640323342044248
Breast Visium CID44971,cytospace,adgrg1,0.0162143760343513,0.29389009603809907
Breast Visium CID44971,cytospace,pax5,0.0154150875191094,0.019998753204988076
Breast Visium CID44971,cytospace,map3k7cl,0.0145698019490812,0.047639270133959744
Breast Visium CID44971,cytospace,dck,0.0145359824810594,0.1894399832408222
Breast Visium CID44971,cytospace,inpp4b,0.0143465623996793,0.10799672700130668
Breast Visium CID44971,cytospace,rasl12,0.013626498019942,0.09817065664154769
Breast Visium CID44971,cytospace,ephx1,0.0132201580240968,0.39412552854116284
Breast Visium CID44971,cytospace,znf808,0.0131540902881152,0.061779133862572895
Breast Visium CID44971,cytospace,klrf1,0.0114340223997129,0.026137388905424656
Breast Visium CID44971,cytospace,hrc,0.0081837460302879,0.021094742292015002
Breast Visium CID44971,cytospace,id2,0.0059919438086692,0.4411172141291157
Breast Visium CID44971,cytospace,ccdc88a,0.0043866311534471,0.18498171864828208
Breast Visium CID44971,cytospace,eomes,0.0040349744820236,0.03019937619627959
Breast Visium CID44971,cytospace,trg-as1,0.0037553531096913,0.025335849952297183
Breast Visium CID44971,cytospace,rcsd1,0.0036920319966814,0.17200022784296728
Breast Visium CID44971,cytospace,dbnl,0.0019854142782676,0.36373688300141244
Breast Visium CID44971,cytospace,fcmr,-0.0025358944037304,0.07659416336008969
Breast Visium CID44971,cytospace,ighd,-0.0030862637892921,0.0
Breast Visium CID44971,cytospace,spink2,-0.0036564714949175,0.0
Breast Visium CID44971,cytospace,myd88,-0.0037076381000598,0.21517075965310933
Breast Visium CID44971,cytospace,syne1,-0.0050429912753255,0.13030664663350766
Breast Visium CID44971,cytospace,pnoc,-0.0058936761668707,0.0
Breast Visium CID44971,cytospace,abhd15,-0.0064911861473584,0.03215599226752341
Breast Visium CID44971,cytospace,tcl1a,-0.0066456113938935,0.0
Breast Visium CID44971,cytospace,trgc1,-0.0069092393089376,0.0
Breast Visium CID44971,cytospace,ccr4,-0.0071502228581045,0.0
Breast Visium CID44971,cytospace,mir222hg,-0.0079940924881533,0.05538437560524459
Breast Visium CID44971,cytospace,xcl2,-0.0082107523822535,0.0129582523821353
Breast Visium CID44971,cytospace,cpne5,-0.0096284570955879,0.021858012243124857
Breast Visium CID44971,cytospace,tbx21,-0.0100731022939762,0.0
Breast Visium CID44971,cytospace,gpihbp1,-0.0107399761825175,0.023251296784175396
Breast Visium CID44971,cytospace,map3k8,-0.0114805764697309,0.21693059437395215
Breast Visium CID44971,cytospace,gnly,-0.0186165492336779,0.013137315654828879
Breast Visium CID44971,cytospace,tmed9,-0.0228912990436179,0.5378368688696257
Breast Visium CID44971,cytospace,taf15,-0.0418398912402201,0.3580069547370581
Breast Visium CID44971,cytospace,hspa1b,-0.0461137464842539,0.43749064094366275
Breast Visium CID44971,cytospace,shc1,-0.0563182889043584,0.32483865664735845
Breast Visium CID44971,cytospace,tmsb4x,0.5327830240013981,0.8908532642165911
Breast Visium CID44971,cytospace,mgst1,0.5064972803223932,0.7935073516217896
Breast Visium CID44971,cytospace,abracl,0.4177918140024249,0.7227468382537668
Breast Visium CID44971,cytospace,pfn2,0.409212850415236,0.707999367933702
Breast Visium CID44971,cytospace,dusp1,0.4068877328395721,0.7986459469150305
Breast Visium CID44971,cytospace,mrpl51,0.402795836805607,0.8019823078231552
Breast Visium CID44971,cytospace,lum,0.3885373588001302,0.5898048446668458
Breast Visium CID44971,cytospace,igfbp4,0.3866905856908651,0.7578961378302873
Breast Visium CID44971,cytospace,fkbp4,0.3849046072993149,0.7649638194597977
Breast Visium CID44971,cytospace,vwf,0.3848169603219816,0.4413670814065252
Breast Visium CID44971,cytospace,hla-dqa1,0.3818745119940003,0.5074705779246858
Breast Visium CID44971,cytospace,pfdn2,0.3792807714209025,0.7489726555580033
Breast Visium CID44971,cytospace,cd53,0.3614592406647692,0.4694115712848827
Breast Visium CID44971,cytospace,hla-dpb1,0.3567503550560659,0.5776886757189096
Breast Visium CID44971,cytospace,lyz,0.3509727751663707,0.4349599150890716
Breast Visium CID44971,cytospace,plvap,0.3494072489596834,0.4241325935716381
Breast Visium CID44971,cytospace,rpl30,0.3432300873812504,0.9837964661254037
Breast Visium CID44971,cytospace,fbxo32,0.3399410458561767,0.5689119732579758
Breast Visium CID44971,cytospace,id3,0.3344951755742074,0.540988321983282
Breast Visium CID44971,cytospace,rps14,0.3255333420094231,0.9750740738610751
Breast Visium CID44971,cytospace,lsm4,0.3231344528749272,0.6892475812703565
Breast Visium CID44971,cytospace,rps24,0.3184818843628814,0.9723461934442721
Breast Visium CID44971,cytospace,sema3c,0.3159385213938638,0.4414089008857363
Breast Visium CID44971,cytospace,txnl1,0.3128229014603432,0.7222345969841264
Breast Visium CID44971,cytospace,mt1x,0.3119599125545354,0.7489327533294657
Breast Visium CID44971,cytospace,cd68,0.3092720175556476,0.43928560362743097
Breast Visium CID44971,cytospace,sparcl1,0.3076067462699975,0.6391594781208203
Breast Visium CID44971,cytospace,tpd52l1,0.3014728902310582,0.6824025607221692
Breast Visium CID44971,cytospace,rps18,0.2991522657869618,0.9852226677716208
Breast Visium CID44971,cytospace,fcer1g,0.2945096474833404,0.3973216846760663
Breast Visium CID44971,cytospace,tpm2,0.2865053014549118,0.6227353771563496
Breast Visium CID44971,cytospace,rplp0,0.2843663570235381,0.974870993205216
Breast Visium CID44971,cytospace,hla-dma,0.282088615616134,0.46700767073741556
Breast Visium CID44971,cytospace,ptafr,0.2807191741126795,0.32789625067266637
Breast Visium CID44971,cytospace,ca12,0.2794816786050419,0.34555800926663033
Breast Visium CID44971,cytospace,s100a4,0.2746069172424672,0.5728269250655342
Breast Visium CID44971,cytospace,prdx1,0.2679523590977402,0.8969243480982262
Breast Visium CID44971,cytospace,ctsh,0.2670016619867305,0.5844541578134481
Breast Visium CID44971,cytospace,rbm17,0.2628405477015021,0.7056866158130104
Breast Visium CID44971,cytospace,mmp2,0.2572114589336663,0.4790212472037463
Breast Visium CID44971,cytospace,phb2,0.2562586459188931,0.8123656889515267
Breast Visium CID44971,cytospace,dmkn,0.2543799999083699,0.4397642820093926
Breast Visium CID44971,cytospace,aqp1,0.2537938480544696,0.3940401051376416
Breast Visium CID44971,cytospace,mpc2,0.2494991604795276,0.6512261542309981
Breast Visium CID44971,cytospace,zg16b,0.2463234781153075,0.3350452668822273
Breast Visium CID44971,cytospace,junb,0.2397285101587734,0.7161299710092798
Breast Visium CID44971,cytospace,olfml3,0.2380913151442583,0.43210962492613575
Breast Visium CID44971,cytospace,csrp1,0.2380889563669894,0.7462657062782264
Breast Visium CID44971,cytospace,ran,0.2379427975574378,0.8203798662050028
Breast Visium CID44971,cytospace,adam12,0.230949613483851,0.3575776433950275
Breast Visium CID44971,cytospace,mfap2,0.2303011274342795,0.5225603303851725
Breast Visium CID44971,cytospace,cd37,0.2285688754864619,0.36257288878783256
Breast Visium CID44971,cytospace,prdx6,0.2267945339324848,0.8001865586488114
Breast Visium CID44971,cytospace,rpl22,0.2263625741111223,0.958495912382551
Breast Visium CID44971,cytospace,loxl1,0.2261355325771575,0.3364081684571616
Breast Visium CID44971,cytospace,ppa1,0.2242629207576112,0.7499469900400464
Breast Visium CID44971,cytospace,lgals3bp,0.2240389744608124,0.5869975607657536
Breast Visium CID44971,cytospace,krt15,0.2197409893293843,0.6386669045535692
Breast Visium CID44971,cytospace,fcgr3a,0.2189208567699652,0.31102059263657517
Breast Visium CID44971,cytospace,spi1,0.2187898450584532,0.31648558152055467
Breast Visium CID44971,cytospace,rac2,0.2181695506526633,0.3787828636125641
Breast Visium CID44971,cytospace,cd48,0.2143310277473469,0.3174094339791797
Breast Visium CID44971,cytospace,npc2,0.2132084447502599,0.7602480060202683
Breast Visium CID44971,cytospace,btg2,0.2131566757097069,0.5310946076226086
Breast Visium CID44971,cytospace,cdh1,0.2116051159956202,0.5008709244917381
Breast Visium CID44971,cytospace,crip2,0.2087507579577721,0.5832948394970108
Breast Visium CID44971,cytospace,mt-co3,0.2081876268552101,0.9770332666250481
Breast Visium CID44971,cytospace,ms4a6a,0.2052340867744994,0.3090665371362001
Breast Visium CID44971,cytospace,shroom3,0.2031909267891077,0.3366576427593176
Breast Visium CID44971,cytospace,fgl2,0.202414905404214,0.34342658321415787
Breast Visium CID44971,cytospace,sox17,0.2012646348587931,0.2268349289114446
Breast Visium CID44971,cytospace,trat1,0.2005915037808643,0.21977466113744631
Breast Visium CID44971,cytospace,ucp2,0.1963299429810696,0.3558225641279565
Breast Visium CID44971,cytospace,krt8,0.1957039678003905,0.7029107927668107
Breast Visium CID44971,cytospace,snx3,0.1933881811727165,0.7902117811264989
Breast Visium CID44971,cytospace,tnfaip3,0.1929514170599842,0.4217512510816805
Breast Visium CID44971,cytospace,itm2b,0.1910788711701223,0.9140116287760599
Breast Visium CID44971,cytospace,gja4,0.1880083330978633,0.25459861001092776
Breast Visium CID44971,cytospace,batf,0.1874929507697254,0.28223710612049857
Breast Visium CID44971,cytospace,cytip,0.1849352330712941,0.2892765221463911
Breast Visium CID44971,cytospace,ccna2,0.1842186865499607,0.2532121051426242
Breast Visium CID44971,cytospace,cd6,0.1826756969648434,0.26361287563825164
Breast Visium CID44971,cytospace,dkk3,0.1818571840876791,0.39096775396240996
Breast Visium CID44971,cytospace,cd3d,0.1799464420596133,0.28466960996387486
Breast Visium CID44971,cytospace,lat2,0.1768060534055762,0.24174330549231254
Breast Visium CID44971,cytospace,col4a2,0.1759003773499478,0.5868115248974848
Breast Visium CID44971,cytospace,pdzk1ip1,0.174482984121317,0.37148106177525925
Breast Visium CID44971,cytospace,arrb2,0.1741988018935416,0.3671075326864904
Breast Visium CID44971,cytospace,cd34,0.1734503588979985,0.2723292997242292
Breast Visium CID44971,cytospace,ikzf1,0.1713758944997979,0.2527005245652559
Breast Visium CID44971,cytospace,slc2a3,0.1707060143094646,0.32890031430091643
Breast Visium CID44971,cytospace,itgb7,0.1705160410996603,0.23572495121965437
Breast Visium CID44971,cytospace,hcls1,0.1697898539596951,0.31720361536729824
Breast Visium CID44971,cytospace,trem2,0.1668192886240147,0.2935825429532339
Breast Visium CID44971,cytospace,cpvl,0.1664330384821236,0.2826509823148882
Breast Visium CID44971,cytospace,ywhae,0.1655108416132419,0.8007890180454523
Breast Visium CID44971,cytospace,gpx3,0.1650801098959595,0.2957391698114202
Breast Visium CID44971,cytospace,ranbp1,0.1648427594895778,0.6171648422885873
Breast Visium CID44971,cytospace,sash3,0.1612227015155247,0.23192104307082131
Breast Visium CID44971,cytospace,tmem204,0.160738374540922,0.28880028610555736
Breast Visium CID44971,cytospace,s100a16,0.1586082235204851,0.5458462340820829
Breast Visium CID44971,cytospace,gmfg,0.1572573619279759,0.3425553561990659
Breast Visium CID44971,cytospace,pdgfrb,0.1563960633628585,0.3670885749981153
Breast Visium CID44971,cytospace,mt-atp8,0.1558256979312361,0.6756453867224594
Breast Visium CID44971,cytospace,spry1,0.1548124304047594,0.36747751172874843
Breast Visium CID44971,cytospace,ccl5,0.1533821268157313,0.3874663340610606
Breast Visium CID44971,cytospace,wls,0.1528436918111706,0.34266754788198434
Breast Visium CID44971,cytospace,clec11a,0.1526027568769848,0.39244238487554406
Breast Visium CID44971,cytospace,pstpip1,0.1521994963927674,0.2163510127813276
Breast Visium CID44971,cytospace,tmem106c,0.1506625904064635,0.4841509937825982
Breast Visium CID44971,cytospace,prdx4,0.1502688578931596,0.5855922354576318
Breast Visium CID44971,cytospace,slamf7,0.1500368171840614,0.21642323646682246
Breast Visium CID44971,cytospace,ccl4,0.1497973013321764,0.2828727599673452
Breast Visium CID44971,cytospace,atp1b1,0.1484801022257129,0.5327700298320712
Breast Visium CID44971,cytospace,glt8d2,0.1483847289995386,0.28233531420687796
Breast Visium CID44971,cytospace,lgals9,0.1480042316807769,0.3136998289434151
Breast Visium CID44971,cytospace,atp6v0e1,0.1473546210596568,0.7297225838993096
Breast Visium CID44971,cytospace,uba52,0.1461523465643193,0.9540310850821209
Breast Visium CID44971,cytospace,cdk1,0.1434914181297708,0.242553284858809
Breast Visium CID44971,cytospace,npm1,0.1433706060191544,0.8505146804865906
Breast Visium CID44971,cytospace,tpst1,0.142311096629343,0.24781841553495335
Breast Visium CID44971,cytospace,sh3yl1,0.1421305165335621,0.522358459046417
Breast Visium CID44971,cytospace,crispld2,0.141751096231323,0.3390088537985643
Breast Visium CID44971,cytospace,apold1,0.139922488098211,0.27780251491202
Breast Visium CID44971,cytospace,pilra,0.13956150214631,0.20297704998896196
Breast Visium CID44971,cytospace,saraf,0.1371914102673969,0.7181652279002462
Breast Visium CID44971,cytospace,hspa5,0.1364226322400462,0.7076048567767244
Breast Visium CID44971,cytospace,edn1,0.1363008213821597,0.23735909168202196
Breast Visium CID44971,cytospace,stard10,0.1361147082263053,0.4394006278662423
Breast Visium CID44971,cytospace,slc9a3r1,0.1346825523258373,0.5742064713337384
Breast Visium CID44971,cytospace,trbc1,0.1343347899964345,0.21355560388544947
Breast Visium CID44971,cytospace,ldlrad4,0.1338932918259331,0.24753967573898397
Breast Visium CID44971,cytospace,cd59,0.1330927496653807,0.8091812623673897
Breast Visium CID44971,cytospace,cd36,0.1319856669375545,0.23944616917916434
Breast Visium CID44971,cytospace,gzma,0.131110736382491,0.22531821890925258
Breast Visium CID44971,cytospace,cd3e,0.1304739185684703,0.2656746427816479
Breast Visium CID44971,cytospace,fam167b,0.1295079028874497,0.17294251192394447
Breast Visium CID44971,cytospace,ggt5,0.1294041377269796,0.35143184410359657
Breast Visium CID44971,cytospace,tmem154,0.1258755313582848,0.16940569419808435
Breast Visium CID44971,cytospace,lyn,0.1242695346941391,0.23882082954776873
Breast Visium CID44971,cytospace,hnrnpa0,0.1238413755419423,0.7023811640407599
Breast Visium CID44971,cytospace,cap1,0.1222172168970329,0.6607484912633541
Breast Visium CID44971,cytospace,lman2,0.1221624002524308,0.5885313561696746
Breast Visium CID44971,cytospace,aldh2,0.1221149221614694,0.27193392967828023
Breast Visium CID44971,cytospace,eif3h,0.1211354593626636,0.7520718595649315
Breast Visium CID44971,cytospace,cd7,0.1207156664369508,0.22200777491119314
Breast Visium CID44971,cytospace,oaz1,0.1194790003536706,0.8703146756984226
Breast Visium CID44971,cytospace,dusp6,0.1189660857062864,0.3608836625129604
Breast Visium CID44971,cytospace,rnase4,0.118379854774322,0.2895214071669516
Breast Visium CID44971,cytospace,krt5,0.1171011821293293,0.5321036239804344
Breast Visium CID44971,cytospace,cd28,0.1130725073143088,0.1371030075384121
Breast Visium CID44971,cytospace,sec11c,0.1125577709690419,0.5338312244516594
Breast Visium CID44971,cytospace,socs1,0.1121766377110299,0.3212644866185366
Breast Visium CID44971,cytospace,ssr4,0.1120509766565273,0.8403793307554069
Breast Visium CID44971,cytospace,rpl36a,0.1112384710352036,0.8166417452724606
Breast Visium CID44971,cytospace,comt,0.1094668561244406,0.5906306323061389
Breast Visium CID44971,cytospace,rgs19,0.109336431186013,0.3137052188723712
Breast Visium CID44971,cytospace,h3f3b,0.1093298059720778,0.9307364111438327
Breast Visium CID44971,cytospace,rpl8,0.1085419552855563,0.9749152103120141
Breast Visium CID44971,cytospace,impdh2,0.1079800904222596,0.6752934333373205
Breast Visium CID44971,cytospace,lmnb1,0.1076281675220332,0.20061461212111603
Breast Visium CID44971,cytospace,zwint,0.1071674421616968,0.2244205201109266
Breast Visium CID44971,cytospace,atf3,0.1064845317178952,0.510039286471838
Breast Visium CID44971,cytospace,eid1,0.1056668019621742,0.5955624896122058
Breast Visium CID44971,cytospace,sla,0.1045243585259446,0.20936794933137706
Breast Visium CID44971,cytospace,cflar,0.101515784613982,0.4901836316355616
Breast Visium CID44971,cytospace,mall,0.1006719328527435,0.1740724847106591
Breast Visium CID44971,cytospace,krtcap2,0.0999021439092151,0.670836438890598
Breast Visium CID44971,cytospace,msrb3,0.099022502120065,0.2529968252979764
Breast Visium CID44971,cytospace,cd27,0.0953325852886055,0.1735266994565403
Breast Visium CID44971,cytospace,hla-doa,0.093711326051859,0.17757304144940775
Breast Visium CID44971,cytospace,pttg1,0.0921047132995286,0.27608589776801856
Breast Visium CID44971,cytospace,filip1l,0.0916203203955902,0.2331740219972647
Breast Visium CID44971,cytospace,thbd,0.0908324906209896,0.17078511547166272
Breast Visium CID44971,cytospace,mnda,0.0891144777284089,0.15031765200526914
Breast Visium CID44971,cytospace,pycard,0.0883811540946201,0.5186142057068497
Breast Visium CID44971,cytospace,hck,0.0882449626363384,0.15704789712965153
Breast Visium CID44971,cytospace,laptm4a,0.0868512645369296,0.8261076240174662
Breast Visium CID44971,cytospace,tmc4,0.0866753520900219,0.2743424249520192
Breast Visium CID44971,cytospace,ehd4,0.0859667299588912,0.31341071861266284
Breast Visium CID44971,cytospace,cobl,0.0859029442794741,0.21727306748222275
Breast Visium CID44971,cytospace,igfbp2,0.0856353105838316,0.3128802082235658
Breast Visium CID44971,cytospace,sgce,0.0849323807727039,0.2533303714312478
Breast Visium CID44971,cytospace,vmp1,0.0831553388323978,0.6451412815679406
Breast Visium CID44971,cytospace,fam20a,0.0823286300346707,0.18837730220650536
Breast Visium CID44971,cytospace,lag3,0.0812087919930036,0.17191366333135438
Breast Visium CID44971,cytospace,ddx39a,0.0808416030352237,0.4401962639890732
Breast Visium CID44971,cytospace,plpp3,0.0807845159473156,0.46252302925423006
Breast Visium CID44971,cytospace,pced1b,0.0803721180939629,0.15258957531123035
Breast Visium CID44971,cytospace,ebf1,0.080078580944008,0.17261134029726166
Breast Visium CID44971,cytospace,pak1,0.0798075149055666,0.3584497346890058
Breast Visium CID44971,cytospace,myct1,0.0795175916458728,0.10947129492490403
Breast Visium CID44971,cytospace,eif3l,0.0782272309705067,0.7471967995263207
Breast Visium CID44971,cytospace,adgrf5,0.0777865715825564,0.16394496560799895
Breast Visium CID44971,cytospace,arhgdia,0.0775225930020202,0.6906795491342437
Breast Visium CID44971,cytospace,zbp1,0.0769947839634786,0.10452242827798204
Breast Visium CID44971,cytospace,clec4a,0.0769286046878855,0.11895077851716268
Breast Visium CID44971,cytospace,tespa1,0.0762456503219756,0.09566647812670413
Breast Visium CID44971,cytospace,rps27,0.0761538232957061,0.9795352535640087
Breast Visium CID44971,cytospace,p2ry6,0.0753316889396945,0.11755687837292428
Breast Visium CID44971,cytospace,ncaph,0.0753108284874788,0.12901251784575032
Breast Visium CID44971,cytospace,arl15,0.074096193593948,0.13997978357581373
Breast Visium CID44971,cytospace,slfn12l,0.0723578823236955,0.08705828193483356
Breast Visium CID44971,cytospace,prc1,0.0698324891999807,0.16043212193705628
Breast Visium CID44971,cytospace,derl1,0.0669226703572465,0.40494437407739475
Breast Visium CID44971,cytospace,ubc,0.0663647316085349,0.9095771670991992
Breast Visium CID44971,cytospace,icos,0.0652895244118522,0.10010486061883675
Breast Visium CID44971,cytospace,st6galnac3,0.0651911105341809,0.08287420038861563
Breast Visium CID44971,cytospace,lpp,0.0640716345522577,0.41473085341100024
Breast Visium CID44971,cytospace,dusp2,0.0634316661938485,0.28565293437008454
Breast Visium CID44971,cytospace,nrp1,0.0633604128505883,0.23186016662203515
Breast Visium CID44971,cytospace,rftn1,0.0623671792179655,0.17938275082641242
Breast Visium CID44971,cytospace,arhgap31,0.0608296530141622,0.1639499050915077
Breast Visium CID44971,cytospace,ankrd28,0.058571762154388,0.26220059941701396
Breast Visium CID44971,cytospace,nostrin,0.0575505074160842,0.12706948068414897
Breast Visium CID44971,cytospace,ehf,0.0559387378484634,0.16648517528068174
Breast Visium CID44971,cytospace,ppp1r15a,0.0559070423297428,0.43533692162619786
Breast Visium CID44971,cytospace,mtus1,0.0556650865683334,0.23377686861101163
Breast Visium CID44971,cytospace,fgd2,0.0532119764600485,0.11304293947989659
Breast Visium CID44971,cytospace,fabp4,0.0530845961775431,0.1615108731111964
Breast Visium CID44971,cytospace,fam96a,0.0529819107415385,0.37893600821523804
Breast Visium CID44971,cytospace,dad1,0.0528591481075813,0.6189523174446729
Breast Visium CID44971,cytospace,gjc1,0.0509659729937417,0.10101015938231536
Breast Visium CID44971,cytospace,chst12,0.0507980514160675,0.22837598753050217
Breast Visium CID44971,cytospace,clspn,0.0495695601086757,0.07930833509247197
Breast Visium CID44971,cytospace,olfm1,0.0492274963958054,0.12267303141212296
Breast Visium CID44971,cytospace,ldb2,0.0488770992684412,0.14669826596966032
Breast Visium CID44971,cytospace,sae1,0.0471414496602723,0.3364706636697843
Breast Visium CID44971,cytospace,slit3,0.0465160589187254,0.16345602654733526
Breast Visium CID44971,cytospace,erp29,0.0462376268945122,0.6564507100451459
Breast Visium CID44971,cytospace,ctsf,0.0453796497722409,0.37555351861753444
Breast Visium CID44971,cytospace,hprt1,0.0449043565828515,0.3279953270031212
Breast Visium CID44971,cytospace,btnl9,0.0435043492038174,0.10897448006250661
Breast Visium CID44971,cytospace,manf,0.0414517343068681,0.4199904785755184
Breast Visium CID44971,cytospace,arhgap18,0.0406147525468618,0.25968287290852515
Breast Visium CID44971,cytospace,atg3,0.0404365209260534,0.4455635761968331
Breast Visium CID44971,cytospace,cd22,0.0393070233477998,0.05375055018214662
Breast Visium CID44971,cytospace,yeats4,0.0381855217433555,0.2148575982286761
Breast Visium CID44971,cytospace,uba2,0.0378388381710422,0.4329261738898444
Breast Visium CID44971,cytospace,ankrd29,0.0366375074973008,0.11051854085674222
Breast Visium CID44971,cytospace,samd3,0.0363486712720087,0.06378660463651456
Breast Visium CID44971,cytospace,tmem208,0.0362656516571003,0.4310448861478505
Breast Visium CID44971,cytospace,rfc3,0.0348126814850325,0.1256720070666087
Breast Visium CID44971,cytospace,sarm1,0.0338959060022524,0.08439350099616841
Breast Visium CID44971,cytospace,dut,0.0336747975602305,0.5800848975281063
Breast Visium CID44971,cytospace,h2afj,0.0329189268915194,0.5783283240321847
Breast Visium CID44971,cytospace,pdgfrl,0.0327331782117527,0.13764532638276242
Breast Visium CID44971,cytospace,palmd,0.032120040236171,0.1773608971961197
Breast Visium CID44971,cytospace,cenpk,0.0318075121381277,0.08506075951829084
Breast Visium CID44971,cytospace,txndc11,0.030979099907793,0.22039067358595005
Breast Visium CID44971,cytospace,sh2d2a,0.0302089115749154,0.12548578762405577
Breast Visium CID44971,cytospace,sorbs3,0.0266498621874208,0.3805348249149405
Breast Visium CID44971,cytospace,hsd17b8,0.0266412431144585,0.13461090654193583
Breast Visium CID44971,cytospace,apobec3g,0.0252031375354467,0.15091927242373382
Breast Visium CID44971,cytospace,moxd1,0.0244548906339837,0.06307244630146819
Breast Visium CID44971,cytospace,mmp25-as1,0.0226189773748105,0.11184243809671082
Breast Visium CID44971,cytospace,pgf,0.0194746670224868,0.13056954927189368
Breast Visium CID44971,cytospace,tnfsf8,0.0192171277253255,0.032536245093358
Breast Visium CID44971,cytospace,tnfsf14,0.0171119875866445,0.03682828145531456
Breast Visium CID44971,cytospace,ptpn22,0.0139276791613448,0.0732957630113948
Breast Visium CID44971,cytospace,mcm3,0.0138781560880327,0.28744857133226887
Breast Visium CID44971,cytospace,ptk2,0.0115958942717755,0.34529761153233646
Breast Visium CID44971,cytospace,jam2,0.0108072322195363,0.14002227557781433
Breast Visium CID44971,cytospace,kcnj8,0.0103607108292083,0.07144012635042947
Breast Visium CID44971,cytospace,blnk,0.0102483903005584,0.11868995809091662
Breast Visium CID44971,cytospace,lyl1,0.0068096378234178,0.047820174400074675
Breast Visium CID44971,cytospace,tmem160,0.0065336079911255,0.5042122150493735
Breast Visium CID44971,cytospace,cav2,0.0063824897890618,0.32626365761384873
Breast Visium CID44971,cytospace,cdc37,0.0058716143387093,0.6298858132936628
Breast Visium CID44971,cytospace,ube2j1,0.0051987153788552,0.35842804272906514
Breast Visium CID44971,cytospace,pbx4,0.0048468345669224,0.042911121501146815
Breast Visium CID44971,cytospace,hpgd,0.0032991869490599,0.04290595041725136
Breast Visium CID44971,cytospace,tnfrsf9,0.0022714390374136,0.02639141973419797
Breast Visium CID44971,cytospace,pbxip1,0.0006323535671993,0.33972595680743983
Breast Visium CID44971,cytospace,rasl11a,-0.0003773212612723,0.02816254710544342
Breast Visium CID44971,cytospace,epb41l4a,-0.0004301607885194,0.036462892353352205
Breast Visium CID44971,cytospace,lilra4,-0.0004360793010933,0.013942839905476937
Breast Visium CID44971,cytospace,cep112,-0.0015182897638334,0.03801982603491881
Breast Visium CID44971,cytospace,ldlrap1,-0.001663955393452,0.1473414071320841
Breast Visium CID44971,cytospace,cd160,-0.0058551182910073,0.0
Breast Visium CID44971,cytospace,stard3nl,-0.0061049469804436,0.20245317412453553
Breast Visium CID44971,cytospace,ccr6,-0.0064958525597493,0.01704575396920879
Breast Visium CID44971,cytospace,ncr3,-0.0084016391282592,0.0
Breast Visium CID44971,cytospace,ttll10,-0.0087844470093236,0.0
Breast Visium CID44971,cytospace,trdc,-0.0093020897729905,0.0
Breast Visium CID44971,cytospace,gzmh,-0.0104777177152444,0.027996615467031177
Breast Visium CID44971,cytospace,cd244,-0.0120695775117607,0.0
Breast Visium CID44971,cytospace,sytl3,-0.0134375034641446,0.06540432494884839
Breast Visium CID44971,cytospace,egflam,-0.0149775684836904,0.07364282143575479
Breast Visium CID44971,cytospace,stag3,-0.0152537349874514,0.009710263838478252
Breast Visium CID44971,cytospace,b3gnt7,-0.0154742387570473,0.005436849766997038
Breast Visium CID44971,cytospace,wfdc1,-0.0170306494570438,0.005147750646267187
Breast Visium CID44971,cytospace,actn4,-0.0222185201790785,0.5829035268693479
Breast Visium CID44971,cytospace,mkl2,-0.041562546068325,0.14810497808246847
Breast Visium CID44971,cytospace,hspa1a,-0.1548722202924614,0.6402762202634263
Breast Visium CID44971,cytospace,strap,0.5048536901545955,0.8146841927249983
Breast Visium CID44971,cytospace,stmn1,0.5000420030474009,0.7953642454762538
Breast Visium CID44971,cytospace,h3f3a,0.4748039668009318,0.9606795878185547
Breast Visium CID44971,cytospace,dcn,0.4720706814040087,0.6683811392594665
Breast Visium CID44971,cytospace,dcdc2,0.4327157645144945,0.4727347895865222
Breast Visium CID44971,cytospace,cst3,0.4314311295198803,0.7910043747524914
Breast Visium CID44971,cytospace,bgn,0.4302786492304619,0.6256588758623665
Breast Visium CID44971,cytospace,agr3,0.418349264932425,0.46769160452953984
Breast Visium CID44971,cytospace,hla-drb1,0.4053604252567122,0.62354556878766
Breast Visium CID44971,cytospace,areg,0.3970665059710655,0.5248185178533319
Breast Visium CID44971,cytospace,laptm5,0.3923908577155735,0.5382595096042503
Breast Visium CID44971,cytospace,hla-c,0.3692228545016637,0.8888307315806336
Breast Visium CID44971,cytospace,mlf2,0.3682820689339969,0.815591332765269
Breast Visium CID44971,cytospace,tyrobp,0.3670916727129441,0.45430311289782094
Breast Visium CID44971,cytospace,rheb,0.3604037664964558,0.7806563518329295
Breast Visium CID44971,cytospace,pigr,0.3531770732202056,0.44866504105895877
Breast Visium CID44971,cytospace,cd52,0.3462702212301545,0.48241111085480176
Breast Visium CID44971,cytospace,rpl13,0.3368854102511026,0.9900258394174464
Breast Visium CID44971,cytospace,itgb2,0.334995852179592,0.4626938615142208
Breast Visium CID44971,cytospace,s100a1,0.3263209831647723,0.40818795875513925
Breast Visium CID44971,cytospace,col6a1,0.3235614198484444,0.6032982543371144
Breast Visium CID44971,cytospace,il7r,0.3228098123444169,0.4312977472652583
Breast Visium CID44971,cytospace,sh3bgrl3,0.3136349662890101,0.847836585675557
Breast Visium CID44971,cytospace,fstl1,0.3134674818219765,0.5277443653058989
Breast Visium CID44971,cytospace,eng,0.3127399611645187,0.5139172132305629
Breast Visium CID44971,cytospace,rps21,0.3057401312687966,0.9653077461896689
Breast Visium CID44971,cytospace,tuba1b,0.304447720852542,0.9003066592355412
Breast Visium CID44971,cytospace,oxtr,0.2987281853017665,0.38530002411805586
Breast Visium CID44971,cytospace,acta2,0.2986155078420717,0.67845929986786
Breast Visium CID44971,cytospace,ltb,0.2946453475823795,0.40012822512818097
Breast Visium CID44971,cytospace,ndufs5,0.2925636434727069,0.8575537984817165
Breast Visium CID44971,cytospace,lgals3,0.2908166807283633,0.7269283678568821
Breast Visium CID44971,cytospace,perp,0.2890769783972365,0.7612181209082547
Breast Visium CID44971,cytospace,myh11,0.2884795394665698,0.3984431885530456
Breast Visium CID44971,cytospace,cmas,0.2873260194065458,0.574693729734232
Breast Visium CID44971,cytospace,arpc1a,0.2849527926478052,0.7285963065863553
Breast Visium CID44971,cytospace,emcn,0.2842489259556184,0.3305312611841215
Breast Visium CID44971,cytospace,pcolce,0.2809448240806388,0.4965710073296312
Breast Visium CID44971,cytospace,rps19,0.2761506842649685,0.9840207902969259
Breast Visium CID44971,cytospace,psmb9,0.2686320130400164,0.5530935698028182
Breast Visium CID44971,cytospace,hspb1,0.2676981970745662,0.770806667021761
Breast Visium CID44971,cytospace,ccr7,0.2664956264567006,0.3228480650754374
Breast Visium CID44971,cytospace,errfi1,0.2621768839277566,0.5639502564290757
Breast Visium CID44971,cytospace,lilrb4,0.2620257958399687,0.3218700760774969
Breast Visium CID44971,cytospace,rarres2,0.2619679421323246,0.4944271996983168
Breast Visium CID44971,cytospace,lsp1,0.2612046707114496,0.5065467278141124
Breast Visium CID44971,cytospace,a2m,0.2584839429593814,0.6261393736667205
Breast Visium CID44971,cytospace,cnn3,0.2578025438187667,0.5748014089255823
Breast Visium CID44971,cytospace,c1s,0.257668644844538,0.5828706316345448
Breast Visium CID44971,cytospace,pebp1,0.2549533457393303,0.8537802623755105
Breast Visium CID44971,cytospace,actn1,0.2503569254276235,0.6832405364439361
Breast Visium CID44971,cytospace,ndufb4,0.2483904759781184,0.7971213778809392
Breast Visium CID44971,cytospace,esam,0.2437733078708183,0.3212828815388492
Breast Visium CID44971,cytospace,gng11,0.2436597820834961,0.3707657256998471
Breast Visium CID44971,cytospace,sumo1,0.2429445576727821,0.6874637397783601
Breast Visium CID44971,cytospace,rps8,0.2399998115839968,0.9848978542097679
Breast Visium CID44971,cytospace,neat1,0.2358086072371495,0.7443280886127579
Breast Visium CID44971,cytospace,rpl10a,0.2342459316187753,0.9498849770565861
Breast Visium CID44971,cytospace,rpl36,0.2329146674606002,0.9678257578090447
Breast Visium CID44971,cytospace,snrpc,0.2316622576730697,0.6746616935884938
Breast Visium CID44971,cytospace,tbx3,0.2305776940963777,0.3445750229392405
Breast Visium CID44971,cytospace,cd86,0.2294451821698821,0.28237078288959677
Breast Visium CID44971,cytospace,cdh11,0.2263946602535635,0.3635669240264665
Breast Visium CID44971,cytospace,sec61b,0.2228224368194938,0.8120933696172928
Breast Visium CID44971,cytospace,cd4,0.2216606814322237,0.3292300534101429
Breast Visium CID44971,cytospace,mrps21,0.2208588890404821,0.7703418050250794
Breast Visium CID44971,cytospace,klf2,0.2196494008999266,0.4242752703325077
Breast Visium CID44971,cytospace,cxcl12,0.2196039308114486,0.4805648588352928
Breast Visium CID44971,cytospace,hebp1,0.2182573824382975,0.6108761649750628
Breast Visium CID44971,cytospace,camta1,0.2162088691697028,0.6708565744891203
Breast Visium CID44971,cytospace,jtb,0.216202400268408,0.7892006996448618
Breast Visium CID44971,cytospace,dsp,0.2161648210131584,0.634865874360981
Breast Visium CID44971,cytospace,spdef,0.2158636062129884,0.4150395145783518
Breast Visium CID44971,cytospace,mxra5,0.2136694150000562,0.3878380248190773
Breast Visium CID44971,cytospace,csta,0.2133819524694348,0.4104071155335996
Breast Visium CID44971,cytospace,pkm,0.2124963699999417,0.7700549246425045
Breast Visium CID44971,cytospace,rpl6,0.2108007779531514,0.9529560347824882
Breast Visium CID44971,cytospace,pcbp2,0.2106646018761322,0.9144077061700008
Breast Visium CID44971,cytospace,rpsa,0.2091832349282686,0.9535430053689639
Breast Visium CID44971,cytospace,arpc3,0.2081129096171606,0.8053089960821496
Breast Visium CID44971,cytospace,sec61g,0.2077832211705321,0.7317169379806042
Breast Visium CID44971,cytospace,slamf1,0.2055259309677388,0.23222473266381144
Breast Visium CID44971,cytospace,nhp2,0.2053202014531971,0.7183508906277144
Breast Visium CID44971,cytospace,ssu72,0.2008590849459958,0.7071796119828186
Breast Visium CID44971,cytospace,prnp,0.2003442560191138,0.5695199371827255
Breast Visium CID44971,cytospace,anxa1,0.196546617525962,0.6485790237477055
Breast Visium CID44971,cytospace,aldh7a1,0.1961004574364005,0.49333816024864874
Breast Visium CID44971,cytospace,csf1r,0.1950205711585652,0.2862762126319128
Breast Visium CID44971,cytospace,ncf1,0.1937616068723891,0.3086624109164623
Breast Visium CID44971,cytospace,tbc1d9,0.1931192585508489,0.3224036990440204
Breast Visium CID44971,cytospace,malat1,0.1907770061258163,0.9306145164686549
Breast Visium CID44971,cytospace,fam210b,0.1867029891229023,0.5865330198245571
Breast Visium CID44971,cytospace,cldn4,0.1857466203561965,0.6684499965215271
Breast Visium CID44971,cytospace,rps9,0.1852024331625844,0.9665889574760496
Breast Visium CID44971,cytospace,spcs1,0.1818803830319103,0.7309067096970129
Breast Visium CID44971,cytospace,traf3ip3,0.1811494711351197,0.29999719769790983
Breast Visium CID44971,cytospace,sept11,0.177351488834383,0.5054663818922152
Breast Visium CID44971,cytospace,pcna,0.1761770855947098,0.5131464262576686
Breast Visium CID44971,cytospace,fbln2,0.1755424243967698,0.3221791846131668
Breast Visium CID44971,cytospace,tmem176b,0.1748724717578864,0.452181387016991
Breast Visium CID44971,cytospace,snx10,0.1745677173581847,0.26353890970492916
Breast Visium CID44971,cytospace,fpr1,0.1742296683469893,0.21418727391780473
Breast Visium CID44971,cytospace,csnk1a1,0.168409631061999,0.6615345492651281
Breast Visium CID44971,cytospace,tcea1,0.1639283763149397,0.6056476912134551
Breast Visium CID44971,cytospace,gsn,0.1633557469937862,0.7761039257853086
Breast Visium CID44971,cytospace,scpep1,0.1621363439497306,0.5840892948653432
Breast Visium CID44971,cytospace,mpeg1,0.1612020655854712,0.22405026224576652
Breast Visium CID44971,cytospace,ehd2,0.1572588769005584,0.3625533035580522
Breast Visium CID44971,cytospace,pld4,0.156543749071094,0.23291132774215703
Breast Visium CID44971,cytospace,dynlrb1,0.1559630791435695,0.7299330499640203
Breast Visium CID44971,cytospace,csrnp1,0.1547119452387331,0.42524732765874473
Breast Visium CID44971,cytospace,ly86,0.1542152674967171,0.2183754543947595
Breast Visium CID44971,cytospace,mad2l1,0.1534521907810862,0.2983116857911246
Breast Visium CID44971,cytospace,elf3,0.1532920363015155,0.5540829983840024
Breast Visium CID44971,cytospace,cd79a,0.1529814349103389,0.2201022642973096
Breast Visium CID44971,cytospace,eif3d,0.1514295249481061,0.582573769532503
Breast Visium CID44971,cytospace,meox2,0.1511303542374621,0.19719021153831412
Breast Visium CID44971,cytospace,pdgfa,0.1503661403286307,0.29008346101918364
Breast Visium CID44971,cytospace,krt14,0.1500726132626499,0.4066037933395465
Breast Visium CID44971,cytospace,nexn,0.147740274900465,0.26669695420274836
Breast Visium CID44971,cytospace,pmp22,0.1477072442589736,0.4583359108625848
Breast Visium CID44971,cytospace,ptp4a3,0.1470302272253151,0.255582607922972
Breast Visium CID44971,cytospace,kctd12,0.1469041820709707,0.3475239198076733
Breast Visium CID44971,cytospace,c3ar1,0.1465792362169576,0.21396579529235332
Breast Visium CID44971,cytospace,cd83,0.1443801508975278,0.29236277014553136
Breast Visium CID44971,cytospace,ltbp4,0.1441783856194791,0.34489668667983214
Breast Visium CID44971,cytospace,ptprb,0.1431013855463787,0.17614999244322815
Breast Visium CID44971,cytospace,ncf4,0.142908540840614,0.21188573494583418
Breast Visium CID44971,cytospace,ckap2l,0.1412329283417111,0.16909396164738197
Breast Visium CID44971,cytospace,dnajc9,0.141150749002124,0.3894109182106513
Breast Visium CID44971,cytospace,podn,0.1398086555891687,0.24266659146068506
Breast Visium CID44971,cytospace,coa3,0.1388317131499813,0.5621038670800957
Breast Visium CID44971,cytospace,lifr,0.1379842827493318,0.2493009346627481
Breast Visium CID44971,cytospace,tnfrsf4,0.1370610176294675,0.2225241867010983
Breast Visium CID44971,cytospace,rps2,0.1366832419127031,0.9623230741593258
Breast Visium CID44971,cytospace,cd248,0.1349668023892188,0.31352274405966324
Breast Visium CID44971,cytospace,spock2,0.1347336092360981,0.25496791685241527
Breast Visium CID44971,cytospace,sdc1,0.1341596553196893,0.5216875528776093
Breast Visium CID44971,cytospace,adgre5,0.1326624887052134,0.28609497220426383
Breast Visium CID44971,cytospace,fcgrt,0.131732176712453,0.5576396008605404
Breast Visium CID44971,cytospace,cald1,0.1304658379307591,0.7060611901052783
Breast Visium CID44971,cytospace,maged2,0.1295396555249251,0.655235647891372
Breast Visium CID44971,cytospace,pde3b,0.1288382283103898,0.1609000096204354
Breast Visium CID44971,cytospace,zeb2,0.1264567183477984,0.28460440541401083
Breast Visium CID44971,cytospace,polr2i,0.1254756386894385,0.6369037911112363
Breast Visium CID44971,cytospace,rps11,0.1242619078030151,0.9367823933597486
Breast Visium CID44971,cytospace,adam15,0.1241690402715148,0.5364877605377321
Breast Visium CID44971,cytospace,nfic,0.1228965285493144,0.553969490017847
Breast Visium CID44971,cytospace,pea15,0.120470582259682,0.5762085923964443
Breast Visium CID44971,cytospace,mt1e,0.1203458375508616,0.668113795546963
Breast Visium CID44971,cytospace,rcn3,0.1193654829617552,0.2625766297278925
Breast Visium CID44971,cytospace,raly,0.118670826643262,0.6587863540693525
Breast Visium CID44971,cytospace,plxdc1,0.1179781251865526,0.29525147206981656
Breast Visium CID44971,cytospace,maff,0.1177872120368667,0.3311970094078393
Breast Visium CID44971,cytospace,glipr1,0.1162396732009293,0.34770063553564584
Breast Visium CID44971,cytospace,rps6ka4,0.1141992347220024,0.23634611192534916
Breast Visium CID44971,cytospace,calm3,0.1139762537491111,0.6524521706635175
Breast Visium CID44971,cytospace,was,0.1109475522772486,0.20863158840889268
Breast Visium CID44971,cytospace,adcy4,0.1106816597304752,0.15440441299541494
Breast Visium CID44971,cytospace,kifc1,0.1103940196218828,0.179493451640882
Breast Visium CID44971,cytospace,cracr2b,0.1092551375317349,0.4928925685418557
Breast Visium CID44971,cytospace,scimp,0.109165368399593,0.14224153457323466
Breast Visium CID44971,cytospace,spcs2,0.1087737107501996,0.6429995438889774
Breast Visium CID44971,cytospace,mzb1,0.1074351011645651,0.17063589917836516
Breast Visium CID44971,cytospace,isg20,0.1062068916812599,0.3519816971031265
Breast Visium CID44971,cytospace,adamts1,0.104451999800076,0.3312034718194455
Breast Visium CID44971,cytospace,znf385a,0.1034068613640404,0.23009579491334542
Breast Visium CID44971,cytospace,gldn,0.1029186607374289,0.11667994611962433
Breast Visium CID44971,cytospace,cyyr1,0.0992159451342053,0.26050901565727635
Breast Visium CID44971,cytospace,ptpre,0.0969942438711796,0.23586552395007018
Breast Visium CID44971,cytospace,higd1b,0.096786157261143,0.14127779838588803
Breast Visium CID44971,cytospace,msh2,0.0966519145718991,0.2644751741189935
Breast Visium CID44971,cytospace,psmb8,0.0944089516910888,0.5011700141134848
Breast Visium CID44971,cytospace,mki67,0.0934892459150219,0.17678291324953382
Breast Visium CID44971,cytospace,pdcd1,0.0925106282685632,0.13429023256493203
Breast Visium CID44971,cytospace,hsh2d,0.092200332931075,0.12369284417254182
Breast Visium CID44971,cytospace,tns1,0.0910932031211295,0.2738252899708239
Breast Visium CID44971,cytospace,nkg7,0.0908159714837793,0.1997300971535077
Breast Visium CID44971,cytospace,sertad1,0.0907571935204052,0.37007319203154765
Breast Visium CID44971,cytospace,fxyd7,0.0903793429967098,0.09912152884580261
Breast Visium CID44971,cytospace,mafb,0.0897304464825234,0.48546186428405746
Breast Visium CID44971,cytospace,tnfsf11,0.0893623031266959,0.11686249427069419
Breast Visium CID44971,cytospace,prrx1,0.0893561757742709,0.3058370899227039
Breast Visium CID44971,cytospace,cxcl13,0.0877554794856256,0.19565265074901134
Breast Visium CID44971,cytospace,txndc15,0.0869108321982559,0.3008691341325257
Breast Visium CID44971,cytospace,flnb,0.0866413602915334,0.48886071256503455
Breast Visium CID44971,cytospace,psmc3,0.0850094668334782,0.5735387328709332
Breast Visium CID44971,cytospace,srpx,0.0843773405309859,0.23562589245895812
Breast Visium CID44971,cytospace,tfeb,0.0799844757032772,0.15937148481749905
Breast Visium CID44971,cytospace,tbx2,0.0787234691059582,0.14652578466181676
Breast Visium CID44971,cytospace,cnpy3,0.0785607008478281,0.4505927815258909
Breast Visium CID44971,cytospace,snx2,0.0785528086575488,0.30343340655129314
Breast Visium CID44971,cytospace,fxyd1,0.0784930719148545,0.19700637781909724
Breast Visium CID44971,cytospace,tnfrsf12a,0.0781740626868587,0.4693233432558986
Breast Visium CID44971,cytospace,ddx5,0.074932909682643,0.8362497234317353
Breast Visium CID44971,cytospace,pou2af1,0.0747074479419742,0.14222574610174016
Breast Visium CID44971,cytospace,apmap,0.0732703899193202,0.49778645061124394
Breast Visium CID44971,cytospace,dnajc3,0.0721153264462476,0.39152862446657527
Breast Visium CID44971,cytospace,itm2c,0.0719163213257429,0.3321323092876618
Breast Visium CID44971,cytospace,ssh2,0.0719131597176786,0.2157542203299623
Breast Visium CID44971,cytospace,h2afv,0.0717115724306243,0.5465104274657676
Breast Visium CID44971,cytospace,plagl1,0.0701796825886205,0.26585103374178604
Breast Visium CID44971,cytospace,cd300lg,0.0700921891989672,0.0975024638166401
Breast Visium CID44971,cytospace,chpf,0.0693194637425062,0.41960030974870405
Breast Visium CID44971,cytospace,emp2,0.0685468170770528,0.4541014682434865
Breast Visium CID44971,cytospace,sspn,0.0677730053809076,0.3103243417114359
Breast Visium CID44971,cytospace,jak1,0.0676052357338646,0.5633152728890498
Breast Visium CID44971,cytospace,ndrg1,0.0670104657253483,0.3660528026438915
Breast Visium CID44971,cytospace,icam1,0.0666399971226938,0.33411100383043996
Breast Visium CID44971,cytospace,ddit4,0.0657878639714607,0.6025485819132727
Breast Visium CID44971,cytospace,phf19,0.0656456545644128,0.15766438391600904
Breast Visium CID44971,cytospace,mob1a,0.0645713834870888,0.4990886768069863
Breast Visium CID44971,cytospace,srprb,0.0627073525052937,0.36709204686542407
Breast Visium CID44971,cytospace,tnfaip8,0.0616596557958405,0.18819953866119007
Breast Visium CID44971,cytospace,fam162b,0.0597855897854558,0.08410477550901625
Breast Visium CID44971,cytospace,carhsp1,0.058978603948015,0.4203023757763422
Breast Visium CID44971,cytospace,mcm5,0.0582593087589062,0.26182529707916297
Breast Visium CID44971,cytospace,ncbp1,0.056771055815066,0.22100778155631498
Breast Visium CID44971,cytospace,mt1m,0.0551699666648216,0.22269565632626834
Breast Visium CID44971,cytospace,hey1,0.0548065749216681,0.1561847115641614
Breast Visium CID44971,cytospace,btla,0.0518961711236637,0.06333847696344624
Breast Visium CID44971,cytospace,st6gal1,0.0518533000758705,0.15789564316056237
Breast Visium CID44971,cytospace,tm4sf18,0.0515898157192497,0.2138164955986195
Breast Visium CID44971,cytospace,znf683,0.0514371074461232,0.08251986312071635
Breast Visium CID44971,cytospace,jaml,0.0495582204509107,0.11429194489666995
Breast Visium CID44971,cytospace,psmb10,0.0491754206485215,0.2780884847840259
Breast Visium CID44971,cytospace,lef1,0.0481872162155538,0.1203894205622503
Breast Visium CID44971,cytospace,sept4,0.0471666229650732,0.21078847638045992
Breast Visium CID44971,cytospace,adam28,0.0459770783173177,0.10386498964411597
Breast Visium CID44971,cytospace,sept7,0.0451755161955979,0.5490877219580316
Breast Visium CID44971,cytospace,il2rb,0.0430956427760878,0.09992828711384517
Breast Visium CID44971,cytospace,aim2,0.0402728546508996,0.05795011805294317
Breast Visium CID44971,cytospace,tnfrsf18,0.0394453410006639,0.08879447609832501
Breast Visium CID44971,cytospace,lpar5,0.0394114176585215,0.07835168551053211
Breast Visium CID44971,cytospace,cd38,0.0394027612549938,0.08823997854065622
Breast Visium CID44971,cytospace,p4hb,0.0393530934106202,0.801677901175606
Breast Visium CID44971,cytospace,itga6,0.0378556023199673,0.3186804178148347
Breast Visium CID44971,cytospace,sla2,0.0367442863518511,0.07133950975548796
Breast Visium CID44971,cytospace,mbp,0.0364749839441438,0.20180751873340522
Breast Visium CID44971,cytospace,pim2,0.0353300990963079,0.16345417105452836
Breast Visium CID44971,cytospace,podxl,0.034989606251375,0.300183665046452
Breast Visium CID44971,cytospace,klrc1,0.0342270995499509,0.04565885258157716
Breast Visium CID44971,cytospace,nudt1,0.032866841518201,0.27758027524699125
Breast Visium CID44971,cytospace,hnrnpa1l2,0.0325555014338232,0.08120443681192317
Breast Visium CID44971,cytospace,tspan3,0.0314168507166656,0.5050523750889924
Breast Visium CID44971,cytospace,plcg2,0.031312432607039,0.21187730758041168
Breast Visium CID44971,cytospace,picalm,0.0309103792313573,0.30474358075614094
Breast Visium CID44971,cytospace,fam129c,0.0269851013680352,0.038497664037042995
Breast Visium CID44971,cytospace,rab32,0.0266317445772071,0.26770730323567676
Breast Visium CID44971,cytospace,lgi4,0.0263918871484492,0.0637265705442901
Breast Visium CID44971,cytospace,prf1,0.0257460798575776,0.08423124689752272
Breast Visium CID44971,cytospace,brd2,0.0252774430984727,0.557656277381897
Breast Visium CID44971,cytospace,tmem255b,0.0248759635645389,0.06951072807586324
Breast Visium CID44971,cytospace,fchsd2,0.0217223272614233,0.1387476524053456
Breast Visium CID44971,cytospace,hvcn1,0.017138684361521,0.12726869285818093
Breast Visium CID44971,cytospace,gzmb,0.0159447335197177,0.07072493230642571
Breast Visium CID44971,cytospace,sdc4,0.0131162135134769,0.4762221888093462
Breast Visium CID44971,cytospace,cx3cr1,0.0130202499772345,0.05695559777640059
Breast Visium CID44971,cytospace,tox,0.0130126763031641,0.05956703834072456
Breast Visium CID44971,cytospace,cramp1,0.0128601318722411,0.10881184368679064
Breast Visium CID44971,cytospace,tnip3,0.0104758776201835,0.022401721581285297
Breast Visium CID44971,cytospace,sp2,0.0080868902319329,0.11693784383859743
Breast Visium CID44971,cytospace,pxk,0.0070307107426873,0.12208228399591078
Breast Visium CID44971,cytospace,mef2a,0.0059324947106464,0.23844097857870158
Breast Visium CID44971,cytospace,ugcg,0.0056009678359289,0.32689978943636244
Breast Visium CID44971,cytospace,bcas4,0.0045011244085732,0.093532728783695
Breast Visium CID44971,cytospace,spag4,0.0041181319867954,0.03256601593372051
Breast Visium CID44971,cytospace,fcrl5,0.004097006378028,0.021988995654435312
Breast Visium CID44971,cytospace,clic3,0.0024635803303264,0.14296534455896537
Breast Visium CID44971,cytospace,sp140,0.0016088999219607,0.03995174948661372
Breast Visium CID44971,cytospace,bank1,0.0012894696146031,0.01890425141066347
Breast Visium CID44971,cytospace,igll5,0.0011936827762912,0.026214823947514773
Breast Visium CID44971,cytospace,klrb1,0.0003671489544764,0.0475188169195515
Breast Visium CID44971,cytospace,dnase1l3,-0.0006376986396667,0.018103616258378644
Breast Visium CID44971,cytospace,kir3dl2,-0.0014111243731258,0.0
Breast Visium CID44971,cytospace,tnfrsf13b,-0.001991330348916,0.006444961490940235
Breast Visium CID44971,cytospace,kir2dl4,-0.0027471089413708,0.0
Breast Visium CID44971,cytospace,tfpi,-0.0038346600243638,0.2499855197249555
Breast Visium CID44971,cytospace,cd8b,-0.0040120262505937,0.07126052176111147
Breast Visium CID44971,cytospace,zc3h12a,-0.0045411076973343,0.16411686856007215
Breast Visium CID44971,cytospace,adrb2,-0.0051617285902428,0.03366266367918999
Breast Visium CID44971,cytospace,fcrl6,-0.0087403956204846,0.0
Breast Visium CID44971,cytospace,napsa,-0.0098177627448736,0.010622226080537176
Breast Visium CID44971,cytospace,tnmd,-0.0111368609140648,0.0
Breast Visium CID44971,cytospace,znf608,-0.0115598140473853,0.05520149240860085
Breast Visium CID44971,cytospace,s1pr5,-0.0118074361384696,0.0
Breast Visium CID44971,cytospace,tnfrsf10d,-0.013794118545074,0.035800994250177874
Breast Visium CID44971,cytospace,blk,-0.0142378320697797,0.0
Breast Visium CID44971,cytospace,p2ry10,-0.0148115154156469,0.006470274124048737
Breast Visium CID44971,cytospace,mir99ahg,-0.015508282266208,0.1444532847089036
Breast Visium CID44971,cytospace,mthfd2,-0.0199060766090148,0.30369626189959975
Breast Visium CID44971,cytospace,abcc9,-0.0222229784279197,0.0
Breast Visium CID44971,cytospace,atp1b2,-0.0262585937979707,0.00687684547840087
Breast Visium CID44971,cytospace,snhg18,-0.0378229950385989,0.03605525588371289
Breast Visium CID44971,cytospace,itgae,-0.0381255178988572,0.22623519366716047
Breast Visium CID44971,cytospace,b2m,0.6030951324488818,0.9679481059202698
Breast Visium CID44971,cytospace,igfbp7,0.499218237651909,0.7038059224804668
Breast Visium CID44971,cytospace,cd74,0.4593241384244421,0.8195763583461833
Breast Visium CID44971,cytospace,tubb,0.4327696963142293,0.8997979082089455
Breast Visium CID44971,cytospace,xbp1,0.4149056787324064,0.689863932932445
Breast Visium CID44971,cytospace,hla-drb5,0.4085307276169566,0.6125990982068139
Breast Visium CID44971,cytospace,ctss,0.4015499497132242,0.569502701906287
Breast Visium CID44971,cytospace,hla-dpa1,0.4008500481253428,0.5954940795273773
Breast Visium CID44971,cytospace,frzb,0.3897254607051094,0.6859890557827047
Breast Visium CID44971,cytospace,col6a3,0.3862277329703552,0.5524301810271319
Breast Visium CID44971,cytospace,cox7a2,0.3834575944258224,0.8581876246865501
Breast Visium CID44971,cytospace,cdc123,0.3762538464596121,0.6969403837647583
Breast Visium CID44971,cytospace,rgs1,0.3711065229548367,0.5026143774566297
Breast Visium CID44971,cytospace,coro1a,0.3668950243752098,0.5451044758947435
Breast Visium CID44971,cytospace,myl9,0.3665933140003133,0.652016570666239
Breast Visium CID44971,cytospace,tpi1,0.3563699630385574,0.8899528530427606
Breast Visium CID44971,cytospace,c1qc,0.3532385226784801,0.44048371888168186
Breast Visium CID44971,cytospace,mylk,0.342204991294354,0.5327518052342135
Breast Visium CID44971,cytospace,psap,0.3419120491780689,0.8683381489051346
Breast Visium CID44971,cytospace,marcksl1,0.3397000049819779,0.8422225034805421
Breast Visium CID44971,cytospace,mxra8,0.3389671754549655,0.5571602019585914
Breast Visium CID44971,cytospace,timp3,0.3372010346297474,0.6258747262943194
Breast Visium CID44971,cytospace,h2afz,0.3325133327441458,0.8193581695653553
Breast Visium CID44971,cytospace,ifitm2,0.3269553390681213,0.6423862098681269
Breast Visium CID44971,cytospace,vcan,0.3249402953775237,0.5145318964539287
Breast Visium CID44971,cytospace,tagln,0.3104851423592395,0.6661383308511044
Breast Visium CID44971,cytospace,hmgn3,0.306611486949733,0.7986288401383387
Breast Visium CID44971,cytospace,ptprc,0.3058762296362356,0.44800665275978524
Breast Visium CID44971,cytospace,ramp3,0.2999631370256806,0.35798054116504024
Breast Visium CID44971,cytospace,ccl28,0.2989356042116948,0.40143747076600916
Breast Visium CID44971,cytospace,hcst,0.2975841765265388,0.4215576400769666
Breast Visium CID44971,cytospace,hnrnpa1,0.2973576365418048,0.9243866643620581
Breast Visium CID44971,cytospace,fbp1,0.2972733836346754,0.3946105293025323
Breast Visium CID44971,cytospace,hspe1,0.2969660643153755,0.8355975768680116
Breast Visium CID44971,cytospace,serpinf1,0.2959476207072516,0.5370335251909265
Breast Visium CID44971,cytospace,cldn7,0.2879364319254603,0.43568802038871934
Breast Visium CID44971,cytospace,actb,0.2877877872682254,0.9801638208268677
Breast Visium CID44971,cytospace,arhgdib,0.2820907204196496,0.6669945758320932
Breast Visium CID44971,cytospace,ackr1,0.2818145345846194,0.31583636857993524
Breast Visium CID44971,cytospace,cfl1,0.2697036218752329,0.9256195591074925
Breast Visium CID44971,cytospace,gstp1,0.2694104626600591,0.9041445417727039
Breast Visium CID44971,cytospace,nucks1,0.2692641510628793,0.8262794700384717
Breast Visium CID44971,cytospace,sumo2,0.2650089948353074,0.8794588783977537
Breast Visium CID44971,cytospace,hmgn1,0.2631164920412848,0.8296045695394327
Breast Visium CID44971,cytospace,txnip,0.2598571042454006,0.7680737094270965
Breast Visium CID44971,cytospace,lamb3,0.2590554697042974,0.35815130510804166
Breast Visium CID44971,cytospace,aif1,0.2564781122779428,0.3701119834689502
Breast Visium CID44971,cytospace,igsf6,0.2561957806309776,0.3185638727768529
Breast Visium CID44971,cytospace,txn,0.2561290121127142,0.8536833817135548
Breast Visium CID44971,cytospace,sgk1,0.2560386221925039,0.5717712900658973
Breast Visium CID44971,cytospace,cnn1,0.2545288201200504,0.4313391601273276
Breast Visium CID44971,cytospace,fxyd5,0.252708097215449,0.5621065728848419
Breast Visium CID44971,cytospace,ap1s1,0.2523299136785394,0.5911604497739833
Breast Visium CID44971,cytospace,rpl18,0.2510339440837146,0.9783145413179339
Breast Visium CID44971,cytospace,trbc2,0.2509174579718936,0.35739490411327374
Breast Visium CID44971,cytospace,gimap4,0.2480176314518037,0.3739406170613042
Breast Visium CID44971,cytospace,lcp1,0.246024220135952,0.41943224511603644
Breast Visium CID44971,cytospace,ankrd30a,0.2442668912117151,0.3076060334235297
Breast Visium CID44971,cytospace,kiaa1324,0.2441378673182894,0.5431366020884504
Breast Visium CID44971,cytospace,hmgb2,0.242642963215202,0.6065860203752927
Breast Visium CID44971,cytospace,fhl2,0.2391621266881015,0.48284781818914785
Breast Visium CID44971,cytospace,rpl36al,0.2362458354837648,0.770946325515176
Breast Visium CID44971,cytospace,il32,0.2358038656275511,0.5606076353891696
Breast Visium CID44971,cytospace,krt18,0.2345577059578767,0.6681799315773423
Breast Visium CID44971,cytospace,lair1,0.2336408231081117,0.31270357859822573
Breast Visium CID44971,cytospace,lcp2,0.2328969000846265,0.35359601588307277
Breast Visium CID44971,cytospace,ramp2,0.2307484772221917,0.32391647144564417
Breast Visium CID44971,cytospace,timp2,0.2294064456310758,0.5075176906335148
Breast Visium CID44971,cytospace,gadd45b,0.2286935755303846,0.5314734095076947
Breast Visium CID44971,cytospace,cuta,0.2280744479839838,0.8113990312996235
Breast Visium CID44971,cytospace,tgfb1,0.2256635896641519,0.39351354053114745
Breast Visium CID44971,cytospace,bst2,0.2248321397889867,0.5582758932889891
Breast Visium CID44971,cytospace,c1orf162,0.2246888846677704,0.321903197779962
Breast Visium CID44971,cytospace,ltbp2,0.2235542366448508,0.401749573647384
Breast Visium CID44971,cytospace,ube2v2,0.2222288821775452,0.5879560724422925
Breast Visium CID44971,cytospace,fbln1,0.2165356900157966,0.4650851206464481
Breast Visium CID44971,cytospace,pdlim1,0.2144201836267424,0.5116784591177519
Breast Visium CID44971,cytospace,ppp1r1b,0.2139090327978794,0.33901199092062634
Breast Visium CID44971,cytospace,rps3,0.2129447081108949,0.9726385966545575
Breast Visium CID44971,cytospace,mgat1,0.2113720069680658,0.5246456738960087
Breast Visium CID44971,cytospace,anp32b,0.2110201871501572,0.7540302510998205
Breast Visium CID44971,cytospace,crnde,0.2079776069927477,0.585851601200804
Breast Visium CID44971,cytospace,lamtor5,0.2056321819064343,0.7219811962932341
Breast Visium CID44971,cytospace,pdlim7,0.2026843304678746,0.4792727468999485
Breast Visium CID44971,cytospace,evl,0.2025815382198917,0.4885351330123721
Breast Visium CID44971,cytospace,rerg,0.2004930740523506,0.5078975634640472
Breast Visium CID44971,cytospace,id1,0.198240192204384,0.34080264390087167
Breast Visium CID44971,cytospace,eif3e,0.1971182003629748,0.8046520472425621
Breast Visium CID44971,cytospace,slc7a7,0.1965162079567987,0.27470982621352524
Breast Visium CID44971,cytospace,rgs5,0.1944047580215044,0.3042171946107027
Breast Visium CID44971,cytospace,capg,0.1942468068680161,0.5735423094763097
Breast Visium CID44971,cytospace,nid1,0.1933101116425244,0.35424722008360143
Breast Visium CID44971,cytospace,elf5,0.1913001591302257,0.5032251200382541
Breast Visium CID44971,cytospace,plpp1,0.187852806864658,0.4371225147158075
Breast Visium CID44971,cytospace,zap70,0.1847266561932732,0.24255265699331124
Breast Visium CID44971,cytospace,egr1,0.184057347566072,0.7597955840386271
Breast Visium CID44971,cytospace,col15a1,0.1834318089117646,0.36505314180344445
Breast Visium CID44971,cytospace,rpl32,0.1816223661065817,0.9818116026058068
Breast Visium CID44971,cytospace,havcr2,0.1807284518232202,0.25344515037435295
Breast Visium CID44971,cytospace,mif,0.1803059473006174,0.8215210916616535
Breast Visium CID44971,cytospace,flt1,0.1778904506242112,0.22799065382365064
Breast Visium CID44971,cytospace,adgrl4,0.1771618637216144,0.2331124166547753
Breast Visium CID44971,cytospace,cldn11,0.1762517113744747,0.2867428248437806
Breast Visium CID44971,cytospace,ms4a7,0.1747831112980746,0.2761378246652252
Breast Visium CID44971,cytospace,mrpl9,0.1733092126413863,0.5282655302540006
Breast Visium CID44971,cytospace,f2r,0.1730165888039065,0.3470959122396619
Breast Visium CID44971,cytospace,cd300a,0.1729552915407824,0.23371148475102146
Breast Visium CID44971,cytospace,mtrnr2l12,0.1727810031222466,0.8161889207547731
Breast Visium CID44971,cytospace,rasd1,0.1727689849053148,0.4013169908074864
Breast Visium CID44971,cytospace,hmgn2,0.172667359934549,0.825752653678125
Breast Visium CID44971,cytospace,pgam1,0.1721896641821349,0.7099057550725261
Breast Visium CID44971,cytospace,rarres3,0.1715259267471477,0.5249104734608507
Breast Visium CID44971,cytospace,calcrl,0.1691621400047101,0.22361154348304219
Breast Visium CID44971,cytospace,ifitm1,0.1669083348269525,0.4110929674954139
Breast Visium CID44971,cytospace,tnfsf13b,0.1668075914707012,0.2705230813235835
Breast Visium CID44971,cytospace,tmem87a,0.166290062401281,0.4674502759517163
Breast Visium CID44971,cytospace,mcam,0.1632660626287284,0.2781207477759784
Breast Visium CID44971,cytospace,csf2ra,0.1622103826484726,0.22863356987112268
Breast Visium CID44971,cytospace,banf1,0.1611791286819743,0.7312226363704234
Breast Visium CID44971,cytospace,lbh,0.1607152094713591,0.44568474418101767
Breast Visium CID44971,cytospace,ywhah,0.1606344634939055,0.5998909581467945
Breast Visium CID44971,cytospace,clec2b,0.1599548437247716,0.32487894424910346
Breast Visium CID44971,cytospace,cox7a2l,0.158854077457455,0.6265100810785886
Breast Visium CID44971,cytospace,arpc2,0.1566498424591841,0.7859618488762662
Breast Visium CID44971,cytospace,plk2,0.1552525208754598,0.36943600063124543
Breast Visium CID44971,cytospace,egfl7,0.1551334247207911,0.2470728035837727
Breast Visium CID44971,cytospace,ssr2,0.1494829476244526,0.8321078975571611
Breast Visium CID44971,cytospace,meg3,0.1491716208466346,0.3491430912963699
Breast Visium CID44971,cytospace,ikzf3,0.1489939850814575,0.24711875171445352
Breast Visium CID44971,cytospace,irf8,0.1475217642485844,0.2648513376536736
Breast Visium CID44971,cytospace,atp6v1f,0.1466287588477613,0.7211341463381422
Breast Visium CID44971,cytospace,fbl,0.1414401281600789,0.69209476704934
Breast Visium CID44971,cytospace,ube2e3,0.1407236632257681,0.5795161971164232
Breast Visium CID44971,cytospace,fam198b,0.1406112499891434,0.32632830926180845
Breast Visium CID44971,cytospace,tecr,0.1401874131904163,0.6632771214275855
Breast Visium CID44971,cytospace,stk17a,0.1399220430455642,0.3163195400211127
Breast Visium CID44971,cytospace,hnrnpa2b1,0.1398738867628343,0.8826615916248092
Breast Visium CID44971,cytospace,tgfb1i1,0.139740169039841,0.37323664898340353
Breast Visium CID44971,cytospace,myo6,0.1392377117752009,0.490648810832101
Breast Visium CID44971,cytospace,sf3b5,0.1388463663932339,0.6949800172310806
Breast Visium CID44971,cytospace,rpl37a,0.1370917961932071,0.9612006876115337
Breast Visium CID44971,cytospace,gzmm,0.1355217840071588,0.17583790563139792
Breast Visium CID44971,cytospace,matk,0.1336451909981825,0.18135090581599478
Breast Visium CID44971,cytospace,itk,0.1324958836809427,0.16206332779195648
Breast Visium CID44971,cytospace,hmgb1,0.1316095360861029,0.8520774254321308
Breast Visium CID44971,cytospace,neurl1b,0.130563397197808,0.18758305750363743
Breast Visium CID44971,cytospace,spon2,0.1302277824579387,0.3897328668788404
Breast Visium CID44971,cytospace,zyx,0.1293287795222293,0.6459932842923971
Breast Visium CID44971,cytospace,serp1,0.1289108079045609,0.7929210190995544
Breast Visium CID44971,cytospace,btk,0.1260567781063013,0.16760413812286193
Breast Visium CID44971,cytospace,lrp10,0.1255279429904744,0.5297383626332615
Breast Visium CID44971,cytospace,crtap,0.1250606962582672,0.49624653367421867
Breast Visium CID44971,cytospace,rnase6,0.1235065279515436,0.20969284565666654
Breast Visium CID44971,cytospace,clec14a,0.1230428345205482,0.177865012834985
Breast Visium CID44971,cytospace,cd5,0.1228608913673237,0.17488195749327698
Breast Visium CID44971,cytospace,morf4l2,0.1221910126046208,0.69329775798487
Breast Visium CID44971,cytospace,tmem176a,0.1187178464177066,0.35943362160069514
Breast Visium CID44971,cytospace,swap70,0.117956359402767,0.3613576253963541
Breast Visium CID44971,cytospace,ap2s1,0.1164094319837932,0.6822235748681702
Breast Visium CID44971,cytospace,mlec,0.1163114826944015,0.5691913749272794
Breast Visium CID44971,cytospace,adam8,0.1155922159674622,0.18707004030530056
Breast Visium CID44971,cytospace,cd40lg,0.1143007070178056,0.13197526401885343
Breast Visium CID44971,cytospace,dlc1,0.114224763474758,0.23887419509357835
Breast Visium CID44971,cytospace,slc38a10,0.1134600394040956,0.3243124376479617
Breast Visium CID44971,cytospace,bin2,0.1128167730224145,0.1987140352023737
Breast Visium CID44971,cytospace,ciita,0.1125674361704002,0.20479555487320386
Breast Visium CID44971,cytospace,rpl4,0.112232152682689,0.9514873576648466
Breast Visium CID44971,cytospace,mfsd1,0.1103256703852254,0.4428862805188083
Breast Visium CID44971,cytospace,cxorf36,0.1089069783003627,0.15532101981462493
Breast Visium CID44971,cytospace,tyms,0.1078720959753157,0.29093778998851216
Breast Visium CID44971,cytospace,sit1,0.106578437734979,0.15313652482805346
Breast Visium CID44971,cytospace,klf4,0.1053082498761184,0.3157603666680058
Breast Visium CID44971,cytospace,vamp5,0.1049213566326444,0.3387123093892224
Breast Visium CID44971,cytospace,gabarap,0.1044710921894596,0.679337770386824
Breast Visium CID44971,cytospace,tgfbr2,0.1037546345783861,0.3443725529346081
Breast Visium CID44971,cytospace,isyna1,0.1034348603712911,0.5152852682692532
Breast Visium CID44971,cytospace,cdh5,0.1029989118158631,0.15718849231486687
Breast Visium CID44971,cytospace,uqcrhl,0.1019749679159494,0.2417118992675995
Breast Visium CID44971,cytospace,socs2,0.101934077008315,0.187010818280288
Breast Visium CID44971,cytospace,phlda1,0.1005223678367807,0.5659201829267257
Breast Visium CID44971,cytospace,smc2,0.1004637185250741,0.2625344169328509
Breast Visium CID44971,cytospace,runx1t1,0.0998478941606354,0.17102666645895967
Breast Visium CID44971,cytospace,rpl37,0.099130194585729,0.9676548915673772
Breast Visium CID44971,cytospace,tmem59,0.0985252985985279,0.7377103226516357
Breast Visium CID44971,cytospace,cpe,0.0950768122762618,0.36935843343125535
Breast Visium CID44971,cytospace,lamb1,0.0950757634428779,0.350099595726606
Breast Visium CID44971,cytospace,mrvi1,0.0930910003860219,0.17084640300905826
Breast Visium CID44971,cytospace,hsp90b1,0.0918385774978881,0.8430143105208487
Breast Visium CID44971,cytospace,snrpb,0.0916271696369638,0.6745578754687512
Breast Visium CID44971,cytospace,filip1,0.0911556087337465,0.10832629842164997
Breast Visium CID44971,cytospace,rtn4,0.090767910694797,0.7547390107985753
Breast Visium CID44971,cytospace,oasl,0.0906982386945861,0.14201067561044675
Breast Visium CID44971,cytospace,abca6,0.0906146794059512,0.13710301242615158
Breast Visium CID44971,cytospace,idh2,0.0903126533391242,0.5301904092382084
Breast Visium CID44971,cytospace,fkbp11,0.0902532361897668,0.26665236661403613
Breast Visium CID44971,cytospace,il4r,0.0895627903917261,0.2305269595691014
Breast Visium CID44971,cytospace,ostf1,0.0892290270847127,0.29228917843593266
Breast Visium CID44971,cytospace,cd3g,0.0881085833035592,0.14823950743147865
Breast Visium CID44971,cytospace,tlr10,0.0862795025524862,0.10572518961281956
Breast Visium CID44971,cytospace,uaca,0.084810352373973,0.3252047242660144
Breast Visium CID44971,cytospace,flot1,0.0843831085368865,0.5397988948226987
Breast Visium CID44971,cytospace,pold4,0.0840942405335488,0.30554817135915396
Breast Visium CID44971,cytospace,rab37,0.0821629377487805,0.10500471684620652
Breast Visium CID44971,cytospace,cystm1,0.0821157492942551,0.399113443236252
Breast Visium CID44971,cytospace,rpl35,0.0818802272725571,0.9516974904511664
Breast Visium CID44971,cytospace,st3gal1,0.0816614989325781,0.23285431158267336
Breast Visium CID44971,cytospace,adap2,0.0816201428695727,0.1549178311967077
Breast Visium CID44971,cytospace,nucb1,0.0812232944590164,0.6179531840494319
Breast Visium CID44971,cytospace,cd8a,0.0808889390320353,0.20547712948742486
Breast Visium CID44971,cytospace,cd96,0.0799451820285918,0.1402080542276484
Breast Visium CID44971,cytospace,pou2f2,0.0791969794851579,0.14637489525226402
Breast Visium CID44971,cytospace,stat4,0.077952023089803,0.11627382250730074
Breast Visium CID44971,cytospace,tmem88,0.0775027657501039,0.11367839283370561
Breast Visium CID44971,cytospace,actg1,0.0771602575452221,0.9742315785217077
Breast Visium CID44971,cytospace,gstt2b,0.0759721268007381,0.1582350915889893
Breast Visium CID44971,cytospace,c12orf75,0.0739772237258054,0.27847460742525904
Breast Visium CID44971,cytospace,cdt1,0.0736720549800615,0.19165498237753106
Breast Visium CID44971,cytospace,rcan2,0.0727856251997128,0.11004773061314171
Breast Visium CID44971,cytospace,ccdc102b,0.0721896994952689,0.11754844039405707
Breast Visium CID44971,cytospace,dynll1,0.0707173128390103,0.857074574679917
Breast Visium CID44971,cytospace,map1lc3a,0.0705075494713755,0.49063764476905697
Breast Visium CID44971,cytospace,rrbp1,0.069633253834113,0.5587890443424307
Breast Visium CID44971,cytospace,add3,0.0673950809317083,0.32198057351125037
Breast Visium CID44971,cytospace,dnajb9,0.0660673390955585,0.2980094231862105
Breast Visium CID44971,cytospace,vps51,0.0645027551071984,0.4792699747936587
Breast Visium CID44971,cytospace,nlrc5,0.0643200598923158,0.173376216319931
Breast Visium CID44971,cytospace,tspan4,0.0624892692797815,0.36197468085187806
Breast Visium CID44971,cytospace,sptssa,0.0620788144742117,0.4515237013355932
Breast Visium CID44971,cytospace,clec2d,0.0613894975181743,0.20751869955090352
Breast Visium CID44971,cytospace,ugdh,0.0600953298465134,0.3262554576885248
Breast Visium CID44971,cytospace,cnrip1,0.0580887322282437,0.12176950608292188
Breast Visium CID44971,cytospace,myo1b,0.0571621339849187,0.31449534097618026
Breast Visium CID44971,cytospace,tubb2a,0.056720570920402,0.40857956385213284
Breast Visium CID44971,cytospace,meox1,0.0555959392831126,0.08638266735828298
Breast Visium CID44971,cytospace,gng2,0.05429655180133,0.1343913286294697
Breast Visium CID44971,cytospace,rap1b,0.0529815453963944,0.5416306642024074
Breast Visium CID44971,cytospace,orai2,0.0528146028189841,0.24183121370243418
Breast Visium CID44971,cytospace,lama2,0.051572300525797,0.1545623280462784
Breast Visium CID44971,cytospace,tmem243,0.0510694933839424,0.21695374268193202
Breast Visium CID44971,cytospace,rpl27,0.0507365389169147,0.9103054190822462
Breast Visium CID44971,cytospace,vps28,0.0495152277532024,0.7272853267681465
Breast Visium CID44971,cytospace,fbln7,0.0487043100302497,0.1488097743616559
Breast Visium CID44971,cytospace,rdx,0.0470565008673012,0.38306688417649704
Breast Visium CID44971,cytospace,stk4,0.0467211756449781,0.3069689902804723
Breast Visium CID44971,cytospace,arhgap29,0.0459300844597071,0.21691973178978247
Breast Visium CID44971,cytospace,mapk1,0.0456522664664919,0.26881920201621146
Breast Visium CID44971,cytospace,dnaja1,0.0444922917673622,0.7337965959984568
Breast Visium CID44971,cytospace,arfgap3,0.0430853643517606,0.32173542583342785
Breast Visium CID44971,cytospace,snai1,0.0400296507173635,0.11323385258921934
Breast Visium CID44971,cytospace,a4galt,0.0385120592451736,0.11867020735401419
Breast Visium CID44971,cytospace,notch3,0.0382910953658724,0.3098048312079029
Breast Visium CID44971,cytospace,ets2,0.0381636820495131,0.3133395086735532
Breast Visium CID44971,cytospace,sirpg,0.0378577084854755,0.07199174253370043
Breast Visium CID44971,cytospace,rac1,0.0373134638094946,0.7802411703791176
Breast Visium CID44971,cytospace,fam13c,0.0351098086716164,0.07287207465310083
Breast Visium CID44971,cytospace,ece1,0.0326926598495441,0.3877642704769367
Breast Visium CID44971,cytospace,rora,0.032574932257921,0.13335242571238282
Breast Visium CID44971,cytospace,hopx,0.0316102642847639,0.1364482712483128
Breast Visium CID44971,cytospace,fcrla,0.0286333593453243,0.04413690886693938
Breast Visium CID44971,cytospace,nudt4,0.0284048452612867,0.4088377588577722
Breast Visium CID44971,cytospace,veph1,0.0226160171337065,0.06284912315035707
Breast Visium CID44971,cytospace,smim3,0.0198683202175634,0.15290663864865223
Breast Visium CID44971,cytospace,fen1,0.0196717534009345,0.16306993740403503
Breast Visium CID44971,cytospace,parp15,0.0185539987806655,0.04530987721172288
Breast Visium CID44971,cytospace,smc1a,0.0151380076394594,0.3625053015668425
Breast Visium CID44971,cytospace,flt3lg,0.0138887118612181,0.07019484793646673
Breast Visium CID44971,cytospace,stap1,0.0117806660206249,0.02698189947354244
Breast Visium CID44971,cytospace,cenpm,0.0108552064404911,0.08347368637385247
Breast Visium CID44971,cytospace,ptgdr,0.0090775188984812,0.020523553099936004
Breast Visium CID44971,cytospace,aes,0.0076929168565982,0.5605347549275652
Breast Visium CID44971,cytospace,rab27a,0.0072874677660742,0.14701053684701504
Breast Visium CID44971,cytospace,gmppb,0.0060303701057444,0.18455132196031948
Breast Visium CID44971,cytospace,pyhin1,0.0056234684764425,0.03343629589187708
Breast Visium CID44971,cytospace,sec14l1,0.0046135087886255,0.2984440508431363
Breast Visium CID44971,cytospace,hist1h1e,0.0011618916347721,0.04822572327758751
Breast Visium CID44971,cytospace,sesn1,0.0010325967422886,0.1985556620798122
Breast Visium CID44971,cytospace,mtss1,0.0010000844293776,0.17249466497561478
Breast Visium CID44971,cytospace,lgals9b,-0.0012137878301115,0.0
Breast Visium CID44971,cytospace,fgfbp2,-0.0052815189960097,0.0
Breast Visium CID44971,cytospace,ncam1,-0.0066168373316717,0.0
Breast Visium CID44971,cytospace,akap5,-0.007226628713069,0.013997775523457741
Breast Visium CID44971,cytospace,csf3r,-0.0078186934467657,0.06851955132602985
Breast Visium CID44971,cytospace,tnfrsf13c,-0.0150400341984475,0.004590830905494055
Breast Visium CID44971,cytospace,plek2,-0.0152307671600684,0.03932727935832144
Breast Visium CID44971,cytospace,cachd1,-0.0153155483810956,0.0865004236452794
Breast Visium CID44971,cytospace,linc00996,-0.0153356720575142,0.0
Breast Visium CID44971,cytospace,siva1,-0.0156387815201315,0.502719750692235
Breast Visium CID44971,cytospace,tspan32,-0.0184954876371646,0.001566542341127332
Breast Visium CID44971,cytospace,p2ry14,-0.0199272594247338,0.0
Breast Visium CID44971,cytospace,rnf125,-0.0203410609929484,0.08066217579765915
Breast Visium CID44971,cytospace,tsen54,-0.0209294383874123,0.2243685774567075
Breast Visium CID44971,cytospace,dnajb1,-0.0260257565968172,0.5380032115030718
Breast Visium CID44971,cytospace,lipe,-0.0288430180534902,0.0055129940039772615
Breast Visium CID44971,cytospace,tcf19,-0.031088666354545,0.031678829077747085
Breast Visium CID44971,cytospace,h2afx,-0.059727291278287,0.38943172209752197
Breast Visium CID44971,seurat,hdac2,0.5648835214877937,0.8292494037618905
Breast Visium CID44971,seurat,serpina1,0.470367284461744,0.648038922085286
Breast Visium CID44971,seurat,c1qa,0.4647684772601346,0.549340423987806
Breast Visium CID44971,seurat,cotl1,0.4351498770247471,0.6717968178496336
Breast Visium CID44971,seurat,spint2,0.4233667756045593,0.8311927388327189
Breast Visium CID44971,seurat,mrps35,0.4120159468084117,0.7001741166463875
Breast Visium CID44971,seurat,snrpf,0.4021555308592399,0.8091817417231886
Breast Visium CID44971,seurat,lman1,0.4007364777545959,0.8111896746741176
Breast Visium CID44971,seurat,lgals1,0.3921731985914237,0.8622922377825755
Breast Visium CID44971,seurat,hla-dmb,0.3560383140564955,0.47443650078626387
Breast Visium CID44971,seurat,pkib,0.3553824978672365,0.47893399531501807
Breast Visium CID44971,seurat,st13,0.3440806007474572,0.8115082053553085
Breast Visium CID44971,seurat,hla-dqa2,0.2997160345252957,0.4291425699062303
Breast Visium CID44971,seurat,acap1,0.2764012835405368,0.453632831232169
Breast Visium CID44971,seurat,rpl31,0.2722238809391394,0.9752014983350951
Breast Visium CID44971,seurat,mmrn2,0.2611045405775538,0.33959289163705636
Breast Visium CID44971,seurat,cdkn1a,0.2448356122990441,0.587827687393876
Breast Visium CID44971,seurat,cyb5r3,0.2234454347927456,0.701926985306667
Breast Visium CID44971,seurat,rhog,0.2199895680318491,0.5950419821095655
Breast Visium CID44971,seurat,efemp2,0.2133836080576668,0.46198432618842483
Breast Visium CID44971,seurat,cox7a1,0.2107925006343708,0.4636181238049302
Breast Visium CID44971,seurat,grb2,0.2066176810702595,0.5920284959370329
Breast Visium CID44971,seurat,syk,0.177652839256896,0.27964127198098154
Breast Visium CID44971,seurat,apobec3c,0.1686502300837637,0.391899233265728
Breast Visium CID44971,seurat,krt17,0.1617044714609625,0.5182316602553911
Breast Visium CID44971,seurat,hoxd9,0.1213022949725542,0.2133882570816117
Breast Visium CID44971,seurat,lpcat4,0.0561428415266125,0.33177524401694963
Breast Visium CID44971,seurat,steap4,0.0543037328500065,0.22959954527113935
Breast Visium CID44971,seurat,nusap1,0.0541615873632374,0.2684504360220144
Breast Visium CID44971,seurat,ptger2,0.0538462119980849,0.11767982062985295
Breast Visium CID44971,seurat,themis,0.0535392626004034,0.07869505726429675
Breast Visium CID44971,seurat,cxcr6,0.0449157408537726,0.18504110486095732
Breast Visium CID44971,seurat,klrg1,0.0186553631614061,0.13230100552362214
Breast Visium CID44971,seurat,fcrl1,-0.0047538870710856,0.011574834803300342
Breast Visium CID44971,seurat,rbpms2,-0.0066112142876367,0.10100345366989683
Breast Visium CID44971,seurat,pltp,-0.0257253357275032,0.3591148190096093
Breast Visium CID44971,seurat,nmur1,,
Breast Visium CID44971,seurat,rpl12,0.5692958597744876,0.9879596003518594
Breast Visium CID44971,seurat,rpl9,0.5202986882849816,0.9851232347740545
Breast Visium CID44971,seurat,cacybp,0.50117576291124,0.8067387917501977
Breast Visium CID44971,seurat,col6a2,0.487414246066193,0.7721217002833446
Breast Visium CID44971,seurat,rpl17,0.4455760874611702,0.9109125647703797
Breast Visium CID44971,seurat,cct3,0.4106022751297005,0.8521320543505762
Breast Visium CID44971,seurat,maob,0.4047076408779021,0.5265122769161428
Breast Visium CID44971,seurat,tsc22d3,0.400575911891598,0.8057180011071398
Breast Visium CID44971,seurat,s100a6,0.3788125683225962,0.9357259372345549
Breast Visium CID44971,seurat,ccl14,0.3761837718522003,0.39246026574140397
Breast Visium CID44971,seurat,rhob,0.3344632373041169,0.8108868306544386
Breast Visium CID44971,seurat,selplg,0.320173619872066,0.4581712232636696
Breast Visium CID44971,seurat,ndrg2,0.3129721693832121,0.6976076691377597
Breast Visium CID44971,seurat,srsf5,0.2976198818308824,0.7523414987251112
Breast Visium CID44971,seurat,sub1,0.263170745137309,0.885497325546771
Breast Visium CID44971,seurat,mcm2,0.2216958166413773,0.4370603114114177
Breast Visium CID44971,seurat,pask,0.2171006201118191,0.3908018592422925
Breast Visium CID44971,seurat,ssr3,0.2060878506887485,0.7936843970335622
Breast Visium CID44971,seurat,tmbim6,0.1997029020456095,0.8882934255981833
Breast Visium CID44971,seurat,arsa,0.1993763694962728,0.46637559520048044
Breast Visium CID44971,seurat,camk4,0.1958232442238865,0.28617583968648846
Breast Visium CID44971,seurat,oxnad1,0.1917351485583028,0.31516857055445646
Breast Visium CID44971,seurat,tram1,0.1734335014967852,0.7381652690756775
Breast Visium CID44971,seurat,fgr,0.1716812537680468,0.25218345135604187
Breast Visium CID44971,seurat,kdelr1,0.161399510420714,0.7063170986941921
Breast Visium CID44971,seurat,btg1,0.1597347624546494,0.8323002709684592
Breast Visium CID44971,seurat,cdh3,0.1298494025002416,0.47746676557019485
Breast Visium CID44971,seurat,tinagl1,0.1052685364456776,0.5793317145824685
Breast Visium CID44971,seurat,sept6,0.1031349787321075,0.5182246511318882
Breast Visium CID44971,seurat,tsc22d1,0.0678810853025669,0.7085261417409939
Breast Visium CID44971,seurat,sema3g,0.0553235453516293,0.16313360112555952
Breast Visium CID44971,seurat,snx22,0.0013392118076162,0.17687348667159242
Breast Visium CID44971,seurat,faslg,-0.0125000434640613,0.023460312108784784
Breast Visium CID44971,seurat,arhgap24,-0.0404317792889588,0.15335252855497214
Breast Visium CID44971,seurat,fkbp2,-0.0645329374540369,0.7092510598478514
Breast Visium CID44971,seurat,fosb,-0.205250894169344,0.42473125122912514
Breast Visium CID44971,seurat,cxcr5,,
Breast Visium CID44971,seurat,tmsb10,0.7278425566589104,0.9929328958434092
Breast Visium CID44971,seurat,col1a2,0.6862095618104773,0.8150241921896384
Breast Visium CID44971,seurat,rpl3,0.5749164736358998,0.9771649521391709
Breast Visium CID44971,seurat,rplp2,0.4949082663753673,0.9927348953845192
Breast Visium CID44971,seurat,pik3r1,0.4698384864076042,0.682900736904864
Breast Visium CID44971,seurat,nnmt,0.4103844203190583,0.7054004395951338
Breast Visium CID44971,seurat,cnn2,0.4088351665569292,0.7720258596253035
Breast Visium CID44971,seurat,pecam1,0.3933721223057728,0.5202506147371454
Breast Visium CID44971,seurat,pdia6,0.3753082310446182,0.861176530318771
Breast Visium CID44971,seurat,ppia,0.3027927249115327,0.9641843888793377
Breast Visium CID44971,seurat,pdlim4,0.2946899919647093,0.5430656642311837
Breast Visium CID44971,seurat,lat,0.2794791451207303,0.4755371810785453
Breast Visium CID44971,seurat,vpreb3,,
Breast Visium CID44971,seurat,gdi2,0.4588580138857732,0.8673593175886026
Breast Visium CID44971,seurat,ilf2,0.440091555386278,0.8373235989938501
Breast Visium CID44971,seurat,rpl5,0.3991380315027593,0.9656441457746768
Breast Visium CID44971,seurat,tbc1d10c,0.3610972625513354,0.5372860445064571
Breast Visium CID44971,seurat,gpsm3,0.3605919252511243,0.49819303165820084
Breast Visium CID44971,seurat,tnfrsf1b,0.3231781705467204,0.48409218273857074
Breast Visium CID44971,seurat,ifngr2,0.3221996593770082,0.7492983454855431
Breast Visium CID44971,seurat,tns4,0.3219755193420757,0.4613783817669451
Breast Visium CID44971,seurat,rab31,0.3202929152637827,0.48756790857101395
Breast Visium CID44971,seurat,cd2,0.3110196402381597,0.43906157404285096
Breast Visium CID44971,seurat,slc16a3,0.301982249733533,0.43779209642700223
Breast Visium CID44971,seurat,pafah1b3,0.2981903057497475,0.635299485132296
Breast Visium CID44971,seurat,lck,0.2817398475384753,0.43774649915784963
Breast Visium CID44971,seurat,sirpa,0.2754078566023153,0.4771586099474707
Breast Visium CID44971,seurat,rpl38,0.2675118741059035,0.9663017216692537
Breast Visium CID44971,seurat,rab4a,0.2660374106463974,0.6271194980213374
Breast Visium CID44971,seurat,tpbg,0.248005922513188,0.5081836331248232
Breast Visium CID44971,seurat,arhgap15,0.2477619483292982,0.3409039035525882
Breast Visium CID44971,seurat,sdcbp,0.243985470977405,0.7097489357284525
Breast Visium CID44971,seurat,mt-nd4l,0.2431393111259519,0.8642441040103064
Breast Visium CID44971,seurat,tmpo,0.2402303953183135,0.6563146527020965
Breast Visium CID44971,seurat,plac8,0.2337362504872294,0.31107531819475714
Breast Visium CID44971,seurat,ndufv2,0.2290941932837655,0.7708554500830146
Breast Visium CID44971,seurat,rbbp8,0.2127774689252899,0.439202118651111
Breast Visium CID44971,seurat,tcf4,0.2116517469241206,0.5081228389966794
Breast Visium CID44971,seurat,plpp2,0.2085646325971513,0.6242776154442369
Breast Visium CID44971,seurat,hhex,0.2018161619869551,0.2578467611106917
Breast Visium CID44971,seurat,mydgf,0.1892565707060153,0.7195073950158694
Breast Visium CID44971,seurat,fbxo2,0.1858549288432648,0.40008143935143237
Breast Visium CID44971,seurat,dok3,0.1804142308532197,0.22527342929277563
Breast Visium CID44971,seurat,clec7a,0.1776700887464472,0.338647961640022
Breast Visium CID44971,seurat,klf10,0.1765659528355321,0.44495624870057054
Breast Visium CID44971,seurat,lilrb3,0.1532267801197367,0.20940582014210696
Breast Visium CID44971,seurat,ccdc167,0.1523926029493863,0.5729173427049752
Breast Visium CID44971,seurat,ppt1,0.1506146715933292,0.6208619679054214
Breast Visium CID44971,seurat,cux1,0.1463812314404973,0.4316609276024376
Breast Visium CID44971,seurat,tk1,0.130185652853211,0.3278340511764683
Breast Visium CID44971,seurat,cxcr3,0.1299774923040931,0.2303389288300716
Breast Visium CID44971,seurat,cd19,0.1115118865466508,0.15327456196885728
Breast Visium CID44971,seurat,sytl1,0.110585860352686,0.48980295538470203
Breast Visium CID44971,seurat,ddx17,0.1035538202550729,0.8441370863033355
Breast Visium CID44971,seurat,skap1,0.1021117336258098,0.1866781363198307
Breast Visium CID44971,seurat,ptpn7,0.1018953872823665,0.2835377245905034
Breast Visium CID44971,seurat,socs3,0.097332570036491,0.3843182589959354
Breast Visium CID44971,seurat,tpx2,0.0969060071129743,0.37221328652039115
Breast Visium CID44971,seurat,foxp1,0.070720095525693,0.587932643255827
Breast Visium CID44971,seurat,pkig,0.0661938140537822,0.5530495354085223
Breast Visium CID44971,seurat,sec61a1,0.0589738887480066,0.7486014688603134
Breast Visium CID44971,seurat,smc4,0.0579337765877845,0.5228970780741002
Breast Visium CID44971,seurat,slc9a3r2,0.0467172377207646,0.35477766898126195
Breast Visium CID44971,seurat,txk,0.045120456920945,0.0667940218955218
Breast Visium CID44971,seurat,tnfrsf17,0.0428876038795296,0.058412005740321564
Breast Visium CID44971,seurat,bag3,0.0412191463690985,0.37050522540638053
Breast Visium CID44971,seurat,st6galnac4,0.0384893785645573,0.22195408201928532
Breast Visium CID44971,seurat,cd72,0.0345770907576562,0.15335757295115252
Breast Visium CID44971,seurat,bub3,0.0263537370238066,0.6027024898655216
Breast Visium CID44971,seurat,znf385d,0.0263161060577446,0.11238617983882698
Breast Visium CID44971,seurat,ppp2r5b,0.0207591285209688,0.23538972762132013
Breast Visium CID44971,seurat,jakmip1,0.0027360860988376,0.03338767808363525
Breast Visium CID44971,seurat,klrd1,-0.0077153153111018,0.0550696791770539
Breast Visium CID44971,seurat,linc00926,-0.0108024003235755,0.1315630685044036
Breast Visium CID44971,seurat,st6galnac2,-0.0149604753157027,0.01822646284616962
Breast Visium CID44971,seurat,ncr1,,
Breast Visium CID44971,seurat,hla-e,0.5414126680246588,0.8969651508546623
Breast Visium CID44971,seurat,uqcrh,0.5171239947252606,0.9264653308026924
Breast Visium CID44971,seurat,rpl7a,0.4982173678691599,0.9850430179502628
Breast Visium CID44971,seurat,mt-atp6,0.4848742374992543,0.994198817405898
Breast Visium CID44971,seurat,cryab,0.4372698176924636,0.8317386567777317
Breast Visium CID44971,seurat,kcnmb1,0.4316073477558823,0.5944263054232839
Breast Visium CID44971,seurat,cxcr4,0.397913916260192,0.7324169416313548
Breast Visium CID44971,seurat,rpn1,0.3904750386542673,0.7984134048490205
Breast Visium CID44971,seurat,gstm3,0.3856653442892245,0.6253580090362334
Breast Visium CID44971,seurat,tcp1,0.382645305555382,0.7956605062428467
Breast Visium CID44971,seurat,cirbp,0.3764710206340053,0.8363702707782101
Breast Visium CID44971,seurat,efhd1,0.3387837555140736,0.723896449230183
Breast Visium CID44971,seurat,rps16,0.3333888803359289,0.980619739991351
Breast Visium CID44971,seurat,gng5,0.3230520863454368,0.8720826078999234
Breast Visium CID44971,seurat,gzmk,0.3170799293226565,0.4729654170997821
Breast Visium CID44971,seurat,arhgap9,0.3043033253831113,0.4255062294820373
Breast Visium CID44971,seurat,ing4,0.2874591375294624,0.6028921983732954
Breast Visium CID44971,seurat,themis2,0.2637288171436644,0.3564346670021101
Breast Visium CID44971,seurat,ptpn6,0.21278677422592,0.4884997059159922
Breast Visium CID44971,seurat,fyn,0.2042643310735941,0.41332306738191305
Breast Visium CID44971,seurat,icam2,0.2025576728336731,0.34329707940143506
Breast Visium CID44971,seurat,camk1d,0.2005661309713015,0.3114088945887397
Breast Visium CID44971,seurat,lrp1,0.1982218220854593,0.5975143072988475
Breast Visium CID44971,seurat,dnmt1,0.1797145392602748,0.6526721122603518
Breast Visium CID44971,seurat,spn,0.1754967052936424,0.2868559652036859
Breast Visium CID44971,seurat,hlf,0.1707580967050885,0.2632884455762915
Breast Visium CID44971,seurat,cav1,0.1325140309512336,0.5377781938970251
Breast Visium CID44971,seurat,fcer2,0.1036532117038217,0.1237883482103798
Breast Visium CID44971,seurat,ctnnal1,0.0975326240085465,0.25440353314371483
Breast Visium CID44971,seurat,creb3l4,0.0927224282772437,0.43332522868939705
Breast Visium CID44971,seurat,ass1,0.0796569405660692,0.4833183001613966
Breast Visium CID44971,seurat,smim14,0.0592489821495753,0.5425774397387837
Breast Visium CID44971,seurat,ccdc50,0.0427725457258502,0.4618268240125124
Breast Visium CID44971,seurat,arrb1,0.0427300247118633,0.35375483192225504
Breast Visium CID44971,seurat,ctsw,0.0379415424760314,0.194478837274177
Breast Visium CID44971,seurat,eps8,0.0070477606716096,0.4467149038379303
Breast Visium CID44971,seurat,tnik,0.0051477357420999,0.15864313102499564
Breast Visium CID44971,seurat,sh2d1b,,
Breast Visium CID44971,seurat,rps4x,0.6724830419385046,0.987529260818557
Breast Visium CID44971,seurat,hla-a,0.659656647544105,0.962237348483696
Breast Visium CID44971,seurat,rps15,0.6165261928218447,0.9856761039690987
Breast Visium CID44971,seurat,rps28,0.6058858109214076,0.9930402321485075
Breast Visium CID44971,seurat,c2orf40,0.5701636673831781,0.6706115700137616
Breast Visium CID44971,seurat,rpl29,0.5632679206109424,0.989078963413573
Breast Visium CID44971,seurat,aebp1,0.5482158015784053,0.7744162617864867
Breast Visium CID44971,seurat,ctgf,0.5266942690508514,0.831473501429669
Breast Visium CID44971,seurat,sf3b6,0.499758593293142,0.895245215417187
Breast Visium CID44971,seurat,naca,0.4993263900887946,0.9676739399750636
Breast Visium CID44971,seurat,ifitm3,0.4621133508548086,0.8707835068192717
Breast Visium CID44971,seurat,trac,0.4618133395182905,0.6492385932466959
Breast Visium CID44971,seurat,tymp,0.4544365046305964,0.7311096953324997
Breast Visium CID44971,seurat,lst1,0.415090895842311,0.49726003394707924
Breast Visium CID44971,seurat,ppdpf,0.4066082307461407,0.9286550372878986
Breast Visium CID44971,seurat,trim29,0.4059386763295627,0.6038094882745875
Breast Visium CID44971,seurat,htra1,0.4010176841168646,0.6746851306562565
Breast Visium CID44971,seurat,mme,0.3935466952798461,0.5321710471303809
Breast Visium CID44971,seurat,psme2,0.3821972412354156,0.7908560643117168
Breast Visium CID44971,seurat,rps13,0.3685272852872323,0.9810750125108796
Breast Visium CID44971,seurat,eef2,0.3652253865369583,0.9582725771378495
Breast Visium CID44971,seurat,ctsz,0.3618342900839614,0.6269333371535559
Breast Visium CID44971,seurat,tshz2,0.3502760499338638,0.5199780233447321
Breast Visium CID44971,seurat,c1orf43,0.3428925871945776,0.7638993832878644
Breast Visium CID44971,seurat,rpl26,0.3415072146879201,0.958843679803931
Breast Visium CID44971,seurat,pdcd4,0.3285838782856644,0.7840373580453452
Breast Visium CID44971,seurat,tmem258,0.3261968889601226,0.8771654632266588
Breast Visium CID44971,seurat,tcf7,0.3248827348949817,0.4881865473512211
Breast Visium CID44971,seurat,vopp1,0.3180023149371347,0.500103073198712
Breast Visium CID44971,seurat,sept1,0.3165776727147203,0.5038198984285792
Breast Visium CID44971,seurat,cd93,0.3078743769960049,0.4350716285298419
Breast Visium CID44971,seurat,adirf,0.3027898006796711,0.6541433666781767
Breast Visium CID44971,seurat,ptges3,0.2855719722080429,0.8808483617599905
Breast Visium CID44971,seurat,dap3,0.2846271328040127,0.6870963534939991
Breast Visium CID44971,seurat,pik3ip1,0.2797673750121061,0.5122046040487757
Breast Visium CID44971,seurat,efhd2,0.2635175490710446,0.4737911202765451
Breast Visium CID44971,seurat,herpud1,0.260948765295247,0.7224006253478742
Breast Visium CID44971,seurat,aplp2,0.252970696281948,0.8457062864496505
Breast Visium CID44971,seurat,pim1,0.2529576933261471,0.4540068457843974
Breast Visium CID44971,seurat,cst7,0.2521262387440159,0.43583544537895685
Breast Visium CID44971,seurat,icam3,0.2477909716317249,0.4333271727185365
Breast Visium CID44971,seurat,hsbp1,0.2477152451293406,0.8398060750995181
Breast Visium CID44971,seurat,zfp36l2,0.2356624792509896,0.8994780825996866
Breast Visium CID44971,seurat,plxdc2,0.2355109304338189,0.7448204265365207
Breast Visium CID44971,seurat,pabpc1,0.2317138394415341,0.9213136476028861
Breast Visium CID44971,seurat,vamp8,0.2306052561533847,0.757725867721009
Breast Visium CID44971,seurat,atp6v0b,0.2302214121451297,0.776787766407247
Breast Visium CID44971,seurat,aoah,0.2180425667853286,0.33228765007404343
Breast Visium CID44971,seurat,ncf2,0.2140468585339147,0.28239520235289894
Breast Visium CID44971,seurat,alox5ap,0.213647970645868,0.35084077907990757
Breast Visium CID44971,seurat,s1pr1,0.20652835132986,0.2792147377636672
Breast Visium CID44971,seurat,s100a10,0.2031961787437903,0.7776370578737742
Breast Visium CID44971,seurat,ppic,0.1995715140204353,0.4494897276495819
Breast Visium CID44971,seurat,tpp1,0.1985757194144701,0.6395963799140614
Breast Visium CID44971,seurat,npdc1,0.1983004879780951,0.5997562459039651
Breast Visium CID44971,seurat,fos,0.1955191059055022,0.8014026621548864
Breast Visium CID44971,seurat,ccnd3,0.1941999834727543,0.641389965085581
Breast Visium CID44971,seurat,slc25a5,0.1929221605135559,0.7795923946663066
Breast Visium CID44971,seurat,mal,0.1909736968850768,0.2356113088047431
Breast Visium CID44971,seurat,runx1,0.1875968234024823,0.6740359846630323
Breast Visium CID44971,seurat,snx20,0.1871446106114795,0.278555690159224
Breast Visium CID44971,seurat,syngr2,0.1841615507809281,0.7489268702929434
Breast Visium CID44971,seurat,rbpms,0.1801413767246905,0.5494583483723177
Breast Visium CID44971,seurat,tmed10,0.1774905572056714,0.7607325978615682
Breast Visium CID44971,seurat,rrm1,0.1677686646719261,0.512352373024018
Breast Visium CID44971,seurat,mfap4,0.1552190736124197,0.3686461448234892
Breast Visium CID44971,seurat,lims2,0.1505773372256914,0.4329306060784015
Breast Visium CID44971,seurat,angpt2,0.149788019159998,0.20701796711814785
Breast Visium CID44971,seurat,cmc1,0.1459043348176394,0.5086983665947066
Breast Visium CID44971,seurat,rgs10,0.1433204194154429,0.6080124416120722
Breast Visium CID44971,seurat,mgp,0.1389093243934906,0.9187327651079034
Breast Visium CID44971,seurat,hcfc1r1,0.1367294441968955,0.6312761577743243
Breast Visium CID44971,seurat,syt8,0.1136697170075502,0.32213257252268396
Breast Visium CID44971,seurat,mgst2,0.1097741998843328,0.41222457027368825
Breast Visium CID44971,seurat,mgat2,0.1085729911545442,0.33044400346539793
Breast Visium CID44971,seurat,syvn1,0.1082184673842524,0.5172605933958451
Breast Visium CID44971,seurat,glrx,0.1065900522810768,0.32762436938819256
Breast Visium CID44971,seurat,col14a1,0.1054763040382207,0.35842690819619594
Breast Visium CID44971,seurat,col18a1,0.1041106992908647,0.6824137905918588
Breast Visium CID44971,seurat,phldb2,0.1036121113637302,0.2507667544517281
Breast Visium CID44971,seurat,sel1l,0.1008290853972622,0.4744247745440646
Breast Visium CID44971,seurat,rabac1,0.1006016371575743,0.7631100504097881
Breast Visium CID44971,seurat,fndc3a,0.0900879334305639,0.5719867899036475
Breast Visium CID44971,seurat,arl11,0.0856344684332841,0.12293963104765877
Breast Visium CID44971,seurat,arhgap1,0.0854402872227663,0.573542245981152
Breast Visium CID44971,seurat,nucb2,0.0849919591875082,0.4154657796725842
Breast Visium CID44971,seurat,erlec1,0.0748129637805367,0.5890239343040674
Breast Visium CID44971,seurat,bcl11b,0.0742544910253775,0.22457922606677697
Breast Visium CID44971,seurat,scarb1,0.0466135870378632,0.49632507727105657
Breast Visium CID44971,seurat,kdr,0.0408210942188646,0.14610177807163036
Breast Visium CID44971,seurat,cblb,0.0402107846396342,0.29969915502364397
Breast Visium CID44971,seurat,xcl1,0.0383461841295925,0.08154082511881657
Breast Visium CID44971,seurat,sptbn1,0.0307113163878707,0.7519744510898496
Breast Visium CID44971,seurat,oaz2,0.019818631767302,0.5280842756155185
Breast Visium CID44971,seurat,tmigd2,0.0193530817692876,0.042473455293500204
Breast Visium CID44971,seurat,fam111a,0.0187285698926076,0.41754720779185744
Breast Visium CID44971,seurat,hrct1,0.0183111095411097,0.11190873628364376
Breast Visium CID44971,seurat,inpp1,0.0165988650582908,0.2894388831352695
Breast Visium CID44971,seurat,sardh,0.0138335216326985,0.08043434730762689
Breast Visium CID44971,seurat,ca4,0.0043892073841373,0.05553250983391506
Breast Visium CID44971,seurat,rgma,0.0040405329384443,0.3745334276113474
Breast Visium CID44971,seurat,cbfa2t3,-0.0063042563989039,0.14306427723513232
Breast Visium CID44971,seurat,bard1,-0.0187905627121478,0.19830803303617134
Breast Visium CID44971,seurat,dhfr,-0.0300278746932072,0.2880692719676393
Breast Visium CID44971,seurat,ms4a1,-0.0311706137071604,0.029842810962309178
Breast Visium CID44971,seurat,asf1b,-0.0393212743491002,0.09633583037369745
Breast Visium CID44971,seurat,creb3l2,-0.0829963642526154,0.5040517706058467
Breast Visium CID44971,seurat,hla-b,0.6485809418665334,0.9499499482007728
Breast Visium CID44971,seurat,hla-dra,0.5577492202583758,0.7269777424508064
Breast Visium CID44971,seurat,ighd,,
Breast Visium CID44971,seurat,c1qb,0.548739331602416,0.6149315098516488
Breast Visium CID44971,seurat,hla-dqb1,0.5329349214494667,0.703741578098748
Breast Visium CID44971,seurat,rps6,0.5243403419170525,0.9876437376197136
Breast Visium CID44971,seurat,srgn,0.5209392792442034,0.7152933892731379
Breast Visium CID44971,seurat,fxyd3,0.49791849505851,0.7565968607067917
Breast Visium CID44971,seurat,rpl34,0.4925507682853828,0.9845760991592386
Breast Visium CID44971,seurat,ldhb,0.4772267029083912,0.9113076707262587
Breast Visium CID44971,seurat,epcam,0.4731267461383561,0.7802531464677767
Breast Visium CID44971,seurat,cd24,0.4497866859564052,0.8653177430330081
Breast Visium CID44971,seurat,ptma,0.4312641968572765,0.985051776693246
Breast Visium CID44971,seurat,plek,0.4218302831704253,0.5101649925920477
Breast Visium CID44971,seurat,arpc1b,0.4215990255613814,0.7571831045145063
Breast Visium CID44971,seurat,rpl35a,0.4096965542104189,0.9728049521314883
Breast Visium CID44971,seurat,tspan7,0.4056884367298494,0.4508113618745084
Breast Visium CID44971,seurat,hddc2,0.3861120802570654,0.7387597337880774
Breast Visium CID44971,seurat,cybb,0.3851274918557781,0.4940395923762318
Breast Visium CID44971,seurat,rps5,0.3814409153908642,0.9732470664157039
Breast Visium CID44971,seurat,srp9,0.3791514465074772,0.8505803275512257
Breast Visium CID44971,seurat,hspg2,0.371866186727485,0.6857845985614273
Breast Visium CID44971,seurat,sell,0.3554978340466618,0.4535927361454311
Breast Visium CID44971,seurat,epas1,0.3536856375378352,0.5623906690838173
Breast Visium CID44971,seurat,capn8,0.3514089443497384,0.4427029871014592
Breast Visium CID44971,seurat,tpt1,0.3459952661099105,0.9912893098239345
Breast Visium CID44971,seurat,gimap7,0.3458259830654606,0.4324250148131868
Breast Visium CID44971,seurat,aif1l,0.3406251598159993,0.59320588747498
Breast Visium CID44971,seurat,tpm1,0.3275186493479851,0.8365386045426435
Breast Visium CID44971,seurat,aph1a,0.3230968552398447,0.7783053168725005
Breast Visium CID44971,seurat,ifi16,0.3210293454255748,0.615996138664782
Breast Visium CID44971,seurat,gnai2,0.320969353251989,0.7842122657525449
Breast Visium CID44971,seurat,rnase1,0.3028511443132455,0.5169434920680909
Breast Visium CID44971,seurat,dynlt1,0.2984445718890499,0.7858817107060813
Breast Visium CID44971,seurat,tpst2,0.2907502219546016,0.5021006582014377
Breast Visium CID44971,seurat,pdia4,0.2781550293464226,0.768506141715423
Breast Visium CID44971,seurat,il33,0.2734708855953442,0.35285351713362056
Breast Visium CID44971,seurat,msr1,0.2730368360810031,0.36953534670397226
Breast Visium CID44971,seurat,pmepa1,0.2698623889703097,0.47150962771904403
Breast Visium CID44971,seurat,rps25,0.2680251457233487,0.9811305092634166
Breast Visium CID44971,seurat,kif12,0.2676992241661244,0.3313114915168473
Breast Visium CID44971,seurat,rasef,0.2651667119491166,0.4331859797877352
Breast Visium CID44971,seurat,reep5,0.2606677593905159,0.7160275014321472
Breast Visium CID44971,seurat,fam49b,0.2589940785190566,0.5845815062550926
Breast Visium CID44971,seurat,stom,0.2587440457111831,0.7117324004794786
Breast Visium CID44971,seurat,cd69,0.252981060273599,0.3991126831148002
Breast Visium CID44971,seurat,limd2,0.248861290225767,0.5766976544344163
Breast Visium CID44971,seurat,myadm,0.2435686957310827,0.6667109707513118
Breast Visium CID44971,seurat,sod3,0.2432295332925972,0.3425652413952093
Breast Visium CID44971,seurat,gas6,0.238391804756408,0.7375447752686793
Breast Visium CID44971,seurat,rcsd1,0.2377649636224229,0.43666811882520323
Breast Visium CID44971,seurat,app,0.2347345118944597,0.8867296195396397
Breast Visium CID44971,seurat,cd40,0.2297672179978007,0.39738745139209397
Breast Visium CID44971,seurat,il16,0.2273228790769089,0.39993375394237135
Breast Visium CID44971,seurat,rpa3,0.2241165321325455,0.5748064064590633
Breast Visium CID44971,seurat,rhoh,0.2100746754941295,0.3535233279535435
Breast Visium CID44971,seurat,phactr1,0.2089968158454592,0.3053076748436932
Breast Visium CID44971,seurat,eif1,0.2073150455760738,0.9451574571374003
Breast Visium CID44971,seurat,rpl13a,0.2036557612550119,0.9802982938560448
Breast Visium CID44971,seurat,dbnl,0.2011804476850969,0.5992982481296527
Breast Visium CID44971,seurat,bcam,0.194441412132013,0.49747805660904487
Breast Visium CID44971,seurat,rnaset2,0.1932456989001759,0.6922308612229986
Breast Visium CID44971,seurat,c1qtnf1,0.1856964388576479,0.3299378078806621
Breast Visium CID44971,seurat,ier3,0.1855674744276523,0.6694488255185871
Breast Visium CID44971,seurat,tie1,0.1851599679007165,0.2537022549800934
Breast Visium CID44971,seurat,lrrc26,0.183595929480974,0.3063113701008698
Breast Visium CID44971,seurat,acbd6,0.1824352772075618,0.5722107075606433
Breast Visium CID44971,seurat,cdk2ap2,0.1820697480674539,0.5581421071997941
Breast Visium CID44971,seurat,plac9,0.1817216829542025,0.3513728264507056
Breast Visium CID44971,seurat,tspan13,0.1790667111035109,0.5506871800076726
Breast Visium CID44971,seurat,sdf2l1,0.1765726600945815,0.4887766066516751
Breast Visium CID44971,seurat,il2rg,0.1743683651184662,0.4337889937406717
Breast Visium CID44971,seurat,runx3,0.1740087020285418,0.3124888154031013
Breast Visium CID44971,seurat,cd63,0.1598345936942635,0.9193433895201998
Breast Visium CID44971,seurat,il3ra,0.1589216578288395,0.22002455644476715
Breast Visium CID44971,seurat,tnfrsf25,0.156372910779567,0.32829694999793396
Breast Visium CID44971,seurat,prkch,0.1542764502347775,0.336794416130732
Breast Visium CID44971,seurat,gpr65,0.1528366505128364,0.24211101260958037
Breast Visium CID44971,seurat,reep6,0.1476532679746352,0.31586230117536856
Breast Visium CID44971,seurat,erg,0.1389264446379907,0.22166144120887887
Breast Visium CID44971,seurat,emb,0.13480551648272,0.34272185472946237
Breast Visium CID44971,seurat,akap12,0.1336394008598256,0.29541078259858977
Breast Visium CID44971,seurat,hbegf,0.1306913759482387,0.2760678185528629
Breast Visium CID44971,seurat,myd88,0.1264431238720594,0.4138738293785757
Breast Visium CID44971,seurat,slc3a2,0.1152041535425844,0.7131695565888903
Breast Visium CID44971,seurat,atp2b1,0.106742763449406,0.515982735759464
Breast Visium CID44971,seurat,snrnp25,0.1062969948491589,0.4770625802657323
Breast Visium CID44971,seurat,nes,0.1039768480295526,0.5324620296818968
Breast Visium CID44971,seurat,mef2c,0.1038458209456283,0.3029456845899153
Breast Visium CID44971,seurat,magi1,0.0934521699289735,0.4176247455894264
Breast Visium CID44971,seurat,notch4,0.0847290936682934,0.29708491268853593
Breast Visium CID44971,seurat,inpp4b,0.0757493997599554,0.22638384057055277
Breast Visium CID44971,seurat,nt5e,0.0728434881099406,0.1747183927790362
Breast Visium CID44971,seurat,igf1,0.068729191638159,0.3210960310277294
Breast Visium CID44971,seurat,dnajc1,0.0626097090145571,0.37854179269190164
Breast Visium CID44971,seurat,golgb1,0.0615319836162101,0.6127238096438212
Breast Visium CID44971,seurat,gucy1a2,0.0567340350459105,0.13124890444095647
Breast Visium CID44971,seurat,b4galt7,0.0529195273327104,0.3321339352247328
Breast Visium CID44971,seurat,ccpg1,0.0527870593678603,0.40412149146154636
Breast Visium CID44971,seurat,syne1,0.0518272582148075,0.27001406905169134
Breast Visium CID44971,seurat,rnf130,0.0483942944569866,0.6148766357039819
Breast Visium CID44971,seurat,ralgps2,0.0426723389659624,0.2012592926581945
Breast Visium CID44971,seurat,usp28,0.0379604675279117,0.38789456516410237
Breast Visium CID44971,seurat,ptpn4,0.0302130145829914,0.2666967689351978
Breast Visium CID44971,seurat,trg-as1,0.0268660363082125,0.05728323384534553
Breast Visium CID44971,seurat,taf15,0.0114773054694992,0.5664719139910657
Breast Visium CID44971,seurat,arc,0.0111641353182233,0.08266259407096585
Breast Visium CID44971,seurat,acadvl,0.0032213118612083,0.7986725335536532
Breast Visium CID44971,seurat,mir222hg,-0.0013073920674682,0.13832316425289368
Breast Visium CID44971,seurat,tcl1a,-0.0190071891119459,0.0
Breast Visium CID44971,seurat,hla-dob,-0.0518096920865439,0.09955416747310451
Breast Visium CID44971,seurat,pax5,,
Breast Visium CID44971,seurat,sparc,0.5619639162870704,0.8543332684761201
Breast Visium CID44971,seurat,mdh2,0.4337459724403001,0.837090353988884
Breast Visium CID44971,seurat,rasal3,0.4195642260700514,0.5131733642778545
Breast Visium CID44971,seurat,gapdh,0.4090118657739349,0.9785597873578038
Breast Visium CID44971,seurat,arf1,0.4089358838301146,0.9122392481949289
Breast Visium CID44971,seurat,col17a1,0.3865678032839247,0.5415325928231218
Breast Visium CID44971,seurat,ybx1,0.3764996280388352,0.876042501634682
Breast Visium CID44971,seurat,rpl27a,0.3602200260684624,0.9774512540806533
Breast Visium CID44971,seurat,jun,0.3419207073770607,0.7616598393370569
Breast Visium CID44971,seurat,s100a11,0.3409700262879148,0.9547469777713681
Breast Visium CID44971,seurat,srpk1,0.3135614044483018,0.6274720140692945
Breast Visium CID44971,seurat,cd99,0.2937536861430413,0.7139127570163769
Breast Visium CID44971,seurat,tmed2,0.2870017997311503,0.8117705505519127
Breast Visium CID44971,seurat,anxa3,0.2741491703096588,0.591850961104597
Breast Visium CID44971,seurat,pik3r3,0.2620746693617062,0.5644551930884488
Breast Visium CID44971,seurat,dok2,0.2276642410906651,0.3357749440072647
Breast Visium CID44971,seurat,c1orf54,0.2237895218894796,0.37545019713255934
Breast Visium CID44971,seurat,tacc1,0.2144847233657483,0.4911161292200651
Breast Visium CID44971,seurat,cxcl16,0.211785195858157,0.5806593701457684
Breast Visium CID44971,seurat,cldn5,0.1997945026424834,0.2875141569155123
Breast Visium CID44971,seurat,dgka,0.1849016925658128,0.4119191343255024
Breast Visium CID44971,seurat,lmcd1,0.14617971804996,0.35092263588016653
Breast Visium CID44971,seurat,aqp3,0.1457924322474753,0.3431157963173159
Breast Visium CID44971,seurat,mctp1,0.1178083757669624,0.16577122870003666
Breast Visium CID44971,seurat,cisd2,0.1171979392942271,0.4961229711924233
Breast Visium CID44971,seurat,fancb,0.1085887958098884,0.18819651527347458
Breast Visium CID44971,seurat,znf331,0.1066716689242879,0.39242187194838135
Breast Visium CID44971,seurat,abi3,0.1006657614878793,0.2934821256429435
Breast Visium CID44971,seurat,plpp5,0.0817909109272287,0.4519653266368889
Breast Visium CID44971,seurat,rasl12,0.0604653829174618,0.18128410808375028
Breast Visium CID44971,seurat,mei1,0.0553017715450071,0.10400463270640688
Breast Visium CID44971,seurat,ccdc88a,0.0465133609835918,0.2979163620608427
Breast Visium CID44971,seurat,map3k8,0.0232279023384771,0.36631602580205036
Breast Visium CID44971,seurat,klrf1,-0.0314301485597327,0.0462315309500004
Breast Visium CID44971,seurat,znf808,-0.0357512270487808,0.11543281690957541
Breast Visium CID44971,seurat,bach2,-0.0529607302612696,0.10525248009789309
Breast Visium CID44971,seurat,trgc1,,
Breast Visium CID44971,seurat,spink2,,
Breast Visium CID44971,seurat,eef1a1,0.6751164999983124,0.9979684735113599
Breast Visium CID44971,seurat,agr2,0.6024081461934583,0.6571460640941478
Breast Visium CID44971,seurat,dst,0.5627243644923204,0.8180807401704911
Breast Visium CID44971,seurat,tbx21,,
Breast Visium CID44971,seurat,pfn1,0.573592369663589,0.9682746590264915
Breast Visium CID44971,seurat,ifi27,0.5656720747827253,0.766775067586129
Breast Visium CID44971,seurat,snrpe,0.5355458079963853,0.8502210039394236
Breast Visium CID44971,seurat,mlph,0.4911175742013342,0.5698275119808858
Breast Visium CID44971,seurat,snrpd1,0.4747827198455901,0.7872385528351693
Breast Visium CID44971,seurat,islr,0.3843636448167072,0.6694818200122108
Breast Visium CID44971,seurat,mt2a,0.3654415186801927,0.9592380567678226
Breast Visium CID44971,seurat,snrpd2,0.3425946731179328,0.9105222556834865
Breast Visium CID44971,seurat,cd247,0.3318611134338436,0.3750412155603974
Breast Visium CID44971,seurat,nutf2,0.3204485302877256,0.7093771387746619
Breast Visium CID44971,seurat,fcgr2a,0.2506334774641432,0.3917834350058317
Breast Visium CID44971,seurat,traf4,0.2121225885843865,0.6798368548851147
Breast Visium CID44971,seurat,map1b,0.2045246895244825,0.4223461220379835
Breast Visium CID44971,seurat,ndufa4l2,0.1779171853500735,0.3015791246720328
Breast Visium CID44971,seurat,leprotl1,0.1579086661948239,0.514636263622999
Breast Visium CID44971,seurat,pnpla2,0.1482346524979879,0.6362429719221975
Breast Visium CID44971,seurat,tmem98,0.1227427951847882,0.4262144003881559
Breast Visium CID44971,seurat,dusp4,0.1019101137217714,0.4557567788379274
Breast Visium CID44971,seurat,ttc38,0.101067577842997,0.3154614508869657
Breast Visium CID44971,seurat,nr2f1,0.0926892352188062,0.3503291956286341
Breast Visium CID44971,seurat,foxp3,0.0831695373812255,0.15102567437838454
Breast Visium CID44971,seurat,lyst,0.0811990239037989,0.24392443147584478
Breast Visium CID44971,seurat,plekhf1,0.070286600137151,0.2768518656795423
Breast Visium CID44971,seurat,snx29,0.0614632359177725,0.2823840061991251
Breast Visium CID44971,seurat,man2b1,0.0395189474268497,0.1976545845523795
Breast Visium CID44971,seurat,or51e1,0.0290112133764784,0.05115470279547622
Breast Visium CID44971,seurat,gapt,0.0154795776846737,0.08822268840983596
Breast Visium CID44971,seurat,abhd15,0.0112853811765585,0.16209416846848906
Breast Visium CID44971,seurat,atp1a1,-0.019273674105734,0.7614140766232269
Breast Visium CID44971,seurat,shc1,-0.0207699711127995,0.5829300281617077
Breast Visium CID44971,seurat,stim1,-0.0487965930834546,0.3230648290399324
Breast Visium CID44971,seurat,xcl2,,
Breast Visium CID44971,seurat,rps3a,0.5316088704805935,0.9918947938124543
Breast Visium CID44971,seurat,col3a1,0.445421524387345,0.7323638493244082
Breast Visium CID44971,seurat,ppp1r14a,0.4346800094173622,0.622317597957676
Breast Visium CID44971,seurat,rpl15,0.4291652239094264,0.9828973688578075
Breast Visium CID44971,seurat,col5a2,0.3854256419787131,0.6267437219574038
Breast Visium CID44971,seurat,uqcrb,0.3627889116599688,0.9325520246940637
Breast Visium CID44971,seurat,linc00861,0.3162420103305606,0.36192661474755
Breast Visium CID44971,seurat,rps20,0.3110330771400332,0.9564884457194549
Breast Visium CID44971,seurat,irf7,0.3028413324892955,0.5391398749090097
Breast Visium CID44971,seurat,vps72,0.291205190034396,0.5915389336799203
Breast Visium CID44971,seurat,rasgrp2,0.2558193828499042,0.41185011383768494
Breast Visium CID44971,seurat,tmed9,0.2466092911449075,0.7297449872394434
Breast Visium CID44971,seurat,zfp36,0.2449491310221993,0.805842731658342
Breast Visium CID44971,seurat,palld,0.238600973248808,0.6280633638777761
Breast Visium CID44971,seurat,nedd9,0.2330370733310436,0.5257184488689838
Breast Visium CID44971,seurat,rabep1,0.1769803629816129,0.5380956297625341
Breast Visium CID44971,seurat,tmem173,0.1743324928734763,0.39947165138580054
Breast Visium CID44971,seurat,gem,0.1597790382222691,0.45142916616036655
Breast Visium CID44971,seurat,ednra,0.1468147742163496,0.28699350180889405
Breast Visium CID44971,seurat,alox5,0.145699397801993,0.2891383937708579
Breast Visium CID44971,seurat,cox4i2,0.1336484359056939,0.20614840174524304
Breast Visium CID44971,seurat,cdkn3,0.1269662466307627,0.2627744848346805
Breast Visium CID44971,seurat,rbp7,0.1197436164571073,0.2618236965068426
Breast Visium CID44971,seurat,hsp90aa1,0.1194997400547297,0.9266527932860069
Breast Visium CID44971,seurat,eif4b,0.1152971992809818,0.8428207540512058
Breast Visium CID44971,seurat,rapgef3,0.0799322993129705,0.172408591621028
Breast Visium CID44971,seurat,linc01197,0.0782545394382667,0.09900046378465895
Breast Visium CID44971,seurat,frmd3,0.0428319590741018,0.16489181539562814
Breast Visium CID44971,seurat,ccr4,0.0382479128772621,0.0619256122875668
Breast Visium CID44971,seurat,gnly,0.0325333935484058,0.11190461694311638
Breast Visium CID44971,seurat,sh3pxd2b,-0.0097274209029635,0.30417001658024284
Breast Visium CID44971,seurat,fxyd6,-0.0131298443202942,0.43170188350309097
Breast Visium CID44971,seurat,ighm,-0.1741526265466327,0.2014634798827045
Breast Visium CID44971,seurat,pnoc,,
Breast Visium CID44971,seurat,rpl41,0.7273981320955673,0.9959767410009874
Breast Visium CID44971,seurat,col1a1,0.6335773117840288,0.8025528072565441
Breast Visium CID44971,seurat,rps12,0.6226350216333688,0.9928230774358785
Breast Visium CID44971,seurat,crabp1,0.5712542307871917,0.8289059521909662
Breast Visium CID44971,seurat,azgp1,0.5600685726484316,0.7639376336840957
Breast Visium CID44971,seurat,rps27a,0.488867064685269,0.9904638241438477
Breast Visium CID44971,seurat,btf3,0.4644306940852807,0.9017341436568255
Breast Visium CID44971,seurat,aff3,0.4125981272429351,0.4780966821898226
Breast Visium CID44971,seurat,grn,0.403855332237404,0.831449315237854
Breast Visium CID44971,seurat,cxcl2,0.3917850462695131,0.5433346393819294
Breast Visium CID44971,seurat,cyba,0.3764535999631553,0.7951393682005661
Breast Visium CID44971,seurat,ctsk,0.3719373471655985,0.6154670517237667
Breast Visium CID44971,seurat,sat1,0.3600083079833343,0.8253426772549983
Breast Visium CID44971,seurat,dstn,0.3510839577441711,0.8815417564668211
Breast Visium CID44971,seurat,rps23,0.3363210745550984,0.9816330679085732
Breast Visium CID44971,seurat,il6st,0.3355806688406689,0.7047284081470937
Breast Visium CID44971,seurat,tacstd2,0.3306576396627201,0.7554828950092002
Breast Visium CID44971,seurat,cyr61,0.3107981720751563,0.7819212853693193
Breast Visium CID44971,seurat,serping1,0.307455538803469,0.7214153459076358
Breast Visium CID44971,seurat,ufc1,0.2808472443151864,0.7388450646507556
Breast Visium CID44971,seurat,kdelr2,0.2687795708976496,0.8082662659381069
Breast Visium CID44971,seurat,samhd1,0.2663869665705762,0.5541462851629616
Breast Visium CID44971,seurat,rpl7,0.2583016437170604,0.9734516673362239
Breast Visium CID44971,seurat,krt81,0.2551177687059973,0.401539500850096
Breast Visium CID44971,seurat,serpinh1,0.2547228592862343,0.7967667201044984
Breast Visium CID44971,seurat,mfge8,0.2537933174129103,0.8017529736841867
Breast Visium CID44971,seurat,cnr2,0.2537533132402716,0.26209234486752186
Breast Visium CID44971,seurat,ppp1ca,0.2257856527303196,0.769902366285166
Breast Visium CID44971,seurat,emp1,0.2170686045562209,0.5150804901066542
Breast Visium CID44971,seurat,dennd2d,0.2144146165233525,0.5242892345974093
Breast Visium CID44971,seurat,znf503,0.1950160263324702,0.3539904362878219
Breast Visium CID44971,seurat,march1,0.1885927437145958,0.2724904419161394
Breast Visium CID44971,seurat,id2,0.1882877519543115,0.6736287627884269
Breast Visium CID44971,seurat,vps29,0.1873748889903175,0.6970750295254666
Breast Visium CID44971,seurat,tigit,0.1869672741095254,0.3132438577460894
Breast Visium CID44971,seurat,h2afy,0.1846465324156502,0.7209110203511576
Breast Visium CID44971,seurat,arid5b,0.1761193581742051,0.519793269348893
Breast Visium CID44971,seurat,foxs1,0.1669894851610334,0.210622984957745
Breast Visium CID44971,seurat,krt86,0.1651064142649267,0.2545225842086516
Breast Visium CID44971,seurat,ednrb,0.1579709631463937,0.29505400555683237
Breast Visium CID44971,seurat,klf6,0.1533659155788082,0.8432430329759901
Breast Visium CID44971,seurat,rassf2,0.1495577055394615,0.3603756692148509
Breast Visium CID44971,seurat,clmn,0.147882691800168,0.43851717593206985
Breast Visium CID44971,seurat,nr2f2,0.1382749884837372,0.4655452899178422
Breast Visium CID44971,seurat,rbm47,0.1337130707876651,0.5121913662530019
Breast Visium CID44971,seurat,mgll,0.1320945733364016,0.359650854652121
Breast Visium CID44971,seurat,hm13,0.1267266619456737,0.7168516973857504
Breast Visium CID44971,seurat,derl3,0.1226768098824805,0.22216459324691631
Breast Visium CID44971,seurat,eomes,0.1197790999131292,0.1631300270990145
Breast Visium CID44971,seurat,cd79b,0.1154253504626537,0.22767365022239835
Breast Visium CID44971,seurat,spcs3,0.1151346698477903,0.6167062844550498
Breast Visium CID44971,seurat,sec62,0.1150298840589648,0.6811763592507649
Breast Visium CID44971,seurat,itm2a,0.1126911077443189,0.45852890452105366
Breast Visium CID44971,seurat,hspa1b,0.1040474750608996,0.595600656602221
Breast Visium CID44971,seurat,ier2,0.1031594362033018,0.755494634277834
Breast Visium CID44971,seurat,cdc42ep3,0.1014073975474304,0.34027961421110947
Breast Visium CID44971,seurat,gpihbp1,0.0916483372623112,0.12809851546099882
Breast Visium CID44971,seurat,dck,0.078124218452566,0.43207123773338574
Breast Visium CID44971,seurat,hrc,0.0697370713548335,0.09717385087993284
Breast Visium CID44971,seurat,ephx1,0.0676324092012994,0.5428294950210799
Breast Visium CID44971,seurat,creld2,0.0630891686756756,0.4039726675245463
Breast Visium CID44971,seurat,fcmr,0.0541274365346502,0.23748503655141112
Breast Visium CID44971,seurat,eaf2,0.0506133957869249,0.14754304563028134
Breast Visium CID44971,seurat,ap1s2,0.0498072478095563,0.3787460317799927
Breast Visium CID44971,seurat,adgrg1,0.0470522629430561,0.5913708230224952
Breast Visium CID44971,seurat,parva,0.046947159914942,0.5202523214087129
Breast Visium CID44971,seurat,fbln5,0.0453868092203924,0.32304218592567074
Breast Visium CID44971,seurat,cyb561a3,0.0412069496535799,0.48015316183418816
Breast Visium CID44971,seurat,tmem109,0.039471619797738,0.532101901545315
Breast Visium CID44971,seurat,map3k7cl,0.0386956941640414,0.10577086989173747
Breast Visium CID44971,seurat,capn12,0.0156591533641074,0.1279304493873981
Breast Visium CID44971,seurat,dek,-0.0123924998586441,0.6910120360162295
Breast Visium CID44971,seurat,fam110d,-0.0174716679482484,0.04167729713914023
Breast Visium CID44971,seurat,cpne5,-0.0250257669010013,0.0793967338202845
Breast Visium CID44971,seurat,fam177a1,-0.0301967555124533,0.5608067976316419
Breast Visium CID44971,seurat,rps14,0.680050315147745,0.987891548154774
Breast Visium CID44971,seurat,rps24,0.6281515152117617,0.9829726624701162
Breast Visium CID44971,seurat,mgst1,0.5688106161862058,0.8442317102557072
Breast Visium CID44971,seurat,fbxo32,0.5072835138146425,0.753955401899088
Breast Visium CID44971,seurat,mt-co3,0.473989916034488,0.995672013608971
Breast Visium CID44971,seurat,rplp0,0.4560053061593123,0.9873205851312944
Breast Visium CID44971,seurat,csrp1,0.450426969868569,0.8658458488077283
Breast Visium CID44971,seurat,txnl1,0.449332569375487,0.7954003695929619
Breast Visium CID44971,seurat,fcer1g,0.4354145486415514,0.551607984348696
Breast Visium CID44971,seurat,lsm4,0.429876599278319,0.7995096218008164
Breast Visium CID44971,seurat,krt15,0.4262703018653319,0.8014088350883138
Breast Visium CID44971,seurat,cd48,0.4207437206224774,0.5188504179712857
Breast Visium CID44971,seurat,ctsh,0.4179185074822001,0.7346742983362305
Breast Visium CID44971,seurat,wls,0.3881739636933523,0.569184937608059
Breast Visium CID44971,seurat,hla-dma,0.3873598049496412,0.5583443004914719
Breast Visium CID44971,seurat,lgals3bp,0.3813254088654207,0.7341019912252089
Breast Visium CID44971,seurat,fgl2,0.3695652889566097,0.516676906120207
Breast Visium CID44971,seurat,prdx6,0.3684456228341132,0.8633220181578249
Breast Visium CID44971,seurat,tnfaip3,0.3630718564323611,0.6064304044764632
Breast Visium CID44971,seurat,cd3e,0.3575482841422151,0.534996858466884
Breast Visium CID44971,seurat,itm2b,0.3265488482369768,0.9557436606269998
Breast Visium CID44971,seurat,plvap,0.3226392394126857,0.45052468050441535
Breast Visium CID44971,seurat,cd37,0.3152432283120388,0.4829062197143359
Breast Visium CID44971,seurat,gja4,0.309969270594586,0.3901070479864947
Breast Visium CID44971,seurat,ccl4,0.2906135453476677,0.4473518348895265
Breast Visium CID44971,seurat,shroom3,0.2801179326217587,0.45953464812101474
Breast Visium CID44971,seurat,ggt5,0.2789883667065874,0.5333887545766316
Breast Visium CID44971,seurat,ccna2,0.2702098757788769,0.4106876883376861
Breast Visium CID44971,seurat,rnase4,0.2651549891456047,0.45332187306360866
Breast Visium CID44971,seurat,batf,0.262921964892057,0.4237274287671618
Breast Visium CID44971,seurat,pstpip1,0.252826893074752,0.3674529022302645
Breast Visium CID44971,seurat,ptafr,0.2522436513653483,0.31796552432619085
Breast Visium CID44971,seurat,cap1,0.2481027850853762,0.7947815941913116
Breast Visium CID44971,seurat,slc9a3r1,0.2410011458820217,0.6737330161849892
Breast Visium CID44971,seurat,lat2,0.2342545903385779,0.3367327161802247
Breast Visium CID44971,seurat,saraf,0.2304443766376163,0.7847960084780635
Breast Visium CID44971,seurat,krtcap2,0.2218797439064425,0.7666169309393094
Breast Visium CID44971,seurat,dkk3,0.220868106287367,0.5270860457751081
Breast Visium CID44971,seurat,rps27,0.2195221983616405,0.9906414897737947
Breast Visium CID44971,seurat,npc2,0.218047437483737,0.854260421746451
Breast Visium CID44971,seurat,cd22,0.2142014894380989,0.2464094765705026
Breast Visium CID44971,seurat,impdh2,0.2130051981234517,0.7756009270501294
Breast Visium CID44971,seurat,clec11a,0.2066926922724098,0.4857363668627063
Breast Visium CID44971,seurat,cdk1,0.2061076283813707,0.40798469066247617
Breast Visium CID44971,seurat,ldlrad4,0.1970137621211584,0.4090688786504602
Breast Visium CID44971,seurat,edn1,0.1883323870807414,0.3225076174752248
Breast Visium CID44971,seurat,dut,0.1846552491223488,0.709052662692379
Breast Visium CID44971,seurat,crispld2,0.1730530759953162,0.4235454219290113
Breast Visium CID44971,seurat,igfbp2,0.1584902135447375,0.4856637755688691
Breast Visium CID44971,seurat,olfm1,0.1551418130486638,0.2765104919960809
Breast Visium CID44971,seurat,hprt1,0.1522195052841724,0.49237109647976446
Breast Visium CID44971,seurat,mnda,0.1393765053745477,0.24411698228685233
Breast Visium CID44971,seurat,prc1,0.1373336964096226,0.3232276493411372
Breast Visium CID44971,seurat,h2afj,0.1359695418665104,0.736045746780561
Breast Visium CID44971,seurat,pak1,0.1356447350638515,0.529781211132162
Breast Visium CID44971,seurat,manf,0.1278554707828693,0.6195566540559764
Breast Visium CID44971,seurat,atg3,0.1211424059031809,0.5682963272156504
Breast Visium CID44971,seurat,s100a16,0.1197690160661338,0.6916459688500578
Breast Visium CID44971,seurat,ctsf,0.1181368564935958,0.5127322557464804
Breast Visium CID44971,seurat,lyl1,0.1126100625672402,0.19395488735667918
Breast Visium CID44971,seurat,ehf,0.1067250729708708,0.22285712316950237
Breast Visium CID44971,seurat,sgce,0.1060576544304872,0.36472639633093157
Breast Visium CID44971,seurat,rasl11a,0.0826481093050315,0.11145681718381978
Breast Visium CID44971,seurat,ncr3,0.0716235076536566,0.09606153520109333
Breast Visium CID44971,seurat,ptpn22,0.0619469605711893,0.16123653215912315
Breast Visium CID44971,seurat,cav2,0.0619062598504446,0.5758588429139867
Breast Visium CID44971,seurat,nostrin,0.0533653291934307,0.16996849474691078
Breast Visium CID44971,seurat,tnfsf8,0.0419328650212553,0.07468254934352475
Breast Visium CID44971,seurat,moxd1,0.0334889631598155,0.14116238075278034
Breast Visium CID44971,seurat,ptk2,0.0239979508774238,0.5320585065027029
Breast Visium CID44971,seurat,epb41l4a,-0.0001934547616968,0.11408667384852549
Breast Visium CID44971,seurat,rfc3,-0.0111078199568382,0.24572630109021454
Breast Visium CID44971,seurat,hspa1a,-0.015158421010054,0.7624648074368355
Breast Visium CID44971,seurat,tnfrsf9,-0.0265869302557174,0.010097122223166742
Breast Visium CID44971,seurat,cd244,-0.0480560189364747,0.02201660937996125
Breast Visium CID44971,seurat,dad1,-0.0779930539700085,0.6668705780008385
Breast Visium CID44971,seurat,plpp3,-0.1029378555806089,0.5504450169231468
Breast Visium CID44971,seurat,dusp2,-0.2206693773260098,0.33683923663037596
Breast Visium CID44971,seurat,cd160,,
Breast Visium CID44971,seurat,rps18,0.6448682825035275,0.9947088408242715
Breast Visium CID44971,seurat,mt1x,0.6340302399495674,0.897469313655476
Breast Visium CID44971,seurat,lyz,0.5586784373182256,0.6319968605489057
Breast Visium CID44971,seurat,sema3c,0.5371944102550996,0.6853827776717676
Breast Visium CID44971,seurat,rpl36a,0.499113660121338,0.9600975122870457
Breast Visium CID44971,seurat,pfdn2,0.4982277530504654,0.8102691096037892
Breast Visium CID44971,seurat,hla-dpb1,0.492012799578482,0.7391367284793767
Breast Visium CID44971,seurat,pfn2,0.4881950094927917,0.7748907365331539
Breast Visium CID44971,seurat,dusp1,0.4862653411822851,0.8572574178556063
Breast Visium CID44971,seurat,cd53,0.4716332271524796,0.576690127224577
Breast Visium CID44971,seurat,fkbp4,0.4709840776108503,0.8174333365495232
Breast Visium CID44971,seurat,igfbp4,0.4651899470962563,0.8576281437292992
Breast Visium CID44971,seurat,rpl22,0.4567138187813734,0.9804152214350537
Breast Visium CID44971,seurat,rpl8,0.4434159172312791,0.9907233819105186
Breast Visium CID44971,seurat,rac2,0.4241895822680968,0.611272763743058
Breast Visium CID44971,seurat,mt-atp8,0.4174716691422708,0.6923955363652717
Breast Visium CID44971,seurat,tpm2,0.4001691651267392,0.768390413569062
Breast Visium CID44971,seurat,mpc2,0.3772233017203327,0.7387746080508995
Breast Visium CID44971,seurat,id3,0.3744613238841799,0.591887452725918
Breast Visium CID44971,seurat,phb2,0.3650097411111516,0.8719855123448848
Breast Visium CID44971,seurat,pdzk1ip1,0.3415074486212637,0.5307698841024507
Breast Visium CID44971,seurat,ms4a6a,0.3380423721773061,0.45492066409813986
Breast Visium CID44971,seurat,cd6,0.3371054293924899,0.49666732129188557
Breast Visium CID44971,seurat,ran,0.324641174353768,0.8625058838377292
Breast Visium CID44971,seurat,snx3,0.3126532365350071,0.8575736666973415
Breast Visium CID44971,seurat,slamf7,0.3090689453498244,0.4004152271764307
Breast Visium CID44971,seurat,sparcl1,0.3042723513633531,0.7111325358009921
Breast Visium CID44971,seurat,cpvl,0.2439139909181074,0.3810682186420469
Breast Visium CID44971,seurat,prdx4,0.2376035742240454,0.6801493394797968
Breast Visium CID44971,seurat,trem2,0.2088286538355703,0.38472444344495593
Breast Visium CID44971,seurat,apobec3g,0.2081416867696268,0.4059138157030242
Breast Visium CID44971,seurat,trdc,,
Breast Visium CID44971,seurat,abracl,0.52784029067488,0.808736281396411
Breast Visium CID44971,seurat,tmsb4x,0.5213608487104565,0.8923274158056199
Breast Visium CID44971,seurat,rpl30,0.5097015021572145,0.9919837025465874
Breast Visium CID44971,seurat,hla-dqa1,0.4918426305795575,0.629219204527028
Breast Visium CID44971,seurat,trbc1,0.4876852132977586,0.6624596228275912
Breast Visium CID44971,seurat,lum,0.4700605859321994,0.7105997685752579
Breast Visium CID44971,seurat,mrpl51,0.4602317540318149,0.8660725152961976
Breast Visium CID44971,seurat,vwf,0.4511782449283306,0.5540685004920402
Breast Visium CID44971,seurat,cd68,0.4361530700827328,0.5505298343353945
Breast Visium CID44971,seurat,prdx1,0.4170685327047773,0.9273893023767263
Breast Visium CID44971,seurat,gmfg,0.4120685838910131,0.5680808566315554
Breast Visium CID44971,seurat,tpd52l1,0.4103488117268967,0.7693333068886438
Breast Visium CID44971,seurat,ca12,0.4016104696536822,0.5018815651508775
Breast Visium CID44971,seurat,s100a4,0.3690114428006601,0.7123632550987251
Breast Visium CID44971,seurat,loxl1,0.3625914988324734,0.4927556532067236
Breast Visium CID44971,seurat,ikzf1,0.356279332672816,0.4808671405738073
Breast Visium CID44971,seurat,cd3d,0.3559603020438839,0.5117815807125634
Breast Visium CID44971,seurat,mfap2,0.3557373699032977,0.6847503416191526
Breast Visium CID44971,seurat,dmkn,0.3527196626413901,0.5660336632227518
Breast Visium CID44971,seurat,rbm17,0.3518275136774719,0.765279561525842
Breast Visium CID44971,seurat,zg16b,0.3474814349452176,0.4332813019024921
Breast Visium CID44971,seurat,lgals9,0.347311018103324,0.5221348158544423
Breast Visium CID44971,seurat,mmp2,0.3464527036309081,0.6489288980412908
Breast Visium CID44971,seurat,cytip,0.3310353656082594,0.47454799147088395
Breast Visium CID44971,seurat,slc2a3,0.3179047248981976,0.4699818979708172
Breast Visium CID44971,seurat,spi1,0.3160916507824672,0.4336591736157948
Breast Visium CID44971,seurat,ywhae,0.3151141765123147,0.8807804297697786
Breast Visium CID44971,seurat,ppa1,0.3123488435368768,0.8032831069989083
Breast Visium CID44971,seurat,fcgr3a,0.3047336071636979,0.4675510950313413
Breast Visium CID44971,seurat,cd7,0.301726341183098,0.4611240260624742
Breast Visium CID44971,seurat,lyn,0.2973296776192471,0.41841659140358556
Breast Visium CID44971,seurat,cdh1,0.2971000972790339,0.6956096348356379
Breast Visium CID44971,seurat,btg2,0.2907669584902763,0.6158932273251281
Breast Visium CID44971,seurat,hcls1,0.2906700953515236,0.47133656403659274
Breast Visium CID44971,seurat,ucp2,0.2863875122791633,0.48901212631808605
Breast Visium CID44971,seurat,hla-doa,0.2786518802870291,0.4135676774245303
Breast Visium CID44971,seurat,oaz1,0.2771979085840831,0.9251588496245812
Breast Visium CID44971,seurat,arrb2,0.2749635001436412,0.5167845015263896
Breast Visium CID44971,seurat,sla,0.2737419247115847,0.40868406842649846
Breast Visium CID44971,seurat,npm1,0.2731145251043205,0.8796788716556471
Breast Visium CID44971,seurat,atp1b1,0.2710722870159168,0.6753969019769493
Breast Visium CID44971,seurat,krt8,0.2690376048925785,0.7601579361106066
Breast Visium CID44971,seurat,dusp6,0.2684953378229279,0.5674507230590531
Breast Visium CID44971,seurat,gpx3,0.2616840008759891,0.4250445127779162
Breast Visium CID44971,seurat,hspa5,0.2607015073793038,0.8081648721746792
Breast Visium CID44971,seurat,uba52,0.2597901563561509,0.9737577110007607
Breast Visium CID44971,seurat,atp6v0e1,0.2522931915920792,0.7995176308277269
Breast Visium CID44971,seurat,itgb7,0.2518970335565495,0.33415973832118623
Breast Visium CID44971,seurat,vmp1,0.2414443510105001,0.8570719065673149
Breast Visium CID44971,seurat,tmem106c,0.2401477120778164,0.6247497142406829
Breast Visium CID44971,seurat,adam12,0.2366485719877202,0.4407872505606678
Breast Visium CID44971,seurat,ranbp1,0.2344082811817593,0.7026633823698288
Breast Visium CID44971,seurat,sh3yl1,0.2333937504348334,0.6396584173058598
Breast Visium CID44971,seurat,cobl,0.2333108322848316,0.37350334378898714
Breast Visium CID44971,seurat,rgs19,0.2332061372287647,0.5042223071536438
Breast Visium CID44971,seurat,pdgfrb,0.2280672566149493,0.49681236403097595
Breast Visium CID44971,seurat,cd34,0.2234660702824595,0.36138041025065243
Breast Visium CID44971,seurat,hck,0.2204972485353828,0.30740415094168655
Breast Visium CID44971,seurat,glt8d2,0.2197212655073614,0.3897731617670915
Breast Visium CID44971,seurat,lman2,0.214457340624783,0.7136858156603153
Breast Visium CID44971,seurat,tespa1,0.2132637901844232,0.2584230247555538
Breast Visium CID44971,seurat,mcm3,0.2094116759661642,0.5959428457762972
Breast Visium CID44971,seurat,stard10,0.2093031484592042,0.5938104275010385
Breast Visium CID44971,seurat,eif3h,0.2081625691263798,0.8042367833330799
Breast Visium CID44971,seurat,comt,0.207407295609044,0.7001691970321058
Breast Visium CID44971,seurat,laptm4a,0.2046027958648072,0.8874726897031001
Breast Visium CID44971,seurat,wfdc1,0.2015883079840745,0.22302486642491093
Breast Visium CID44971,seurat,h3f3b,0.2008694950872434,0.9482006760231765
Breast Visium CID44971,seurat,arhgdia,0.1982082015406976,0.8243614694041552
Breast Visium CID44971,seurat,aqp1,0.1977273144389745,0.44397159138207964
Breast Visium CID44971,seurat,tmc4,0.1964167783486965,0.43009070467341187
Breast Visium CID44971,seurat,crip2,0.1949124362051235,0.6547847076108917
Breast Visium CID44971,seurat,adgrf5,0.1943674436772909,0.3047405109544699
Breast Visium CID44971,seurat,mall,0.1938933972738145,0.288913867099717
Breast Visium CID44971,seurat,olfml3,0.1933808499271411,0.47490185228084436
Breast Visium CID44971,seurat,fgd2,0.1914244057617961,0.30724979114618145
Breast Visium CID44971,seurat,erp29,0.190559912272403,0.7632707610479059
Breast Visium CID44971,seurat,sash3,0.1858495777456298,0.28803454590029015
Breast Visium CID44971,seurat,pilra,0.1849407676384553,0.2739488588786054
Breast Visium CID44971,seurat,cd28,0.1839118412753324,0.23585195092304037
Breast Visium CID44971,seurat,filip1l,0.1829304490625502,0.36109618741583105
Breast Visium CID44971,seurat,aldh2,0.1789412137504428,0.4043212383348238
Breast Visium CID44971,seurat,hnrnpa0,0.1771188612628857,0.7619012713118225
Breast Visium CID44971,seurat,mkl2,0.1766864722840239,0.4667640552622071
Breast Visium CID44971,seurat,pttg1,0.1747791105865745,0.4010366177127982
Breast Visium CID44971,seurat,uba2,0.1722884026288077,0.6332245651915198
Breast Visium CID44971,seurat,lmnb1,0.1688701877759909,0.35219416201818216
Breast Visium CID44971,seurat,msrb3,0.167851620972509,0.39200484502532124
Breast Visium CID44971,seurat,zwint,0.1674094021288512,0.3478304683030601
Breast Visium CID44971,seurat,ebf1,0.1659288878328866,0.2977139870897522
Breast Visium CID44971,seurat,eif3l,0.1658418070900225,0.8222197083948137
Breast Visium CID44971,seurat,ddx39a,0.1635984231670959,0.6100985520248701
Breast Visium CID44971,seurat,cflar,0.1611263919932899,0.6370095468804299
Breast Visium CID44971,seurat,sec11c,0.1608523664365732,0.6541005869123354
Breast Visium CID44971,seurat,sorbs3,0.1598977060696444,0.5412821457899498
Breast Visium CID44971,seurat,pced1b,0.1597521406258982,0.3043508909458678
Breast Visium CID44971,seurat,pycard,0.1592781354887886,0.6508819971522414
Breast Visium CID44971,seurat,krt5,0.1576497825104635,0.740373120475928
Breast Visium CID44971,seurat,cd59,0.152409173869399,0.8748480492860066
Breast Visium CID44971,seurat,thbd,0.1490993556769339,0.296591267523762
Breast Visium CID44971,seurat,trat1,0.1489485264914982,0.20263217064241354
Breast Visium CID44971,seurat,tmem204,0.1471955678552601,0.3359708309491791
Breast Visium CID44971,seurat,rftn1,0.1453984865152798,0.356396758961509
Breast Visium CID44971,seurat,derl1,0.1442243556996978,0.5719602184095972
Breast Visium CID44971,seurat,kcnj8,0.1440326423154642,0.25878225924473247
Breast Visium CID44971,seurat,gjc1,0.1436306195543469,0.24239897312580772
Breast Visium CID44971,seurat,cd36,0.1416801478093161,0.31360984285462534
Breast Visium CID44971,seurat,col4a2,0.135750751147993,0.7568592292929124
Breast Visium CID44971,seurat,jam2,0.1344644548004346,0.322666394671799
Breast Visium CID44971,seurat,hsd17b8,0.1311545689044096,0.28502437012244297
Breast Visium CID44971,seurat,tmem160,0.1294845376837723,0.7046194078240631
Breast Visium CID44971,seurat,apold1,0.1268858042488199,0.3742597796039199
Breast Visium CID44971,seurat,sae1,0.1226788286185234,0.5320503388444012
Breast Visium CID44971,seurat,atf3,0.1221292659883892,0.5466120030281947
Breast Visium CID44971,seurat,cdc37,0.1180711858210049,0.7383275323890065
Breast Visium CID44971,seurat,myct1,0.117556098703203,0.16178662537329408
Breast Visium CID44971,seurat,pgf,0.1161105491810817,0.301778559700613
Breast Visium CID44971,seurat,clec4a,0.1141875152409449,0.18906248135454132
Breast Visium CID44971,seurat,yeats4,0.1140410955706414,0.31405802664129673
Breast Visium CID44971,seurat,spry1,0.1137646091728414,0.4272807585166797
Breast Visium CID44971,seurat,tmem208,0.1119839853311089,0.5743545406035105
Breast Visium CID44971,seurat,fam167b,0.1102315483945094,0.18327559500843646
Breast Visium CID44971,seurat,pdgfrl,0.109736059534139,0.2565910562723705
Breast Visium CID44971,seurat,ccl5,0.1087595994674947,0.5512908275159814
Breast Visium CID44971,seurat,p2ry6,0.1034134050756085,0.1718067080397437
Breast Visium CID44971,seurat,junb,0.1027328276874765,0.7085158204560712
Breast Visium CID44971,seurat,fabp4,0.1003598756611462,0.2623233885695218
Breast Visium CID44971,seurat,pbxip1,0.1001399097835036,0.6631233052140938
Breast Visium CID44971,seurat,socs1,0.0998023546464226,0.4476367596303536
Breast Visium CID44971,seurat,cd27,0.0990314483355903,0.2661720786917889
Breast Visium CID44971,seurat,nrp1,0.0973480142214065,0.36978991944384887
Breast Visium CID44971,seurat,lpp,0.0955444894793095,0.5568387058639493
Breast Visium CID44971,seurat,icos,0.0935831507163763,0.1823468158971745
Breast Visium CID44971,seurat,arhgap18,0.0919582584800006,0.38771155856892464
Breast Visium CID44971,seurat,eid1,0.0902006953893178,0.6403816984152143
Breast Visium CID44971,seurat,hpgd,0.0833780267474969,0.180706503296958
Breast Visium CID44971,seurat,gzmh,0.0833604034018107,0.19891542801336606
Breast Visium CID44971,seurat,slit3,0.0831065627905215,0.2696139976805674
Breast Visium CID44971,seurat,ubc,0.0824979236191423,0.9470807265808265
Breast Visium CID44971,seurat,txndc11,0.0809695284874444,0.4120138281053068
Breast Visium CID44971,seurat,ncaph,0.0771484691201494,0.1960478088807133
Breast Visium CID44971,seurat,sox17,0.0771195855615572,0.1323851457423242
Breast Visium CID44971,seurat,actn4,0.0765266570530399,0.8040185530821685
Breast Visium CID44971,seurat,stard3nl,0.0705922996180432,0.36377116845288704
Breast Visium CID44971,seurat,tnfsf14,0.0658689240800202,0.11486406006279463
Breast Visium CID44971,seurat,ehd4,0.0635386787187879,0.424044235649786
Breast Visium CID44971,seurat,tmem154,0.0625052184407121,0.15597694090812383
Breast Visium CID44971,seurat,lilra4,0.0611159441474898,0.11264969336900636
Breast Visium CID44971,seurat,fam96a,0.0607999524227781,0.4743284878109291
Breast Visium CID44971,seurat,ccr6,0.053930107514012,0.1318248162111308
Breast Visium CID44971,seurat,cenpk,0.0524741713299505,0.2034866664497805
Breast Visium CID44971,seurat,zbp1,0.0511794020610059,0.10887529384235586
Breast Visium CID44971,seurat,arl15,0.0479319017143314,0.19735346927902409
Breast Visium CID44971,seurat,ankrd29,0.0475199621811059,0.15074045918901613
Breast Visium CID44971,seurat,arhgap31,0.0473386812646022,0.2864215481038777
Breast Visium CID44971,seurat,ldb2,0.0435156768713202,0.18664018620749254
Breast Visium CID44971,seurat,blnk,0.0408332472440163,0.2515036611959596
Breast Visium CID44971,seurat,ldlrap1,0.0292485580727746,0.33025856365299217
Breast Visium CID44971,seurat,gzma,0.0288553895157919,0.2861285123997426
Breast Visium CID44971,seurat,samd3,0.0261503856241033,0.12131310430663754
Breast Visium CID44971,seurat,sarm1,0.0257005678128023,0.14060280296701172
Breast Visium CID44971,seurat,palmd,0.0235385560941702,0.27250399852682755
Breast Visium CID44971,seurat,st6galnac3,0.0204201236788234,0.06989499722690082
Breast Visium CID44971,seurat,clspn,0.0182430351642868,0.08763669764696046
Breast Visium CID44971,seurat,slfn12l,0.0159775290723946,0.05112836625499482
Breast Visium CID44971,seurat,ssr4,0.0106584674906109,0.9154706192379788
Breast Visium CID44971,seurat,mmp25-as1,0.0067768856992839,0.21048752113242253
Breast Visium CID44971,seurat,fam20a,0.0064746730436946,0.22660931811393673
Breast Visium CID44971,seurat,btnl9,0.0062749799963603,0.13823823924635198
Breast Visium CID44971,seurat,mtus1,0.0053816650899971,0.3307150535301883
Breast Visium CID44971,seurat,stag3,0.00507530420019,0.08536693676790212
Breast Visium CID44971,seurat,tpst1,0.0045061677072895,0.24646393787511306
Breast Visium CID44971,seurat,ttll10,-0.0039899754513355,0.017205247562640972
Breast Visium CID44971,seurat,ube2j1,-0.0044164747289547,0.4853602112344659
Breast Visium CID44971,seurat,sh2d2a,-0.0136153189965866,0.18916458794211427
Breast Visium CID44971,seurat,b3gnt7,-0.0149053006939693,0.09522464377532505
Breast Visium CID44971,seurat,egflam,-0.0192576985922566,0.1352676363106599
Breast Visium CID44971,seurat,cep112,-0.0269862493452452,0.052327637130988085
Breast Visium CID44971,seurat,ppp1r15a,-0.0277269198470308,0.4466005362150593
Breast Visium CID44971,seurat,chst12,-0.0335421583459545,0.3074447656781074
Breast Visium CID44971,seurat,pbx4,-0.0342732733187327,0.054742754224729955
Breast Visium CID44971,seurat,sytl3,-0.0391404549411574,0.16143520829498867
Breast Visium CID44971,seurat,lag3,-0.0502745360044431,0.19109905300881228
Breast Visium CID44971,seurat,ankrd28,-0.0650228987346942,0.3700674819537572
Breast Visium CID44971,seurat,pigr,0.6561519148143312,0.7136763132542635
Breast Visium CID44971,seurat,rpl13,0.6200777054939979,0.9956743066365713
Breast Visium CID44971,seurat,bgn,0.6076704399055453,0.7800180352370673
Breast Visium CID44971,seurat,stmn1,0.5910494214696085,0.8759789121204391
Breast Visium CID44971,seurat,agr3,0.5787594567517981,0.6332160992661643
Breast Visium CID44971,seurat,h3f3a,0.5427093318112143,0.9733940029101003
Breast Visium CID44971,seurat,igll5,,
Breast Visium CID44971,seurat,kir3dl2,,
Breast Visium CID44971,seurat,hla-c,0.5307139056962566,0.939653492642926
Breast Visium CID44971,seurat,dcdc2,0.5068764722586189,0.5577462889081524
Breast Visium CID44971,seurat,hla-drb1,0.5049797597772282,0.7247090876336139
Breast Visium CID44971,seurat,tbx3,0.4812069184138421,0.5883371228499824
Breast Visium CID44971,seurat,itgb2,0.4788717649873327,0.6330318068874847
Breast Visium CID44971,seurat,rps19,0.4609524937991248,0.994475909649373
Breast Visium CID44971,seurat,rpl6,0.4608758739112844,0.9695117343558348
Breast Visium CID44971,seurat,malat1,0.4336406373415194,0.949344606179809
Breast Visium CID44971,seurat,neat1,0.4195001059323492,0.8698384245182399
Breast Visium CID44971,seurat,il7r,0.4167261976092456,0.6145908575920664
Breast Visium CID44971,seurat,perp,0.334800655874091,0.8412651483025192
Breast Visium CID44971,seurat,scpep1,0.3246155604560882,0.7213680470548414
Breast Visium CID44971,seurat,rpsa,0.3198874646093831,0.9730854466034935
Breast Visium CID44971,seurat,hspb1,0.2985126075527848,0.8499056396973752
Breast Visium CID44971,seurat,fbln2,0.2982788849957626,0.4999438145514624
Breast Visium CID44971,seurat,traf3ip3,0.2969420266672031,0.47081632626627584
Breast Visium CID44971,seurat,dsp,0.2877560322171418,0.7375064293873885
Breast Visium CID44971,seurat,cdh11,0.2838103572095258,0.49376665215563675
Breast Visium CID44971,seurat,cd83,0.2826482833914404,0.47187891949858085
Breast Visium CID44971,seurat,c1s,0.2780294585259659,0.7047982599270042
Breast Visium CID44971,seurat,csnk1a1,0.2730987961060704,0.7591429399839433
Breast Visium CID44971,seurat,esam,0.2626442183412549,0.3596872191696471
Breast Visium CID44971,seurat,mrps21,0.2574343012770322,0.8424708749247284
Breast Visium CID44971,seurat,adgre5,0.256026692116165,0.4806172285447709
Breast Visium CID44971,seurat,pkm,0.2547475687395165,0.7969417008450358
Breast Visium CID44971,seurat,nhp2,0.2532775309975936,0.8001769048898028
Breast Visium CID44971,seurat,c3ar1,0.239110397768558,0.33426992595755545
Breast Visium CID44971,seurat,actn1,0.2294778645288367,0.7712693377742076
Breast Visium CID44971,seurat,tcea1,0.2289512068990835,0.6781967578258326
Breast Visium CID44971,seurat,ly86,0.2251315652197147,0.3052246689790923
Breast Visium CID44971,seurat,mad2l1,0.2198199320848329,0.4407195458564034
Breast Visium CID44971,seurat,spcs2,0.2184672309333734,0.7427218429154039
Breast Visium CID44971,seurat,pld4,0.2178560746995853,0.32400508382683013
Breast Visium CID44971,seurat,sec61g,0.2149061400076891,0.8207915819315504
Breast Visium CID44971,seurat,maged2,0.2132912028646851,0.7778149436229056
Breast Visium CID44971,seurat,ptpre,0.2078219634768574,0.383346768209778
Breast Visium CID44971,seurat,fam210b,0.1935544870618582,0.6885928257144787
Breast Visium CID44971,seurat,mafb,0.1849205928796128,0.6216926632652736
Breast Visium CID44971,seurat,cd79a,0.1631319563931136,0.36254954996761
Breast Visium CID44971,seurat,znf385a,0.1483265177962524,0.32630443184910085
Breast Visium CID44971,seurat,prnp,0.1476049910236139,0.6719702860124785
Breast Visium CID44971,seurat,msh2,0.1372764905123594,0.47968660391066686
Breast Visium CID44971,seurat,jak1,0.1354092217554544,0.6748401915070329
Breast Visium CID44971,seurat,sp140,0.1298242913484486,0.20384139035039786
Breast Visium CID44971,seurat,fcgrt,0.1267977891418984,0.6221368195986394
Breast Visium CID44971,seurat,fchsd2,0.1053471374676065,0.3738467836908017
Breast Visium CID44971,seurat,cxcl12,0.0999132333689239,0.49555544787178124
Breast Visium CID44971,seurat,ssh2,0.0995597824678617,0.34924430940817597
Breast Visium CID44971,seurat,aim2,0.0986631083450992,0.13855527921062588
Breast Visium CID44971,seurat,snhg18,0.0938026231143266,0.2106468503243341
Breast Visium CID44971,seurat,fxyd7,0.0900034540944623,0.11179152253085665
Breast Visium CID44971,seurat,ncbp1,0.0855246619139608,0.42279260571301736
Breast Visium CID44971,seurat,bank1,0.0834739191868448,0.11415656805252127
Breast Visium CID44971,seurat,sdc4,0.0770083589965813,0.6941153749978399
Breast Visium CID44971,seurat,nexn,0.0689472766986003,0.29196331834171774
Breast Visium CID44971,seurat,tnmd,0.0621005454416975,0.08715916737186907
Breast Visium CID44971,seurat,carhsp1,0.0368381291585322,0.5677569198605116
Breast Visium CID44971,seurat,mt1m,0.0311783026598604,0.30995642757665753
Breast Visium CID44971,seurat,tnfrsf13b,0.0252663060334697,0.041262437246762464
Breast Visium CID44971,seurat,adrb2,0.0252630458870044,0.08549955975634982
Breast Visium CID44971,seurat,cxcl13,0.0207826317110325,0.25326687035673195
Breast Visium CID44971,seurat,napsa,0.0160701382352855,0.052735559663665256
Breast Visium CID44971,seurat,flnb,0.0035684213503561,0.7438013092299248
Breast Visium CID44971,seurat,emp2,0.0021575416875883,0.5692778325195941
Breast Visium CID44971,seurat,tfpi,-0.0007133541950555,0.39599538087704134
Breast Visium CID44971,seurat,sp2,-0.0032441891315755,0.259024455541407
Breast Visium CID44971,seurat,gldn,-0.0128897675007336,0.052153982077296664
Breast Visium CID44971,seurat,plxdc1,-0.0374635327418945,0.2851304388895736
Breast Visium CID44971,seurat,podxl,-0.0941161905832833,0.4606279911453474
Breast Visium CID44971,seurat,fam129c,,
Breast Visium CID44971,seurat,strap,0.5771294342561145,0.8592028422780417
Breast Visium CID44971,seurat,areg,0.5442653951554318,0.6514037900962932
Breast Visium CID44971,seurat,laptm5,0.5190657285995164,0.6833937885945996
Breast Visium CID44971,seurat,rps9,0.4945557874252774,0.9822037033916822
Breast Visium CID44971,seurat,sh3bgrl3,0.4471808953616367,0.9103702949696703
Breast Visium CID44971,seurat,jtb,0.3987249094512075,0.8864210078611446
Breast Visium CID44971,seurat,tbc1d9,0.3824444494425698,0.5512612504329846
Breast Visium CID44971,seurat,spdef,0.3725565815865105,0.5898251744570417
Breast Visium CID44971,seurat,eng,0.3653873408361099,0.6152892785616265
Breast Visium CID44971,seurat,aldh7a1,0.3037339006334544,0.6497804197845395
Breast Visium CID44971,seurat,sec61b,0.2971239506673566,0.8595765476024994
Breast Visium CID44971,seurat,cnn3,0.2954356373307686,0.6544512653374631
Breast Visium CID44971,seurat,anxa1,0.2817243970493592,0.7611173115435074
Breast Visium CID44971,seurat,ehd2,0.2741884615110362,0.5361932906824791
Breast Visium CID44971,seurat,polr2i,0.2500684961102415,0.7667220487417925
Breast Visium CID44971,seurat,fpr1,0.2322924483292512,0.287809801118731
Breast Visium CID44971,seurat,rcn3,0.2312576845699459,0.4271042754378594
Breast Visium CID44971,seurat,cd86,0.2181649763846651,0.2914721107620569
Breast Visium CID44971,seurat,podn,0.21361787386824,0.34365127933500267
Breast Visium CID44971,seurat,snx10,0.2096849732022625,0.31904153321232137
Breast Visium CID44971,seurat,glipr1,0.2046570123419601,0.48093961089161746
Breast Visium CID44971,seurat,ltbp4,0.1781688990309459,0.48794627583530154
Breast Visium CID44971,seurat,p4hb,0.1763458628048496,0.9022667747205069
Breast Visium CID44971,seurat,scimp,0.1750594807227714,0.22402488452129146
Breast Visium CID44971,seurat,tfeb,0.1542385633672363,0.2887742406227513
Breast Visium CID44971,seurat,slamf1,0.1540107709556911,0.23576044877419852
Breast Visium CID44971,seurat,kifc1,0.1211117885775282,0.2561967077670916
Breast Visium CID44971,seurat,maff,0.1035423848569622,0.3382138408528245
Breast Visium CID44971,seurat,pmp22,0.0893093834196726,0.5109709978254332
Breast Visium CID44971,seurat,srprb,0.087326017149037,0.5249315059267454
Breast Visium CID44971,seurat,tnfaip8,0.0825082243177695,0.29804163006118817
Breast Visium CID44971,seurat,hvcn1,0.0754864609281067,0.3027378806342342
Breast Visium CID44971,seurat,klrc1,-0.0058236650739683,0.05061994718606103
Breast Visium CID44971,seurat,prf1,-0.0135554969359221,0.08805952054076624
Breast Visium CID44971,seurat,pde3b,-0.0226802408763166,0.11721764736407682
Breast Visium CID44971,seurat,fcrl6,-0.0266883151718705,0.02824699652748627
Breast Visium CID44971,seurat,il2rb,-0.0443699982200147,0.1681859304374846
Breast Visium CID44971,seurat,znf608,-0.0454179678470829,0.15172267564462968
Breast Visium CID44971,seurat,blk,,
Breast Visium CID44971,seurat,rpl10a,0.5473656636964134,0.9717090540201893
Breast Visium CID44971,seurat,rps21,0.5418005371485547,0.9889762773867719
Breast Visium CID44971,seurat,cd52,0.5183598297368414,0.6503499202968462
Breast Visium CID44971,seurat,cst3,0.4924101355481716,0.844117997054799
Breast Visium CID44971,seurat,oxtr,0.4823992619656066,0.5775858864263921
Breast Visium CID44971,seurat,s100a1,0.4813733593950163,0.5462745909949668
Breast Visium CID44971,seurat,rheb,0.4804513468940683,0.8555634271899443
Breast Visium CID44971,seurat,ltb,0.4796722666432971,0.634826060265122
Breast Visium CID44971,seurat,tyrobp,0.4741872028870614,0.5599364534810173
Breast Visium CID44971,seurat,mlf2,0.4673725468197055,0.8493133034562961
Breast Visium CID44971,seurat,tuba1b,0.4570836998477166,0.9437954296154022
Breast Visium CID44971,seurat,psmb9,0.4541817610905739,0.7118196562367842
Breast Visium CID44971,seurat,dcn,0.4359343813560942,0.7333674246369685
Breast Visium CID44971,seurat,myh11,0.4249223446175637,0.6173488346060017
Breast Visium CID44971,seurat,col6a1,0.4177508062552615,0.7590520172774554
Breast Visium CID44971,seurat,csta,0.4115072298707306,0.6619155910040053
Breast Visium CID44971,seurat,errfi1,0.4095379955436644,0.6912472154625282
Breast Visium CID44971,seurat,klf2,0.4090722530788419,0.6701053100311193
Breast Visium CID44971,seurat,ndufs5,0.4027784263844253,0.9155163630887863
Breast Visium CID44971,seurat,rpl36,0.3988254535503911,0.9896587788020828
Breast Visium CID44971,seurat,rps8,0.3923651068383427,0.9895478387193152
Breast Visium CID44971,seurat,fstl1,0.3891920948682702,0.6764048567195038
Breast Visium CID44971,seurat,camta1,0.3883632404597043,0.7780450827180442
Breast Visium CID44971,seurat,cmas,0.3842239274093575,0.6759678252433051
Breast Visium CID44971,seurat,arpc1a,0.3799791513303703,0.7853556160739937
Breast Visium CID44971,seurat,rps2,0.372423543988865,0.9796959029755814
Breast Visium CID44971,seurat,ncf1,0.369010634907421,0.49497586614430594
Breast Visium CID44971,seurat,pebp1,0.3644925395467207,0.8982627103507089
Breast Visium CID44971,seurat,ndufb4,0.3558485165022184,0.8641354576823446
Breast Visium CID44971,seurat,mt1e,0.3550904913679052,0.8449808615890595
Breast Visium CID44971,seurat,pcolce,0.3539483655088597,0.6020601536218616
Breast Visium CID44971,seurat,a2m,0.3538780912254631,0.8179333809262244
Breast Visium CID44971,seurat,ddit4,0.3533908315462594,0.7633618076433099
Breast Visium CID44971,seurat,csf1r,0.3533675438766309,0.467469948879155
Breast Visium CID44971,seurat,meox2,0.3491713543646446,0.38457013996871164
Breast Visium CID44971,seurat,emcn,0.3488245806354635,0.4121509346006699
Breast Visium CID44971,seurat,mxra5,0.3473436473307825,0.606545763997691
Breast Visium CID44971,seurat,lilrb4,0.3460594731753357,0.42701501390454594
Breast Visium CID44971,seurat,eif3d,0.3371429783441911,0.7085071883079463
Breast Visium CID44971,seurat,mpeg1,0.3359181686539456,0.43163771096940695
Breast Visium CID44971,seurat,hebp1,0.3325696622081473,0.7107830484814284
Breast Visium CID44971,seurat,snrpc,0.3317885374809252,0.7844540542238374
Breast Visium CID44971,seurat,lgals3,0.3143910361413004,0.7644555368333674
Breast Visium CID44971,seurat,ssu72,0.3129280534919836,0.8211468275641757
Breast Visium CID44971,seurat,rarres2,0.3121263851832274,0.5769804456130162
Breast Visium CID44971,seurat,pdgfa,0.3084717116439389,0.5062027778515842
Breast Visium CID44971,seurat,acta2,0.3073695445543493,0.8146877322211913
Breast Visium CID44971,seurat,btla,0.2999174682697983,0.312173745843443
Breast Visium CID44971,seurat,lsp1,0.2998601907612253,0.588457201058659
Breast Visium CID44971,seurat,cd4,0.2997328712735295,0.4499745489673895
Breast Visium CID44971,seurat,arpc3,0.2961331141873134,0.8597186649674431
Breast Visium CID44971,seurat,ddx5,0.2918547986352549,0.8984963204576174
Breast Visium CID44971,seurat,pcbp2,0.2809764134696274,0.9351353452566242
Breast Visium CID44971,seurat,sumo1,0.279709872801114,0.7505510909103905
Breast Visium CID44971,seurat,dynlrb1,0.279197852678726,0.819067246066455
Breast Visium CID44971,seurat,cldn4,0.2735850645471926,0.7636561034796456
Breast Visium CID44971,seurat,ncf4,0.2595747951898668,0.34100113299140744
Breast Visium CID44971,seurat,psmb8,0.2580344049942966,0.661692128922877
Breast Visium CID44971,seurat,calm3,0.257511355648499,0.7879443715268675
Breast Visium CID44971,seurat,pea15,0.2557559248657873,0.7152912866922554
Breast Visium CID44971,seurat,gng11,0.2532359086029502,0.43004240958860573
Breast Visium CID44971,seurat,tnfrsf4,0.2433310656008998,0.3803131226604917
Breast Visium CID44971,seurat,ccr7,0.2432026912941703,0.37088721354578286
Breast Visium CID44971,seurat,ptprb,0.2431484673811691,0.28285696014519024
Breast Visium CID44971,seurat,lifr,0.2365868592516124,0.43804023298759787
Breast Visium CID44971,seurat,sdc1,0.2329332483949231,0.7816112451628302
Breast Visium CID44971,seurat,elf3,0.232734561593632,0.6787902430361692
Breast Visium CID44971,seurat,st6gal1,0.2314276521373035,0.3983656957871254
Breast Visium CID44971,seurat,jaml,0.2249206647938188,0.3127165003392735
Breast Visium CID44971,seurat,pcna,0.222277594941928,0.707175067188468
Breast Visium CID44971,seurat,adamts1,0.2190418801532349,0.4832286739661028
Breast Visium CID44971,seurat,chpf,0.2185542350157236,0.6311846242969582
Breast Visium CID44971,seurat,snx2,0.2173892243314829,0.4493457907184845
Breast Visium CID44971,seurat,spcs1,0.2152818886995161,0.7889394500242365
Breast Visium CID44971,seurat,rps6ka4,0.2123406183612357,0.41202798235847865
Breast Visium CID44971,seurat,coa3,0.2114271033985476,0.6705223116903538
Breast Visium CID44971,seurat,cnpy3,0.2078527877805676,0.5887028437622026
Breast Visium CID44971,seurat,cd248,0.2034895606701892,0.426857385580425
Breast Visium CID44971,seurat,raly,0.2011167233475146,0.7639701073215097
Breast Visium CID44971,seurat,kctd12,0.2010340820546009,0.5437629217857605
Breast Visium CID44971,seurat,ptp4a3,0.2007395349286896,0.3527771605329509
Breast Visium CID44971,seurat,cyyr1,0.197758244071965,0.40578782802089464
Breast Visium CID44971,seurat,prrx1,0.192616871516937,0.4456158018641502
Breast Visium CID44971,seurat,cracr2b,0.192290611983677,0.5948069215830568
Breast Visium CID44971,seurat,dnajc9,0.1910174904798501,0.5092732865387565
Breast Visium CID44971,seurat,spock2,0.1890349164808474,0.47702313430360227
Breast Visium CID44971,seurat,adcy4,0.1854298447861587,0.2385754539788039
Breast Visium CID44971,seurat,was,0.17871547539983,0.35730856095934815
Breast Visium CID44971,seurat,tmem176b,0.178554560953959,0.5119632353545395
Breast Visium CID44971,seurat,tns1,0.1779684777400084,0.4585147142728856
Breast Visium CID44971,seurat,rab32,0.175326561501465,0.4588901874732598
Breast Visium CID44971,seurat,adam15,0.1748394934749399,0.6570105475292046
Breast Visium CID44971,seurat,sla2,0.1735290531734621,0.22669017890205528
Breast Visium CID44971,seurat,nfic,0.1696698666353628,0.6413554841303042
Breast Visium CID44971,seurat,sertad1,0.1677966548854276,0.43644147711165865
Breast Visium CID44971,seurat,csrnp1,0.1633442109301001,0.45867809778501595
Breast Visium CID44971,seurat,cald1,0.1616753844257264,0.797857026666812
Breast Visium CID44971,seurat,lef1,0.1582603183507039,0.3000126367503336
Breast Visium CID44971,seurat,hsh2d,0.1552817797388861,0.2155594315632171
Breast Visium CID44971,seurat,higd1b,0.1539073152027478,0.21813454070329458
Breast Visium CID44971,seurat,sept11,0.1524391087983481,0.5914136709564413
Breast Visium CID44971,seurat,itm2c,0.150899385306259,0.46592777371811983
Breast Visium CID44971,seurat,sspn,0.1472491591240138,0.43468858434728064
Breast Visium CID44971,seurat,lpar5,0.1456318646731884,0.21028688287987277
Breast Visium CID44971,seurat,krt14,0.1408958478993122,0.5684088538795653
Breast Visium CID44971,seurat,psmb10,0.1343287203380631,0.3995687927555258
Breast Visium CID44971,seurat,zeb2,0.1335725823714677,0.3802226922921927
Breast Visium CID44971,seurat,mbp,0.1306866596778794,0.3487285232097021
Breast Visium CID44971,seurat,apmap,0.1272394105261762,0.6563095999440639
Breast Visium CID44971,seurat,mob1a,0.1260076327421819,0.6939472291147852
Breast Visium CID44971,seurat,ugcg,0.122967181928108,0.5523676760562064
Breast Visium CID44971,seurat,adam28,0.1212247904310568,0.21141281140719442
Breast Visium CID44971,seurat,cd38,0.1129476574228683,0.2170878653043659
Breast Visium CID44971,seurat,sept4,0.1128177083200541,0.36798441782252933
Breast Visium CID44971,seurat,itga6,0.1110492550048809,0.48235978854813677
Breast Visium CID44971,seurat,txndc15,0.107328960161557,0.41912672390771444
Breast Visium CID44971,seurat,psmc3,0.105728079581843,0.7077558077744183
Breast Visium CID44971,seurat,mki67,0.1054715541900166,0.2597619890604548
Breast Visium CID44971,seurat,mthfd2,0.0984195978240331,0.5010162262364912
Breast Visium CID44971,seurat,pim2,0.0977608006008248,0.2729944780872227
Breast Visium CID44971,seurat,tnfrsf12a,0.095821161699309,0.5769060079095535
Breast Visium CID44971,seurat,fxyd1,0.0955496229609896,0.2554733208737078
Breast Visium CID44971,seurat,isg20,0.0949764091131759,0.4952564829063158
Breast Visium CID44971,seurat,phf19,0.0930597280576241,0.2856597367428595
Breast Visium CID44971,seurat,lgi4,0.0905937242950181,0.14804396986460822
Breast Visium CID44971,seurat,ckap2l,0.0850060258435399,0.15459892295554026
Breast Visium CID44971,seurat,tm4sf18,0.083643424919053,0.3511670528099544
Breast Visium CID44971,seurat,h2afv,0.0806559835509763,0.6635530752639367
Breast Visium CID44971,seurat,itgae,0.080597993321674,0.455443552443733
Breast Visium CID44971,seurat,tbx2,0.0778673277847641,0.22701460158024583
Breast Visium CID44971,seurat,tspan3,0.074631105930563,0.6607498336041299
Breast Visium CID44971,seurat,dnajc3,0.0737185266696078,0.4825081096232213
Breast Visium CID44971,seurat,pdcd1,0.0721085722575083,0.1166099264484283
Breast Visium CID44971,seurat,nudt1,0.0694232216654074,0.4036075415534456
Breast Visium CID44971,seurat,srpx,0.0665152645903636,0.27176995029084106
Breast Visium CID44971,seurat,mcm5,0.0634663414549387,0.4206735451604626
Breast Visium CID44971,seurat,cx3cr1,0.0628676737391468,0.13755418856076196
Breast Visium CID44971,seurat,tmem255b,0.0592487059711521,0.12465066983212034
Breast Visium CID44971,seurat,sept7,0.057258604567441,0.6497077458892472
Breast Visium CID44971,seurat,bcas4,0.0572218379320395,0.2442473104955539
Breast Visium CID44971,seurat,cramp1,0.0484865156172047,0.31186439724979914
Breast Visium CID44971,seurat,mir99ahg,0.0480504797676048,0.29215165460948056
Breast Visium CID44971,seurat,gsn,0.0467863484218347,0.8236877370785589
Breast Visium CID44971,seurat,mef2a,0.0467206696621221,0.422481169092161
Breast Visium CID44971,seurat,cd300lg,0.0439432212739139,0.10477480619450578
Breast Visium CID44971,seurat,fcrl5,0.0392433938687307,0.06088164242039223
Breast Visium CID44971,seurat,fam162b,0.0362054028519768,0.07167464458251904
Breast Visium CID44971,seurat,pou2af1,0.029873667826999,0.19636123122649124
Breast Visium CID44971,seurat,klrb1,0.0298464455877189,0.16101793851336613
Breast Visium CID44971,seurat,rps11,0.02920614372109,0.9765997744890208
Breast Visium CID44971,seurat,abcc9,0.0255384183480609,0.06702030547303459
Breast Visium CID44971,seurat,plagl1,0.0242893206980371,0.3412861227683078
Breast Visium CID44971,seurat,ndrg1,0.0217749351767181,0.5786422871720222
Breast Visium CID44971,seurat,clic3,0.0187084219308247,0.3428096079916909
Breast Visium CID44971,seurat,zc3h12a,0.0124724468893417,0.21099208486878823
Breast Visium CID44971,seurat,hey1,0.0112598385834286,0.22360279541713202
Breast Visium CID44971,seurat,tnfrsf10d,0.0111207858202722,0.09805179554884172
Breast Visium CID44971,seurat,brd2,0.0098980154390146,0.6382240107314823
Breast Visium CID44971,seurat,hnrnpa1l2,0.0096295112961455,0.166979395578259
Breast Visium CID44971,seurat,icam1,0.0073162156506083,0.3403349573751927
Breast Visium CID44971,seurat,pxk,0.0042129061475847,0.24232538931504566
Breast Visium CID44971,seurat,p2ry10,0.0041360170040136,0.04838172160542765
Breast Visium CID44971,seurat,kir2dl4,-0.0091689640526204,0.0
Breast Visium CID44971,seurat,tnip3,-0.0093178890178985,0.0
Breast Visium CID44971,seurat,dnase1l3,-0.0203014427383563,0.01239156183941492
Breast Visium CID44971,seurat,tnfrsf18,-0.0233457750155306,0.1337302712814057
Breast Visium CID44971,seurat,spag4,-0.0252767965784728,0.023066190770997256
Breast Visium CID44971,seurat,atp1b2,-0.0268021082778519,0.040890837112116434
Breast Visium CID44971,seurat,znf683,-0.0317071236773579,0.05000529973927331
Breast Visium CID44971,seurat,s1pr5,-0.036264516603875,0.033552971220429634
Breast Visium CID44971,seurat,plcg2,-0.0366215671554531,0.3765741909393425
Breast Visium CID44971,seurat,tnfsf11,-0.0407140725927521,0.10510693270053507
Breast Visium CID44971,seurat,gzmb,-0.0465673949763843,0.1561743212157186
Breast Visium CID44971,seurat,nkg7,-0.0476533483361892,0.1407570601752095
Breast Visium CID44971,seurat,picalm,-0.0523649434729289,0.5271298221405343
Breast Visium CID44971,seurat,cd8b,-0.0626470176283828,0.13143626236012296
Breast Visium CID44971,seurat,tox,-0.0742275264519933,0.11145332658641559
Breast Visium CID44971,seurat,mzb1,-0.0929694902798068,0.04557783739466792
Breast Visium CID44971,seurat,b2m,0.7392918805698044,0.9855290161497667
Breast Visium CID44971,seurat,frzb,0.6593131628414772,0.8507658627168407
Breast Visium CID44971,seurat,igfbp7,0.6172562548473487,0.8032376462670542
Breast Visium CID44971,seurat,xbp1,0.5972380979770031,0.8201716090713689
Breast Visium CID44971,seurat,ccl28,0.5661815059541798,0.6300389501757159
Breast Visium CID44971,seurat,tubb,0.5456415725881003,0.9448153634345113
Breast Visium CID44971,seurat,cox7a2,0.5274395883631965,0.9189089679287398
Breast Visium CID44971,seurat,ctss,0.5233660341014795,0.6737220551810288
Breast Visium CID44971,seurat,hla-drb5,0.5190539491156622,0.7145942809888426
Breast Visium CID44971,seurat,cdc123,0.5060560972575643,0.7991731221203046
Breast Visium CID44971,seurat,hla-dpa1,0.4956968528705635,0.6783547373036314
Breast Visium CID44971,seurat,myl9,0.4946742343943001,0.8123689233153657
Breast Visium CID44971,seurat,coro1a,0.4898147767116368,0.7128908760289052
Breast Visium CID44971,seurat,ackr1,0.4855978826262674,0.49617858964359085
Breast Visium CID44971,seurat,rpl32,0.48188629289256,0.9903322540563386
Breast Visium CID44971,seurat,rpl18,0.4658544663486482,0.986939336048561
Breast Visium CID44971,seurat,arhgdib,0.4634052320891525,0.7969545809070968
Breast Visium CID44971,seurat,mylk,0.4577984984795027,0.7259468313241733
Breast Visium CID44971,seurat,serpinf1,0.4545302078892145,0.6973110334359504
Breast Visium CID44971,seurat,tagln,0.4422371618429027,0.8611592925377327
Breast Visium CID44971,seurat,fbp1,0.4392852941486032,0.5332166347855889
Breast Visium CID44971,seurat,hspe1,0.4372934604345745,0.8858536449439801
Breast Visium CID44971,seurat,ramp3,0.4215491338802259,0.47090449164475345
Breast Visium CID44971,seurat,lcp2,0.4182869182753223,0.5501287296383964
Breast Visium CID44971,seurat,txn,0.4164301398860245,0.9169846653257643
Breast Visium CID44971,seurat,nucks1,0.4094337444188444,0.8907756505047374
Breast Visium CID44971,seurat,il32,0.4065474426103674,0.7428726314302293
Breast Visium CID44971,seurat,col6a3,0.3927276324639299,0.6693466628529702
Breast Visium CID44971,seurat,mif,0.3878472977027076,0.8646299741794042
Breast Visium CID44971,seurat,rpl37,0.3872430843387476,0.9884703552006743
Breast Visium CID44971,seurat,hnrnpa1,0.3737473493038427,0.9379841559479154
Breast Visium CID44971,seurat,fxyd5,0.3736832613489093,0.6610786051065303
Breast Visium CID44971,seurat,hmgn1,0.3712243862076071,0.8955794714565154
Breast Visium CID44971,seurat,txnip,0.3680584352243322,0.8952622999206274
Breast Visium CID44971,seurat,ifitm2,0.3664666103335665,0.7232825373080244
Breast Visium CID44971,seurat,lair1,0.3664457748752627,0.46878391051961665
Breast Visium CID44971,seurat,timp3,0.3659383128511747,0.7412813027403886
Breast Visium CID44971,seurat,mxra8,0.3634819623444434,0.6575347454129025
Breast Visium CID44971,seurat,rpl35,0.3630341049558038,0.9806834046698163
Breast Visium CID44971,seurat,sgk1,0.3622203905844212,0.7026449563575353
Breast Visium CID44971,seurat,eif3e,0.3616933140725507,0.8695683684909495
Breast Visium CID44971,seurat,ap1s1,0.3601041132515596,0.7004654809902088
Breast Visium CID44971,seurat,lamtor5,0.3562813209216199,0.8202179125822217
Breast Visium CID44971,seurat,hcst,0.3558249793944322,0.5093579107233169
Breast Visium CID44971,seurat,cnn1,0.3556481625731402,0.623919441138163
Breast Visium CID44971,seurat,cldn7,0.3550110893290731,0.5130392193096127
Breast Visium CID44971,seurat,bst2,0.3406609646556017,0.6905978816718616
Breast Visium CID44971,seurat,ramp2,0.3399067851302205,0.43765271848874104
Breast Visium CID44971,seurat,meox1,0.3373717358000313,0.3593875025775533
Breast Visium CID44971,seurat,gimap4,0.3336670296614909,0.46982853404804287
Breast Visium CID44971,seurat,rpl36al,0.332718430464417,0.8152225823989656
Breast Visium CID44971,seurat,ppp1r1b,0.3310555869953768,0.4615497203471567
Breast Visium CID44971,seurat,cldn11,0.3289742609263071,0.5409996772220004
Breast Visium CID44971,seurat,mgat1,0.3286445939426018,0.6783022343257196
Breast Visium CID44971,seurat,rpl4,0.3214146588897182,0.980286611482271
Breast Visium CID44971,seurat,rpl37a,0.3144760097939168,0.9886806343446297
Breast Visium CID44971,seurat,ltbp2,0.3081915301901263,0.5797502952657433
Breast Visium CID44971,seurat,igsf6,0.3065266126332371,0.38829367241669194
Breast Visium CID44971,seurat,slc7a7,0.30442863585221,0.38572930684201834
Breast Visium CID44971,seurat,evl,0.3037650300444292,0.6885217074639687
Breast Visium CID44971,seurat,rarres3,0.2907591791943527,0.6696081893462407
Breast Visium CID44971,seurat,morf4l2,0.2902692275191246,0.8196068010155617
Breast Visium CID44971,seurat,c1orf162,0.273092685061268,0.4029249492686066
Breast Visium CID44971,seurat,pdlim1,0.2722434674849229,0.6026910899782996
Breast Visium CID44971,seurat,hnrnpa2b1,0.2656312862367371,0.9182014758553398
Breast Visium CID44971,seurat,ciita,0.2578938821817237,0.39559209223914193
Breast Visium CID44971,seurat,tgfb1i1,0.2578688415840813,0.5384135610416959
Breast Visium CID44971,seurat,pdlim7,0.2554786529581609,0.6189333889422379
Breast Visium CID44971,seurat,tnfsf13b,0.2552153030326852,0.3687562157790036
Breast Visium CID44971,seurat,adam8,0.2549828771667305,0.3699796780052494
Breast Visium CID44971,seurat,crtap,0.2508255288817754,0.6346562911138056
Breast Visium CID44971,seurat,bin2,0.2471607121641412,0.38547684404424065
Breast Visium CID44971,seurat,fbl,0.2457875065922615,0.7863321018281011
Breast Visium CID44971,seurat,tmem87a,0.241330233559461,0.5639566046027102
Breast Visium CID44971,seurat,cox7a2l,0.2313180256190592,0.7052448341794103
Breast Visium CID44971,seurat,trbc2,0.2291263637420476,0.5745217626981655
Breast Visium CID44971,seurat,vamp5,0.2242261000554037,0.503972630681219
Breast Visium CID44971,seurat,ywhah,0.2224938423090947,0.7047919433735442
Breast Visium CID44971,seurat,lbh,0.2204779531382628,0.5930805954788956
Breast Visium CID44971,seurat,ms4a7,0.2089739222913873,0.36036452193971
Breast Visium CID44971,seurat,dnaja1,0.2084263466838264,0.8259129422313417
Breast Visium CID44971,seurat,pold4,0.2076146203933525,0.43668039219348653
Breast Visium CID44971,seurat,sf3b5,0.2075776089465623,0.756232317662606
Breast Visium CID44971,seurat,havcr2,0.2075179643728189,0.30276041267077775
Breast Visium CID44971,seurat,nid1,0.2065908058733942,0.46197433400331545
Breast Visium CID44971,seurat,nlrc5,0.2043528784880675,0.4352881986248635
Breast Visium CID44971,seurat,clec2b,0.2039193921332733,0.42610659719509525
Breast Visium CID44971,seurat,calcrl,0.2002664887832708,0.27383551235165915
Breast Visium CID44971,seurat,tgfbr2,0.1998118616771722,0.5358121041258066
Breast Visium CID44971,seurat,myo6,0.198768883981027,0.6374291151781643
Breast Visium CID44971,seurat,serp1,0.1980874974859721,0.8609215578584907
Breast Visium CID44971,seurat,plk2,0.1978718255662976,0.4902188753391094
Breast Visium CID44971,seurat,il4r,0.1977467832846571,0.40958068769578343
Breast Visium CID44971,seurat,gzmm,0.1906911772493904,0.26432451158699216
Breast Visium CID44971,seurat,f2r,0.1898475466661814,0.4941010539357525
Breast Visium CID44971,seurat,gstt2b,0.1880019437470879,0.2932062854197738
Breast Visium CID44971,seurat,fcrla,0.1878216546824929,0.20342328016556868
Breast Visium CID44971,seurat,rtn4,0.1868373416375819,0.8366329462578506
Breast Visium CID44971,seurat,gadd45b,0.1856683617967416,0.5329797297145532
Breast Visium CID44971,seurat,btk,0.183653273960728,0.24060897763843495
Breast Visium CID44971,seurat,oasl,0.177092594220984,0.2546548760711007
Breast Visium CID44971,seurat,aes,0.1711860357983051,0.8465994911025875
Breast Visium CID44971,seurat,slc38a10,0.1644165695919051,0.5495514275020927
Breast Visium CID44971,seurat,banf1,0.1640055202438548,0.7991047473081613
Breast Visium CID44971,seurat,clec14a,0.1632550868928055,0.20712041797363548
Breast Visium CID44971,seurat,col15a1,0.1628633418540047,0.48656608214693936
Breast Visium CID44971,seurat,ikzf3,0.1626123623775573,0.39936906715408366
Breast Visium CID44971,seurat,adgrl4,0.1595605789315288,0.23391828945447107
Breast Visium CID44971,seurat,ece1,0.1585450664435055,0.6188499261894298
Breast Visium CID44971,seurat,uqcrhl,0.157091601244982,0.2880149489597348
Breast Visium CID44971,seurat,a4galt,0.1543848921509608,0.281775963502952
Breast Visium CID44971,seurat,sptssa,0.1503139643358312,0.5709506653823184
Breast Visium CID44971,seurat,idh2,0.1495508325200737,0.6433806501440855
Breast Visium CID44971,seurat,meg3,0.1479696826910345,0.448555036516871
Breast Visium CID44971,seurat,flt1,0.1383406649111646,0.21337604369303506
Breast Visium CID44971,seurat,cd3g,0.1348578585207426,0.2203997568416239
Breast Visium CID44971,seurat,rac1,0.1329573086476523,0.833060605564119
Breast Visium CID44971,seurat,neurl1b,0.1324782047496186,0.242841720376042
Breast Visium CID44971,seurat,dlc1,0.131634092720785,0.30638553637477356
Breast Visium CID44971,seurat,vps51,0.1242428354257079,0.6175897760628588
Breast Visium CID44971,seurat,cystm1,0.1190597058200096,0.5008310622623731
Breast Visium CID44971,seurat,mlec,0.1171936727805922,0.6582241950286997
Breast Visium CID44971,seurat,spon2,0.1131194823537821,0.4990364800922263
Breast Visium CID44971,seurat,tecr,0.107446980383931,0.7237219743678288
Breast Visium CID44971,seurat,cd8a,0.1069208737344055,0.33709259520689466
Breast Visium CID44971,seurat,rrbp1,0.10452207096095,0.7128436568047549
Breast Visium CID44971,seurat,pou2f2,0.1030432956824279,0.22787548179908232
Breast Visium CID44971,seurat,clec2d,0.1029483636997255,0.47693535027470046
Breast Visium CID44971,seurat,tubb2a,0.1013718894402476,0.5176904774641511
Breast Visium CID44971,seurat,parp15,0.0938377691349761,0.12119375391021135
Breast Visium CID44971,seurat,ugdh,0.0838669491972625,0.4990549215809385
Breast Visium CID44971,seurat,cnrip1,0.0801969420313202,0.1773955046623884
Breast Visium CID44971,seurat,abca6,0.0792693427733065,0.16996638429948963
Breast Visium CID44971,seurat,arhgap29,0.0784764545264225,0.3334339617182469
Breast Visium CID44971,seurat,rab27a,0.0768660190733537,0.32074420876517556
Breast Visium CID44971,seurat,cpe,0.0740871200860039,0.4551387335519932
Breast Visium CID44971,seurat,veph1,0.073529372756259,0.1711201697043582
Breast Visium CID44971,seurat,phlda1,0.0732290922560012,0.6797104721193531
Breast Visium CID44971,seurat,gmppb,0.0651282740458502,0.3459273265479334
Breast Visium CID44971,seurat,rora,0.0645601419373681,0.23186997980225676
Breast Visium CID44971,seurat,hmgb1,0.0593318032975632,0.8823486006068023
Breast Visium CID44971,seurat,cenpm,0.0522775099155769,0.19432896169083314
Breast Visium CID44971,seurat,fam198b,0.0495136631467829,0.3687095403442986
Breast Visium CID44971,seurat,fkbp11,0.0488222949854162,0.3279417717026461
Breast Visium CID44971,seurat,ostf1,0.047798550631674,0.3723578883875845
Breast Visium CID44971,seurat,sit1,0.0473023170360321,0.18524022423749997
Breast Visium CID44971,seurat,rdx,0.0455837459746237,0.5366885164740129
Breast Visium CID44971,seurat,adap2,0.0431733174926765,0.15019413770173473
Breast Visium CID44971,seurat,myo1b,0.0397992859327739,0.4767394383065041
Breast Visium CID44971,seurat,fam13c,0.0302325175783424,0.10244481182207388
Breast Visium CID44971,seurat,filip1,0.0295157381975343,0.07776984512310108
Breast Visium CID44971,seurat,p2ry14,0.0238010907964497,0.09027035302039102
Breast Visium CID44971,seurat,lipe,0.0232670645113804,0.0947150129979061
Breast Visium CID44971,seurat,fbln7,0.0171386620055818,0.25985225237398757
Breast Visium CID44971,seurat,lamb1,0.0162576100715527,0.47549417274957045
Breast Visium CID44971,seurat,runx1t1,0.0124527163884173,0.16376993619503155
Breast Visium CID44971,seurat,tsen54,0.0098509858513107,0.41275411444133875
Breast Visium CID44971,seurat,tmem88,0.0078958457851617,0.09657933852923467
Breast Visium CID44971,seurat,tmem59,0.0071410770755154,0.8045355436322921
Breast Visium CID44971,seurat,snai1,0.0032659290871383,0.11194621882588728
Breast Visium CID44971,seurat,c12orf75,-0.0027157346425945,0.3853526103561245
Breast Visium CID44971,seurat,arfgap3,-0.0034440533363719,0.4590257578285088
Breast Visium CID44971,seurat,rnf125,-0.0176051553078984,0.2062792373406437
Breast Visium CID44971,seurat,sec14l1,-0.0271985433088106,0.4370683986353967
Breast Visium CID44971,seurat,pyhin1,-0.0277825532117482,0.03864929262457895
Breast Visium CID44971,seurat,ncam1,-0.0281032657193557,0.0
Breast Visium CID44971,seurat,rab37,-0.0286680229470963,0.043571964530543975
Breast Visium CID44971,seurat,matk,-0.0295417423404763,0.10085901986742953
Breast Visium CID44971,seurat,lama2,-0.0322697177628499,0.1844240439421946
Breast Visium CID44971,seurat,cdt1,-0.0330448775007394,0.13572468908991492
Breast Visium CID44971,seurat,map1lc3a,-0.0355006544125883,0.5681622047241383
Breast Visium CID44971,seurat,hist1h1e,-0.0381864031529699,0.07281664350133027
Breast Visium CID44971,seurat,ptgdr,-0.05345570752146,0.02084998389123942
Breast Visium CID44971,seurat,cachd1,-0.0751684062887754,0.24687915756575574
Breast Visium CID44971,seurat,linc00996,,
Breast Visium CID44971,seurat,psap,0.5830769676750202,0.9532713856973865
Breast Visium CID44971,seurat,cd74,0.548905901437127,0.8656699898688345
Breast Visium CID44971,seurat,h2afz,0.5125909557385826,0.883861639930337
Breast Visium CID44971,seurat,rps3,0.4945182751036713,0.9827135006924312
Breast Visium CID44971,seurat,rgs1,0.4866240268968644,0.5996146238056579
Breast Visium CID44971,seurat,hmgn3,0.4722252399258955,0.8796768523096107
Breast Visium CID44971,seurat,c1qc,0.464144379110218,0.585281922178885
Breast Visium CID44971,seurat,vcan,0.4618139009956347,0.6857686282597429
Breast Visium CID44971,seurat,ptprc,0.4579643320874607,0.5797762772856628
Breast Visium CID44971,seurat,marcksl1,0.4500006878592075,0.8851375256063856
Breast Visium CID44971,seurat,lamb3,0.4321610530459702,0.5648839279199763
Breast Visium CID44971,seurat,hmgb2,0.4234562796371611,0.7784952221205435
Breast Visium CID44971,seurat,actb,0.4086876308001425,0.988569540573369
Breast Visium CID44971,seurat,ankrd30a,0.3963899496059762,0.45707753264147705
Breast Visium CID44971,seurat,sumo2,0.3874402137083229,0.9117050313127213
Breast Visium CID44971,seurat,lcp1,0.3864436289671993,0.6299178946693983
Breast Visium CID44971,seurat,tpi1,0.3837701916798568,0.9046819109447082
Breast Visium CID44971,seurat,timp2,0.379455545230093,0.6966280867681359
Breast Visium CID44971,seurat,elf5,0.3779117533114279,0.658139320763326
Breast Visium CID44971,seurat,kiaa1324,0.3759100882767352,0.6903388186846152
Breast Visium CID44971,seurat,ube2v2,0.3597698092160146,0.7066501302949
Breast Visium CID44971,seurat,arpc2,0.3581605797255202,0.8606241579683811
Breast Visium CID44971,seurat,mtrnr2l12,0.3479975462984515,0.8613524293887167
Breast Visium CID44971,seurat,cfl1,0.3401430914518403,0.9479701121778349
Breast Visium CID44971,seurat,aif1,0.3361221118959012,0.47018789668649746
Breast Visium CID44971,seurat,fhl2,0.3353334141945671,0.6071348657071723
Breast Visium CID44971,seurat,tgfb1,0.3263585125771073,0.5228225140189608
Breast Visium CID44971,seurat,irf8,0.3247269270750741,0.46605260098054646
Breast Visium CID44971,seurat,zap70,0.323547880326346,0.4508217275252572
Breast Visium CID44971,seurat,rerg,0.3115766355058044,0.6303182925463577
Breast Visium CID44971,seurat,krt18,0.3020441915982594,0.730804390835928
Breast Visium CID44971,seurat,cxorf36,0.2934361070733637,0.3247826021877299
Breast Visium CID44971,seurat,itk,0.2881085137953564,0.327246715538806
Breast Visium CID44971,seurat,snrpb,0.2849367175239166,0.8046893568427358
Breast Visium CID44971,seurat,rgs5,0.280273723129799,0.4451775375589188
Breast Visium CID44971,seurat,crnde,0.2799336046312969,0.7106198628667528
Breast Visium CID44971,seurat,atp6v1f,0.278936624929578,0.8154227155990263
Breast Visium CID44971,seurat,mrpl9,0.2773591008691388,0.6502470816779815
Breast Visium CID44971,seurat,ifitm1,0.2754664025046861,0.5110787246351353
Breast Visium CID44971,seurat,capg,0.273554103775231,0.7045169834511809
Breast Visium CID44971,seurat,cd300a,0.2734703050470477,0.3561313680564273
Breast Visium CID44971,seurat,cd5,0.272809063631464,0.36328168615720663
Breast Visium CID44971,seurat,ube2e3,0.2695001671853895,0.697932971099131
Breast Visium CID44971,seurat,gstp1,0.2685432418670345,0.9220125546211003
Breast Visium CID44971,seurat,anp32b,0.2594410372703389,0.8163249961538376
Breast Visium CID44971,seurat,hmgn2,0.2553255672709654,0.8874870416517305
Breast Visium CID44971,seurat,tyms,0.2502505097930261,0.4995356399425953
Breast Visium CID44971,seurat,rpl27,0.245607801030046,0.9605519606210426
Breast Visium CID44971,seurat,cuta,0.2439635986913092,0.8566710218087309
Breast Visium CID44971,seurat,ssr2,0.2433397342897149,0.8747330168232994
Breast Visium CID44971,seurat,fbln1,0.2333238082755392,0.6189413232609704
Breast Visium CID44971,seurat,stat4,0.2331019154848386,0.27478733656853516
Breast Visium CID44971,seurat,zyx,0.2321277707369037,0.7539465965152876
Breast Visium CID44971,seurat,mcam,0.229444177832116,0.44114287238385114
Breast Visium CID44971,seurat,gabarap,0.2292275196279719,0.7219826248657029
Breast Visium CID44971,seurat,pgam1,0.2268697545600106,0.8220315205096669
Breast Visium CID44971,seurat,hsp90b1,0.2183439895883679,0.915053158893162
Breast Visium CID44971,seurat,dynll1,0.2182843809815133,0.9100458296373954
Breast Visium CID44971,seurat,notch3,0.217549458205294,0.6921149362922894
Breast Visium CID44971,seurat,stk17a,0.2137832938481504,0.44739775547352917
Breast Visium CID44971,seurat,rnase6,0.2111371968911603,0.3263934449116268
Breast Visium CID44971,seurat,tspan4,0.2091119874869887,0.5494962912244419
Breast Visium CID44971,seurat,csf2ra,0.2015186973144909,0.3181152331623041
Breast Visium CID44971,seurat,ap2s1,0.1991751773674565,0.7687909756244194
Breast Visium CID44971,seurat,vps28,0.1972351708551508,0.8248461112759947
Breast Visium CID44971,seurat,isyna1,0.1967995771775456,0.6634116625161176
Breast Visium CID44971,seurat,actg1,0.1953313339361186,0.9848300821975868
Breast Visium CID44971,seurat,mfsd1,0.1916839741207581,0.5655944338594109
Breast Visium CID44971,seurat,id1,0.1888771088530682,0.3721986183786469
Breast Visium CID44971,seurat,lrp10,0.187659298820231,0.6621071117545299
Breast Visium CID44971,seurat,cdh5,0.184083724150086,0.24450104733718972
Breast Visium CID44971,seurat,rap1b,0.1719652317594548,0.6933064990870387
Breast Visium CID44971,seurat,cd96,0.1535897663838922,0.23904640118175094
Breast Visium CID44971,seurat,rasd1,0.1521991807516429,0.4739056924188422
Breast Visium CID44971,seurat,nucb1,0.1488305855232008,0.7410788610376071
Breast Visium CID44971,seurat,plpp1,0.1439752403234829,0.497816593960755
Breast Visium CID44971,seurat,hopx,0.1258022426970833,0.26392469088154413
Breast Visium CID44971,seurat,egfl7,0.1188919738733702,0.20224586253679114
Breast Visium CID44971,seurat,swap70,0.1185815840309985,0.45857963375194644
Breast Visium CID44971,seurat,tmem176a,0.1175129165478853,0.4312825597120069
Breast Visium CID44971,seurat,smim3,0.1144487870332818,0.2942421011469433
Breast Visium CID44971,seurat,flt3lg,0.1109274843865554,0.19239715985411188
Breast Visium CID44971,seurat,dnajb9,0.1031906949535327,0.4018694337344391
Breast Visium CID44971,seurat,uaca,0.1027999994070635,0.43942997812315204
Breast Visium CID44971,seurat,add3,0.1023283569354995,0.44455819171370275
Breast Visium CID44971,seurat,tmem243,0.1015599342206837,0.3436278089808353
Breast Visium CID44971,seurat,h2afx,0.0969208078680561,0.5475214451649203
Breast Visium CID44971,seurat,nudt4,0.0957090177213099,0.6403161563920454
Breast Visium CID44971,seurat,mapk1,0.0922842923441694,0.4786410535427548
Breast Visium CID44971,seurat,stk4,0.0913773505898863,0.4610791611550797
Breast Visium CID44971,seurat,ccdc102b,0.0816790409361691,0.18664935421837345
Breast Visium CID44971,seurat,csf3r,0.080555896143402,0.19465557012834933
Breast Visium CID44971,seurat,orai2,0.0679012796199245,0.42131492858460096
Breast Visium CID44971,seurat,flot1,0.0640819102153014,0.6471412132121211
Breast Visium CID44971,seurat,lgals9b,0.0633898833882819,0.07290587280767909
Breast Visium CID44971,seurat,ets2,0.0583558006004011,0.4161157995797795
Breast Visium CID44971,seurat,tlr10,0.0578036245629684,0.09620228881556517
Breast Visium CID44971,seurat,rcan2,0.0484591634750982,0.14952706482706649
Breast Visium CID44971,seurat,smc2,0.0479270870681204,0.3345318744642438
Breast Visium CID44971,seurat,socs2,0.0453944700123742,0.1541996246488353
Breast Visium CID44971,seurat,tcf19,0.0393593234450693,0.19817923592125286
Breast Visium CID44971,seurat,mrvi1,0.0292908351135836,0.21153239942474072
Breast Visium CID44971,seurat,egr1,0.0280567445901739,0.7898328031024512
Breast Visium CID44971,seurat,cd40lg,0.0273116400949552,0.07518643471563048
Breast Visium CID44971,seurat,stap1,0.0242042866459965,0.06932954287069117
Breast Visium CID44971,seurat,gng2,0.0241057303030407,0.21058910249330545
Breast Visium CID44971,seurat,klf4,0.018449130330818,0.29534318053324976
Breast Visium CID44971,seurat,siva1,0.0179833798044914,0.651031104826181
Breast Visium CID44971,seurat,akap5,0.0140146330336414,0.07868735735238293
Breast Visium CID44971,seurat,tspan32,0.0128813142051434,0.08834509329891961
Breast Visium CID44971,seurat,plek2,0.0125173377776461,0.10691742136941662
Breast Visium CID44971,seurat,mtss1,0.0113238110197567,0.4027864694914542
Breast Visium CID44971,seurat,fgfbp2,0.0101104869592518,0.02386683498563847
Breast Visium CID44971,seurat,smc1a,0.007581435922142,0.5413926563359222
Breast Visium CID44971,seurat,fen1,-0.0097379793775291,0.32702439286036905
Breast Visium CID44971,seurat,tnfrsf13c,-0.013207357660886,0.06025324298378682
Breast Visium CID44971,seurat,sirpg,-0.0189866781674704,0.049781976191229996
Breast Visium CID44971,seurat,dnajb1,-0.0225683757411207,0.598762528105596
Breast Visium CID44971,seurat,sesn1,-0.0403494939611054,0.3884512774380646
Breast Visium CID44971,seurat,st3gal1,-0.0406699910066055,0.2788128020301511
Breast Visium CID44971,liger,tmsb10,0.7716114925661572,0.992449164390564
Breast Visium CID44971,liger,rps4x,0.5676027329973776,0.9842590093612671
Breast Visium CID44971,liger,hdac2,0.5423194461987432,0.8346774578094482
Breast Visium CID44971,liger,rps15,0.5238916707059236,0.9811633825302124
Breast Visium CID44971,liger,rpl3,0.512511654009499,0.9747875332832336
Breast Visium CID44971,liger,cacybp,0.5049280446973845,0.8267659544944763
Breast Visium CID44971,liger,c1qa,0.4970146077890877,0.5747660994529724
Breast Visium CID44971,liger,serpina1,0.4936816612657727,0.6420996785163879
Breast Visium CID44971,liger,gdi2,0.4780745130666421,0.8775402307510376
Breast Visium CID44971,liger,rpl29,0.4702860769914563,0.9858359694480896
Breast Visium CID44971,liger,cirbp,0.4658652868553897,0.8544987440109253
Breast Visium CID44971,liger,snrpf,0.4621707310022194,0.8191137313842773
Breast Visium CID44971,liger,rpl26,0.4490392969710254,0.957980215549469
Breast Visium CID44971,liger,uqcrh,0.4462637729395027,0.9066526293754578
Breast Visium CID44971,liger,rplp2,0.4461671825979764,0.9873043298721313
Breast Visium CID44971,liger,sf3b6,0.4364304115040242,0.8900344967842102
Breast Visium CID44971,liger,mgp,0.4136858760571285,0.8930392265319824
Breast Visium CID44971,liger,hla-a,0.4091598750679204,0.9066097140312195
Breast Visium CID44971,liger,pkib,0.3870672007040823,0.4984968602657318
Breast Visium CID44971,liger,tcp1,0.3847057960545801,0.793346107006073
Breast Visium CID44971,liger,cxcr4,0.3812606535213583,0.6933984756469727
Breast Visium CID44971,liger,adirf,0.3762461120919583,0.5411873459815979
Breast Visium CID44971,liger,tymp,0.3752001605684883,0.6921991109848022
Breast Visium CID44971,liger,mrps35,0.3747832836765754,0.7119948267936707
Breast Visium CID44971,liger,gstm3,0.3687655374024846,0.5733885765075684
Breast Visium CID44971,liger,cct3,0.3649105826335381,0.8362935185432434
Breast Visium CID44971,liger,tbc1d10c,0.3612685283527561,0.4918898344039917
Breast Visium CID44971,liger,ppdpf,0.3611304503895182,0.9232999086380005
Breast Visium CID44971,liger,tpbg,0.3568755086084336,0.5147159099578857
Breast Visium CID44971,liger,rpl9,0.3566193106756165,0.9808544516563416
Breast Visium CID44971,liger,ilf2,0.3548581508295087,0.8389238119125366
Breast Visium CID44971,liger,ndrg2,0.3496769462158425,0.6711875200271606
Breast Visium CID44971,liger,c2orf40,0.3473213112698,0.3990749716758728
Breast Visium CID44971,liger,srsf5,0.3445846613999858,0.7635316252708435
Breast Visium CID44971,liger,slc16a3,0.34218111279474,0.4814845323562622
Breast Visium CID44971,liger,hla-e,0.3420914540165755,0.802130937576294
Breast Visium CID44971,liger,pik3r1,0.3417212570856534,0.6103696823120117
Breast Visium CID44971,liger,efhd1,0.3286783874376792,0.6829022169113159
Breast Visium CID44971,liger,rpl17,0.3264364996808396,0.8929170370101929
Breast Visium CID44971,liger,dap3,0.325262163204793,0.7547817230224609
Breast Visium CID44971,liger,rpl7a,0.3235789257436545,0.9811577796936035
Breast Visium CID44971,liger,lst1,0.318754816510316,0.4485228955745697
Breast Visium CID44971,liger,rps28,0.3115326881823858,0.9871324896812439
Breast Visium CID44971,liger,tsc22d3,0.3110521026315712,0.723950982093811
Breast Visium CID44971,liger,hla-dmb,0.3109785773796006,0.4577341079711914
Breast Visium CID44971,liger,ptges3,0.3101874461856286,0.8888968825340271
Breast Visium CID44971,liger,lgals1,0.3093484783442332,0.7654388546943665
Breast Visium CID44971,liger,c1orf43,0.3046019652254985,0.7895203828811646
Breast Visium CID44971,liger,rab31,0.3043494517483452,0.4404081106185913
Breast Visium CID44971,liger,ctsz,0.3023566819577253,0.5378417372703552
Breast Visium CID44971,liger,cotl1,0.3007655347863135,0.5690410137176514
Breast Visium CID44971,liger,rhob,0.2975111789488206,0.7342439293861389
Breast Visium CID44971,liger,ccl14,0.29437343891126,0.3046756088733673
Breast Visium CID44971,liger,kcnmb1,0.2931112809954302,0.4019598662853241
Breast Visium CID44971,liger,ptpn6,0.2919747292009461,0.5606187582015991
Breast Visium CID44971,liger,spint2,0.2869284776311857,0.8226493000984192
Breast Visium CID44971,liger,pafah1b3,0.2856901737550759,0.6793171167373657
Breast Visium CID44971,liger,pabpc1,0.2853124509369425,0.958260178565979
Breast Visium CID44971,liger,acap1,0.2851267731258496,0.43273648619651794
Breast Visium CID44971,liger,ndufv2,0.2784988947843642,0.7870489954948425
Breast Visium CID44971,liger,sirpa,0.2782908546785528,0.44382625818252563
Breast Visium CID44971,liger,trac,0.2770424396084753,0.47173720598220825
Breast Visium CID44971,liger,steap4,0.275071081926284,0.3528490960597992
Breast Visium CID44971,liger,s100a6,0.2747881100784202,0.9259390234947205
Breast Visium CID44971,liger,tcf7,0.2742947610482324,0.39523041248321533
Breast Visium CID44971,liger,tmem258,0.2665443951273868,0.8783335089683533
Breast Visium CID44971,liger,rpl12,0.2661480805198849,0.9805544018745422
Breast Visium CID44971,liger,selplg,0.2650453094277673,0.4166220724582672
Breast Visium CID44971,liger,gzmk,0.2646405068154976,0.41401350498199463
Breast Visium CID44971,liger,gng5,0.2614143719343764,0.8747048377990723
Breast Visium CID44971,liger,col1a2,0.258901665247051,0.32535919547080994
Breast Visium CID44971,liger,hsbp1,0.2582313663383889,0.8244690299034119
Breast Visium CID44971,liger,ctgf,0.2484295797925443,0.502061665058136
Breast Visium CID44971,liger,btg1,0.247716670487172,0.8027252554893494
Breast Visium CID44971,liger,trim29,0.2474406319263394,0.3526158630847931
Breast Visium CID44971,liger,ifngr2,0.2451964244103996,0.7206515669822693
Breast Visium CID44971,liger,hla-dqa2,0.2442057856003024,0.4128555655479431
Breast Visium CID44971,liger,mal,0.2429389685409816,0.27803346514701843
Breast Visium CID44971,liger,cnn2,0.2412212484382511,0.642118513584137
Breast Visium CID44971,liger,gpsm3,0.2378461577643052,0.4099237024784088
Breast Visium CID44971,liger,tpp1,0.2377500308608691,0.5806853175163269
Breast Visium CID44971,liger,snx20,0.2353006531654508,0.34655216336250305
Breast Visium CID44971,liger,rbpms,0.2347305198251141,0.4897480010986328
Breast Visium CID44971,liger,sub1,0.2327385346290529,0.8820343017578125
Breast Visium CID44971,liger,rpl31,0.2317246187198586,0.9719024300575256
Breast Visium CID44971,liger,zfp36l2,0.2306087745145539,0.8699584007263184
Breast Visium CID44971,liger,nnmt,0.2274972703828878,0.4835302233695984
Breast Visium CID44971,liger,st13,0.2265652847451835,0.8020550608634949
Breast Visium CID44971,liger,maob,0.2260810558965649,0.30057454109191895
Breast Visium CID44971,liger,ifitm3,0.2259714517339839,0.7321050763130188
Breast Visium CID44971,liger,smim14,0.2250430385615349,0.5669078230857849
Breast Visium CID44971,liger,psme2,0.224818940434318,0.7473809719085693
Breast Visium CID44971,liger,naca,0.2247440871847612,0.9569936394691467
Breast Visium CID44971,liger,sept1,0.2215139005885602,0.40397924184799194
Breast Visium CID44971,liger,lrp1,0.2194202243183698,0.4780837893486023
Breast Visium CID44971,liger,ing4,0.2184775620465943,0.5962127447128296
Breast Visium CID44971,liger,themis2,0.2169740095307165,0.32821908593177795
Breast Visium CID44971,liger,rpl5,0.2164300758051205,0.9585756063461304
Breast Visium CID44971,liger,fos,0.2154150527092468,0.7419804334640503
Breast Visium CID44971,liger,pdcd4,0.2139475082828483,0.7591017484664917
Breast Visium CID44971,liger,arhgap9,0.2118599864103389,0.3665875494480133
Breast Visium CID44971,liger,rbbp8,0.2112663559450941,0.5084168314933777
Breast Visium CID44971,liger,ncf2,0.2091713251409835,0.2857821583747864
Breast Visium CID44971,liger,cd2,0.2070279246596807,0.390733927488327
Breast Visium CID44971,liger,creb3l4,0.206594142045854,0.4535765051841736
Breast Visium CID44971,liger,pecam1,0.2050510403642502,0.3662111163139343
Breast Visium CID44971,liger,lman1,0.2041953285676745,0.760413408279419
Breast Visium CID44971,liger,plpp2,0.2039706911257463,0.660690188407898
Breast Visium CID44971,liger,kdr,0.2026402480957038,0.235196053981781
Breast Visium CID44971,liger,lck,0.2015554503854685,0.3477635979652405
Breast Visium CID44971,liger,mme,0.1998287623582864,0.2601107060909271
Breast Visium CID44971,liger,cryab,0.1994820497897229,0.7173727750778198
Breast Visium CID44971,liger,eef2,0.1988181779337337,0.9491033554077148
Breast Visium CID44971,liger,sdcbp,0.1971002394938309,0.670730471611023
Breast Visium CID44971,liger,runx1,0.1944954473497736,0.5569601058959961
Breast Visium CID44971,liger,vopp1,0.1940498086340008,0.43129444122314453
Breast Visium CID44971,liger,aoah,0.1937524767563169,0.31940487027168274
Breast Visium CID44971,liger,vamp8,0.1934820486849966,0.8134753704071045
Breast Visium CID44971,liger,tnfrsf1b,0.192869462966723,0.4017428755760193
Breast Visium CID44971,liger,atp6v0b,0.1920521685420957,0.791533350944519
Breast Visium CID44971,liger,vpreb3,0.1875060091535823,0.20471741259098053
Breast Visium CID44971,liger,cdkn1a,0.1874637026791449,0.5064943432807922
Breast Visium CID44971,liger,slc25a5,0.1872547364043579,0.7845786809921265
Breast Visium CID44971,liger,tshz2,0.186556955364742,0.35026779770851135
Breast Visium CID44971,liger,efhd2,0.1789623370047487,0.46472352743148804
Breast Visium CID44971,liger,s100a10,0.1787691339221924,0.7557089924812317
Breast Visium CID44971,liger,rhog,0.1783214112323724,0.5516955852508545
Breast Visium CID44971,liger,htra1,0.1776235997782624,0.3802167475223541
Breast Visium CID44971,liger,rps16,0.1749594769465684,0.9783908724784851
Breast Visium CID44971,liger,pik3ip1,0.1742383177263798,0.40302786231040955
Breast Visium CID44971,liger,arhgap15,0.1732004902277815,0.28214535117149353
Breast Visium CID44971,liger,tns4,0.171252033848727,0.26940733194351196
Breast Visium CID44971,liger,ddx17,0.1687453148806324,0.8523758053779602
Breast Visium CID44971,liger,dok3,0.1686899980533624,0.22245240211486816
Breast Visium CID44971,liger,ssr3,0.1682468641456545,0.781065821647644
Breast Visium CID44971,liger,camk1d,0.1657016701416201,0.2938777208328247
Breast Visium CID44971,liger,dnmt1,0.1651507296494357,0.6472007036209106
Breast Visium CID44971,liger,alox5ap,0.1637153718775907,0.3587174415588379
Breast Visium CID44971,liger,tpx2,0.1627225744222802,0.31897255778312683
Breast Visium CID44971,liger,arsa,0.1593330119938749,0.4122188985347748
Breast Visium CID44971,liger,klf10,0.1586372711011878,0.43454837799072266
Breast Visium CID44971,liger,pask,0.1583076883511254,0.29869818687438965
Breast Visium CID44971,liger,cmc1,0.1572621226116846,0.5312376618385315
Breast Visium CID44971,liger,tmpo,0.1546481980223157,0.534421443939209
Breast Visium CID44971,liger,tmbim6,0.1545098157778179,0.8510926961898804
Breast Visium CID44971,liger,rrm1,0.1535081363345684,0.49026912450790405
Breast Visium CID44971,liger,ppt1,0.1527277729268282,0.5545867085456848
Breast Visium CID44971,liger,tsc22d1,0.1524766193909069,0.6832454204559326
Breast Visium CID44971,liger,mcm2,0.1523996188257159,0.38078171014785767
Breast Visium CID44971,liger,syk,0.150399044296015,0.2760435938835144
Breast Visium CID44971,liger,ppia,0.1492857146659506,0.9629475474357605
Breast Visium CID44971,liger,grb2,0.1484176884356798,0.5575505495071411
Breast Visium CID44971,liger,pdlim4,0.1472025146649867,0.42832151055336
Breast Visium CID44971,liger,ass1,0.1470059803170708,0.4979165494441986
Breast Visium CID44971,liger,fbxo2,0.1469359747329797,0.32689937949180603
Breast Visium CID44971,liger,icam3,0.1466616586463273,0.35921961069107056
Breast Visium CID44971,liger,col14a1,0.1455447254697481,0.217499241232872
Breast Visium CID44971,liger,mmrn2,0.142062728433057,0.18019811809062958
Breast Visium CID44971,liger,tcf4,0.1406555317626852,0.30762532353401184
Breast Visium CID44971,liger,plxdc2,0.1402229758543083,0.5513342618942261
Breast Visium CID44971,liger,rab4a,0.1402004009118152,0.6078079342842102
Breast Visium CID44971,liger,npdc1,0.1386590175130164,0.5206649303436279
Breast Visium CID44971,liger,syngr2,0.1376943091525667,0.7223409414291382
Breast Visium CID44971,liger,cd93,0.1376456204047894,0.2680744230747223
Breast Visium CID44971,liger,sept6,0.1374037759481939,0.4720275104045868
Breast Visium CID44971,liger,mt-atp6,0.1347813881396892,0.9618006348609924
Breast Visium CID44971,liger,foxp1,0.1340294731857541,0.5677902102470398
Breast Visium CID44971,liger,lat,0.1338806619836851,0.31117182970046997
Breast Visium CID44971,liger,pkig,0.1314326933307011,0.5279339551925659
Breast Visium CID44971,liger,ms4a1,0.1265399061928104,0.16970543563365936
Breast Visium CID44971,liger,sytl1,0.1249989360197129,0.4706991910934448
Breast Visium CID44971,liger,cav1,0.1246850096204128,0.3026079833507538
Breast Visium CID44971,liger,mt-nd4l,0.1232926969682479,0.8455372452735901
Breast Visium CID44971,liger,col6a2,0.1229262884494265,0.2939552366733551
Breast Visium CID44971,liger,rpl38,0.1225565528135729,0.9441300630569458
Breast Visium CID44971,liger,mgst2,0.1214756527916733,0.3962838351726532
Breast Visium CID44971,liger,tk1,0.1212209487047265,0.2958226799964905
Breast Visium CID44971,liger,krt17,0.1191701952618461,0.3348871171474457
Breast Visium CID44971,liger,skap1,0.1171818299999322,0.22311128675937653
Breast Visium CID44971,liger,smc4,0.116413943803729,0.4394458532333374
Breast Visium CID44971,liger,tnik,0.1160057300258743,0.2200867086648941
Breast Visium CID44971,liger,spn,0.1142840754394986,0.2535262703895569
Breast Visium CID44971,liger,ptpn7,0.1138394466949023,0.2521374523639679
Breast Visium CID44971,liger,efemp2,0.1102522294607881,0.2636890709400177
Breast Visium CID44971,liger,cdh3,0.1089519814871086,0.31353041529655457
Breast Visium CID44971,liger,oaz2,0.1061935779053326,0.5585958361625671
Breast Visium CID44971,liger,aebp1,0.1056794565586408,0.26702508330345154
Breast Visium CID44971,liger,icam2,0.1055348369915646,0.3005885183811188
Breast Visium CID44971,liger,tmed10,0.1032766763085004,0.7095690369606018
Breast Visium CID44971,liger,fgr,0.1022770092047664,0.1932774931192398
Breast Visium CID44971,liger,cxcr3,0.1011785882671904,0.21052910387516022
Breast Visium CID44971,liger,hrct1,0.1009113116881747,0.14135265350341797
Breast Visium CID44971,liger,cd72,0.0984213264182877,0.19323615729808807
Breast Visium CID44971,liger,bcl11b,0.0980011019434551,0.23028920590877533
Breast Visium CID44971,liger,bub3,0.0971446438230893,0.6069684624671936
Breast Visium CID44971,liger,rbpms2,0.0957008079549787,0.16204792261123657
Breast Visium CID44971,liger,clec7a,0.0948814361553662,0.2518605589866638
Breast Visium CID44971,liger,plac8,0.0935245501387997,0.2170153111219406
Breast Visium CID44971,liger,glrx,0.0930444939034381,0.3152090907096863
Breast Visium CID44971,liger,lims2,0.0908669283522851,0.219699427485466
Breast Visium CID44971,liger,cst7,0.0908088965338508,0.27358773350715637
Breast Visium CID44971,liger,fyn,0.090740009513548,0.2816407382488251
Breast Visium CID44971,liger,sel1l,0.0901851783588698,0.42963331937789917
Breast Visium CID44971,liger,eps8,0.089674297364653,0.4800434708595276
Breast Visium CID44971,liger,phldb2,0.0887932790787826,0.20670674741268158
Breast Visium CID44971,liger,herpud1,0.0843357265163422,0.643673837184906
Breast Visium CID44971,liger,s1pr1,0.0819003308032446,0.1547621339559555
Breast Visium CID44971,liger,ctnnal1,0.0810700777752848,0.23524639010429382
Breast Visium CID44971,liger,syt8,0.0793808356453379,0.18108317255973816
Breast Visium CID44971,liger,nusap1,0.0787591373946909,0.19659054279327393
Breast Visium CID44971,liger,cux1,0.0782549731790961,0.35745182633399963
Breast Visium CID44971,liger,slc9a3r2,0.0762667787565999,0.18890780210494995
Breast Visium CID44971,liger,hcfc1r1,0.0745524466981493,0.6254921555519104
Breast Visium CID44971,liger,ppic,0.0704910247387769,0.2851502299308777
Breast Visium CID44971,liger,hlf,0.0684300607193126,0.14409255981445312
Breast Visium CID44971,liger,rgs10,0.0683661451720386,0.5672942399978638
Breast Visium CID44971,liger,hhex,0.0664530002429052,0.13789187371730804
Breast Visium CID44971,liger,rps13,0.0662120967962983,0.9728060960769653
Breast Visium CID44971,liger,camk4,0.0661432451360202,0.14961028099060059
Breast Visium CID44971,liger,apobec3c,0.0656162679601871,0.30217546224594116
Breast Visium CID44971,liger,ctsw,0.0636234817350036,0.14852140843868256
Breast Visium CID44971,liger,pltp,0.0633122135029986,0.2926914095878601
Breast Visium CID44971,liger,tinagl1,0.0626830844031891,0.3785353899002075
Breast Visium CID44971,liger,fkbp2,0.0618720631453909,0.7035053968429565
Breast Visium CID44971,liger,nucb2,0.0612171790709374,0.35722634196281433
Breast Visium CID44971,liger,bag3,0.0594375383569327,0.33330655097961426
Breast Visium CID44971,liger,dhfr,0.0578988459856829,0.259418785572052
Breast Visium CID44971,liger,cblb,0.0562725394697602,0.2634102702140808
Breast Visium CID44971,liger,ccnd3,0.055445507766656,0.5824527740478516
Breast Visium CID44971,liger,mydgf,0.053913835799747,0.6755313873291016
Breast Visium CID44971,liger,arl11,0.0536203982040076,0.09457767009735107
Breast Visium CID44971,liger,ccdc50,0.0523025180871039,0.4594082236289978
Breast Visium CID44971,liger,cxcr5,0.0515175346978593,0.08228091895580292
Breast Visium CID44971,liger,tram1,0.0514131777909561,0.6945686340332031
Breast Visium CID44971,liger,cox7a1,0.0505710180327333,0.2095564901828766
Breast Visium CID44971,liger,aplp2,0.05000983417174,0.6981794238090515
Breast Visium CID44971,liger,lilrb3,0.0479712217039789,0.1186944767832756
Breast Visium CID44971,liger,pdia6,0.0473778579974516,0.8122771978378296
Breast Visium CID44971,liger,ccdc167,0.0450335536824588,0.5040521621704102
Breast Visium CID44971,liger,st6galnac4,0.0449147368746599,0.22538506984710693
Breast Visium CID44971,liger,angpt2,0.0431484031599421,0.07300994545221329
Breast Visium CID44971,liger,oxnad1,0.0431419384931308,0.21117949485778809
Breast Visium CID44971,liger,mfap4,0.0420511208910167,0.11915237456560135
Breast Visium CID44971,liger,mgat2,0.041691772601719,0.3327483832836151
Breast Visium CID44971,liger,arhgap1,0.0408006563348261,0.6334397792816162
Breast Visium CID44971,liger,rabac1,0.0386198506067518,0.740433931350708
Breast Visium CID44971,liger,cbfa2t3,0.038302484378168,0.16695670783519745
Breast Visium CID44971,liger,asf1b,0.0381001715807464,0.14672797918319702
Breast Visium CID44971,liger,cxcr6,0.034278958232191,0.13120543956756592
Breast Visium CID44971,liger,fcrl1,0.0337102585148944,0.047101497650146484
Breast Visium CID44971,liger,fndc3a,0.0324824513853659,0.584641695022583
Breast Visium CID44971,liger,arrb1,0.0324191212491041,0.33779266476631165
Breast Visium CID44971,liger,pim1,0.0304234327649659,0.2978675365447998
Breast Visium CID44971,liger,klrg1,0.0285335835196017,0.14424844086170197
Breast Visium CID44971,liger,socs3,0.0269175615495101,0.3139400780200958
Breast Visium CID44971,liger,lpcat4,0.0235469134938275,0.2674292325973511
Breast Visium CID44971,liger,xcl1,0.0229346510970521,0.07766888290643692
Breast Visium CID44971,liger,cyb5r3,0.0217349566029556,0.6342438459396362
Breast Visium CID44971,liger,scarb1,0.0205966310073432,0.4454914331436157
Breast Visium CID44971,liger,sh2d1b,0.0163032076520477,0.028258834034204483
Breast Visium CID44971,liger,tnfrsf17,0.0152151421902633,0.036475881934165955
Breast Visium CID44971,liger,sardh,0.0137920265422609,0.08387847989797592
Breast Visium CID44971,liger,rgma,0.0111597258166176,0.31100043654441833
Breast Visium CID44971,liger,erlec1,0.0108221149973561,0.544069766998291
Breast Visium CID44971,liger,cd19,0.0104833939987639,0.027050187811255455
Breast Visium CID44971,liger,bard1,0.0102264257867342,0.18337026238441467
Breast Visium CID44971,liger,syvn1,0.0076481137396762,0.44170233607292175
Breast Visium CID44971,liger,txk,0.0063868590720307,0.032631367444992065
Breast Visium CID44971,liger,kdelr1,0.0033493197642488,0.6809492111206055
Breast Visium CID44971,liger,sema3g,0.0008277266500834,0.04429389908909798
Breast Visium CID44971,liger,fcer2,0.0008247659692702,0.01170568447560072
Breast Visium CID44971,liger,themis,0.0003567866608253,0.06918420642614365
Breast Visium CID44971,liger,klrd1,-0.0013588726057408,0.05778525769710541
Breast Visium CID44971,liger,faslg,-0.0033165849916389,0.033292386680841446
Breast Visium CID44971,liger,linc00926,-0.0052499355698852,0.03816886991262436
Breast Visium CID44971,liger,ca4,-0.0071744393943804,0.0
Breast Visium CID44971,liger,nmur1,-0.0085819539142553,0.0
Breast Visium CID44971,liger,tmigd2,-0.0088433889673429,0.024727242067456245
Breast Visium CID44971,liger,ncr1,-0.0088515067592297,0.0
Breast Visium CID44971,liger,rpn1,-0.0102210683447048,0.7155296206474304
Breast Visium CID44971,liger,fam111a,-0.0117640262246083,0.3350924551486969
Breast Visium CID44971,liger,ptger2,-0.0157521839070932,0.05143364891409874
Breast Visium CID44971,liger,st6galnac2,-0.0158113342054054,0.0028221781831234694
Breast Visium CID44971,liger,arhgap24,-0.0165969356699837,0.08395904302597046
Breast Visium CID44971,liger,znf385d,-0.0171860528280269,0.03918890282511711
Breast Visium CID44971,liger,sptbn1,-0.0172492793730053,0.5354992747306824
Breast Visium CID44971,liger,jakmip1,-0.0191864917100447,0.012556805275380611
Breast Visium CID44971,liger,inpp1,-0.0239360220994678,0.21188929677009583
Breast Visium CID44971,liger,ppp2r5b,-0.0261616240244178,0.27413409948349
Breast Visium CID44971,liger,snx22,-0.0364446025256939,0.1535913348197937
Breast Visium CID44971,liger,hoxd9,-0.0400015729644148,0.0010778757277876139
Breast Visium CID44971,liger,creb3l2,-0.0411660030670082,0.4937067925930023
Breast Visium CID44971,liger,col18a1,-0.052225840906433,0.42894676327705383
Breast Visium CID44971,liger,sec61a1,-0.0646639309776062,0.7281774878501892
Breast Visium CID44971,liger,fosb,-0.129169439721957,0.34901314973831177
Breast Visium CID44971,liger,agr2,0.628399752021693,0.6844733357429504
Breast Visium CID44971,liger,crabp1,0.6217010645233809,0.8248940706253052
Breast Visium CID44971,liger,azgp1,0.6048365303358433,0.7590466141700745
Breast Visium CID44971,liger,eef1a1,0.5576654190681248,0.996769368648529
Breast Visium CID44971,liger,mlph,0.5451118853244478,0.621800422668457
Breast Visium CID44971,liger,snrpe,0.5322386194843143,0.8620038032531738
Breast Visium CID44971,liger,hla-dra,0.5061704683857905,0.6972805261611938
Breast Visium CID44971,liger,hla-b,0.4973578253339375,0.9272778630256653
Breast Visium CID44971,liger,ldhb,0.4886198672132507,0.9202942252159119
Breast Visium CID44971,liger,rps12,0.477106533877884,0.9887050986289978
Breast Visium CID44971,liger,gapdh,0.4733466595534754,0.9800392389297485
Breast Visium CID44971,liger,tspan7,0.4676316204525067,0.4790513217449188
Breast Visium CID44971,liger,hla-dqb1,0.4674605046192588,0.6611329317092896
Breast Visium CID44971,liger,rpl41,0.4615098693429657,0.9924175143241882
Breast Visium CID44971,liger,mdh2,0.4537827731030393,0.8486847281455994
Breast Visium CID44971,liger,c1qb,0.4340978963242772,0.5294980406761169
Breast Visium CID44971,liger,rpl34,0.4255588231122367,0.9818727970123291
Breast Visium CID44971,liger,snrpd1,0.4240395975426138,0.7842915654182434
Breast Visium CID44971,liger,arf1,0.4233981450146616,0.9158519506454468
Breast Visium CID44971,liger,srgn,0.4210300323922132,0.6817512512207031
Breast Visium CID44971,liger,rpl35a,0.4208922087236932,0.9721570611000061
Breast Visium CID44971,liger,srp9,0.4122315663548883,0.856266438961029
Breast Visium CID44971,liger,epcam,0.410324915934848,0.7831940650939941
Breast Visium CID44971,liger,ptma,0.4081618392363045,0.9844733476638794
Breast Visium CID44971,liger,s100a11,0.405101016175232,0.9665907025337219
Breast Visium CID44971,liger,rps20,0.401112228820978,0.9474481344223022
Breast Visium CID44971,liger,rpl27a,0.4009709299317788,0.9738199710845947
Breast Visium CID44971,liger,fxyd3,0.4001976760525595,0.6484429240226746
Breast Visium CID44971,liger,aff3,0.400008816322789,0.46622559428215027
Breast Visium CID44971,liger,cd24,0.3989807740323853,0.8251872658729553
Breast Visium CID44971,liger,pfn1,0.3862826862718522,0.9603720307350159
Breast Visium CID44971,liger,sat1,0.3789043465737183,0.7818618416786194
Breast Visium CID44971,liger,hddc2,0.3686052174166528,0.7275099158287048
Breast Visium CID44971,liger,capn8,0.3578058258869277,0.4363510310649872
Breast Visium CID44971,liger,rps3a,0.3547038769957149,0.9888066649436951
Breast Visium CID44971,liger,cybb,0.3528989963647055,0.45112329721450806
Breast Visium CID44971,liger,btf3,0.352652622481194,0.8915775418281555
Breast Visium CID44971,liger,grn,0.3483308835652789,0.7584946155548096
Breast Visium CID44971,liger,plek,0.3380012211016138,0.4487365782260895
Breast Visium CID44971,liger,il6st,0.3331620691905084,0.5997033715248108
Breast Visium CID44971,liger,kif12,0.3312160498103872,0.4014263451099396
Breast Visium CID44971,liger,arpc1b,0.325110590484873,0.6921041011810303
Breast Visium CID44971,liger,aph1a,0.3202686974184541,0.7948279976844788
Breast Visium CID44971,liger,cxcl2,0.3198289688224202,0.4782540798187256
Breast Visium CID44971,liger,srpk1,0.319425337893808,0.6465204358100891
Breast Visium CID44971,liger,nutf2,0.3174951273148862,0.7146201133728027
Breast Visium CID44971,liger,cyba,0.3174166283099712,0.782325267791748
Breast Visium CID44971,liger,ybx1,0.3170388919243697,0.8718522191047668
Breast Visium CID44971,liger,dst,0.3161368570479814,0.5390727519989014
Breast Visium CID44971,liger,vps72,0.3114994916529724,0.6237702369689941
Breast Visium CID44971,liger,rps6,0.3094870439917155,0.9830562472343445
Breast Visium CID44971,liger,jun,0.3023194320748428,0.7383007407188416
Breast Visium CID44971,liger,reep5,0.2953206590850908,0.7082594037055969
Breast Visium CID44971,liger,snrpd2,0.2932508948598377,0.9126625061035156
Breast Visium CID44971,liger,ifi27,0.2918769999012907,0.48309779167175293
Breast Visium CID44971,liger,reep6,0.2850359860632942,0.3965008556842804
Breast Visium CID44971,liger,il33,0.2845417234743537,0.32743096351623535
Breast Visium CID44971,liger,uqcrb,0.2845227824952638,0.9293739199638367
Breast Visium CID44971,liger,dynlt1,0.2836905988795061,0.8005152344703674
Breast Visium CID44971,liger,msr1,0.2816819832068638,0.3755909502506256
Breast Visium CID44971,liger,tpt1,0.2784828258542685,0.9895971417427063
Breast Visium CID44971,liger,tacstd2,0.2775462044352446,0.6814829707145691
Breast Visium CID44971,liger,rabep1,0.2752783782360262,0.5572122931480408
Breast Visium CID44971,liger,sell,0.270422526713392,0.40040332078933716
Breast Visium CID44971,liger,dstn,0.2676305628128025,0.8287948369979858
Breast Visium CID44971,liger,stom,0.2661047533619636,0.6184873580932617
Breast Visium CID44971,liger,rps27a,0.2564711843005813,0.985390305519104
Breast Visium CID44971,liger,fcgr2a,0.2507354437042735,0.37468501925468445
Breast Visium CID44971,liger,rps25,0.2497880250105638,0.9787317514419556
Breast Visium CID44971,liger,rasef,0.2490056242743658,0.3965151906013489
Breast Visium CID44971,liger,cd69,0.2487891632313447,0.396997332572937
Breast Visium CID44971,liger,col1a1,0.2472735920426721,0.35154247283935547
Breast Visium CID44971,liger,limd2,0.2465022649818012,0.5565478801727295
Breast Visium CID44971,liger,ifi16,0.242220544054723,0.5227921009063721
Breast Visium CID44971,liger,rpl7,0.2378438918799021,0.9697958827018738
Breast Visium CID44971,liger,tspan13,0.2365673082111503,0.5225473046302795
Breast Visium CID44971,liger,epas1,0.2323227106943864,0.41297590732574463
Breast Visium CID44971,liger,aif1l,0.2322186747698438,0.5125322341918945
Breast Visium CID44971,liger,fam110d,0.2318772646527315,0.25469207763671875
Breast Visium CID44971,liger,gimap7,0.2318266052553965,0.36628738045692444
Breast Visium CID44971,liger,linc00861,0.2309951628981243,0.30052781105041504
Breast Visium CID44971,liger,il16,0.2278461959654143,0.3977285623550415
Breast Visium CID44971,liger,rps23,0.226182346845378,0.9779013991355896
Breast Visium CID44971,liger,rasgrp2,0.2254200770325608,0.36722588539123535
Breast Visium CID44971,liger,rasal3,0.2240325888297586,0.39899465441703796
Breast Visium CID44971,liger,ufc1,0.2197042015800646,0.7573103904724121
Breast Visium CID44971,liger,rpl15,0.2178304701350905,0.9793917536735535
Breast Visium CID44971,liger,irf7,0.2166152253546645,0.4822002947330475
Breast Visium CID44971,liger,samhd1,0.2155057293278952,0.5037291646003723
Breast Visium CID44971,liger,col3a1,0.2109057962153494,0.31641504168510437
Breast Visium CID44971,liger,gpihbp1,0.2105457290104229,0.22495755553245544
Breast Visium CID44971,liger,golgb1,0.2104287433419505,0.6136949062347412
Breast Visium CID44971,liger,pik3r3,0.2082319926216032,0.5362755656242371
Breast Visium CID44971,liger,il2rg,0.2078989565730349,0.42912399768829346
Breast Visium CID44971,liger,rps5,0.2069802169747416,0.9672617316246033
Breast Visium CID44971,liger,serping1,0.2027893456585515,0.5215057134628296
Breast Visium CID44971,liger,anxa3,0.2018823292786847,0.5038155913352966
Breast Visium CID44971,liger,gnai2,0.201627065221828,0.6975004076957703
Breast Visium CID44971,liger,cxcl16,0.2005316587230608,0.4960699677467346
Breast Visium CID44971,liger,acbd6,0.1991222114773391,0.5715405344963074
Breast Visium CID44971,liger,c1orf54,0.1986901546322977,0.3221285045146942
Breast Visium CID44971,liger,cd247,0.1979216118013529,0.3413260281085968
Breast Visium CID44971,liger,rnaset2,0.192622529149091,0.6932785511016846
Breast Visium CID44971,liger,map1b,0.1884102777519571,0.337049663066864
Breast Visium CID44971,liger,ralgps2,0.1881311120456224,0.27340343594551086
Breast Visium CID44971,liger,arid5b,0.1873951436048666,0.5083983540534973
Breast Visium CID44971,liger,inpp4b,0.1870838729937883,0.3291213810443878
Breast Visium CID44971,liger,vps29,0.185926513983691,0.7057357430458069
Breast Visium CID44971,liger,fcmr,0.1849697764414196,0.2955647110939026
Breast Visium CID44971,liger,tacc1,0.1794428731385017,0.4566418528556824
Breast Visium CID44971,liger,tpm1,0.1792488587604117,0.7031832337379456
Breast Visium CID44971,liger,dgka,0.1773414165963491,0.38778993487358093
Breast Visium CID44971,liger,aqp3,0.1749968841448505,0.371525377035141
Breast Visium CID44971,liger,ppp1r14a,0.1748822713861812,0.2854063808917999
Breast Visium CID44971,liger,runx3,0.1714470548578267,0.36520034074783325
Breast Visium CID44971,liger,tmed2,0.1694368667798624,0.805463969707489
Breast Visium CID44971,liger,tnfrsf25,0.1676056836863559,0.32597506046295166
Breast Visium CID44971,liger,pdia4,0.1670019767897151,0.7557005882263184
Breast Visium CID44971,liger,app,0.1669550241966925,0.7906661033630371
Breast Visium CID44971,liger,dok2,0.1648142459700984,0.32174670696258545
Breast Visium CID44971,liger,bcam,0.1620549969397212,0.40089815855026245
Breast Visium CID44971,liger,znf503,0.161950822922472,0.28490185737609863
Breast Visium CID44971,liger,mgll,0.1609085825813902,0.32900163531303406
Breast Visium CID44971,liger,serpinh1,0.1595995731331454,0.6925564408302307
Breast Visium CID44971,liger,dennd2d,0.1589718724351055,0.4973154067993164
Breast Visium CID44971,liger,ccr4,0.1589567404306559,0.1699448525905609
Breast Visium CID44971,liger,rnase1,0.1581859707630209,0.29584813117980957
Breast Visium CID44971,liger,tpst2,0.1560287482628045,0.4274892807006836
Breast Visium CID44971,liger,abi3,0.1545784683775675,0.30392324924468994
Breast Visium CID44971,liger,ccpg1,0.1487972454317595,0.43139636516571045
Breast Visium CID44971,liger,zfp36,0.1448356412824357,0.7368373870849609
Breast Visium CID44971,liger,nedd9,0.1437644234991013,0.4301617741584778
Breast Visium CID44971,liger,hspg2,0.1414277589380342,0.3104158043861389
Breast Visium CID44971,liger,il3ra,0.1411529325419257,0.2023290991783142
Breast Visium CID44971,liger,snrnp25,0.1407611740603503,0.5397577881813049
Breast Visium CID44971,liger,eif4b,0.1369954467857957,0.8467410206794739
Breast Visium CID44971,liger,pnpla2,0.1369060469435848,0.6212713122367859
Breast Visium CID44971,liger,fam49b,0.1367862563156549,0.5557008385658264
Breast Visium CID44971,liger,hbegf,0.1362635306175316,0.2663288712501526
Breast Visium CID44971,liger,palld,0.1355947222017437,0.4581703245639801
Breast Visium CID44971,liger,nr2f1,0.133803806162903,0.24440458416938782
Breast Visium CID44971,liger,march1,0.1334484947036823,0.22804394364356995
Breast Visium CID44971,liger,tmem98,0.1328377165062318,0.3512215316295624
Breast Visium CID44971,liger,lrrc26,0.1326755224735935,0.2649245858192444
Breast Visium CID44971,liger,plpp5,0.1233717270624554,0.4167375862598419
Breast Visium CID44971,liger,sdf2l1,0.1205246810317252,0.45719513297080994
Breast Visium CID44971,liger,emb,0.1205050461024061,0.3357442021369934
Breast Visium CID44971,liger,syne1,0.1184905119678817,0.3011978566646576
Breast Visium CID44971,liger,tmed9,0.1175682268692675,0.6993899941444397
Breast Visium CID44971,liger,rnf130,0.1172699043259657,0.5678353905677795
Breast Visium CID44971,liger,prkch,0.1152197963425944,0.3323976695537567
Breast Visium CID44971,liger,magi1,0.1151640785354655,0.41468989849090576
Breast Visium CID44971,liger,leprotl1,0.1144784753488885,0.49238839745521545
Breast Visium CID44971,liger,rpl13a,0.1118081787342578,0.9725070595741272
Breast Visium CID44971,liger,cd99,0.1116241190705119,0.6760537028312683
Breast Visium CID44971,liger,rbp7,0.110777521149004,0.23594051599502563
Breast Visium CID44971,liger,id2,0.1104173843858961,0.6247976422309875
Breast Visium CID44971,liger,eomes,0.1093869856374293,0.19569014012813568
Breast Visium CID44971,liger,cd40,0.1092862127233628,0.25791487097740173
Breast Visium CID44971,liger,itm2a,0.1069139968086118,0.36551204323768616
Breast Visium CID44971,liger,gpr65,0.105916872818107,0.230092853307724
Breast Visium CID44971,liger,c1qtnf1,0.1057958467474528,0.1635977327823639
Breast Visium CID44971,liger,rhoh,0.1054445636025663,0.3091150224208832
Breast Visium CID44971,liger,hla-dob,0.1041029391112001,0.1968739777803421
Breast Visium CID44971,liger,hm13,0.1037140585658719,0.7070621252059937
Breast Visium CID44971,liger,clmn,0.1035514611474989,0.3629668056964874
Breast Visium CID44971,liger,foxs1,0.1035249872105382,0.12437128275632858
Breast Visium CID44971,liger,plac9,0.1033103983206525,0.17145588994026184
Breast Visium CID44971,liger,col17a1,0.1019627176479524,0.19482535123825073
Breast Visium CID44971,liger,phactr1,0.1016196351876828,0.1890469491481781
Breast Visium CID44971,liger,kdelr2,0.0977904567426221,0.7905986309051514
Breast Visium CID44971,liger,hsp90aa1,0.0977119405999163,0.943213701248169
Breast Visium CID44971,liger,tmem173,0.0977039259241281,0.3372127413749695
Breast Visium CID44971,liger,sec62,0.0975820250223333,0.6586219668388367
Breast Visium CID44971,liger,mctp1,0.0975552409818062,0.13893333077430725
Breast Visium CID44971,liger,dbnl,0.0969848791656471,0.5239316821098328
Breast Visium CID44971,liger,cldn5,0.0967789944379283,0.13013619184494019
Breast Visium CID44971,liger,acadvl,0.0965420642705809,0.7774396538734436
Breast Visium CID44971,liger,akap12,0.0958160591854494,0.17147721350193024
Breast Visium CID44971,liger,emp1,0.0953057472572782,0.3390679955482483
Breast Visium CID44971,liger,fam177a1,0.0936494078265628,0.5651072263717651
Breast Visium CID44971,liger,man2b1,0.0912708154710248,0.20876279473304749
Breast Visium CID44971,liger,usp28,0.0907150901814548,0.42112401127815247
Breast Visium CID44971,liger,abhd15,0.0905188461707945,0.21330493688583374
Breast Visium CID44971,liger,traf4,0.0901803094962642,0.6011874079704285
Breast Visium CID44971,liger,ier3,0.0885393620069514,0.5308704972267151
Breast Visium CID44971,liger,ppp1ca,0.0882524071750775,0.7545843124389648
Breast Visium CID44971,liger,rassf2,0.0868802380338091,0.35216808319091797
Breast Visium CID44971,liger,derl3,0.085731553936457,0.1967586725950241
Breast Visium CID44971,liger,sod3,0.084574708599269,0.14605627954006195
Breast Visium CID44971,liger,cisd2,0.0772959233831603,0.5086835026741028
Breast Visium CID44971,liger,col5a2,0.0771981280954669,0.21635735034942627
Breast Visium CID44971,liger,erg,0.0768638713562518,0.11461476236581802
Breast Visium CID44971,liger,lmcd1,0.0761176774715504,0.2962835729122162
Breast Visium CID44971,liger,ighm,0.0751622583605389,0.2869136929512024
Breast Visium CID44971,liger,myadm,0.0718041441085318,0.5408803224563599
Breast Visium CID44971,liger,ednrb,0.0709433111465348,0.13387207686901093
Breast Visium CID44971,liger,cd79b,0.0699611002964247,0.20378346741199493
Breast Visium CID44971,liger,rbm47,0.0674605518174432,0.4305303692817688
Breast Visium CID44971,liger,adgrg1,0.065986050818713,0.5787592530250549
Breast Visium CID44971,liger,myd88,0.0642249067654633,0.40031203627586365
Breast Visium CID44971,liger,islr,0.064018521537409,0.25112393498420715
Breast Visium CID44971,liger,b4galt7,0.0635840353323954,0.35581761598587036
Breast Visium CID44971,liger,znf331,0.0634929515340054,0.36838895082473755
Breast Visium CID44971,liger,alox5,0.063323107259435,0.1868116557598114
Breast Visium CID44971,liger,trg-as1,0.0629418608732157,0.12207040190696716
Breast Visium CID44971,liger,tie1,0.0614717203543703,0.1112644150853157
Breast Visium CID44971,liger,mt2a,0.0589904720697544,0.8883410096168518
Breast Visium CID44971,liger,igf1,0.0589062057041403,0.14007040858268738
Breast Visium CID44971,liger,cdkn3,0.0579872195721038,0.16899271309375763
Breast Visium CID44971,liger,cdk2ap2,0.0576527651046717,0.5145822763442993
Breast Visium CID44971,liger,stim1,0.0570418021087817,0.3446354269981384
Breast Visium CID44971,liger,sparc,0.0563648105949324,0.4294196367263794
Breast Visium CID44971,liger,ctsk,0.0554585636032309,0.1895507127046585
Breast Visium CID44971,liger,pmepa1,0.0549502167568239,0.3262438178062439
Breast Visium CID44971,liger,capn12,0.0549354138610864,0.2488141655921936
Breast Visium CID44971,liger,cd63,0.0549093773869428,0.8725970387458801
Breast Visium CID44971,liger,gas6,0.0512804059241929,0.4574963450431824
Breast Visium CID44971,liger,rcsd1,0.0503822036126875,0.336984246969223
Breast Visium CID44971,liger,ccdc88a,0.0491884582417978,0.27826550602912903
Breast Visium CID44971,liger,spink2,0.0488557626025669,0.06716632843017578
Breast Visium CID44971,liger,ndufa4l2,0.0455027644141195,0.09781345725059509
Breast Visium CID44971,liger,gapt,0.0423958692152832,0.0999436229467392
Breast Visium CID44971,liger,parva,0.042343580809726,0.4695606827735901
Breast Visium CID44971,liger,atp1a1,0.0417251969147409,0.7141041159629822
Breast Visium CID44971,liger,nes,0.040482089650875,0.347445547580719
Breast Visium CID44971,liger,tigit,0.0401157118055127,0.1905307024717331
Breast Visium CID44971,liger,mfge8,0.0392190654862642,0.5495060086250305
Breast Visium CID44971,liger,gnly,0.0391377562281572,0.1274503618478775
Breast Visium CID44971,liger,slc3a2,0.0387366250719718,0.6765738129615784
Breast Visium CID44971,liger,tmem109,0.0369845746416198,0.476548969745636
Breast Visium CID44971,liger,znf808,0.0352711489085887,0.17994289100170135
Breast Visium CID44971,liger,mef2c,0.0345621527254613,0.17663276195526123
Breast Visium CID44971,liger,shc1,0.0335646268045254,0.5846688747406006
Breast Visium CID44971,liger,ttc38,0.0311432759652295,0.2894950807094574
Breast Visium CID44971,liger,cox4i2,0.0309937270725225,0.058387335389852524
Breast Visium CID44971,liger,ednra,0.0301477301040971,0.10149972885847092
Breast Visium CID44971,liger,rapgef3,0.028970882710342,0.08990786969661713
Breast Visium CID44971,liger,cdc42ep3,0.0289657402589894,0.3109530806541443
Breast Visium CID44971,liger,map3k8,0.0279735512235666,0.3202994167804718
Breast Visium CID44971,liger,tcl1a,0.0267253612019859,0.041030529886484146
Breast Visium CID44971,liger,ighd,0.0264145557493809,0.03607506677508354
Breast Visium CID44971,liger,mir222hg,0.0258889308016056,0.12381009012460709
Breast Visium CID44971,liger,eaf2,0.025037906212973,0.13925068080425262
Breast Visium CID44971,liger,rasl12,0.0246278414481675,0.09824255108833313
Breast Visium CID44971,liger,fancb,0.0245716709462338,0.11959784477949142
Breast Visium CID44971,liger,nt5e,0.0241676121255843,0.08722787350416183
Breast Visium CID44971,liger,nr2f2,0.0235552225387548,0.3139660954475403
Breast Visium CID44971,liger,h2afy,0.0218544436771058,0.6717590093612671
Breast Visium CID44971,liger,rpa3,0.021728390434796,0.45305460691452026
Breast Visium CID44971,liger,spcs3,0.0210111113136128,0.6194333434104919
Breast Visium CID44971,liger,creld2,0.0207709826526507,0.3857372999191284
Breast Visium CID44971,liger,pax5,0.0193939764641404,0.03186846151947975
Breast Visium CID44971,liger,mei1,0.019352872844516,0.09533212333917618
Breast Visium CID44971,liger,dck,0.0192371657104836,0.39164817333221436
Breast Visium CID44971,liger,tbx21,0.014655092065636,0.08251459151506424
Breast Visium CID44971,liger,dusp4,0.011561817927942,0.40610581636428833
Breast Visium CID44971,liger,cyb561a3,0.0105061962038381,0.474656343460083
Breast Visium CID44971,liger,gem,0.0075338207742039,0.235227569937706
Breast Visium CID44971,liger,xcl2,0.0074746408157777,0.07963921874761581
Breast Visium CID44971,liger,cpne5,0.0066489659996851,0.09163595736026764
Breast Visium CID44971,liger,linc01197,0.0048344453335748,0.016460077837109566
Breast Visium CID44971,liger,lyst,0.0047537745531173,0.1903325617313385
Breast Visium CID44971,liger,foxp3,0.004390066556238,0.0775516927242279
Breast Visium CID44971,liger,dnajc1,0.0042783168119553,0.35624781250953674
Breast Visium CID44971,liger,klrf1,0.00222239248341,0.07876170426607132
Breast Visium CID44971,liger,dek,0.001458391579748,0.6664869785308838
Breast Visium CID44971,liger,snx29,0.0013477068038337,0.23305289447307587
Breast Visium CID44971,liger,plekhf1,-0.0002045479609493,0.17385610938072205
Breast Visium CID44971,liger,atp2b1,-0.0013624572083215,0.48028862476348877
Breast Visium CID44971,liger,bach2,-0.0028829189299307,0.15950947999954224
Breast Visium CID44971,liger,ap1s2,-0.0034394345763454,0.33228132128715515
Breast Visium CID44971,liger,eif1,-0.0041317321280079,0.9303876757621765
Breast Visium CID44971,liger,pnoc,-0.0042033737354531,0.012248857878148556
Breast Visium CID44971,liger,taf15,-0.004918752820443,0.5334857106208801
Breast Visium CID44971,liger,hspa1b,-0.0080372672066638,0.48269593715667725
Breast Visium CID44971,liger,or51e1,-0.0086001870737976,0.0
Breast Visium CID44971,liger,cnr2,-0.0101656942363385,0.007620819844305515
Breast Visium CID44971,liger,hrc,-0.0113037481830409,0.0
Breast Visium CID44971,liger,cyr61,-0.0116513522932148,0.5219876766204834
Breast Visium CID44971,liger,klf6,-0.0130915002403252,0.7431197166442871
Breast Visium CID44971,liger,frmd3,-0.0170886809841187,0.05518972873687744
Breast Visium CID44971,liger,map3k7cl,-0.0180966553581037,0.027532590553164482
Breast Visium CID44971,liger,trgc1,-0.0220112749924839,0.0
Breast Visium CID44971,liger,gucy1a2,-0.0228258310411131,0.0
Breast Visium CID44971,liger,ptpn4,-0.02581506528152,0.25776612758636475
Breast Visium CID44971,liger,arc,-0.0278762492997268,0.01818951964378357
Breast Visium CID44971,liger,notch4,-0.0289853236817134,0.13087570667266846
Breast Visium CID44971,liger,sh3pxd2b,-0.0333688851623661,0.22018387913703918
Breast Visium CID44971,liger,ephx1,-0.0393949746389684,0.38783493638038635
Breast Visium CID44971,liger,fxyd6,-0.0442513567849521,0.21304531395435333
Breast Visium CID44971,liger,krt86,-0.0468295265714793,0.05310479924082756
Breast Visium CID44971,liger,krt81,-0.0679210066008638,0.06316451728343964
Breast Visium CID44971,liger,fbln5,-0.0721554534990441,0.18158942461013794
Breast Visium CID44971,liger,ier2,-0.1419083020122443,0.7064549326896667
Breast Visium CID44971,liger,rps14,0.5461064077000609,0.9843687415122986
Breast Visium CID44971,liger,mgst1,0.5156547291359227,0.860277533531189
Breast Visium CID44971,liger,pfdn2,0.4901860641364064,0.8200368881225586
Breast Visium CID44971,liger,mrpl51,0.4766684975641205,0.8680717349052429
Breast Visium CID44971,liger,rps18,0.4687528363227242,0.9920836091041565
Breast Visium CID44971,liger,fkbp4,0.4656745265688569,0.839030385017395
Breast Visium CID44971,liger,abracl,0.4628731254557768,0.8103792667388916
Breast Visium CID44971,liger,pfn2,0.4625277463597547,0.7646092772483826
Breast Visium CID44971,liger,lsm4,0.4358142000352009,0.8073095083236694
Breast Visium CID44971,liger,rps24,0.4278847976086209,0.9783422946929932
Breast Visium CID44971,liger,txnl1,0.4041442768049291,0.7913116216659546
Breast Visium CID44971,liger,tmsb4x,0.3960738351465828,0.826862096786499
Breast Visium CID44971,liger,mt1x,0.3926238415305803,0.8144921660423279
Breast Visium CID44971,liger,sema3c,0.3899676320358638,0.5609923005104065
Breast Visium CID44971,liger,tpd52l1,0.3888968245653608,0.7858402132987976
Breast Visium CID44971,liger,rpl8,0.3837120427717007,0.9903241395950317
Breast Visium CID44971,liger,fbxo32,0.3685697137940038,0.5688003301620483
Breast Visium CID44971,liger,zg16b,0.360424855250446,0.4501970708370209
Breast Visium CID44971,liger,rpl30,0.3557046228613578,0.9912987947463989
Breast Visium CID44971,liger,phb2,0.3542480711996676,0.8733306527137756
Breast Visium CID44971,liger,ywhae,0.3439028121318639,0.8882825374603271
Breast Visium CID44971,liger,prdx6,0.3428036666841788,0.8517930507659912
Breast Visium CID44971,liger,rbm17,0.3387334298596387,0.7829816341400146
Breast Visium CID44971,liger,rplp0,0.3322181921213364,0.9834628105163574
Breast Visium CID44971,liger,prdx1,0.3291851235546255,0.9262775182723999
Breast Visium CID44971,liger,hla-dpb1,0.3281551569524567,0.6046372056007385
Breast Visium CID44971,liger,wls,0.3262896632703115,0.48481878638267517
Breast Visium CID44971,liger,ca12,0.3223996625361076,0.4042583405971527
Breast Visium CID44971,liger,mpc2,0.3215634516304372,0.7287646532058716
Breast Visium CID44971,liger,snx3,0.3188233046894483,0.8516057729721069
Breast Visium CID44971,liger,dusp1,0.3147998486342017,0.765059232711792
Breast Visium CID44971,liger,ccl5,0.3119604731295072,0.5063596367835999
Breast Visium CID44971,liger,cd53,0.3082798262071961,0.49369722604751587
Breast Visium CID44971,liger,hla-dqa1,0.3056474276904773,0.5160766243934631
Breast Visium CID44971,liger,krt15,0.3043521421177529,0.7477393746376038
Breast Visium CID44971,liger,csrp1,0.3026362746929014,0.7809698581695557
Breast Visium CID44971,liger,vwf,0.3015569069459854,0.3180944621562958
Breast Visium CID44971,liger,cd48,0.2998434197546681,0.45625317096710205
Breast Visium CID44971,liger,trbc1,0.2944079133256457,0.4691407382488251
Breast Visium CID44971,liger,npc2,0.2863598556070097,0.791592001914978
Breast Visium CID44971,liger,tpm2,0.2853390033070237,0.4943549335002899
Breast Visium CID44971,liger,rnase4,0.2829755796657784,0.43121302127838135
Breast Visium CID44971,liger,pdzk1ip1,0.2824556557641156,0.4883141815662384
Breast Visium CID44971,liger,gmfg,0.2792706406911415,0.4579072594642639
Breast Visium CID44971,liger,ran,0.2778756986326229,0.8623372912406921
Breast Visium CID44971,liger,fcer1g,0.2762296095647574,0.371442973613739
Breast Visium CID44971,liger,cd68,0.2739185232077252,0.4060274362564087
Breast Visium CID44971,liger,ppa1,0.2698573012121778,0.8202364444732666
Breast Visium CID44971,liger,cd59,0.2672926589159139,0.8495407104492188
Breast Visium CID44971,liger,slc2a3,0.2662934936879296,0.4023498594760895
Breast Visium CID44971,liger,rac2,0.2611851326305858,0.4627528488636017
Breast Visium CID44971,liger,lyz,0.2607651073050264,0.3708871006965637
Breast Visium CID44971,liger,sparcl1,0.2588030488505022,0.5162609815597534
Breast Visium CID44971,liger,uba52,0.2584436543204534,0.9819387197494507
Breast Visium CID44971,liger,cd6,0.2560194920754353,0.40729737281799316
Breast Visium CID44971,liger,mt-atp8,0.2523740009645742,0.6935598850250244
Breast Visium CID44971,liger,aqp1,0.2513268391011154,0.3688095211982727
Breast Visium CID44971,liger,krt5,0.2510828888069434,0.7087437510490417
Breast Visium CID44971,liger,igfbp4,0.2496435325282239,0.6035451292991638
Breast Visium CID44971,liger,rpl22,0.2488698669352056,0.9735901355743408
Breast Visium CID44971,liger,shroom3,0.2474379008464605,0.43503034114837646
Breast Visium CID44971,liger,dmkn,0.2461067245902855,0.49611198902130127
Breast Visium CID44971,liger,fcgr3a,0.2452039339422524,0.3228848874568939
Breast Visium CID44971,liger,rpl36a,0.2367776421021284,0.9459462761878967
Breast Visium CID44971,liger,dkk3,0.2365695591989203,0.4080301821231842
Breast Visium CID44971,liger,eif3l,0.2361395496154367,0.8374921679496765
Breast Visium CID44971,liger,cpvl,0.2357146716955729,0.31770986318588257
Breast Visium CID44971,liger,fgl2,0.2340547816588559,0.3446452021598816
Breast Visium CID44971,liger,cd3d,0.2285455220276151,0.3888270854949951
Breast Visium CID44971,liger,cd3e,0.2281534641270531,0.40501096844673157
Breast Visium CID44971,liger,gzma,0.2250615574857419,0.3404415547847748
Breast Visium CID44971,liger,ctsf,0.2249302026403873,0.5142485499382019
Breast Visium CID44971,liger,lum,0.2243090742152221,0.32113316655158997
Breast Visium CID44971,liger,npm1,0.2215674997495439,0.8762083053588867
Breast Visium CID44971,liger,ms4a6a,0.2211098859473821,0.3235926628112793
Breast Visium CID44971,liger,tmc4,0.220858449379464,0.4199954569339752
Breast Visium CID44971,liger,ikzf1,0.2200620633375682,0.3692866265773773
Breast Visium CID44971,liger,cdh1,0.2199685317177681,0.6333721876144409
Breast Visium CID44971,liger,mmp2,0.2181395604056753,0.379357248544693
Breast Visium CID44971,liger,dusp2,0.2157623269311332,0.4561161994934082
Breast Visium CID44971,liger,s100a4,0.2156191079838099,0.5307374596595764
Breast Visium CID44971,liger,hla-dma,0.2107216196537205,0.445341020822525
Breast Visium CID44971,liger,cd37,0.2099049644953189,0.4110090434551239
Breast Visium CID44971,liger,glt8d2,0.2085311224882493,0.3208605945110321
Breast Visium CID44971,liger,ccna2,0.2076862998733112,0.3123267889022827
Breast Visium CID44971,liger,msrb3,0.2075162137024156,0.331980437040329
Breast Visium CID44971,liger,jam2,0.2070931482194815,0.2959473133087158
Breast Visium CID44971,liger,sash3,0.2063501722020113,0.3166371285915375
Breast Visium CID44971,liger,itm2b,0.2032887131027692,0.9328116774559021
Breast Visium CID44971,liger,ranbp1,0.2026380122973069,0.6862232089042664
Breast Visium CID44971,liger,cd34,0.2005494850223333,0.2460242211818695
Breast Visium CID44971,liger,id3,0.1995644795073658,0.39877772331237793
Breast Visium CID44971,liger,lyn,0.1972957218348402,0.3318946957588196
Breast Visium CID44971,liger,loxl1,0.1971273877261095,0.2839837074279785
Breast Visium CID44971,liger,pycard,0.1968447394970077,0.6975134015083313
Breast Visium CID44971,liger,slamf7,0.1946784223055287,0.302848756313324
Breast Visium CID44971,liger,tespa1,0.1946040874305228,0.25262102484703064
Breast Visium CID44971,liger,mall,0.1938044628886985,0.2693033516407013
Breast Visium CID44971,liger,ptafr,0.1927103545092462,0.24506932497024536
Breast Visium CID44971,liger,ccl4,0.1924386690853757,0.3555205166339874
Breast Visium CID44971,liger,hla-doa,0.1916536155835228,0.3249846398830414
Breast Visium CID44971,liger,btg2,0.1885397765155113,0.5034011006355286
Breast Visium CID44971,liger,lpp,0.1870282922991323,0.551261305809021
Breast Visium CID44971,liger,cytip,0.1866233105360543,0.35042184591293335
Breast Visium CID44971,liger,mfap2,0.1859769351381535,0.5170042514801025
Breast Visium CID44971,liger,saraf,0.1831558060965309,0.768731415271759
Breast Visium CID44971,liger,hcls1,0.1818308147483229,0.37736061215400696
Breast Visium CID44971,liger,dusp6,0.1815483040858714,0.42882513999938965
Breast Visium CID44971,liger,lgals3bp,0.181464956626993,0.567160964012146
Breast Visium CID44971,liger,krt8,0.1787650876337211,0.7886077761650085
Breast Visium CID44971,liger,lgals9,0.1775640235080545,0.37758710980415344
Breast Visium CID44971,liger,cdk1,0.1767355543607372,0.3233330249786377
Breast Visium CID44971,liger,slc9a3r1,0.1740686705749835,0.6805699467658997
Breast Visium CID44971,liger,pdgfrb,0.172033764470176,0.2563948631286621
Breast Visium CID44971,liger,adam12,0.1696874580872418,0.2711685001850128
Breast Visium CID44971,liger,stard10,0.1682228590580526,0.5570976138114929
Breast Visium CID44971,liger,cd7,0.1681563121489294,0.3216090202331543
Breast Visium CID44971,liger,trem2,0.1679404040650978,0.32154303789138794
Breast Visium CID44971,liger,pstpip1,0.1668699185920679,0.29640400409698486
Breast Visium CID44971,liger,ctsh,0.1636176834135977,0.5434176325798035
Breast Visium CID44971,liger,atp1b1,0.1621725850354461,0.6293606162071228
Breast Visium CID44971,liger,lat2,0.1621266569557246,0.2477111667394638
Breast Visium CID44971,liger,impdh2,0.1618874908024122,0.7433574795722961
Breast Visium CID44971,liger,ebf1,0.1587357041892519,0.21429115533828735
Breast Visium CID44971,liger,uba2,0.1586494831294299,0.6443887948989868
Breast Visium CID44971,liger,spi1,0.1576485521992679,0.26584649085998535
Breast Visium CID44971,liger,olfm1,0.1570674157536903,0.23851239681243896
Breast Visium CID44971,liger,plvap,0.1547335792497679,0.20429874956607819
Breast Visium CID44971,liger,fgd2,0.1533111916015881,0.230596125125885
Breast Visium CID44971,liger,h3f3b,0.1507065587240194,0.9402806162834167
Breast Visium CID44971,liger,sh3yl1,0.1506028990260738,0.6154319643974304
Breast Visium CID44971,liger,ggt5,0.1501777324772495,0.3478544056415558
Breast Visium CID44971,liger,itgb7,0.1445865170497287,0.271434485912323
Breast Visium CID44971,liger,spry1,0.1437475471256615,0.2978762984275818
Breast Visium CID44971,liger,st6galnac3,0.143576824510569,0.17136768996715546
Breast Visium CID44971,liger,arrb2,0.1431935056880852,0.4215655028820038
Breast Visium CID44971,liger,zwint,0.1419508307035906,0.29585835337638855
Breast Visium CID44971,liger,ddx39a,0.1417165033540129,0.5966392159461975
Breast Visium CID44971,liger,tmem160,0.1417002464485537,0.7089303731918335
Breast Visium CID44971,liger,eid1,0.1406725194580635,0.6578640937805176
Breast Visium CID44971,liger,samd3,0.1404147503612179,0.2085822969675064
Breast Visium CID44971,liger,pilra,0.1383102476596093,0.20087341964244843
Breast Visium CID44971,liger,kcnj8,0.1365243209602057,0.22054830193519592
Breast Visium CID44971,liger,ucp2,0.1358651135225159,0.3852634131908417
Breast Visium CID44971,liger,batf,0.1349915320448972,0.30340608954429626
Breast Visium CID44971,liger,actn4,0.1331991418303436,0.7838931679725647
Breast Visium CID44971,liger,mtus1,0.1327865547703945,0.35770633816719055
Breast Visium CID44971,liger,tmem106c,0.1321381126458216,0.5866542458534241
Breast Visium CID44971,liger,laptm4a,0.1311455357688102,0.8452275395393372
Breast Visium CID44971,liger,s100a16,0.131117047233465,0.5795019865036011
Breast Visium CID44971,liger,eif3h,0.1304646998141274,0.8020056486129761
Breast Visium CID44971,liger,sla,0.1300271805172843,0.304789274930954
Breast Visium CID44971,liger,comt,0.129877302908585,0.6785842776298523
Breast Visium CID44971,liger,crispld2,0.1297525992844101,0.29440152645111084
Breast Visium CID44971,liger,olfml3,0.1295983847924273,0.2587459981441498
Breast Visium CID44971,liger,atg3,0.125911543672361,0.5850743651390076
Breast Visium CID44971,liger,hprt1,0.1236927423031268,0.4886545240879059
Breast Visium CID44971,liger,palmd,0.1230421744548797,0.32283681631088257
Breast Visium CID44971,liger,sec11c,0.1221648282306123,0.6601313948631287
Breast Visium CID44971,liger,trat1,0.1215306354451069,0.1805473268032074
Breast Visium CID44971,liger,cd27,0.1213339578328534,0.25729209184646606
Breast Visium CID44971,liger,lyl1,0.1212392131068476,0.18941302597522736
Breast Visium CID44971,liger,sae1,0.1210829819162219,0.5039589405059814
Breast Visium CID44971,liger,oaz1,0.1203333619425651,0.9093748927116394
Breast Visium CID44971,liger,pced1b,0.1194874274988462,0.24870796501636505
Breast Visium CID44971,liger,edn1,0.1189317172264958,0.2507324516773224
Breast Visium CID44971,liger,atp6v0e1,0.1184560196397745,0.7854439616203308
Breast Visium CID44971,liger,lag3,0.1183553799773932,0.247590109705925
Breast Visium CID44971,liger,col4a2,0.1171048455045338,0.6159442067146301
Breast Visium CID44971,liger,tnfaip3,0.1170811469590612,0.4524168074131012
Breast Visium CID44971,liger,mkl2,0.1167960051527945,0.4300912618637085
Breast Visium CID44971,liger,hspa5,0.1139915396391222,0.730466902256012
Breast Visium CID44971,liger,lman2,0.1120133901101148,0.67976313829422
Breast Visium CID44971,liger,cobl,0.1116790697418474,0.2777029871940613
Breast Visium CID44971,liger,epb41l4a,0.1101105115576961,0.1805008351802826
Breast Visium CID44971,liger,pttg1,0.1091180687688811,0.3905830979347229
Breast Visium CID44971,liger,dad1,0.1086018508678123,0.6939128041267395
Breast Visium CID44971,liger,h2afj,0.1082024004318163,0.6619014739990234
Breast Visium CID44971,liger,myct1,0.1081214440787622,0.12306414544582367
Breast Visium CID44971,liger,cd28,0.1074808270438414,0.1697191447019577
Breast Visium CID44971,liger,ptk2,0.1069495435577798,0.555753767490387
Breast Visium CID44971,liger,ldlrad4,0.1044015549548282,0.37428560853004456
Breast Visium CID44971,liger,junb,0.1040880067950472,0.6754673719406128
Breast Visium CID44971,liger,apobec3g,0.1027460196633105,0.2833116054534912
Breast Visium CID44971,liger,arhgdia,0.0985327615682427,0.8114909529685974
Breast Visium CID44971,liger,slfn12l,0.0984593409491531,0.13441060483455658
Breast Visium CID44971,liger,rftn1,0.0982894994397153,0.27466776967048645
Breast Visium CID44971,liger,socs1,0.0979496824939293,0.3980971574783325
Breast Visium CID44971,liger,mt-co3,0.0954363095117382,0.9664150476455688
Breast Visium CID44971,liger,aldh2,0.0952684796007342,0.24145105481147766
Breast Visium CID44971,liger,hck,0.0951112034532279,0.16890588402748108
Breast Visium CID44971,liger,ankrd29,0.0945153223023263,0.1960616558790207
Breast Visium CID44971,liger,rgs19,0.0931040091196642,0.4044342637062073
Breast Visium CID44971,liger,vmp1,0.0908217499281602,0.7053714394569397
Breast Visium CID44971,liger,nostrin,0.0906286237633457,0.18071243166923523
Breast Visium CID44971,liger,tmem208,0.0878939873878093,0.5688314437866211
Breast Visium CID44971,liger,hnrnpa0,0.0869634750644422,0.7517555952072144
Breast Visium CID44971,liger,pak1,0.0852180327252381,0.4634862542152405
Breast Visium CID44971,liger,krtcap2,0.0843104628122517,0.7418089509010315
Breast Visium CID44971,liger,cap1,0.0835057558388063,0.754371702671051
Breast Visium CID44971,liger,ldlrap1,0.0822061278694271,0.33241838216781616
Breast Visium CID44971,liger,ncaph,0.0797038799055761,0.17225369811058044
Breast Visium CID44971,liger,tpst1,0.0779534879647159,0.22018669545650482
Breast Visium CID44971,liger,egflam,0.0778659629675554,0.18357157707214355
Breast Visium CID44971,liger,mnda,0.0767463434228431,0.14370305836200714
Breast Visium CID44971,liger,hsd17b8,0.0765100624693765,0.24483786523342133
Breast Visium CID44971,liger,plpp3,0.0752209778182092,0.4772321879863739
Breast Visium CID44971,liger,ssr4,0.0731857250471993,0.9146173596382141
Breast Visium CID44971,liger,prc1,0.0704639939934268,0.2491786777973175
Breast Visium CID44971,liger,ehd4,0.0704431364429537,0.4311073422431946
Breast Visium CID44971,liger,derl1,0.0683966810826961,0.5850405097007751
Breast Visium CID44971,liger,gpx3,0.0655178376416456,0.22274015843868256
Breast Visium CID44971,liger,ehf,0.0631545067126391,0.20427531003952026
Breast Visium CID44971,liger,zbp1,0.0625824430070428,0.12738655507564545
Breast Visium CID44971,liger,clec11a,0.0621779116404404,0.3471158444881439
Breast Visium CID44971,liger,adgrf5,0.0604192013504465,0.09612082690000534
Breast Visium CID44971,liger,yeats4,0.0592446856775561,0.3599666655063629
Breast Visium CID44971,liger,sgce,0.0591775952570566,0.2507036626338959
Breast Visium CID44971,liger,rasl11a,0.0588764698301398,0.09112261235713959
Breast Visium CID44971,liger,pgf,0.0579530768800994,0.19863000512123108
Breast Visium CID44971,liger,tnfsf14,0.0575468950567752,0.10997368395328522
Breast Visium CID44971,liger,stard3nl,0.0570089712264919,0.3649405837059021
Breast Visium CID44971,liger,sarm1,0.0567863068915659,0.20694659650325775
Breast Visium CID44971,liger,sorbs3,0.0552510197924992,0.5135904550552368
Breast Visium CID44971,liger,ubc,0.0544120461930147,0.9357951879501343
Breast Visium CID44971,liger,cflar,0.0543213525044176,0.6317946910858154
Breast Visium CID44971,liger,icos,0.0519433460277667,0.13807477056980133
Breast Visium CID44971,liger,prdx4,0.0508057865775874,0.6034793853759766
Breast Visium CID44971,liger,clec4a,0.0498218906118759,0.10069359093904495
Breast Visium CID44971,liger,ldb2,0.0460880238238066,0.10185234993696213
Breast Visium CID44971,liger,moxd1,0.0459347313564891,0.15838545560836792
Breast Visium CID44971,liger,filip1l,0.0456738168501183,0.18051698803901672
Breast Visium CID44971,liger,igfbp2,0.0450806174130432,0.2987441122531891
Breast Visium CID44971,liger,atf3,0.0439379791605818,0.4543274939060211
Breast Visium CID44971,liger,arhgap18,0.0435673642756933,0.35714423656463623
Breast Visium CID44971,liger,rfc3,0.0422440414878851,0.22755268216133118
Breast Visium CID44971,liger,fam96a,0.040663626267941,0.4908292591571808
Breast Visium CID44971,liger,slit3,0.0406068764236629,0.12897184491157532
Breast Visium CID44971,liger,ube2j1,0.0395127414110112,0.5042468309402466
Breast Visium CID44971,liger,erp29,0.0393030443095042,0.7439008355140686
Breast Visium CID44971,liger,blnk,0.035130310782731,0.23672699928283691
Breast Visium CID44971,liger,cd36,0.0330807457945305,0.09640491008758545
Breast Visium CID44971,liger,cd244,0.0324240518711063,0.07217877358198166
Breast Visium CID44971,liger,lmnb1,0.0308871375900893,0.19659005105495453
Breast Visium CID44971,liger,cenpk,0.0293673557097791,0.13621021807193756
Breast Visium CID44971,liger,cdc37,0.0278450623714244,0.7341369986534119
Breast Visium CID44971,liger,cep112,0.0256967333959742,0.10479076206684113
Breast Visium CID44971,liger,pbx4,0.0243865593279878,0.12609471380710602
Breast Visium CID44971,liger,txndc11,0.0235273921527142,0.3902621269226074
Breast Visium CID44971,liger,dut,0.0225062290068184,0.6436734199523926
Breast Visium CID44971,liger,crip2,0.0213069279000033,0.5306846499443054
Breast Visium CID44971,liger,lilra4,0.020003974824149,0.05043032020330429
Breast Visium CID44971,liger,manf,0.019976883230824,0.5767101049423218
Breast Visium CID44971,liger,gzmh,0.019448214128827,0.0878881886601448
Breast Visium CID44971,liger,hpgd,0.0193651388372829,0.14786425232887268
Breast Visium CID44971,liger,ptpn22,0.0191139509424536,0.1327110230922699
Breast Visium CID44971,liger,apold1,0.0175530008511205,0.1773594617843628
Breast Visium CID44971,liger,arhgap31,0.0175178922222979,0.1999235302209854
Breast Visium CID44971,liger,fabp4,0.016205370994815,0.10262901335954666
Breast Visium CID44971,liger,chst12,0.0151802853414913,0.2424563616514206
Breast Visium CID44971,liger,gja4,0.0134731270234282,0.0361967571079731
Breast Visium CID44971,liger,pbxip1,0.0123482925325196,0.5431832671165466
Breast Visium CID44971,liger,nrp1,0.0112812387133296,0.22119779884815216
Breast Visium CID44971,liger,thbd,0.0085641627891409,0.09093362838029861
Breast Visium CID44971,liger,arl15,0.0079935818183233,0.1692473292350769
Breast Visium CID44971,liger,tnfrsf9,0.0078566117993653,0.0612151101231575
Breast Visium CID44971,liger,tmem204,0.0071574257203392,0.15222716331481934
Breast Visium CID44971,liger,cav2,0.0051933539768393,0.45889973640441895
Breast Visium CID44971,liger,mcm3,0.0023036543552853,0.4103476405143738
Breast Visium CID44971,liger,fam20a,0.0013178842517586,0.12963679432868958
Breast Visium CID44971,liger,sh2d2a,0.001146089629802,0.1583353877067566
Breast Visium CID44971,liger,p2ry6,-0.0021247631752821,0.05165502801537514
Breast Visium CID44971,liger,cd22,-0.0024071632862649,0.022536907345056534
Breast Visium CID44971,liger,tnfsf8,-0.0025650671113147,0.03503452613949776
Breast Visium CID44971,liger,tmem154,-0.0051712944762016,0.10740360617637634
Breast Visium CID44971,liger,clspn,-0.0055678615876986,0.0377451553940773
Breast Visium CID44971,liger,cd160,-0.0061754307786932,0.014533104375004768
Breast Visium CID44971,liger,stag3,-0.0083752566746226,0.10365232080221176
Breast Visium CID44971,liger,sox17,-0.0111915189545699,0.006498499773442745
Breast Visium CID44971,liger,rps27,-0.011786230705068,0.9871335625648499
Breast Visium CID44971,liger,pdgfrl,-0.0125348508431184,0.09269841015338898
Breast Visium CID44971,liger,btnl9,-0.0149549833458119,0.009105043485760689
Breast Visium CID44971,liger,mmp25-as1,-0.0150180527683339,0.2369062602519989
Breast Visium CID44971,liger,fam167b,-0.0166446006112757,0.03670574352145195
Breast Visium CID44971,liger,ncr3,-0.0172184746378881,0.00948930624872446
Breast Visium CID44971,liger,wfdc1,-0.0184504296745185,0.0
Breast Visium CID44971,liger,b3gnt7,-0.0185622194884823,0.06725487858057022
Breast Visium CID44971,liger,ttll10,-0.0230743122106876,0.013295489363372326
Breast Visium CID44971,liger,trdc,-0.0240496078850133,0.021840553730726242
Breast Visium CID44971,liger,ccr6,-0.0270941403682077,0.046808913350105286
Breast Visium CID44971,liger,sytl3,-0.0274292698895766,0.12448268383741379
Breast Visium CID44971,liger,gjc1,-0.0275300446229548,0.006521663162857294
Breast Visium CID44971,liger,ankrd28,-0.032471808809366,0.260495662689209
Breast Visium CID44971,liger,ppp1r15a,-0.0421663240303563,0.3727456033229828
Breast Visium CID44971,liger,hspa1a,-0.1524242848677267,0.6060880422592163
Breast Visium CID44971,liger,stmn1,0.6111730330552235,0.8800359964370728
Breast Visium CID44971,liger,strap,0.5755034291490211,0.8737548589706421
Breast Visium CID44971,liger,agr3,0.5384003525509434,0.5994413495063782
Breast Visium CID44971,liger,dcdc2,0.5211562063960067,0.5677497982978821
Breast Visium CID44971,liger,tuba1b,0.4983305371466719,0.9376298785209656
Breast Visium CID44971,liger,mlf2,0.4735606403181611,0.8662263751029968
Breast Visium CID44971,liger,tbx3,0.4671249138426222,0.5499218106269836
Breast Visium CID44971,liger,h3f3a,0.4622417652258297,0.9696410298347473
Breast Visium CID44971,liger,areg,0.4508642339253431,0.5681042075157166
Breast Visium CID44971,liger,tyrobp,0.4404368042740268,0.5489493012428284
Breast Visium CID44971,liger,rheb,0.4358453797233808,0.8415356874465942
Breast Visium CID44971,liger,maged2,0.4181386515002929,0.773572564125061
Breast Visium CID44971,liger,rpl13,0.4114775288584423,0.992570698261261
Breast Visium CID44971,liger,hla-drb1,0.4073073611593166,0.6737526655197144
Breast Visium CID44971,liger,rps21,0.4055062120654421,0.9852846264839172
Breast Visium CID44971,liger,itgb2,0.3828325611337966,0.6217608451843262
Breast Visium CID44971,liger,pebp1,0.3723644101764434,0.8901345133781433
Breast Visium CID44971,liger,ndufs5,0.3622741926928519,0.9049327373504639
Breast Visium CID44971,liger,malat1,0.3617855014896455,0.934500515460968
Breast Visium CID44971,liger,tbc1d9,0.3495577946315254,0.4928741455078125
Breast Visium CID44971,liger,arpc1a,0.3480850834428689,0.7827722430229187
Breast Visium CID44971,liger,cst3,0.3456376347684195,0.6689426302909851
Breast Visium CID44971,liger,cmas,0.3445738181064957,0.6740866303443909
Breast Visium CID44971,liger,meox2,0.3297743991112101,0.35085123777389526
Breast Visium CID44971,liger,ncf1,0.3279225532625323,0.500469982624054
Breast Visium CID44971,liger,rpl6,0.3225603648398683,0.965338408946991
Breast Visium CID44971,liger,jtb,0.3222145360579324,0.8754833340644836
Breast Visium CID44971,liger,lilrb4,0.3205649544027943,0.39812204241752625
Breast Visium CID44971,liger,rpl36,0.3198862331970158,0.9892345666885376
Breast Visium CID44971,liger,snrpc,0.3191725407158106,0.7778751850128174
Breast Visium CID44971,liger,laptm5,0.3182074636489774,0.6121870875358582
Breast Visium CID44971,liger,neat1,0.3132643323752193,0.7409662008285522
Breast Visium CID44971,liger,rps8,0.3100062894255654,0.9870084524154663
Breast Visium CID44971,liger,spdef,0.3095830566562175,0.5117433667182922
Breast Visium CID44971,liger,csf1r,0.3062699925866819,0.4189789593219757
Breast Visium CID44971,liger,hla-c,0.3040073645749531,0.8818528056144714
Breast Visium CID44971,liger,pcna,0.2997322211050359,0.7032960057258606
Breast Visium CID44971,liger,rpsa,0.2982343969265333,0.9750115275382996
Breast Visium CID44971,liger,mpeg1,0.2969542950275772,0.4111609160900116
Breast Visium CID44971,liger,mrps21,0.2943195345083084,0.8415348529815674
Breast Visium CID44971,liger,rpl10a,0.286221503556714,0.9608680605888367
Breast Visium CID44971,liger,sh3bgrl3,0.2815614153718878,0.8879671096801758
Breast Visium CID44971,liger,lsp1,0.2793672858113607,0.5530822277069092
Breast Visium CID44971,liger,sumo1,0.2790106140804763,0.7447935938835144
Breast Visium CID44971,liger,emcn,0.2788359992094703,0.3001602292060852
Breast Visium CID44971,liger,cd83,0.2788073403973582,0.4195306599140167
Breast Visium CID44971,liger,ndufb4,0.2782004175302275,0.8495928645133972
Breast Visium CID44971,liger,ssu72,0.2710574243670571,0.816650390625
Breast Visium CID44971,liger,nhp2,0.2666130442498477,0.7888274788856506
Breast Visium CID44971,liger,pcbp2,0.2660007048017582,0.9336854219436646
Breast Visium CID44971,liger,cd4,0.2627779202215247,0.4382130801677704
Breast Visium CID44971,liger,camta1,0.261582160538479,0.7524318099021912
Breast Visium CID44971,liger,rps2,0.2613448484877826,0.9866929054260254
Breast Visium CID44971,liger,eif3d,0.259972777100474,0.6840808987617493
Breast Visium CID44971,liger,nkg7,0.2595191583433684,0.391762375831604
Breast Visium CID44971,liger,hebp1,0.2534828480956003,0.6783621311187744
Breast Visium CID44971,liger,rps9,0.2507017384442668,0.9770715832710266
Breast Visium CID44971,liger,cd52,0.2464032936839641,0.5048435926437378
Breast Visium CID44971,liger,sept11,0.2455539691655241,0.6175928115844727
Breast Visium CID44971,liger,rps19,0.2429562368269116,0.9915137887001038
Breast Visium CID44971,liger,rps11,0.242851824450139,0.9808245301246643
Breast Visium CID44971,liger,dynlrb1,0.2423590515363641,0.8158408999443054
Breast Visium CID44971,liger,lgals3,0.2402080067921336,0.6390625834465027
Breast Visium CID44971,liger,errfi1,0.2372230133590264,0.5396985411643982
Breast Visium CID44971,liger,ly86,0.2325846415176651,0.313274621963501
Breast Visium CID44971,liger,a2m,0.2282498561595305,0.49684128165245056
Breast Visium CID44971,liger,dnajc9,0.2229112168995729,0.5403615832328796
Breast Visium CID44971,liger,arpc3,0.2182169855052133,0.8550049066543579
Breast Visium CID44971,liger,fpr1,0.2150004191002497,0.27096307277679443
Breast Visium CID44971,liger,actn1,0.2149921677205419,0.7011454701423645
Breast Visium CID44971,liger,rps6ka4,0.2143982038374479,0.43930888175964355
Breast Visium CID44971,liger,mad2l1,0.2128245036242202,0.41560277342796326
Breast Visium CID44971,liger,tm4sf18,0.2126336471206348,0.4220166504383087
Breast Visium CID44971,liger,sec61b,0.2116318295022389,0.8521205186843872
Breast Visium CID44971,liger,c3ar1,0.2087999665994762,0.3050331771373749
Breast Visium CID44971,liger,tnfsf11,0.2087325804132247,0.2725289762020111
Breast Visium CID44971,liger,psmb9,0.2071033142972736,0.5717966556549072
Breast Visium CID44971,liger,myh11,0.2066020094942533,0.27830249071121216
Breast Visium CID44971,liger,tcea1,0.2065215319630287,0.6789917349815369
Breast Visium CID44971,liger,perp,0.2044538937940951,0.7913311719894409
Breast Visium CID44971,liger,scpep1,0.2040486216077411,0.6085403561592102
Breast Visium CID44971,liger,cyyr1,0.2030034070321837,0.40261155366897583
Breast Visium CID44971,liger,raly,0.2020265307188924,0.7673408389091492
Breast Visium CID44971,liger,eng,0.2016720604326395,0.4201904833316803
Breast Visium CID44971,liger,tmem176b,0.2000179077487152,0.4003228545188904
Breast Visium CID44971,liger,cd86,0.1983441980320567,0.27515438199043274
Breast Visium CID44971,liger,calm3,0.1964042789830057,0.781525194644928
Breast Visium CID44971,liger,adamts1,0.1954653331418328,0.31911829113960266
Breast Visium CID44971,liger,polr2i,0.1950537402757748,0.7457066178321838
Breast Visium CID44971,liger,sec61g,0.19323574642018,0.8096587657928467
Breast Visium CID44971,liger,csnk1a1,0.1927215128189348,0.72491455078125
Breast Visium CID44971,liger,snx2,0.192670936289018,0.40871429443359375
Breast Visium CID44971,liger,cd38,0.1910570555856084,0.2759911119937897
Breast Visium CID44971,liger,dsp,0.190986420531356,0.7277081608772278
Breast Visium CID44971,liger,mki67,0.1885635043205792,0.3078019320964813
Breast Visium CID44971,liger,dcn,0.1881575283681359,0.3416297435760498
Breast Visium CID44971,liger,lifr,0.18721784167842,0.29784488677978516
Breast Visium CID44971,liger,adam15,0.1867293471205704,0.6805597543716431
Breast Visium CID44971,liger,emp2,0.1841512833472541,0.5007302761077881
Breast Visium CID44971,liger,cd8b,0.1822550991475623,0.2900349795818329
Breast Visium CID44971,liger,kifc1,0.1786185631367932,0.2809300720691681
Breast Visium CID44971,liger,s100a1,0.1768625283721527,0.2516551613807678
Breast Visium CID44971,liger,gng11,0.1761624290883444,0.2418038547039032
Breast Visium CID44971,liger,snx10,0.1746757940686595,0.31510037183761597
Breast Visium CID44971,liger,nexn,0.1739369936417737,0.25527024269104004
Breast Visium CID44971,liger,coa3,0.1709623497227335,0.6541047692298889
Breast Visium CID44971,liger,mafb,0.1698656418162533,0.4793250262737274
Breast Visium CID44971,liger,tfeb,0.1675036906949375,0.2828601896762848
Breast Visium CID44971,liger,ptpre,0.1665361209078,0.33211731910705566
Breast Visium CID44971,liger,cracr2b,0.1655738722739425,0.5963793396949768
Breast Visium CID44971,liger,pmp22,0.1643532256715333,0.4115983843803406
Breast Visium CID44971,liger,fstl1,0.1639020048166539,0.2679198384284973
Breast Visium CID44971,liger,psmb8,0.1630481220869832,0.6268331408500671
Breast Visium CID44971,liger,ptprb,0.1620762740999441,0.1813438981771469
Breast Visium CID44971,liger,msh2,0.1593328497848283,0.4848916828632355
Breast Visium CID44971,liger,itm2c,0.1573639728091929,0.4104263484477997
Breast Visium CID44971,liger,esam,0.157229891816321,0.1940942257642746
Breast Visium CID44971,liger,glipr1,0.1552033674961644,0.41175535321235657
Breast Visium CID44971,liger,was,0.1549467254556853,0.3167703151702881
Breast Visium CID44971,liger,hsh2d,0.1522251407275106,0.25734761357307434
Breast Visium CID44971,liger,bgn,0.1516469711101912,0.27947553992271423
Breast Visium CID44971,liger,cnpy3,0.1512242610798554,0.5718309879302979
Breast Visium CID44971,liger,ncf4,0.1494320415076518,0.2606949210166931
Breast Visium CID44971,liger,pdcd1,0.1494018135040659,0.22723957896232605
Breast Visium CID44971,liger,hspb1,0.1475536247004946,0.775941789150238
Breast Visium CID44971,liger,adgre5,0.1467883988722482,0.37676459550857544
Breast Visium CID44971,liger,fbln2,0.1460415751647034,0.2408527433872223
Breast Visium CID44971,liger,aldh7a1,0.1449531161119999,0.5446320176124573
Breast Visium CID44971,liger,st6gal1,0.1440448919632693,0.3577069938182831
Breast Visium CID44971,liger,pea15,0.1380099189670819,0.6701825261116028
Breast Visium CID44971,liger,cnn3,0.1379842199641751,0.39149099588394165
Breast Visium CID44971,liger,tns1,0.1350015644440706,0.30759814381599426
Breast Visium CID44971,liger,nfic,0.1345441129819954,0.5988768935203552
Breast Visium CID44971,liger,mir99ahg,0.1341693033966937,0.2977712154388428
Breast Visium CID44971,liger,hvcn1,0.1318644446586695,0.2588847279548645
Breast Visium CID44971,liger,podxl,0.1310053888984433,0.5356296300888062
Breast Visium CID44971,liger,kctd12,0.1306667143775542,0.34943464398384094
Breast Visium CID44971,liger,rarres2,0.1286264147409921,0.25933754444122314
Breast Visium CID44971,liger,pkm,0.1282382428075945,0.8179528713226318
Breast Visium CID44971,liger,oxtr,0.1272635112859766,0.18930205702781677
Breast Visium CID44971,liger,znf385a,0.1254861997528198,0.285281240940094
Breast Visium CID44971,liger,mbp,0.1241820367985416,0.3469012379646301
Breast Visium CID44971,liger,pld4,0.1239883783200131,0.2247084677219391
Breast Visium CID44971,liger,fcgrt,0.1235147709867434,0.5083186626434326
Breast Visium CID44971,liger,anxa1,0.1216356036596101,0.5821465253829956
Breast Visium CID44971,liger,sdc1,0.1212974697634894,0.6507890224456787
Breast Visium CID44971,liger,pigr,0.1196006583884938,0.20606207847595215
Breast Visium CID44971,liger,prnp,0.1189966769881525,0.5885251760482788
Breast Visium CID44971,liger,fam210b,0.1188295568285668,0.6562732458114624
Breast Visium CID44971,liger,lpar5,0.1177949515303796,0.19200485944747925
Breast Visium CID44971,liger,il7r,0.1175903959566243,0.3426518440246582
Breast Visium CID44971,liger,pdgfa,0.1170723520395888,0.25748738646507263
Breast Visium CID44971,liger,cxcl12,0.1167260712451379,0.25456440448760986
Breast Visium CID44971,liger,cd79a,0.1166290984747805,0.248297318816185
Breast Visium CID44971,liger,mzb1,0.1145781951109913,0.2971231937408447
Breast Visium CID44971,liger,ehd2,0.1136580639840894,0.28073424100875854
Breast Visium CID44971,liger,spcs1,0.1129661438345931,0.778677761554718
Breast Visium CID44971,liger,elf3,0.1128096203340582,0.6184043288230896
Breast Visium CID44971,liger,rab32,0.1107141462729551,0.3752559423446655
Breast Visium CID44971,liger,ddit4,0.1097599500673646,0.7120344042778015
Breast Visium CID44971,liger,zeb2,0.1083994285376313,0.27715983986854553
Breast Visium CID44971,liger,nudt1,0.1065995563282771,0.4310685098171234
Breast Visium CID44971,liger,adcy4,0.1054374822863341,0.1390988826751709
Breast Visium CID44971,liger,tox,0.1027480641806266,0.19935862720012665
Breast Visium CID44971,liger,znf683,0.1016395380949631,0.1725701540708542
Breast Visium CID44971,liger,jaml,0.1012184033081298,0.26647356152534485
Breast Visium CID44971,liger,ncbp1,0.0964562198143113,0.4570660889148712
Breast Visium CID44971,liger,plagl1,0.0947648530837681,0.2749224603176117
Breast Visium CID44971,liger,ckap2l,0.0939299207152554,0.14266757667064667
Breast Visium CID44971,liger,sp140,0.0937928678376454,0.19005689024925232
Breast Visium CID44971,liger,ltbp4,0.0926187218401103,0.3331458866596222
Breast Visium CID44971,liger,fxyd1,0.0906049632297555,0.14755761623382568
Breast Visium CID44971,liger,psmc3,0.0886489858900636,0.6914243698120117
Breast Visium CID44971,liger,traf3ip3,0.0868590076320398,0.32667076587677
Breast Visium CID44971,liger,il2rb,0.0859149013105677,0.23048926889896393
Breast Visium CID44971,liger,rcn3,0.0857456789990957,0.17196542024612427
Breast Visium CID44971,liger,col6a1,0.0852845918568909,0.2707895338535309
Breast Visium CID44971,liger,cdh11,0.0840832076315066,0.15811778604984283
Breast Visium CID44971,liger,cx3cr1,0.0840642359982427,0.14754988253116608
Breast Visium CID44971,liger,csrnp1,0.0829324992394901,0.35651251673698425
Breast Visium CID44971,liger,adrb2,0.0825775717135088,0.13813148438930511
Breast Visium CID44971,liger,c1s,0.0810534917408932,0.40959471464157104
Breast Visium CID44971,liger,txndc15,0.0808450691106081,0.3888418674468994
Breast Visium CID44971,liger,spcs2,0.0798235059928299,0.700214147567749
Breast Visium CID44971,liger,prf1,0.0782062693906529,0.19858238101005554
Breast Visium CID44971,liger,klf2,0.0778061864863909,0.4244323968887329
Breast Visium CID44971,liger,mxra5,0.0776039837930877,0.17784932255744934
Breast Visium CID44971,liger,flnb,0.0767679183498248,0.5540966987609863
Breast Visium CID44971,liger,ndrg1,0.0763560934050732,0.5254193544387817
Breast Visium CID44971,liger,apmap,0.0756206895084023,0.6435707211494446
Breast Visium CID44971,liger,scimp,0.0754103818641369,0.12842100858688354
Breast Visium CID44971,liger,krt14,0.0749983696392301,0.3244290053844452
Breast Visium CID44971,liger,ddx5,0.0745162920847674,0.8791623115539551
Breast Visium CID44971,liger,slamf1,0.0738485263006989,0.1648741513490677
Breast Visium CID44971,liger,bank1,0.0736656519435837,0.10750745236873627
Breast Visium CID44971,liger,gzmb,0.0718766372384947,0.17989817261695862
Breast Visium CID44971,liger,isg20,0.0695624611966536,0.45901331305503845
Breast Visium CID44971,liger,mcm5,0.0688449207920948,0.3930515944957733
Breast Visium CID44971,liger,jak1,0.0661954040377644,0.6492717266082764
Breast Visium CID44971,liger,csta,0.0636214434875073,0.4661918580532074
Breast Visium CID44971,liger,spock2,0.0614377930521823,0.3377508521080017
Breast Visium CID44971,liger,acta2,0.0607443521901436,0.6182743906974792
Breast Visium CID44971,liger,tmem255b,0.0599245229131888,0.1239670068025589
Breast Visium CID44971,liger,aim2,0.056201250908016,0.10887095332145691
Breast Visium CID44971,liger,srprb,0.0543054498465799,0.513404130935669
Breast Visium CID44971,liger,prrx1,0.053924038778427,0.17097719013690948
Breast Visium CID44971,liger,dnajc3,0.0538935373266451,0.44964101910591125
Breast Visium CID44971,liger,kir2dl4,0.0537973417354518,0.06420893222093582
Breast Visium CID44971,liger,snhg18,0.0533929194584497,0.11934135854244232
Breast Visium CID44971,liger,znf608,0.050176156137715,0.18023744225502014
Breast Visium CID44971,liger,ugcg,0.0500121797916533,0.5098230242729187
Breast Visium CID44971,liger,lef1,0.0494016895621445,0.17611576616764069
Breast Visium CID44971,liger,srpx,0.049401445695538,0.1184675544500351
Breast Visium CID44971,liger,tspan3,0.0485552877842339,0.5885080695152283
Breast Visium CID44971,liger,mthfd2,0.0470332060575699,0.49609771370887756
Breast Visium CID44971,liger,adam28,0.0469066145400387,0.14987607300281525
Breast Visium CID44971,liger,sertad1,0.0451495136342715,0.31537190079689026
Breast Visium CID44971,liger,mob1a,0.0449761370262685,0.6680747866630554
Breast Visium CID44971,liger,cxcl13,0.0430533302264053,0.18336012959480286
Breast Visium CID44971,liger,tnfaip8,0.0424303063392759,0.2602948248386383
Breast Visium CID44971,liger,podn,0.042289423616993,0.10147753357887268
Breast Visium CID44971,liger,mef2a,0.0421754890564171,0.3367406725883484
Breast Visium CID44971,liger,sdc4,0.0404228220905313,0.5052740573883057
Breast Visium CID44971,liger,tfpi,0.0402868507070547,0.32273977994918823
Breast Visium CID44971,liger,itga6,0.040051052076773,0.42033329606056213
Breast Visium CID44971,liger,sla2,0.0390859346475964,0.12365628778934479
Breast Visium CID44971,liger,maff,0.0376300008924205,0.22225114703178406
Breast Visium CID44971,liger,ccr7,0.0370506389394323,0.1911904662847519
Breast Visium CID44971,liger,fchsd2,0.0340209054578937,0.32765647768974304
Breast Visium CID44971,liger,carhsp1,0.0331518047660857,0.5353134870529175
Breast Visium CID44971,liger,cramp1,0.0318404208119167,0.3015550971031189
Breast Visium CID44971,liger,lgi4,0.0305042468053725,0.04671277478337288
Breast Visium CID44971,liger,tnfrsf10d,0.0300122438442691,0.08956728130578995
Breast Visium CID44971,liger,tbx2,0.0262904400682478,0.061985380947589874
Breast Visium CID44971,liger,pcolce,0.0262393785679049,0.17877250909805298
Breast Visium CID44971,liger,ltb,0.0258575169810342,0.2637692987918854
Breast Visium CID44971,liger,fcrl6,0.0243527825167933,0.05822096765041351
Breast Visium CID44971,liger,sp2,0.0228590845277928,0.282613605260849
Breast Visium CID44971,liger,klrb1,0.0204879318144928,0.15584011375904083
Breast Visium CID44971,liger,h2afv,0.020283554623229,0.658139705657959
Breast Visium CID44971,liger,blk,0.0187608664731451,0.058161661028862
Breast Visium CID44971,liger,phf19,0.0183963022237891,0.22637967765331268
Breast Visium CID44971,liger,mt1e,0.018382866709922,0.7314783334732056
Breast Visium CID44971,liger,btla,0.0164514589710719,0.06818575412034988
Breast Visium CID44971,liger,hey1,0.0140764840475175,0.22741883993148804
Breast Visium CID44971,liger,atp1b2,0.0098235954131613,0.041281867772340775
Breast Visium CID44971,liger,plxdc1,0.0095554946105407,0.1396455466747284
Breast Visium CID44971,liger,gsn,0.0090939973141869,0.730804443359375
Breast Visium CID44971,liger,tnfrsf18,0.0089579355119623,0.11363983899354935
Breast Visium CID44971,liger,brd2,0.0082371749895933,0.6145671606063843
Breast Visium CID44971,liger,tnip3,0.0080636253925816,0.043730299919843674
Breast Visium CID44971,liger,sept4,0.0076768885676132,0.28453323245048523
Breast Visium CID44971,liger,abcc9,0.0059024825350801,0.01675073429942131
Breast Visium CID44971,liger,cldn4,0.0027938699854967,0.6685661673545837
Breast Visium CID44971,liger,tnfrsf13b,0.0027316624022148,0.02185366116464138
Breast Visium CID44971,liger,psmb10,0.0022847173481154,0.3266858160495758
Breast Visium CID44971,liger,pde3b,0.0017424024225144,0.10484709590673447
Breast Visium CID44971,liger,cald1,0.001067532724687,0.621585488319397
Breast Visium CID44971,liger,tnfrsf12a,0.0009190437660506,0.42178454995155334
Breast Visium CID44971,liger,cd248,0.0003894832768834,0.09652356058359146
Breast Visium CID44971,liger,sspn,-2.3638012994673828e-05,0.2970695495605469
Breast Visium CID44971,liger,klrc1,-5.3394107029787096e-05,0.03655401989817619
Breast Visium CID44971,liger,fxyd7,-0.0025493206061272,0.03421269357204437
Breast Visium CID44971,liger,gldn,-0.0026144279073489,0.033061739057302475
Breast Visium CID44971,liger,p4hb,-0.0037963848915742,0.8460361361503601
Breast Visium CID44971,liger,fam162b,-0.0067243819205346,0.0
Breast Visium CID44971,liger,bcas4,-0.0068719071169127,0.1994357854127884
Breast Visium CID44971,liger,dnase1l3,-0.0084204321198423,0.02535667084157467
Breast Visium CID44971,liger,kir3dl2,-0.0084574678622419,0.0
Breast Visium CID44971,liger,icam1,-0.0091437409026509,0.2993136942386627
Breast Visium CID44971,liger,mt1m,-0.0108986629121216,0.10302376002073288
Breast Visium CID44971,liger,hnrnpa1l2,-0.0111403189433836,0.17765019834041595
Breast Visium CID44971,liger,higd1b,-0.0111833472867635,0.0
Breast Visium CID44971,liger,napsa,-0.0113449428246983,0.023800451308488846
Breast Visium CID44971,liger,itgae,-0.0128727956520518,0.3943435251712799
Breast Visium CID44971,liger,zc3h12a,-0.0140006130968467,0.16876588761806488
Breast Visium CID44971,liger,tnmd,-0.018528352287146,0.025019770488142967
Breast Visium CID44971,liger,fam129c,-0.0195280440897376,0.010014726780354977
Breast Visium CID44971,liger,picalm,-0.0207573185147643,0.45932745933532715
Breast Visium CID44971,liger,s1pr5,-0.0230041012984202,0.0
Breast Visium CID44971,liger,fcrl5,-0.0231420242078869,0.005891530308872461
Breast Visium CID44971,liger,clic3,-0.0231554200735818,0.2250937521457672
Breast Visium CID44971,liger,pou2af1,-0.0235111397418859,0.1697036176919937
Breast Visium CID44971,liger,cd300lg,-0.0275420609454448,0.022395780310034752
Breast Visium CID44971,liger,pxk,-0.0280409090605231,0.22517433762550354
Breast Visium CID44971,liger,spag4,-0.0295437746714593,0.05031505972146988
Breast Visium CID44971,liger,tnfrsf4,-0.0366238725509316,0.1357382982969284
Breast Visium CID44971,liger,igll5,-0.0372165459117306,0.0061830636113882065
Breast Visium CID44971,liger,p2ry10,-0.0426105666477256,0.024640565738081932
Breast Visium CID44971,liger,ptp4a3,-0.0569348074525085,0.21629787981510162
Breast Visium CID44971,liger,ssh2,-0.0619023452566197,0.2284238487482071
Breast Visium CID44971,liger,sept7,-0.068252601342911,0.6337496042251587
Breast Visium CID44971,liger,pim2,-0.085672489849112,0.17148777842521667
Breast Visium CID44971,liger,plcg2,-0.1285768587147814,0.41754868626594543
Breast Visium CID44971,liger,chpf,-0.1438343687732598,0.41656994819641113
Breast Visium CID44971,liger,xbp1,0.6725231068226262,0.7968940734863281
Breast Visium CID44971,liger,frzb,0.6026863838284636,0.8246629238128662
Breast Visium CID44971,liger,tubb,0.5627107438473938,0.9320421814918518
Breast Visium CID44971,liger,cd74,0.5515828948060726,0.8617255091667175
Breast Visium CID44971,liger,tpi1,0.5294340682655906,0.9292753338813782
Breast Visium CID44971,liger,c1qc,0.5051438451518218,0.5879965424537659
Breast Visium CID44971,liger,h2afz,0.4917026006024323,0.8803970217704773
Breast Visium CID44971,liger,cdc123,0.4901552939397264,0.7904434204101562
Breast Visium CID44971,liger,b2m,0.4806230441888663,0.9543871283531189
Breast Visium CID44971,liger,cox7a2,0.4796607560883197,0.9123238325119019
Breast Visium CID44971,liger,hla-dpa1,0.4759129388091485,0.6800187826156616
Breast Visium CID44971,liger,hla-drb5,0.4665160514575513,0.6823383569717407
Breast Visium CID44971,liger,rgs1,0.4557437207483173,0.6685361266136169
Breast Visium CID44971,liger,hspe1,0.4444943434089198,0.8992142081260681
Breast Visium CID44971,liger,ctss,0.4424649631168995,0.6502625942230225
Breast Visium CID44971,liger,nucks1,0.4398783959365567,0.8864396214485168
Breast Visium CID44971,liger,ankrd30a,0.4348272385912213,0.5042695999145508
Breast Visium CID44971,liger,psap,0.4335076736109612,0.8680944442749023
Breast Visium CID44971,liger,ackr1,0.4254917599363806,0.4383230209350586
Breast Visium CID44971,liger,marcksl1,0.4212739467514037,0.8769514560699463
Breast Visium CID44971,liger,cfl1,0.4043354835754559,0.9548761248588562
Breast Visium CID44971,liger,hmgn3,0.396985759830127,0.8531137704849243
Breast Visium CID44971,liger,rpl18,0.3956618691502554,0.9851205348968506
Breast Visium CID44971,liger,gstp1,0.3854408078301937,0.9228804707527161
Breast Visium CID44971,liger,mtrnr2l12,0.3846623051875905,0.8538778424263
Breast Visium CID44971,liger,fbp1,0.3838373508005551,0.5003840923309326
Breast Visium CID44971,liger,txn,0.3838041878328261,0.903661847114563
Breast Visium CID44971,liger,ap1s1,0.3780446840231058,0.7053841352462769
Breast Visium CID44971,liger,cldn7,0.3714643500197851,0.4989206790924072
Breast Visium CID44971,liger,rpl32,0.3657991690436008,0.9877238869667053
Breast Visium CID44971,liger,txnip,0.3624437789532971,0.8067474961280823
Breast Visium CID44971,liger,actb,0.3590587496338587,0.9888589978218079
Breast Visium CID44971,liger,hmgb2,0.3505832076420667,0.7519127726554871
Breast Visium CID44971,liger,rpl37,0.3458645021472846,0.9867165684700012
Breast Visium CID44971,liger,rpl36al,0.3437715633874815,0.811904788017273
Breast Visium CID44971,liger,ube2v2,0.3360495830219873,0.6990115642547607
Breast Visium CID44971,liger,rps3,0.3248579229802833,0.9786235690116882
Breast Visium CID44971,liger,mif,0.323414195622388,0.8567062020301819
Breast Visium CID44971,liger,hnrnpa1,0.3229432913479956,0.9422586560249329
Breast Visium CID44971,liger,krt18,0.3188471574508176,0.7425463199615479
Breast Visium CID44971,liger,hmgn1,0.3166936277683226,0.8919427394866943
Breast Visium CID44971,liger,sumo2,0.315586421413939,0.9061588644981384
Breast Visium CID44971,liger,aif1,0.3152063172986922,0.4514199197292328
Breast Visium CID44971,liger,lamb3,0.3145201857914887,0.4965464472770691
Breast Visium CID44971,liger,lamtor5,0.3092650051059116,0.8070057034492493
Breast Visium CID44971,liger,capg,0.3018901615782578,0.6991395950317383
Breast Visium CID44971,liger,atp6v1f,0.2994314019893774,0.8185895085334778
Breast Visium CID44971,liger,lair1,0.2990287960836092,0.4101765751838684
Breast Visium CID44971,liger,rpl37a,0.2945807799780449,0.9865027070045471
Breast Visium CID44971,liger,lcp1,0.2936647583491985,0.6086724400520325
Breast Visium CID44971,liger,serpinf1,0.2922797716159329,0.47717708349227905
Breast Visium CID44971,liger,igsf6,0.2896122391484297,0.36727210879325867
Breast Visium CID44971,liger,ramp3,0.289010005739733,0.3267376720905304
Breast Visium CID44971,liger,ptprc,0.2885757914831122,0.5278877019882202
Breast Visium CID44971,liger,rerg,0.2862284366150613,0.6461885571479797
Breast Visium CID44971,liger,coro1a,0.2835894909105157,0.5872536897659302
Breast Visium CID44971,liger,sgk1,0.2827902240120559,0.5323264002799988
Breast Visium CID44971,liger,mrpl9,0.2784421833584432,0.6483921408653259
Breast Visium CID44971,liger,kiaa1324,0.2751217383931247,0.5824479460716248
Breast Visium CID44971,liger,bst2,0.2684875698935635,0.6164537072181702
Breast Visium CID44971,liger,gimap4,0.2658928329231428,0.4513269364833832
Breast Visium CID44971,liger,slc7a7,0.2607021656335642,0.34136006236076355
Breast Visium CID44971,liger,rarres3,0.2600789359896102,0.6149221658706665
Breast Visium CID44971,liger,hmgn2,0.2592547463404582,0.8843818306922913
Breast Visium CID44971,liger,hcst,0.2583528927643239,0.47600919008255005
Breast Visium CID44971,liger,lcp2,0.253800289038496,0.442497193813324
Breast Visium CID44971,liger,rpl35,0.2536919837226307,0.9780832529067993
Breast Visium CID44971,liger,hnrnpa2b1,0.2511704574193343,0.9257039427757263
Breast Visium CID44971,liger,banf1,0.2511483149381069,0.8002602458000183
Breast Visium CID44971,liger,ifitm2,0.2482258266236403,0.6337440013885498
Breast Visium CID44971,liger,cox7a2l,0.2479536872845922,0.7070356011390686
Breast Visium CID44971,liger,evl,0.2473211059484632,0.6274150609970093
Breast Visium CID44971,liger,arhgdib,0.245646785728117,0.6893346309661865
Breast Visium CID44971,liger,anp32b,0.2439722974959117,0.815443754196167
Breast Visium CID44971,liger,mgat1,0.2405539846498741,0.5813462138175964
Breast Visium CID44971,liger,dynll1,0.2392189344300379,0.8996173739433289
Breast Visium CID44971,liger,myo6,0.2386682887746395,0.6439781188964844
Breast Visium CID44971,liger,pgam1,0.2369548333879786,0.8215979933738708
Breast Visium CID44971,liger,fbl,0.2367120892677529,0.7965072989463806
Breast Visium CID44971,liger,crnde,0.236674365042967,0.6763081550598145
Breast Visium CID44971,liger,meox1,0.2355293086987931,0.26439720392227173
Breast Visium CID44971,liger,arpc2,0.2351885139583531,0.846382737159729
Breast Visium CID44971,liger,morf4l2,0.2347550563897199,0.7903892397880554
Breast Visium CID44971,liger,snrpb,0.2331484857846616,0.7996698021888733
Breast Visium CID44971,liger,cuta,0.2325020193127344,0.8635836243629456
Breast Visium CID44971,liger,irf8,0.231625861785499,0.4217192232608795
Breast Visium CID44971,liger,fam198b,0.2296227884596954,0.4179387092590332
Breast Visium CID44971,liger,fxyd5,0.2294948630521504,0.550154983997345
Breast Visium CID44971,liger,fhl2,0.2274225061519111,0.4588882029056549
Breast Visium CID44971,liger,cxorf36,0.2243165836466309,0.2408665269613266
Breast Visium CID44971,liger,sf3b5,0.2239527373100661,0.7729315161705017
Breast Visium CID44971,liger,timp2,0.2235367334020568,0.4515300989151001
Breast Visium CID44971,liger,havcr2,0.2229088368375573,0.3345704674720764
Breast Visium CID44971,liger,isyna1,0.2225596136958619,0.6620815992355347
Breast Visium CID44971,liger,ube2e3,0.2218172066190354,0.6712372303009033
Breast Visium CID44971,liger,ap2s1,0.2210395976725236,0.7750963568687439
Breast Visium CID44971,liger,igfbp7,0.220766861995307,0.373080313205719
Breast Visium CID44971,liger,tgfb1,0.2171541737523284,0.44734734296798706
Breast Visium CID44971,liger,clec2b,0.2129721231315039,0.4004932641983032
Breast Visium CID44971,liger,tnfsf13b,0.212007560491822,0.33647480607032776
Breast Visium CID44971,liger,serp1,0.2114203242393802,0.8635203242301941
Breast Visium CID44971,liger,trbc2,0.2106038188124193,0.46656155586242676
Breast Visium CID44971,liger,rnase6,0.2105649855602665,0.31266966462135315
Breast Visium CID44971,liger,elf5,0.2097981141582837,0.5774880647659302
Breast Visium CID44971,liger,ms4a7,0.2087703206901962,0.339516818523407
Breast Visium CID44971,liger,ywhah,0.2063510768380575,0.6533945202827454
Breast Visium CID44971,liger,pdlim1,0.2060292769261079,0.46778395771980286
Breast Visium CID44971,liger,vps28,0.2037672371184867,0.8384914398193359
Breast Visium CID44971,liger,itk,0.2026954102580126,0.269266813993454
Breast Visium CID44971,liger,add3,0.1996106061981726,0.485602468252182
Breast Visium CID44971,liger,ssr2,0.1987506521341414,0.8833885192871094
Breast Visium CID44971,liger,cdt1,0.1987038925069145,0.39583730697631836
Breast Visium CID44971,liger,rpl4,0.198567038140242,0.9774123430252075
Breast Visium CID44971,liger,ppp1r1b,0.1973118865602672,0.3125388026237488
Breast Visium CID44971,liger,tmem59,0.1971822178041591,0.7938022613525391
Breast Visium CID44971,liger,c1orf162,0.1894363667516748,0.3365459740161896
Breast Visium CID44971,liger,tyms,0.1881538576526449,0.4004034399986267
Breast Visium CID44971,liger,col6a3,0.1872860059990119,0.28205057978630066
Breast Visium CID44971,liger,vcan,0.1832652334084875,0.31520822644233704
Breast Visium CID44971,liger,il32,0.1755448536407718,0.5583887696266174
Breast Visium CID44971,liger,ccl28,0.1739642874101424,0.2688165009021759
Breast Visium CID44971,liger,ramp2,0.1733893308640371,0.2768648862838745
Breast Visium CID44971,liger,uaca,0.1732009555530607,0.42815423011779785
Breast Visium CID44971,liger,bin2,0.1694126649646154,0.3302449584007263
Breast Visium CID44971,liger,cd5,0.1677366082557905,0.2916218936443329
Breast Visium CID44971,liger,fen1,0.1665682658707285,0.40502312779426575
Breast Visium CID44971,liger,ikzf3,0.1665059940921799,0.38134855031967163
Breast Visium CID44971,liger,lrp10,0.1657943294302152,0.5997601747512817
Breast Visium CID44971,liger,zap70,0.1648294376033061,0.32199668884277344
Breast Visium CID44971,liger,cenpm,0.164091028063388,0.28787854313850403
Breast Visium CID44971,liger,csf2ra,0.1627515448288871,0.2733123302459717
Breast Visium CID44971,liger,timp3,0.1624361586795608,0.3238796591758728
Breast Visium CID44971,liger,ciita,0.1605890201136651,0.32009294629096985
Breast Visium CID44971,liger,oasl,0.1598518774763368,0.2481992393732071
Breast Visium CID44971,liger,pold4,0.1576145831250911,0.39027541875839233
Breast Visium CID44971,liger,slc38a10,0.1546106251286116,0.5050424337387085
Breast Visium CID44971,liger,gzmm,0.1539407325591892,0.24025441706180573
Breast Visium CID44971,liger,plk2,0.1538398750555187,0.4216180741786957
Breast Visium CID44971,liger,meg3,0.15288596105281,0.24253913760185242
Breast Visium CID44971,liger,idh2,0.151812016454844,0.6641024351119995
Breast Visium CID44971,liger,fbln1,0.1502459918152997,0.34315332770347595
Breast Visium CID44971,liger,adam8,0.1492236059971606,0.3146459460258484
Breast Visium CID44971,liger,tmem87a,0.1492190263957059,0.4966201186180115
Breast Visium CID44971,liger,socs2,0.1489724929629312,0.24140480160713196
Breast Visium CID44971,liger,stk17a,0.1473930020635084,0.3646641671657562
Breast Visium CID44971,liger,ptgdr,0.1465374798844424,0.17841731011867523
Breast Visium CID44971,liger,uqcrhl,0.1445498257972226,0.2831510007381439
Breast Visium CID44971,liger,btk,0.1444307779210517,0.19976453483104706
Breast Visium CID44971,liger,mxra8,0.144391911717107,0.25289496779441833
Breast Visium CID44971,liger,cd300a,0.1435487030796895,0.24666662514209747
Breast Visium CID44971,liger,nudt4,0.1401693559429287,0.6526695489883423
Breast Visium CID44971,liger,pyhin1,0.1398335825593635,0.19618552923202515
Breast Visium CID44971,liger,mfsd1,0.1394240524759862,0.5068076252937317
Breast Visium CID44971,liger,cpe,0.1381516801083446,0.276125967502594
Breast Visium CID44971,liger,vamp5,0.1378172548944465,0.3794216811656952
Breast Visium CID44971,liger,tlr10,0.1348934147382527,0.1714266687631607
Breast Visium CID44971,liger,eif3e,0.1346580912531384,0.8298438191413879
Breast Visium CID44971,liger,crtap,0.1327894859971129,0.5425624847412109
Breast Visium CID44971,liger,rora,0.1309244336419948,0.25612473487854004
Breast Visium CID44971,liger,tgfbr2,0.1308654812041769,0.4318254888057709
Breast Visium CID44971,liger,rgs5,0.1305061715836479,0.3707073926925659
Breast Visium CID44971,liger,nlrc5,0.1254919614258361,0.40455469489097595
Breast Visium CID44971,liger,pou2f2,0.1218846140291516,0.24135181307792664
Breast Visium CID44971,liger,parp15,0.1213671438472427,0.19003097712993622
Breast Visium CID44971,liger,cd8a,0.1205984996334096,0.30304592847824097
Breast Visium CID44971,liger,myl9,0.1201261916499305,0.3381028473377228
Breast Visium CID44971,liger,cd96,0.1179184317083768,0.2424529790878296
Breast Visium CID44971,liger,mrvi1,0.1156932685403494,0.22566062211990356
Breast Visium CID44971,liger,clec14a,0.1145796181844047,0.13887643814086914
Breast Visium CID44971,liger,flot1,0.1143950698011522,0.6053199768066406
Breast Visium CID44971,liger,tubb2a,0.1143106110006773,0.5341894626617432
Breast Visium CID44971,liger,il4r,0.1140159020912962,0.37987470626831055
Breast Visium CID44971,liger,nid1,0.1093161093518834,0.20313628017902374
Breast Visium CID44971,liger,adgrl4,0.1086597865136976,0.14469704031944275
Breast Visium CID44971,liger,sit1,0.1079992170635713,0.20807291567325592
Breast Visium CID44971,liger,ifitm1,0.1066820808700188,0.3782666027545929
Breast Visium CID44971,liger,sirpg,0.1059336111127905,0.1826271414756775
Breast Visium CID44971,liger,ece1,0.1057481294452823,0.4695490896701813
Breast Visium CID44971,liger,rap1b,0.1038108026236728,0.6889755129814148
Breast Visium CID44971,liger,tmem243,0.1035560451021552,0.31772568821907043
Breast Visium CID44971,liger,gabarap,0.1029310942099469,0.7059716582298279
Breast Visium CID44971,liger,stat4,0.1029230391815645,0.20104697346687317
Breast Visium CID44971,liger,fam13c,0.1028674264596511,0.13550551235675812
Breast Visium CID44971,liger,veph1,0.1026465017025718,0.19451990723609924
Breast Visium CID44971,liger,rab37,0.1011287418293817,0.1818133145570755
Breast Visium CID44971,liger,gadd45b,0.0991147223920222,0.4513104259967804
Breast Visium CID44971,liger,pdlim7,0.0986519742956198,0.4180097281932831
Breast Visium CID44971,liger,hmgb1,0.0986089029469321,0.8799443244934082
Breast Visium CID44971,liger,tecr,0.0931018254457453,0.7045739889144897
Breast Visium CID44971,liger,snai1,0.092374584779719,0.16747792065143585
Breast Visium CID44971,liger,neurl1b,0.0902796771550678,0.14946505427360535
Breast Visium CID44971,liger,csf3r,0.0897266405397887,0.18780457973480225
Breast Visium CID44971,liger,calcrl,0.0865997866768443,0.13816320896148682
Breast Visium CID44971,liger,rpl27,0.0857353873669592,0.9490856528282166
Breast Visium CID44971,liger,gstt2b,0.0809575138601548,0.2075137197971344
Breast Visium CID44971,liger,myo1b,0.0806954752202832,0.46585676074028015
Breast Visium CID44971,liger,adap2,0.0790589897743362,0.15979276597499847
Breast Visium CID44971,liger,mylk,0.0785479126847147,0.37647387385368347
Breast Visium CID44971,liger,tspan4,0.078186458048929,0.40149223804473877
Breast Visium CID44971,liger,sesn1,0.0777644980473003,0.42117127776145935
Breast Visium CID44971,liger,rasd1,0.0769306465807405,0.2998941242694855
Breast Visium CID44971,liger,notch3,0.0757800387631657,0.574739396572113
Breast Visium CID44971,liger,tmem176a,0.0755144920209149,0.3054468631744385
Breast Visium CID44971,liger,zyx,0.075211580063431,0.6883934140205383
Breast Visium CID44971,liger,cd40lg,0.0750083647267879,0.12363970279693604
Breast Visium CID44971,liger,cdh5,0.0718709692522178,0.10088443756103516
Breast Visium CID44971,liger,dlc1,0.0697196544644281,0.16758517920970917
Breast Visium CID44971,liger,cd3g,0.0688984041618909,0.19631844758987427
Breast Visium CID44971,liger,id1,0.0676559107976748,0.18152669072151184
Breast Visium CID44971,liger,ugdh,0.067243755174577,0.3457256257534027
Breast Visium CID44971,liger,swap70,0.066647435984053,0.4297512471675873
Breast Visium CID44971,liger,matk,0.0658203400409175,0.1844361424446106
Breast Visium CID44971,liger,ncam1,0.0638712818611011,0.07358615845441818
Breast Visium CID44971,liger,clec2d,0.0623218069332227,0.3157224953174591
Breast Visium CID44971,liger,runx1t1,0.0616957219635625,0.10322324931621552
Breast Visium CID44971,liger,ltbp2,0.0603070911324589,0.17796362936496735
Breast Visium CID44971,liger,col15a1,0.0588463339335379,0.1772400438785553
Breast Visium CID44971,liger,klf4,0.0587046207535355,0.2784773111343384
Breast Visium CID44971,liger,smc2,0.0567095322331353,0.3432484269142151
Breast Visium CID44971,liger,tspan32,0.055297336289926,0.11670581996440887
Breast Visium CID44971,liger,gmppb,0.0534854560296316,0.3194221258163452
Breast Visium CID44971,liger,p2ry14,0.0530981718746598,0.09384360164403915
Breast Visium CID44971,liger,actg1,0.0528548078173054,0.9868875741958618
Breast Visium CID44971,liger,rdx,0.0526558691209952,0.5177513957023621
Breast Visium CID44971,liger,vps51,0.0508868923697206,0.5997668504714966
Breast Visium CID44971,liger,rab27a,0.0504091131195459,0.30549320578575134
Breast Visium CID44971,liger,flt3lg,0.0484859805896726,0.12443944066762924
Breast Visium CID44971,liger,dnajb9,0.0480963922254008,0.30903056263923645
Breast Visium CID44971,liger,nucb1,0.0479656069815236,0.700577437877655
Breast Visium CID44971,liger,rtn4,0.0477505024118128,0.78203946352005
Breast Visium CID44971,liger,arhgap29,0.0476671862748265,0.29354918003082275
Breast Visium CID44971,liger,ets2,0.0472599936877142,0.3443637490272522
Breast Visium CID44971,liger,lbh,0.0461890843536221,0.4073316752910614
Breast Visium CID44971,liger,stk4,0.0453060617268581,0.3898457884788513
Breast Visium CID44971,liger,mlec,0.0446587677388535,0.6118810772895813
Breast Visium CID44971,liger,mcam,0.0426424558257208,0.21867811679840088
Breast Visium CID44971,liger,mapk1,0.0413890168288463,0.4945196211338043
Breast Visium CID44971,liger,f2r,0.0410858163309781,0.19194519519805908
Breast Visium CID44971,liger,a4galt,0.0408963637058441,0.13519373536109924
Breast Visium CID44971,liger,rcan2,0.0398152720610485,0.11315647512674332
Breast Visium CID44971,liger,gng2,0.0369193384369948,0.1999775916337967
Breast Visium CID44971,liger,flt1,0.0359988522978955,0.08899848163127899
Breast Visium CID44971,liger,hsp90b1,0.0311744404000416,0.8489798903465271
Breast Visium CID44971,liger,tsen54,0.0307053146503788,0.393586665391922
Breast Visium CID44971,liger,cystm1,0.0297451045727207,0.4491673707962036
Breast Visium CID44971,liger,lama2,0.0288916750913824,0.10569499433040619
Breast Visium CID44971,liger,lipe,0.0282998873064621,0.13013707101345062
Breast Visium CID44971,liger,cnrip1,0.0279373512990841,0.07735101878643036
Breast Visium CID44971,liger,h2afx,0.0262637412671564,0.5307721495628357
Breast Visium CID44971,liger,orai2,0.0247238831216878,0.4272804856300354
Breast Visium CID44971,liger,stap1,0.0245729045950083,0.0943012610077858
Breast Visium CID44971,liger,smim3,0.0237206529800446,0.20125050842761993
Breast Visium CID44971,liger,mtss1,0.0213828699971328,0.3511219024658203
Breast Visium CID44971,liger,abca6,0.0213374721966502,0.0596463680267334
Breast Visium CID44971,liger,plpp1,0.017325166267128,0.32888829708099365
Breast Visium CID44971,liger,hopx,0.016966070419336,0.14803117513656616
Breast Visium CID44971,liger,ostf1,0.0157070961579476,0.3438977897167206
Breast Visium CID44971,liger,siva1,0.0150913775624839,0.6379698514938354
Breast Visium CID44971,liger,map1lc3a,0.0136558977332121,0.5537009835243225
Breast Visium CID44971,liger,tcf19,0.0136055865959326,0.20197398960590363
Breast Visium CID44971,liger,spon2,0.0135718016317998,0.2732726037502289
Breast Visium CID44971,liger,st3gal1,0.0122615196147237,0.29389581084251404
Breast Visium CID44971,liger,smc1a,0.010408803485637,0.5245309472084045
Breast Visium CID44971,liger,lamb1,0.0101956734554266,0.2404225468635559
Breast Visium CID44971,liger,sptssa,0.008566271720787,0.4856386184692383
Breast Visium CID44971,liger,dnaja1,0.008364591044676,0.7841180562973022
Breast Visium CID44971,liger,rac1,0.0077835561096625,0.8150683045387268
Breast Visium CID44971,liger,arfgap3,-0.0011215635375403,0.4401799142360687
Breast Visium CID44971,liger,plek2,-0.0043608805904442,0.0941958948969841
Breast Visium CID44971,liger,fgfbp2,-0.0055267025265068,0.011670404113829136
Breast Visium CID44971,liger,fcrla,-0.0066977757857901,0.004333709366619587
Breast Visium CID44971,liger,lgals9b,-0.0080369846266335,0.0
Breast Visium CID44971,liger,fkbp11,-0.0085762365454666,0.27940645813941956
Breast Visium CID44971,liger,akap5,-0.0103281442509009,0.04637221619486809
Breast Visium CID44971,liger,linc00996,-0.0107253434697009,0.03209208324551582
Breast Visium CID44971,liger,egfl7,-0.0113613857254304,0.06490077078342438
Breast Visium CID44971,liger,rnf125,-0.0120735816256836,0.16512571275234222
Breast Visium CID44971,liger,cnn1,-0.0129501819778952,0.19501429796218872
Breast Visium CID44971,liger,tnfrsf13c,-0.0147964829428586,0.04238433018326759
Breast Visium CID44971,liger,phlda1,-0.0166942483456565,0.6022069454193115
Breast Visium CID44971,liger,filip1,-0.0174092611184611,0.0
Breast Visium CID44971,liger,rrbp1,-0.0188581362623934,0.5914385318756104
Breast Visium CID44971,liger,ccdc102b,-0.0201081880949679,0.12231548130512238
Breast Visium CID44971,liger,tmem88,-0.0231319881938872,0.016215451061725616
Breast Visium CID44971,liger,cachd1,-0.0239062323499668,0.23916998505592346
Breast Visium CID44971,liger,tgfb1i1,-0.0240369740323453,0.14011125266551971
Breast Visium CID44971,liger,sec14l1,-0.0274474285734288,0.42820271849632263
Breast Visium CID44971,liger,hist1h1e,-0.0325637359032891,0.07297145575284958
Breast Visium CID44971,liger,fbln7,-0.0344224034737443,0.12848474085330963
Breast Visium CID44971,liger,aes,-0.0460658975217093,0.7080651521682739
Breast Visium CID44971,liger,cldn11,-0.0534657318164665,0.10256647318601608
Breast Visium CID44971,liger,c12orf75,-0.0567237873852004,0.3387491703033447
Breast Visium CID44971,liger,egr1,-0.0877504756421136,0.698514997959137
Breast Visium CID44971,liger,dnajb1,-0.1028871317523813,0.5362876057624817
Breast Visium CID44971,liger,tagln,-0.1139757078901869,0.5648053288459778
Breast Visium CID44971,arcimpute,col1a2,0.7077666332836104,0.9402725100517273
Breast Visium CID44971,arcimpute,hla-a,0.6586115309850227,0.9646825194358826
Breast Visium CID44971,arcimpute,trac,0.6145621074378257,0.7590112686157227
Breast Visium CID44971,arcimpute,hla-e,0.6107141852194462,0.9199710488319397
Breast Visium CID44971,arcimpute,hdac2,0.6028579973241573,0.8701884150505066
Breast Visium CID44971,arcimpute,cxcr4,0.5967439083209005,0.8561330437660217
Breast Visium CID44971,arcimpute,col6a2,0.5974529302626825,0.9088512659072876
Breast Visium CID44971,arcimpute,c1qa,0.5945314706041614,0.8540058135986328
Breast Visium CID44971,arcimpute,serpina1,0.5875439097124848,0.7577781081199646
Breast Visium CID44971,arcimpute,cacybp,0.5796433641636287,0.8410991430282593
Breast Visium CID44971,arcimpute,aebp1,0.5622184577758448,0.8509883880615234
Breast Visium CID44971,arcimpute,uqcrh,0.5607115729696641,0.9375953078269958
Breast Visium CID44971,arcimpute,gdi2,0.5518604288785565,0.9144799113273621
Breast Visium CID44971,arcimpute,tbc1d10c,0.5453528875485274,0.6402013301849365
Breast Visium CID44971,arcimpute,spint2,0.5365368128475239,0.9225363731384277
Breast Visium CID44971,arcimpute,c2orf40,0.48626372558716896,0.6086149215698242
Breast Visium CID44971,arcimpute,snrpf,0.5404755651028957,0.8301417827606201
Breast Visium CID44971,arcimpute,pecam1,0.5412946469600396,0.7099987864494324
Breast Visium CID44971,arcimpute,tmsb10,0.529335678555113,0.9891648888587952
Breast Visium CID44971,arcimpute,sf3b6,0.5297008552131421,0.9029861688613892
Breast Visium CID44971,arcimpute,cotl1,0.5181033212918253,0.7409700155258179
Breast Visium CID44971,arcimpute,ctgf,0.5061354872143686,0.9059542417526245
Breast Visium CID44971,arcimpute,gzmk,0.51004376178623,0.5970793962478638
Breast Visium CID44971,arcimpute,ifitm3,0.5065198332868421,0.908379077911377
Breast Visium CID44971,arcimpute,tsc22d3,0.50353649039231,0.8423122763633728
Breast Visium CID44971,arcimpute,cct3,0.49657218042198403,0.8691620826721191
Breast Visium CID44971,arcimpute,tymp,0.4786102820031565,0.8353003263473511
Breast Visium CID44971,arcimpute,rpl17,0.4736837479391152,0.9131057858467102
Breast Visium CID44971,arcimpute,lst1,0.47248574804284926,0.6421384215354919
Breast Visium CID44971,arcimpute,ilf2,0.47038272022538175,0.876467227935791
Breast Visium CID44971,arcimpute,cd93,0.4722987436653263,0.6344380378723145
Breast Visium CID44971,arcimpute,htra1,0.4567784701066231,0.7647687196731567
Breast Visium CID44971,arcimpute,acap1,0.4734398965906118,0.5770795941352844
Breast Visium CID44971,arcimpute,nnmt,0.4614312931865244,0.7780491709709167
Breast Visium CID44971,arcimpute,cryab,0.47055074391062157,0.861922562122345
Breast Visium CID44971,arcimpute,cd2,0.4697466880614925,0.6418794393539429
Breast Visium CID44971,arcimpute,cirbp,0.46042429668505125,0.8557987213134766
Breast Visium CID44971,arcimpute,ppdpf,0.464592984381892,0.9320206642150879
Breast Visium CID44971,arcimpute,ptpn6,0.4583246434821621,0.6475223302841187
Breast Visium CID44971,arcimpute,trim29,0.46163560631715356,0.6942499876022339
Breast Visium CID44971,arcimpute,adirf,0.46179982089342986,0.7891145944595337
Breast Visium CID44971,arcimpute,ndrg2,0.43436142174854736,0.731581449508667
Breast Visium CID44971,arcimpute,cnn2,0.4412652293361408,0.7992734313011169
Breast Visium CID44971,arcimpute,tcp1,0.44161316895373326,0.8070383071899414
Breast Visium CID44971,arcimpute,mrps35,0.44802233383773493,0.7473857402801514
Breast Visium CID44971,arcimpute,hla-dmb,0.4351520693155883,0.6389142274856567
Breast Visium CID44971,arcimpute,fos,0.42968608875053427,0.854360818862915
Breast Visium CID44971,arcimpute,psme2,0.439302625193727,0.8071506023406982
Breast Visium CID44971,arcimpute,gstm3,0.43207345307005796,0.6305602192878723
Breast Visium CID44971,arcimpute,s100a6,0.4346090755674652,0.9645977020263672
Breast Visium CID44971,arcimpute,vopp1,0.42036855649338806,0.5946220755577087
Breast Visium CID44971,arcimpute,kcnmb1,0.4077448391779472,0.5840588212013245
Breast Visium CID44971,arcimpute,cst7,0.44357464562676263,0.5515123009681702
Breast Visium CID44971,arcimpute,rpl3,0.4223850203910106,0.9719674587249756
Breast Visium CID44971,arcimpute,maob,0.3878021167418691,0.5571644306182861
Breast Visium CID44971,arcimpute,pdia6,0.42208302192724484,0.8700718283653259
Breast Visium CID44971,arcimpute,gpsm3,0.4172064496694861,0.5378240942955017
Breast Visium CID44971,arcimpute,mgp,0.4231222969823723,0.9769334197044373
Breast Visium CID44971,arcimpute,lat,0.4105768489926223,0.5714483261108398
Breast Visium CID44971,arcimpute,lck,0.40941959328794486,0.5380415320396423
Breast Visium CID44971,arcimpute,lgals1,0.4205695408749259,0.9274595379829407
Breast Visium CID44971,arcimpute,ctsz,0.40564991316502125,0.7040767073631287
Breast Visium CID44971,arcimpute,pkib,0.41824849317460056,0.4643765687942505
Breast Visium CID44971,arcimpute,zfp36l2,0.4097587036953824,0.9281892776489258
Breast Visium CID44971,arcimpute,btg1,0.40376327834023595,0.8624129891395569
Breast Visium CID44971,arcimpute,arhgap9,0.4120292374553735,0.5154179334640503
Breast Visium CID44971,arcimpute,rpn1,0.3863447313004537,0.7944495677947998
Breast Visium CID44971,arcimpute,tpbg,0.40173577617488804,0.5554608106613159
Breast Visium CID44971,arcimpute,sept1,0.39620357798887884,0.5640094876289368
Breast Visium CID44971,arcimpute,tns4,0.3853533307536325,0.5698686242103577
Breast Visium CID44971,arcimpute,hsbp1,0.39040447205705725,0.855333685874939
Breast Visium CID44971,arcimpute,mme,0.3925845278647244,0.5796155333518982
Breast Visium CID44971,arcimpute,tmem258,0.3943585462509706,0.8999539613723755
Breast Visium CID44971,arcimpute,c1orf43,0.3870196076358216,0.8047134280204773
Breast Visium CID44971,arcimpute,plxdc2,0.3928522103369319,0.7931864261627197
Breast Visium CID44971,arcimpute,selplg,0.3903298818444523,0.5044828653335571
Breast Visium CID44971,arcimpute,ifngr2,0.39603826944645626,0.7648181915283203
Breast Visium CID44971,arcimpute,ptpn7,0.3887966244381327,0.45620375871658325
Breast Visium CID44971,arcimpute,lman1,0.3953846860733348,0.8121176958084106
Breast Visium CID44971,arcimpute,rhob,0.3734369993840636,0.8202410340309143
Breast Visium CID44971,arcimpute,tnfrsf1b,0.38595394055634497,0.573305606842041
Breast Visium CID44971,arcimpute,rpl38,0.3731124697242887,0.9698069095611572
Breast Visium CID44971,arcimpute,slc16a3,0.37338636240608164,0.5660830140113831
Breast Visium CID44971,arcimpute,dap3,0.3832437594174461,0.7841037511825562
Breast Visium CID44971,arcimpute,efhd1,0.3602356261120562,0.7474051117897034
Breast Visium CID44971,arcimpute,tpx2,0.36710372998109014,0.5723115801811218
Breast Visium CID44971,arcimpute,tcf7,0.3539838840243328,0.541782557964325
Breast Visium CID44971,arcimpute,ptges3,0.3610938661859082,0.896977424621582
Breast Visium CID44971,arcimpute,srsf5,0.3507397184617805,0.7624491453170776
Breast Visium CID44971,arcimpute,rpl31,0.3557017274693085,0.9814757704734802
Breast Visium CID44971,arcimpute,mmrn2,0.36316302366724323,0.42304158210754395
Breast Visium CID44971,arcimpute,tcf4,0.33905020536669045,0.6124728918075562
Breast Visium CID44971,arcimpute,lrp1,0.32304112724308937,0.7315798997879028
Breast Visium CID44971,arcimpute,pafah1b3,0.34366201974208566,0.7198352813720703
Breast Visium CID44971,arcimpute,herpud1,0.34712163391603473,0.7538931369781494
Breast Visium CID44971,arcimpute,efhd2,0.33625331317097623,0.634319543838501
Breast Visium CID44971,arcimpute,rps4x,0.34333121871257255,0.9776456952095032
Breast Visium CID44971,arcimpute,atp6v0b,0.3418475129854091,0.8472467660903931
Breast Visium CID44971,arcimpute,tmpo,0.34542406389194413,0.6930928230285645
Breast Visium CID44971,arcimpute,ccl14,0.34428876368730765,0.3180941641330719
Breast Visium CID44971,arcimpute,pik3r1,0.3359278852658109,0.6206684112548828
Breast Visium CID44971,arcimpute,gng5,0.3320100690776223,0.8849997520446777
Breast Visium CID44971,arcimpute,rplp2,0.33623862024007006,0.9888331890106201
Breast Visium CID44971,arcimpute,pdcd4,0.32751171564969017,0.811977207660675
Breast Visium CID44971,arcimpute,sub1,0.3433128744811431,0.8946207165718079
Breast Visium CID44971,arcimpute,pdlim4,0.32968568989195396,0.6479027271270752
Breast Visium CID44971,arcimpute,hla-dqa2,0.3243132550124277,0.5240737795829773
Breast Visium CID44971,arcimpute,pik3ip1,0.3073259685253851,0.5476223826408386
Breast Visium CID44971,arcimpute,rpl5,0.3266782696951148,0.963544487953186
Breast Visium CID44971,arcimpute,rhog,0.3126544785605442,0.6494438052177429
Breast Visium CID44971,arcimpute,tpp1,0.3143449517770095,0.7179206013679504
Breast Visium CID44971,arcimpute,rab31,0.32190485030116084,0.508263349533081
Breast Visium CID44971,arcimpute,aoah,0.3018997815104192,0.44168323278427124
Breast Visium CID44971,arcimpute,tram1,0.3233253128029687,0.7814374566078186
Breast Visium CID44971,arcimpute,krt17,0.30557109860193915,0.8452363014221191
Breast Visium CID44971,arcimpute,sirpa,0.30604449784042403,0.5441681146621704
Breast Visium CID44971,arcimpute,pim1,0.30687263151192246,0.501239538192749
Breast Visium CID44971,arcimpute,fyn,0.314027842241816,0.4779573082923889
Breast Visium CID44971,arcimpute,ssr3,0.3075220696189665,0.8156939744949341
Breast Visium CID44971,arcimpute,sema3g,0.2911803285125988,0.35993891954421997
Breast Visium CID44971,arcimpute,cxcr3,0.3011890223490051,0.393299400806427
Breast Visium CID44971,arcimpute,rpl26,0.3004376287965656,0.9589838981628418
Breast Visium CID44971,arcimpute,syngr2,0.306623303833324,0.8095024824142456
Breast Visium CID44971,arcimpute,eef2,0.3042350786864623,0.9591276049613953
Breast Visium CID44971,arcimpute,ddx17,0.3005270361081567,0.8791464567184448
Breast Visium CID44971,arcimpute,ing4,0.3023578192374218,0.6561456322669983
Breast Visium CID44971,arcimpute,themis2,0.29632829087185636,0.44368454813957214
Breast Visium CID44971,arcimpute,aplp2,0.3067128661386863,0.8832107782363892
Breast Visium CID44971,arcimpute,snx20,0.32945694614544635,0.4191410541534424
Breast Visium CID44971,arcimpute,rps15,0.3006592294645735,0.9758495092391968
Breast Visium CID44971,arcimpute,icam3,0.2924486560000528,0.4785366654396057
Breast Visium CID44971,arcimpute,ms4a1,0.2937644854754087,0.39273881912231445
Breast Visium CID44971,arcimpute,ndufv2,0.29231137411222363,0.7909389138221741
Breast Visium CID44971,arcimpute,vamp8,0.28770629094141165,0.8355371356010437
Breast Visium CID44971,arcimpute,naca,0.28737453893015336,0.9598089456558228
Breast Visium CID44971,arcimpute,cdh3,0.2869965231105402,0.6887357831001282
Breast Visium CID44971,arcimpute,slc9a3r2,0.266452271073493,0.5040996074676514
Breast Visium CID44971,arcimpute,cdkn1a,0.2916415393596734,0.6263028383255005
Breast Visium CID44971,arcimpute,pabpc1,0.27947929502652014,0.9672353863716125
Breast Visium CID44971,arcimpute,ccnd3,0.28756850113294974,0.6679727435112
Breast Visium CID44971,arcimpute,st13,0.28794367943513155,0.8086090087890625
Breast Visium CID44971,arcimpute,cav1,0.2749051860674684,0.6255586743354797
Breast Visium CID44971,arcimpute,runx1,0.2772948813596078,0.7231351137161255
Breast Visium CID44971,arcimpute,ppia,0.27405320131628724,0.9646427035331726
Breast Visium CID44971,arcimpute,ppic,0.26883807150336547,0.4988844692707062
Breast Visium CID44971,arcimpute,rab4a,0.2713524785032811,0.6590661406517029
Breast Visium CID44971,arcimpute,slc25a5,0.25932207935725454,0.8005709648132324
Breast Visium CID44971,arcimpute,efemp2,0.2681674913152489,0.5154772996902466
Breast Visium CID44971,arcimpute,icam2,0.2864113502496233,0.44221627712249756
Breast Visium CID44971,arcimpute,mydgf,0.2568116155230887,0.7464171648025513
Breast Visium CID44971,arcimpute,apobec3c,0.2578853981947508,0.49379903078079224
Breast Visium CID44971,arcimpute,clec7a,0.26242406157064885,0.47025081515312195
Breast Visium CID44971,arcimpute,fbxo2,0.24825027878959743,0.5062674283981323
Breast Visium CID44971,arcimpute,cox7a1,0.26595603500802806,0.5437601804733276
Breast Visium CID44971,arcimpute,mal,0.26105296144710133,0.2765004634857178
Breast Visium CID44971,arcimpute,dnmt1,0.24808428054322373,0.6854198575019836
Breast Visium CID44971,arcimpute,rbbp8,0.25032053545191074,0.5358046293258667
Breast Visium CID44971,arcimpute,tmed10,0.259089374263909,0.8134667873382568
Breast Visium CID44971,arcimpute,s100a10,0.25673763384257436,0.8522629141807556
Breast Visium CID44971,arcimpute,rbpms,0.24927378760290125,0.5727446675300598
Breast Visium CID44971,arcimpute,plac8,0.23969318132459214,0.37355491518974304
Breast Visium CID44971,arcimpute,rpl29,0.24638896214028544,0.9814519882202148
Breast Visium CID44971,arcimpute,tmbim6,0.25364269375115545,0.8959224224090576
Breast Visium CID44971,arcimpute,rpl9,0.24996065066949358,0.9773891568183899
Breast Visium CID44971,arcimpute,cyb5r3,0.24384249510857794,0.7191975116729736
Breast Visium CID44971,arcimpute,rrm1,0.2578113168032079,0.5678345561027527
Breast Visium CID44971,arcimpute,sept6,0.24580172710292728,0.5628929138183594
Breast Visium CID44971,arcimpute,tsc22d1,0.24850522187092022,0.7552362084388733
Breast Visium CID44971,arcimpute,sdcbp,0.24825186784055558,0.7293868660926819
Breast Visium CID44971,arcimpute,arhgap15,0.24422512195662885,0.3412664830684662
Breast Visium CID44971,arcimpute,tk1,0.22634689858286,0.49231284856796265
Breast Visium CID44971,arcimpute,pask,0.2606440033516889,0.4644685685634613
Breast Visium CID44971,arcimpute,kdelr1,0.24361851583064834,0.7214969992637634
Breast Visium CID44971,arcimpute,ncf2,0.23835044044725112,0.35253775119781494
Breast Visium CID44971,arcimpute,plpp2,0.23712766349799697,0.7194420099258423
Breast Visium CID44971,arcimpute,ppt1,0.2504462868288962,0.6722551584243774
Breast Visium CID44971,arcimpute,s1pr1,0.23779041161257186,0.334394633769989
Breast Visium CID44971,arcimpute,rps16,0.24558722622473889,0.9807778596878052
Breast Visium CID44971,arcimpute,npdc1,0.23904088595985568,0.6320337653160095
Breast Visium CID44971,arcimpute,cxcr6,0.21668502303502352,0.35093024373054504
Breast Visium CID44971,arcimpute,alox5ap,0.2402456228185267,0.4712989330291748
Breast Visium CID44971,arcimpute,mcm2,0.23719977227400732,0.4913656413555145
Breast Visium CID44971,arcimpute,socs3,0.24266828962727968,0.5431089401245117
Breast Visium CID44971,arcimpute,rpl7a,0.23149972995097673,0.9775058627128601
Breast Visium CID44971,arcimpute,klf10,0.23117421774292948,0.5108790397644043
Breast Visium CID44971,arcimpute,sec61a1,0.2298608121737685,0.8325617909431458
Breast Visium CID44971,arcimpute,rps28,0.23425555388217498,0.9862152934074402
Breast Visium CID44971,arcimpute,skap1,0.23401872259507045,0.29897311329841614
Breast Visium CID44971,arcimpute,tshz2,0.19554720747919171,0.4558540880680084
Breast Visium CID44971,arcimpute,ccdc167,0.23018091169304628,0.6126814484596252
Breast Visium CID44971,arcimpute,cmc1,0.21320420993203318,0.5461897850036621
Breast Visium CID44971,arcimpute,camk1d,0.2248815842307033,0.3496520221233368
Breast Visium CID44971,arcimpute,spn,0.22076077344814007,0.3748633861541748
Breast Visium CID44971,arcimpute,arsa,0.2237395896269941,0.4759770929813385
Breast Visium CID44971,arcimpute,creb3l4,0.22325730839318683,0.524857223033905
Breast Visium CID44971,arcimpute,col18a1,0.19376018181723484,0.8168429136276245
Breast Visium CID44971,arcimpute,camk4,0.21325763177620327,0.3008423447608948
Breast Visium CID44971,arcimpute,foxp1,0.2135764218158457,0.6347313523292542
Breast Visium CID44971,arcimpute,creb3l2,0.20093647017189067,0.6246049404144287
Breast Visium CID44971,arcimpute,fkbp2,0.2034088398278279,0.7490431666374207
Breast Visium CID44971,arcimpute,cd19,0.2304132776963291,0.24690234661102295
Breast Visium CID44971,arcimpute,cxcr5,0.19655219350902237,0.22202390432357788
Breast Visium CID44971,arcimpute,fgr,0.20045259926598544,0.33244088292121887
Breast Visium CID44971,arcimpute,grb2,0.19820466789567792,0.650499701499939
Breast Visium CID44971,arcimpute,hcfc1r1,0.1963611145229751,0.6532988548278809
Breast Visium CID44971,arcimpute,sptbn1,0.189764016849131,0.7935386896133423
Breast Visium CID44971,arcimpute,ctsw,0.18609541609310984,0.3017180860042572
Breast Visium CID44971,arcimpute,bcl11b,0.18457011669554946,0.359173059463501
Breast Visium CID44971,arcimpute,oxnad1,0.1682831001938287,0.3315541744232178
Breast Visium CID44971,arcimpute,col14a1,0.19283429755469977,0.4739392399787903
Breast Visium CID44971,arcimpute,mgst2,0.1899353680434078,0.4669785499572754
Breast Visium CID44971,arcimpute,mgat2,0.17894630820209284,0.4308856427669525
Breast Visium CID44971,arcimpute,mfap4,0.18254806371134225,0.43996959924697876
Breast Visium CID44971,arcimpute,pkig,0.17335534157573013,0.5872017741203308
Breast Visium CID44971,arcimpute,nusap1,0.17480255506989706,0.3915715515613556
Breast Visium CID44971,arcimpute,tinagl1,0.17800780976800915,0.6745734214782715
Breast Visium CID44971,arcimpute,ass1,0.16647998912158748,0.5533438324928284
Breast Visium CID44971,arcimpute,syvn1,0.18103188741254073,0.5623360872268677
Breast Visium CID44971,arcimpute,steap4,0.1840625993783702,0.3845481872558594
Breast Visium CID44971,arcimpute,kdr,0.1696632126909333,0.3267527222633362
Breast Visium CID44971,arcimpute,smc4,0.16489779984578518,0.5709975361824036
Breast Visium CID44971,arcimpute,fndc3a,0.1729132372772064,0.6241230368614197
Breast Visium CID44971,arcimpute,dok3,0.17209024536008885,0.24108709394931793
Breast Visium CID44971,arcimpute,nucb2,0.16689872624384894,0.4519372284412384
Breast Visium CID44971,arcimpute,vpreb3,0.1886786115309751,0.21943417191505432
Breast Visium CID44971,arcimpute,rgs10,0.17031923830765025,0.6614291667938232
Breast Visium CID44971,arcimpute,sytl1,0.16612453357545534,0.5510119199752808
Breast Visium CID44971,arcimpute,syk,0.16548205419644416,0.3695535659790039
Breast Visium CID44971,arcimpute,smim14,0.14026661670585758,0.5875929594039917
Breast Visium CID44971,arcimpute,dhfr,0.14601443277495574,0.4121468663215637
Breast Visium CID44971,arcimpute,rpl12,0.1733720643206157,0.9785241484642029
Breast Visium CID44971,arcimpute,cux1,0.16012696558683429,0.4608362019062042
Breast Visium CID44971,arcimpute,cd72,0.12873149128349604,0.25620144605636597
Breast Visium CID44971,arcimpute,erlec1,0.16996590728950195,0.6181691884994507
Breast Visium CID44971,arcimpute,rabac1,0.14527943195445306,0.774604856967926
Breast Visium CID44971,arcimpute,angpt2,0.16422009722656433,0.21712613105773926
Breast Visium CID44971,arcimpute,hoxd9,0.1843093177159939,0.30372217297554016
Breast Visium CID44971,arcimpute,glrx,0.14430699719255005,0.42394837737083435
Breast Visium CID44971,arcimpute,lims2,0.1404974835672304,0.4887634515762329
Breast Visium CID44971,arcimpute,sel1l,0.13046157424160443,0.5616457462310791
Breast Visium CID44971,arcimpute,lilrb3,0.13506248438068083,0.2447122037410736
Breast Visium CID44971,arcimpute,syt8,0.13749829351424359,0.4642404019832611
Breast Visium CID44971,arcimpute,scarb1,0.13540530243288887,0.5983468294143677
Breast Visium CID44971,arcimpute,bub3,0.12931828686133384,0.6362572908401489
Breast Visium CID44971,arcimpute,fosb,0.11495054899737275,0.6436470746994019
Breast Visium CID44971,arcimpute,pltp,0.11924201190084421,0.515273928642273
Breast Visium CID44971,arcimpute,asf1b,0.11296887617006252,0.30951789021492004
Breast Visium CID44971,arcimpute,fam111a,0.14579005233065456,0.4806756377220154
Breast Visium CID44971,arcimpute,tnik,0.1149249997853959,0.24657420814037323
Breast Visium CID44971,arcimpute,tnfrsf17,0.0887504245202987,0.14216755330562592
Breast Visium CID44971,arcimpute,phldb2,0.13082519329947306,0.3063332438468933
Breast Visium CID44971,arcimpute,oaz2,0.12368211645089229,0.5859709978103638
Breast Visium CID44971,arcimpute,themis,0.099434655097701,0.19571827352046967
Breast Visium CID44971,arcimpute,ctnnal1,0.1001117375160859,0.3107585906982422
Breast Visium CID44971,arcimpute,hlf,0.09122186351907521,0.2789856195449829
Breast Visium CID44971,arcimpute,klrg1,0.12341118358422246,0.22565941512584686
Breast Visium CID44971,arcimpute,hhex,0.0826049539731189,0.205983966588974
Breast Visium CID44971,arcimpute,st6galnac4,0.10005047118715657,0.2709660232067108
Breast Visium CID44971,arcimpute,sh2d1b,0.13421911757707283,0.14507895708084106
Breast Visium CID44971,arcimpute,eps8,0.09897409030506445,0.5056742429733276
Breast Visium CID44971,arcimpute,ccdc50,0.09891454393799895,0.5118474960327148
Breast Visium CID44971,arcimpute,lpcat4,0.10158060694905094,0.37749406695365906
Breast Visium CID44971,arcimpute,jakmip1,0.08680565803963305,0.13907849788665771
Breast Visium CID44971,arcimpute,sardh,0.0830590847083213,0.20439450442790985
Breast Visium CID44971,arcimpute,inpp1,0.07915573363535958,0.36087945103645325
Breast Visium CID44971,arcimpute,cbfa2t3,0.06454575725939778,0.2398471087217331
Breast Visium CID44971,arcimpute,arhgap1,0.11963573414979049,0.6814574003219604
Breast Visium CID44971,arcimpute,ptger2,0.0830396042957252,0.16354314982891083
Breast Visium CID44971,arcimpute,rps13,0.09327754374009979,0.97259920835495
Breast Visium CID44971,arcimpute,cblb,0.09005998579635764,0.3620947599411011
Breast Visium CID44971,arcimpute,fcer2,0.08770140962630064,0.13472874462604523
Breast Visium CID44971,arcimpute,hrct1,0.06538324445638555,0.1740410476922989
Breast Visium CID44971,arcimpute,fcrl1,0.09202307112323439,0.13984233140945435
Breast Visium CID44971,arcimpute,nmur1,0.06567174600392459,0.06760385632514954
Breast Visium CID44971,arcimpute,klrd1,0.048679449608785556,0.19568724930286407
Breast Visium CID44971,arcimpute,linc00926,0.09577262914199434,0.2399519681930542
Breast Visium CID44971,arcimpute,xcl1,0.04956275167812155,0.1667616218328476
Breast Visium CID44971,arcimpute,rgma,0.05546090106813777,0.43311232328414917
Breast Visium CID44971,arcimpute,faslg,0.04928445584955043,0.12269391864538193
Breast Visium CID44971,arcimpute,ncr1,0.0478849116243374,0.06937186419963837
Breast Visium CID44971,arcimpute,bag3,0.059731184194464264,0.4532940089702606
Breast Visium CID44971,arcimpute,arrb1,0.07352396880224157,0.3968714475631714
Breast Visium CID44971,arcimpute,txk,0.034571896056448635,0.08283168822526932
Breast Visium CID44971,arcimpute,znf385d,0.03405578694754216,0.1710771769285202
Breast Visium CID44971,arcimpute,tmigd2,0.03497060230012341,0.09195644408464432
Breast Visium CID44971,arcimpute,arl11,0.022577715233296405,0.11081407219171524
Breast Visium CID44971,arcimpute,bard1,0.0074177939280926945,0.2517198622226715
Breast Visium CID44971,arcimpute,arhgap24,0.026479428071576817,0.23022839426994324
Breast Visium CID44971,arcimpute,ca4,0.020470792231017748,0.10335968434810638
Breast Visium CID44971,arcimpute,rbpms2,0.0016646408639781874,0.14800740778446198
Breast Visium CID44971,arcimpute,snx22,0.020285300615528728,0.24659715592861176
Breast Visium CID44971,arcimpute,ppp2r5b,-0.008425118373641695,0.31601038575172424
Breast Visium CID44971,arcimpute,st6galnac2,-0.007129909651498763,0.041941087692976
Breast Visium CID44971,arcimpute,mt-nd4l,-0.011965452448750259,0.8494190573692322
Breast Visium CID44971,arcimpute,mt-atp6,-0.25291158654989637,0.9787726998329163
Breast Visium CID44971,arcimpute,dst,0.7117241635414924,0.8652935028076172
Breast Visium CID44971,arcimpute,azgp1,0.7090336479464456,0.8575296401977539
Breast Visium CID44971,arcimpute,hla-dra,0.7031049232572343,0.9549199342727661
Breast Visium CID44971,arcimpute,agr2,0.7114725009586511,0.8012334108352661
Breast Visium CID44971,arcimpute,col3a1,0.7204854602946335,0.9413142800331116
Breast Visium CID44971,arcimpute,hla-b,0.7034743048816453,0.9697961211204529
Breast Visium CID44971,arcimpute,col1a1,0.6681585732808307,0.9202675819396973
Breast Visium CID44971,arcimpute,c1qb,0.6528615189827811,0.8714506030082703
Breast Visium CID44971,arcimpute,crabp1,0.628645309729206,0.8918243646621704
Breast Visium CID44971,arcimpute,srgn,0.6359442450484785,0.8280520439147949
Breast Visium CID44971,arcimpute,hla-dqb1,0.6337890655420677,0.849809467792511
Breast Visium CID44971,arcimpute,pfn1,0.6005719552249301,0.9743093848228455
Breast Visium CID44971,arcimpute,mlph,0.5896872729654843,0.7048285603523254
Breast Visium CID44971,arcimpute,snrpe,0.5829519440544818,0.8912094831466675
Breast Visium CID44971,arcimpute,ldhb,0.5533023250655608,0.9471440315246582
Breast Visium CID44971,arcimpute,sparc,0.5606926255764827,0.9265425801277161
Breast Visium CID44971,arcimpute,snrpd1,0.5303006846293673,0.8001900911331177
Breast Visium CID44971,arcimpute,tspan7,0.496898845181064,0.5059577822685242
Breast Visium CID44971,arcimpute,sat1,0.5281016172243707,0.8920700550079346
Breast Visium CID44971,arcimpute,fxyd3,0.5244198693372646,0.8081163167953491
Breast Visium CID44971,arcimpute,arpc1b,0.5059620636421508,0.8127785921096802
Breast Visium CID44971,arcimpute,cd24,0.49832166319918203,0.9380670785903931
Breast Visium CID44971,arcimpute,col17a1,0.49665289313007216,0.7470315098762512
Breast Visium CID44971,arcimpute,grn,0.4956679422581846,0.8784958720207214
Breast Visium CID44971,arcimpute,ifi27,0.4886647364497392,0.8045336604118347
Breast Visium CID44971,arcimpute,serping1,0.4777609263664442,0.8322067856788635
Breast Visium CID44971,arcimpute,epcam,0.4871242957498722,0.8568142056465149
Breast Visium CID44971,arcimpute,rasal3,0.48183064188386476,0.5873429775238037
Breast Visium CID44971,arcimpute,cyba,0.4833430878080582,0.8587438464164734
Breast Visium CID44971,arcimpute,mdh2,0.45872238147084626,0.8525068759918213
Breast Visium CID44971,arcimpute,ighm,0.45261111800105114,0.736092746257782
Breast Visium CID44971,arcimpute,arf1,0.46985335667507505,0.9220886826515198
Breast Visium CID44971,arcimpute,dstn,0.4595795630386486,0.8986937403678894
Breast Visium CID44971,arcimpute,gapdh,0.45435083601945414,0.9846877455711365
Breast Visium CID44971,arcimpute,il2rg,0.4590327166058041,0.6019259691238403
Breast Visium CID44971,arcimpute,ppp1r14a,0.4284848344222817,0.6454569101333618
Breast Visium CID44971,arcimpute,plek,0.45816828299957174,0.5850964188575745
Breast Visium CID44971,arcimpute,epas1,0.4500807258914931,0.6394974589347839
Breast Visium CID44971,arcimpute,sell,0.4456399988019341,0.5313737988471985
Breast Visium CID44971,arcimpute,jun,0.4463183771856814,0.7772004008293152
Breast Visium CID44971,arcimpute,cxcl2,0.4390039368248107,0.5702852010726929
Breast Visium CID44971,arcimpute,col5a2,0.4451993068548612,0.7018231153488159
Breast Visium CID44971,arcimpute,cybb,0.4398387353275652,0.5953250527381897
Breast Visium CID44971,arcimpute,islr,0.41542668030767305,0.7367620468139648
Breast Visium CID44971,arcimpute,cd247,0.4292873652752396,0.5221346616744995
Breast Visium CID44971,arcimpute,tpm1,0.4221881646817845,0.8734637498855591
Breast Visium CID44971,arcimpute,aff3,0.4348540963255959,0.491749107837677
Breast Visium CID44971,arcimpute,hspg2,0.41503604449441583,0.8061918020248413
Breast Visium CID44971,arcimpute,srp9,0.4085885671676686,0.8683031797409058
Breast Visium CID44971,arcimpute,msr1,0.4220873227655721,0.5689937472343445
Breast Visium CID44971,arcimpute,il6st,0.41244139101836835,0.7546219825744629
Breast Visium CID44971,arcimpute,rps20,0.42202628049790336,0.9773723483085632
Breast Visium CID44971,arcimpute,hddc2,0.4120955968460544,0.7604076862335205
Breast Visium CID44971,arcimpute,stom,0.3950600865223532,0.7499261498451233
Breast Visium CID44971,arcimpute,zfp36,0.3853834340634468,0.8456249833106995
Breast Visium CID44971,arcimpute,ctsk,0.40034723417248197,0.6776577234268188
Breast Visium CID44971,arcimpute,s100a11,0.4020280127680207,0.9769076704978943
Breast Visium CID44971,arcimpute,tacstd2,0.39059864407056194,0.8189665675163269
Breast Visium CID44971,arcimpute,ifi16,0.4008478958379458,0.6556408405303955
Breast Visium CID44971,arcimpute,palld,0.3925131296172684,0.7183991074562073
Breast Visium CID44971,arcimpute,limd2,0.3915955739380748,0.6765710711479187
Breast Visium CID44971,arcimpute,capn8,0.3860926160026981,0.49765437841415405
Breast Visium CID44971,arcimpute,rpl34,0.3791758049130622,0.9812484979629517
Breast Visium CID44971,arcimpute,ybx1,0.37319877940412793,0.8784817457199097
Breast Visium CID44971,arcimpute,kif12,0.37121078381167,0.4632558226585388
Breast Visium CID44971,arcimpute,snrpd2,0.37373176771023836,0.9212107062339783
Breast Visium CID44971,arcimpute,dynlt1,0.37047644465026297,0.8276148438453674
Breast Visium CID44971,arcimpute,rpl27a,0.36432412545988846,0.9809027314186096
Breast Visium CID44971,arcimpute,gnai2,0.36732309632890725,0.8170974850654602
Breast Visium CID44971,arcimpute,cd63,0.36598088994356687,0.9412314891815186
Breast Visium CID44971,arcimpute,cd69,0.36382122824771146,0.4882919192314148
Breast Visium CID44971,arcimpute,il16,0.3612958798972361,0.5016058683395386
Breast Visium CID44971,arcimpute,cyr61,0.336567819972084,0.81199049949646
Breast Visium CID44971,arcimpute,linc00861,0.35087166644083534,0.394744336605072
Breast Visium CID44971,arcimpute,gas6,0.35349759959412336,0.802336573600769
Breast Visium CID44971,arcimpute,cd99,0.34516580087986115,0.7845383882522583
Breast Visium CID44971,arcimpute,aif1l,0.3421332893238546,0.6023205518722534
Breast Visium CID44971,arcimpute,gimap7,0.3549922316920817,0.4712669849395752
Breast Visium CID44971,arcimpute,serpinh1,0.33900617608045575,0.8445173501968384
Breast Visium CID44971,arcimpute,anxa3,0.3323463221165641,0.6491435170173645
Breast Visium CID44971,arcimpute,rpl35a,0.34132651376703094,0.970207929611206
Breast Visium CID44971,arcimpute,nutf2,0.34913034849815333,0.7286107540130615
Breast Visium CID44971,arcimpute,irf7,0.35042376338296227,0.5580962300300598
Breast Visium CID44971,arcimpute,eif1,0.3383591293774081,0.9519835114479065
Breast Visium CID44971,arcimpute,srpk1,0.3280460820068384,0.6513657569885254
Breast Visium CID44971,arcimpute,mt2a,0.31072693894346826,0.9730549454689026
Breast Visium CID44971,arcimpute,reep5,0.3415105971533127,0.7417568564414978
Breast Visium CID44971,arcimpute,dgka,0.3306639480364216,0.5087884664535522
Breast Visium CID44971,arcimpute,runx3,0.3394417003833512,0.48817169666290283
Breast Visium CID44971,arcimpute,cxcl16,0.3356415783503768,0.6298562288284302
Breast Visium CID44971,arcimpute,uqcrb,0.32640385755767715,0.9341380000114441
Breast Visium CID44971,arcimpute,aph1a,0.33203146018916474,0.7999259829521179
Breast Visium CID44971,arcimpute,tigit,0.33034387097606344,0.4561595916748047
Breast Visium CID44971,arcimpute,samhd1,0.3323347522401652,0.6993246078491211
Breast Visium CID44971,arcimpute,app,0.31506459487540545,0.8994144797325134
Breast Visium CID44971,arcimpute,pdia4,0.3087003395483659,0.7901553511619568
Breast Visium CID44971,arcimpute,map1b,0.32423537035983313,0.4632124602794647
Breast Visium CID44971,arcimpute,tnfrsf25,0.3071820926037665,0.46538594365119934
Breast Visium CID44971,arcimpute,ufc1,0.32178907774913845,0.7936745882034302
Breast Visium CID44971,arcimpute,dennd2d,0.33531513937548396,0.6075720191001892
Breast Visium CID44971,arcimpute,vps72,0.3190935910135499,0.6351523399353027
Breast Visium CID44971,arcimpute,kdelr2,0.31301821072235153,0.8349043130874634
Breast Visium CID44971,arcimpute,rasgrp2,0.31651186559115563,0.44795742630958557
Breast Visium CID44971,arcimpute,rnase1,0.3181981787963963,0.6747353672981262
Breast Visium CID44971,arcimpute,derl3,0.292260794501119,0.40233635902404785
Breast Visium CID44971,arcimpute,emb,0.31137155703253305,0.504244327545166
Breast Visium CID44971,arcimpute,tmem98,0.29338361466356777,0.49633458256721497
Breast Visium CID44971,arcimpute,rnaset2,0.3051316456087173,0.7458046078681946
Breast Visium CID44971,arcimpute,cldn5,0.3307822039554134,0.4391576051712036
Breast Visium CID44971,arcimpute,ppp1ca,0.3040592771725326,0.7957473993301392
Breast Visium CID44971,arcimpute,tmed9,0.29681536370555556,0.7469522356987
Breast Visium CID44971,arcimpute,mfge8,0.30011363266082886,0.8459984064102173
Breast Visium CID44971,arcimpute,fcgr2a,0.31810401894519436,0.5730960965156555
Breast Visium CID44971,arcimpute,il33,0.28437678818436724,0.34193843603134155
Breast Visium CID44971,arcimpute,btf3,0.2884165027972706,0.8865031003952026
Breast Visium CID44971,arcimpute,emp1,0.26812483050929564,0.5721323490142822
Breast Visium CID44971,arcimpute,reep6,0.30388098699463273,0.4285658895969391
Breast Visium CID44971,arcimpute,vps29,0.2773462787148125,0.7233089208602905
Breast Visium CID44971,arcimpute,cd79b,0.28705772414954517,0.39480000734329224
Breast Visium CID44971,arcimpute,rpl7,0.2832117789658406,0.975740373134613
Breast Visium CID44971,arcimpute,rasef,0.2765415610310442,0.4628232717514038
Breast Visium CID44971,arcimpute,plac9,0.26791831978780906,0.40816760063171387
Breast Visium CID44971,arcimpute,ptma,0.2695555932109885,0.9796862602233887
Breast Visium CID44971,arcimpute,myadm,0.2599207929229155,0.6772659420967102
Breast Visium CID44971,arcimpute,fam49b,0.2722392205279427,0.6171703934669495
Breast Visium CID44971,arcimpute,pmepa1,0.2953809626719298,0.6110719442367554
Breast Visium CID44971,arcimpute,tmed2,0.26743558479231005,0.829041600227356
Breast Visium CID44971,arcimpute,fcmr,0.25976057576318107,0.3627062439918518
Breast Visium CID44971,arcimpute,rnf130,0.2732062105511662,0.6895899772644043
Breast Visium CID44971,arcimpute,nedd9,0.26842443356175427,0.5629810690879822
Breast Visium CID44971,arcimpute,rps23,0.25804942510101264,0.9768522381782532
Breast Visium CID44971,arcimpute,cdk2ap2,0.25073431306553795,0.5812533497810364
Breast Visium CID44971,arcimpute,rpl15,0.25082746360928154,0.977341890335083
Breast Visium CID44971,arcimpute,golgb1,0.23487171841151527,0.6483561396598816
Breast Visium CID44971,arcimpute,prkch,0.2677112015247297,0.4648033678531647
Breast Visium CID44971,arcimpute,gem,0.24393336493425297,0.5316259264945984
Breast Visium CID44971,arcimpute,dok2,0.2541886002691356,0.40277811884880066
Breast Visium CID44971,arcimpute,c1orf54,0.2553109905046645,0.4164716303348541
Breast Visium CID44971,arcimpute,nr2f2,0.2167779606209996,0.5353935360908508
Breast Visium CID44971,arcimpute,cd40,0.25779575310008,0.43725723028182983
Breast Visium CID44971,arcimpute,ndufa4l2,0.259539676866276,0.41457924246788025
Breast Visium CID44971,arcimpute,rabep1,0.2619235507803095,0.5793212652206421
Breast Visium CID44971,arcimpute,mgll,0.2509220985723344,0.45681485533714294
Breast Visium CID44971,arcimpute,nes,0.24513053207262298,0.6196967959403992
Breast Visium CID44971,arcimpute,eif4b,0.2538549378629467,0.8697741031646729
Breast Visium CID44971,arcimpute,tpst2,0.23988543536318616,0.5008613467216492
Breast Visium CID44971,arcimpute,itm2a,0.24210729519712107,0.5634375810623169
Breast Visium CID44971,arcimpute,tspan13,0.23181433453364433,0.6086522936820984
Breast Visium CID44971,arcimpute,tmem173,0.2447919850621732,0.4830203652381897
Breast Visium CID44971,arcimpute,igf1,0.24073457733496084,0.49226826429367065
Breast Visium CID44971,arcimpute,abi3,0.22572244430391047,0.394658625125885
Breast Visium CID44971,arcimpute,tacc1,0.23526156814719004,0.5284423828125
Breast Visium CID44971,arcimpute,acbd6,0.23030464981738827,0.6022975444793701
Breast Visium CID44971,arcimpute,id2,0.22419561677442693,0.7038187384605408
Breast Visium CID44971,arcimpute,lrrc26,0.22211841672882882,0.3636152446269989
Breast Visium CID44971,arcimpute,rassf2,0.2276163740949739,0.47347721457481384
Breast Visium CID44971,arcimpute,eomes,0.22317837670454593,0.33256953954696655
Breast Visium CID44971,arcimpute,hm13,0.21984607272440967,0.7348418235778809
Breast Visium CID44971,arcimpute,h2afy,0.23719565306892243,0.755950927734375
Breast Visium CID44971,arcimpute,il3ra,0.21396515416911574,0.3376772403717041
Breast Visium CID44971,arcimpute,znf503,0.2131627374372879,0.36282995343208313
Breast Visium CID44971,arcimpute,rbp7,0.21266910341716017,0.3772468864917755
Breast Visium CID44971,arcimpute,rps25,0.22696502024692447,0.9789218902587891
Breast Visium CID44971,arcimpute,bcam,0.2161301226980197,0.5269355773925781
Breast Visium CID44971,arcimpute,phactr1,0.2050620865396565,0.3273172676563263
Breast Visium CID44971,arcimpute,dbnl,0.21998392736667666,0.622493326663971
Breast Visium CID44971,arcimpute,sdf2l1,0.22944170545926104,0.5316503643989563
Breast Visium CID44971,arcimpute,ednra,0.2016971106401204,0.34978869557380676
Breast Visium CID44971,arcimpute,ccpg1,0.19530290332198025,0.47481292486190796
Breast Visium CID44971,arcimpute,sod3,0.21600999540851665,0.31911495327949524
Breast Visium CID44971,arcimpute,nr2f1,0.1915912354893529,0.4879530370235443
Breast Visium CID44971,arcimpute,fbln5,0.22336053407496628,0.46588948369026184
Breast Visium CID44971,arcimpute,march1,0.21367392469018298,0.3787209093570709
Breast Visium CID44971,arcimpute,ier3,0.20842468475800546,0.7023798227310181
Breast Visium CID44971,arcimpute,pik3r3,0.20946789175418562,0.5668653249740601
Breast Visium CID44971,arcimpute,arid5b,0.20055868873084978,0.5310375094413757
Breast Visium CID44971,arcimpute,snrnp25,0.21468261112669343,0.5866195559501648
Breast Visium CID44971,arcimpute,fam177a1,0.1997764583448907,0.6022416949272156
Breast Visium CID44971,arcimpute,rhoh,0.1972222579641881,0.4220619201660156
Breast Visium CID44971,arcimpute,fam110d,0.21798886720047495,0.2548485994338989
Breast Visium CID44971,arcimpute,aqp3,0.16951061490404298,0.40877899527549744
Breast Visium CID44971,arcimpute,rps3a,0.18618133238409393,0.9839708209037781
Breast Visium CID44971,arcimpute,atp1a1,0.19577626558050476,0.8280775547027588
Breast Visium CID44971,arcimpute,hbegf,0.1832872586892085,0.3439390957355499
Breast Visium CID44971,arcimpute,krt81,0.17564624304103718,0.37161579728126526
Breast Visium CID44971,arcimpute,hla-dob,0.16322106256031513,0.3119666278362274
Breast Visium CID44971,arcimpute,klf6,0.20282247744090776,0.8580361008644104
Breast Visium CID44971,arcimpute,cisd2,0.17852097157339333,0.5509418845176697
Breast Visium CID44971,arcimpute,lmcd1,0.18384466437626418,0.4286949336528778
Breast Visium CID44971,arcimpute,rbm47,0.18070934356594273,0.6039183735847473
Breast Visium CID44971,arcimpute,leprotl1,0.1609914080819887,0.5606141090393066
Breast Visium CID44971,arcimpute,gpr65,0.17824789397765217,0.3097915053367615
Breast Visium CID44971,arcimpute,pnpla2,0.17538147146564365,0.6457006335258484
Breast Visium CID44971,arcimpute,traf4,0.15685118322373046,0.6954052448272705
Breast Visium CID44971,arcimpute,akap12,0.166228116079073,0.3310600519180298
Breast Visium CID44971,arcimpute,rapgef3,0.17121396422465743,0.3266490697860718
Breast Visium CID44971,arcimpute,ednrb,0.18513459159043488,0.32735884189605713
Breast Visium CID44971,arcimpute,ier2,0.16773245855219812,0.7819339036941528
Breast Visium CID44971,arcimpute,rps12,0.17114981275469945,0.9855161905288696
Breast Visium CID44971,arcimpute,pax5,0.17412997002967925,0.18534977734088898
Breast Visium CID44971,arcimpute,spcs3,0.17246691157571922,0.6799870133399963
Breast Visium CID44971,arcimpute,cyb561a3,0.15048100928941427,0.5265364646911621
Breast Visium CID44971,arcimpute,clmn,0.17103883440250425,0.4433872103691101
Breast Visium CID44971,arcimpute,usp28,0.1783438086699098,0.4683747887611389
Breast Visium CID44971,arcimpute,gnly,0.14052266794171508,0.30325424671173096
Breast Visium CID44971,arcimpute,acadvl,0.1543930224487904,0.8466218113899231
Breast Visium CID44971,arcimpute,mef2c,0.15053439524107273,0.3963383734226227
Breast Visium CID44971,arcimpute,mctp1,0.17206251957224356,0.2297975867986679
Breast Visium CID44971,arcimpute,rpa3,0.14057697584935663,0.5683183670043945
Breast Visium CID44971,arcimpute,tie1,0.13043392363232273,0.279346764087677
Breast Visium CID44971,arcimpute,ralgps2,0.1295228808130435,0.27938270568847656
Breast Visium CID44971,arcimpute,dusp4,0.15575466385371753,0.5414535403251648
Breast Visium CID44971,arcimpute,c1qtnf1,0.17612609532656706,0.3795752227306366
Breast Visium CID44971,arcimpute,syne1,0.15233247146841508,0.37284713983535767
Breast Visium CID44971,arcimpute,rps6,0.14022629891412305,0.978481650352478
Breast Visium CID44971,arcimpute,foxp3,0.14909639541707415,0.25843819975852966
Breast Visium CID44971,arcimpute,cpne5,0.16425992126917371,0.24814240634441376
Breast Visium CID44971,arcimpute,man2b1,0.13659408179042282,0.2324364185333252
Breast Visium CID44971,arcimpute,sec62,0.1358524005922509,0.6867762804031372
Breast Visium CID44971,arcimpute,xcl2,0.1335641621605692,0.23101231455802917
Breast Visium CID44971,arcimpute,trgc1,0.032508427778732495,0.09257689863443375
Breast Visium CID44971,arcimpute,tbx21,0.126172608015666,0.19363810122013092
Breast Visium CID44971,arcimpute,cdkn3,0.13165034261810676,0.32932743430137634
Breast Visium CID44971,arcimpute,slc3a2,0.12977039119196565,0.7306861877441406
Breast Visium CID44971,arcimpute,magi1,0.14525246576852752,0.4756205379962921
Breast Visium CID44971,arcimpute,znf331,0.13427284098566525,0.4165758788585663
Breast Visium CID44971,arcimpute,rcsd1,0.13942987771500615,0.4072697162628174
Breast Visium CID44971,arcimpute,stim1,0.15096267551421017,0.44758811593055725
Breast Visium CID44971,arcimpute,mir222hg,0.12799967157673411,0.2341735064983368
Breast Visium CID44971,arcimpute,parva,0.14192434754681063,0.5932979583740234
Breast Visium CID44971,arcimpute,tmem109,0.12150949258186182,0.5628836750984192
Breast Visium CID44971,arcimpute,nt5e,0.12551187216398602,0.22449760138988495
Breast Visium CID44971,arcimpute,dck,0.15526523314841376,0.49054577946662903
Breast Visium CID44971,arcimpute,myd88,0.12990504761766808,0.4692161977291107
Breast Visium CID44971,arcimpute,notch4,0.1366556945004019,0.36475786566734314
Breast Visium CID44971,arcimpute,map3k8,0.12040905015575079,0.3992774188518524
Breast Visium CID44971,arcimpute,foxs1,0.12595951188576693,0.17802727222442627
Breast Visium CID44971,arcimpute,gpihbp1,0.08467974107123956,0.1959725171327591
Breast Visium CID44971,arcimpute,rpl13a,0.1352056175427826,0.9890261888504028
Breast Visium CID44971,arcimpute,plekhf1,0.12194784650076318,0.31880852580070496
Breast Visium CID44971,arcimpute,fancb,0.09138640271868176,0.2005455046892166
Breast Visium CID44971,arcimpute,b4galt7,0.12174171410939602,0.3922160267829895
Breast Visium CID44971,arcimpute,tpt1,0.12358539268909234,0.9841116666793823
Breast Visium CID44971,arcimpute,dek,0.11170522080961265,0.7129011750221252
Breast Visium CID44971,arcimpute,dnajc1,0.1156837426312023,0.38881033658981323
Breast Visium CID44971,arcimpute,erg,0.1093450835984818,0.24145424365997314
Breast Visium CID44971,arcimpute,inpp4b,0.12715757324881075,0.3297536373138428
Breast Visium CID44971,arcimpute,plpp5,0.08978331501536971,0.45828312635421753
Breast Visium CID44971,arcimpute,taf15,0.12656156833142193,0.5938960313796997
Breast Visium CID44971,arcimpute,creld2,0.1058826574380423,0.4415190815925598
Breast Visium CID44971,arcimpute,cox4i2,0.14787110201100134,0.2345629334449768
Breast Visium CID44971,arcimpute,adgrg1,0.10318753086080476,0.6828142404556274
Breast Visium CID44971,arcimpute,pnoc,0.12266487019349459,0.15144865214824677
Breast Visium CID44971,arcimpute,tcl1a,0.0980584837374167,0.137705996632576
Breast Visium CID44971,arcimpute,cdc42ep3,0.10130869235721437,0.45563650131225586
Breast Visium CID44971,arcimpute,ttc38,0.09259292158842597,0.34746789932250977
Breast Visium CID44971,arcimpute,mei1,0.09621895637220292,0.17666222155094147
Breast Visium CID44971,arcimpute,hrc,0.06769381336243124,0.09827931970357895
Breast Visium CID44971,arcimpute,gucy1a2,0.14028952639661824,0.20057766139507294
Breast Visium CID44971,arcimpute,klrf1,0.09638819610815454,0.21565945446491241
Breast Visium CID44971,arcimpute,hsp90aa1,0.09299169221686439,0.943759560585022
Breast Visium CID44971,arcimpute,ccdc88a,0.10680061297916092,0.4303368330001831
Breast Visium CID44971,arcimpute,alox5,0.08938564716312523,0.33704522252082825
Breast Visium CID44971,arcimpute,spink2,0.08597113635579089,0.10824931412935257
Breast Visium CID44971,arcimpute,eaf2,0.08345762707373511,0.2065500020980835
Breast Visium CID44971,arcimpute,gapt,0.08991898084023965,0.20535527169704437
Breast Visium CID44971,arcimpute,snx29,0.08402140977663947,0.31874656677246094
Breast Visium CID44971,arcimpute,rasl12,0.09083498744699853,0.2657785415649414
Breast Visium CID44971,arcimpute,sh3pxd2b,0.06567509868134974,0.4193236827850342
Breast Visium CID44971,arcimpute,bach2,0.1273160875768035,0.24634677171707153
Breast Visium CID44971,arcimpute,shc1,0.08233194419627736,0.656943678855896
Breast Visium CID44971,arcimpute,rpl41,0.08323474468288332,0.9842535853385925
Breast Visium CID44971,arcimpute,ptpn4,0.07278711154828206,0.3256332278251648
Breast Visium CID44971,arcimpute,krt86,0.05460827280387114,0.24269062280654907
Breast Visium CID44971,arcimpute,fxyd6,0.09538142737426801,0.5268610119819641
Breast Visium CID44971,arcimpute,ephx1,0.06409200413531425,0.5641340613365173
Breast Visium CID44971,arcimpute,lyst,0.05212770151527042,0.2831942141056061
Breast Visium CID44971,arcimpute,rps27a,0.06848951756642346,0.9812800288200378
Breast Visium CID44971,arcimpute,capn12,0.06884182418930311,0.28421488404273987
Breast Visium CID44971,arcimpute,trg-as1,0.05990194473330272,0.150721475481987
Breast Visium CID44971,arcimpute,atp2b1,0.04746318423945905,0.5638825297355652
Breast Visium CID44971,arcimpute,ccr4,0.07846672267317945,0.09700879454612732
Breast Visium CID44971,arcimpute,cnr2,0.142175985202242,0.13650816679000854
Breast Visium CID44971,arcimpute,map3k7cl,0.071781923046928,0.15681183338165283
Breast Visium CID44971,arcimpute,arc,0.05669498934719515,0.13295403122901917
Breast Visium CID44971,arcimpute,ap1s2,0.06212615751108443,0.4748254120349884
Breast Visium CID44971,arcimpute,ighd,0.12047116082055163,0.1379031091928482
Breast Visium CID44971,arcimpute,linc01197,0.15816705135167014,0.13461187481880188
Breast Visium CID44971,arcimpute,abhd15,0.05137280623281913,0.24038587510585785
Breast Visium CID44971,arcimpute,rps5,0.03705347376967581,0.9647093415260315
Breast Visium CID44971,arcimpute,eef1a1,0.0236002606683413,0.9892449378967285
Breast Visium CID44971,arcimpute,or51e1,0.023490038722720423,0.05917077884078026
Breast Visium CID44971,arcimpute,znf808,0.010414842547888931,0.20602764189243317
Breast Visium CID44971,arcimpute,hspa1b,-0.000784764670084355,0.5798375606536865
Breast Visium CID44971,arcimpute,frmd3,-0.010905044743384029,0.17666447162628174
Breast Visium CID44971,arcimpute,tmsb4x,0.7368694156082005,0.9775919318199158
Breast Visium CID44971,arcimpute,hla-dpb1,0.6124203842168099,0.8856844305992126
Breast Visium CID44971,arcimpute,mt1x,0.6297718767753147,0.9049338102340698
Breast Visium CID44971,arcimpute,lyz,0.6242235155921626,0.8052021861076355
Breast Visium CID44971,arcimpute,sema3c,0.5928957575150103,0.7841988801956177
Breast Visium CID44971,arcimpute,mgst1,0.600999409446281,0.9121561646461487
Breast Visium CID44971,arcimpute,trbc1,0.579554859055439,0.7322815656661987
Breast Visium CID44971,arcimpute,vwf,0.5841222645501264,0.724852442741394
Breast Visium CID44971,arcimpute,fbxo32,0.5951317360727122,0.7891383767127991
Breast Visium CID44971,arcimpute,hla-dqa1,0.5730454340255714,0.7573025226593018
Breast Visium CID44971,arcimpute,abracl,0.5680824875107278,0.8440405130386353
Breast Visium CID44971,arcimpute,ccl5,0.5717802146456812,0.7553123235702515
Breast Visium CID44971,arcimpute,fcer1g,0.5646374461197471,0.7816150188446045
Breast Visium CID44971,arcimpute,cd53,0.5480771554058099,0.6738115549087524
Breast Visium CID44971,arcimpute,mrpl51,0.5450246038329734,0.9012346863746643
Breast Visium CID44971,arcimpute,pfdn2,0.5449319622205876,0.8355191349983215
Breast Visium CID44971,arcimpute,igfbp4,0.5371811583315204,0.9314890503883362
Breast Visium CID44971,arcimpute,cd68,0.5393509982807098,0.6876607537269592
Breast Visium CID44971,arcimpute,pfn2,0.543242143491917,0.8134375214576721
Breast Visium CID44971,arcimpute,lum,0.5139356062429962,0.8090232014656067
Breast Visium CID44971,arcimpute,rac2,0.5255987910709761,0.6672772169113159
Breast Visium CID44971,arcimpute,fkbp4,0.5081277966879604,0.8761698007583618
Breast Visium CID44971,arcimpute,s100a4,0.5077498323822974,0.7885732054710388
Breast Visium CID44971,arcimpute,cd3d,0.4970808144702509,0.6326269507408142
Breast Visium CID44971,arcimpute,dusp1,0.5029869968299927,0.8708351254463196
Breast Visium CID44971,arcimpute,cd48,0.4907174715631976,0.6053824424743652
Breast Visium CID44971,arcimpute,lsm4,0.4885868395191559,0.8351197242736816
Breast Visium CID44971,arcimpute,dusp2,0.49663805066331806,0.5466373562812805
Breast Visium CID44971,arcimpute,tpm2,0.4972568176378989,0.8713993430137634
Breast Visium CID44971,arcimpute,cd6,0.48011334377314985,0.6119909882545471
Breast Visium CID44971,arcimpute,hla-dma,0.4749144413668195,0.7166640162467957
Breast Visium CID44971,arcimpute,sparcl1,0.4666127326114764,0.8140233755111694
Breast Visium CID44971,arcimpute,txnl1,0.4563821956607211,0.8077144026756287
Breast Visium CID44971,arcimpute,ctsh,0.4702355154011178,0.7689082026481628
Breast Visium CID44971,arcimpute,cd3e,0.4591178609179523,0.6113346219062805
Breast Visium CID44971,arcimpute,csrp1,0.4610117072662958,0.8892703652381897
Breast Visium CID44971,arcimpute,zg16b,0.4533995205520329,0.5386682748794556
Breast Visium CID44971,arcimpute,plvap,0.4636393909432651,0.6386169791221619
Breast Visium CID44971,arcimpute,fcgr3a,0.4545670082412001,0.6528747081756592
Breast Visium CID44971,arcimpute,tpd52l1,0.4552706391424813,0.8313549757003784
Breast Visium CID44971,arcimpute,ca12,0.4441392735375314,0.548295259475708
Breast Visium CID44971,arcimpute,npc2,0.44807096868616275,0.8970929384231567
Breast Visium CID44971,arcimpute,mmp2,0.4358658481729389,0.7621161937713623
Breast Visium CID44971,arcimpute,prdx1,0.4343778686549368,0.9407434463500977
Breast Visium CID44971,arcimpute,prdx6,0.43655511196851793,0.876785397529602
Breast Visium CID44971,arcimpute,phb2,0.43011209892336616,0.8955937623977661
Breast Visium CID44971,arcimpute,gzma,0.4392005516143071,0.5314232110977173
Breast Visium CID44971,arcimpute,ikzf1,0.4168870985038527,0.5331937074661255
Breast Visium CID44971,arcimpute,cd7,0.4261061747385519,0.5488056540489197
Breast Visium CID44971,arcimpute,tnfaip3,0.4054282644809264,0.6137040257453918
Breast Visium CID44971,arcimpute,krt15,0.41555740321129103,0.885435938835144
Breast Visium CID44971,arcimpute,ms4a6a,0.40882140838894626,0.6550790071487427
Breast Visium CID44971,arcimpute,gmfg,0.4132184090172299,0.5907273292541504
Breast Visium CID44971,arcimpute,mpc2,0.4038392950218695,0.7438557147979736
Breast Visium CID44971,arcimpute,fgl2,0.3988236887856116,0.6207455396652222
Breast Visium CID44971,arcimpute,id3,0.40332122531262476,0.6181151270866394
Breast Visium CID44971,arcimpute,aqp1,0.42652941760575025,0.691650927066803
Breast Visium CID44971,arcimpute,itm2b,0.4051669085770062,0.960849404335022
Breast Visium CID44971,arcimpute,rpl36a,0.39171019899542875,0.963567316532135
Breast Visium CID44971,arcimpute,lgals9,0.3882119857418554,0.6113048791885376
Breast Visium CID44971,arcimpute,snx3,0.3785639970223124,0.8695155382156372
Breast Visium CID44971,arcimpute,ywhae,0.3983122727557612,0.8961288928985596
Breast Visium CID44971,arcimpute,wls,0.4023681544932369,0.5871530175209045
Breast Visium CID44971,arcimpute,spi1,0.4021215702644167,0.6017794609069824
Breast Visium CID44971,arcimpute,rbm17,0.3775431948340334,0.815962016582489
Breast Visium CID44971,arcimpute,ranbp1,0.3688910937366116,0.7182021737098694
Breast Visium CID44971,arcimpute,cd37,0.37951270993957303,0.5883983969688416
Breast Visium CID44971,arcimpute,ccl4,0.36638778822164786,0.5635222792625427
Breast Visium CID44971,arcimpute,cdh1,0.3679968721046433,0.7851213216781616
Breast Visium CID44971,arcimpute,junb,0.3763964363029305,0.7696921229362488
Breast Visium CID44971,arcimpute,cytip,0.36687922729429556,0.5129928588867188
Breast Visium CID44971,arcimpute,ssr4,0.3587965461867393,0.9339986443519592
Breast Visium CID44971,arcimpute,hcls1,0.3699794875493943,0.5713240504264832
Breast Visium CID44971,arcimpute,ran,0.36488039624791235,0.8780558109283447
Breast Visium CID44971,arcimpute,lgals3bp,0.37718022246012534,0.7639879584312439
Breast Visium CID44971,arcimpute,mfap2,0.34760241897257455,0.7231957912445068
Breast Visium CID44971,arcimpute,dmkn,0.3528471252521517,0.6287527084350586
Breast Visium CID44971,arcimpute,ppa1,0.35787012724425815,0.8509136438369751
Breast Visium CID44971,arcimpute,pdzk1ip1,0.350772050485045,0.5634528994560242
Breast Visium CID44971,arcimpute,itgb7,0.34481895073416324,0.4509737491607666
Breast Visium CID44971,arcimpute,eif3l,0.34795863100355434,0.8493601083755493
Breast Visium CID44971,arcimpute,oaz1,0.35001375070010576,0.9326756596565247
Breast Visium CID44971,arcimpute,loxl1,0.3250357563042267,0.49729040265083313
Breast Visium CID44971,arcimpute,btg2,0.35489808433611564,0.6372358798980713
Breast Visium CID44971,arcimpute,ccna2,0.34385518279476046,0.5084156394004822
Breast Visium CID44971,arcimpute,ucp2,0.33820134936363183,0.5885372757911682
Breast Visium CID44971,arcimpute,cd34,0.3250232336139386,0.44230595231056213
Breast Visium CID44971,arcimpute,actn4,0.34271346872543196,0.8631574511528015
Breast Visium CID44971,arcimpute,lyn,0.35545813366371287,0.5195151567459106
Breast Visium CID44971,arcimpute,cpvl,0.3464188071901005,0.5170283913612366
Breast Visium CID44971,arcimpute,batf,0.34288795300190295,0.5034976005554199
Breast Visium CID44971,arcimpute,hspa5,0.3425851226112621,0.8181391954421997
Breast Visium CID44971,arcimpute,cdk1,0.33413458285513553,0.5316435694694519
Breast Visium CID44971,arcimpute,pstpip1,0.34910680401276495,0.4711590111255646
Breast Visium CID44971,arcimpute,tmc4,0.32510633126210964,0.4949520230293274
Breast Visium CID44971,arcimpute,gja4,0.32892606017002024,0.39033830165863037
Breast Visium CID44971,arcimpute,cd27,0.34128026912489023,0.46763452887535095
Breast Visium CID44971,arcimpute,saraf,0.3201179085119323,0.7989727258682251
Breast Visium CID44971,arcimpute,sla,0.33192317437011326,0.5072277188301086
Breast Visium CID44971,arcimpute,cd59,0.312172082819678,0.8965908885002136
Breast Visium CID44971,arcimpute,slc9a3r1,0.3160788689045295,0.7610339522361755
Breast Visium CID44971,arcimpute,sh3yl1,0.31715993194402703,0.6797633171081543
Breast Visium CID44971,arcimpute,col4a2,0.298279334678294,0.833911120891571
Breast Visium CID44971,arcimpute,adam12,0.31228585181541757,0.5202195048332214
Breast Visium CID44971,arcimpute,pdgfrb,0.3171768283213877,0.5908924341201782
Breast Visium CID44971,arcimpute,atp1b1,0.30884731265730075,0.7079026103019714
Breast Visium CID44971,arcimpute,socs1,0.3184431933299648,0.5352655053138733
Breast Visium CID44971,arcimpute,slamf7,0.3018078308083163,0.4432980716228485
Breast Visium CID44971,arcimpute,krtcap2,0.30967663245091026,0.7851347923278809
Breast Visium CID44971,arcimpute,krt8,0.2953799868625682,0.8558225035667419
Breast Visium CID44971,arcimpute,sash3,0.2985922982488232,0.4053058326244354
Breast Visium CID44971,arcimpute,arrb2,0.3026683946026364,0.5498055219650269
Breast Visium CID44971,arcimpute,lman2,0.3045015288453102,0.7308169603347778
Breast Visium CID44971,arcimpute,cflar,0.3107359013968736,0.7069931626319885
Breast Visium CID44971,arcimpute,shroom3,0.2938080755876489,0.5125942230224609
Breast Visium CID44971,arcimpute,apobec3g,0.30882700829664456,0.48845282196998596
Breast Visium CID44971,arcimpute,cap1,0.30550717900874336,0.8079333305358887
Breast Visium CID44971,arcimpute,olfml3,0.30030383669682054,0.5811067223548889
Breast Visium CID44971,arcimpute,spry1,0.2981318824972265,0.5762938261032104
Breast Visium CID44971,arcimpute,rnase4,0.28605773500309034,0.45212286710739136
Breast Visium CID44971,arcimpute,ptafr,0.29755807708022963,0.3755165636539459
Breast Visium CID44971,arcimpute,dusp6,0.3074042264861404,0.6503157019615173
Breast Visium CID44971,arcimpute,ggt5,0.25095170790683136,0.5553746819496155
Breast Visium CID44971,arcimpute,slc2a3,0.29373277114443624,0.4459541440010071
Breast Visium CID44971,arcimpute,zwint,0.27965613963802755,0.46908435225486755
Breast Visium CID44971,arcimpute,ctsf,0.28400314811345256,0.5645426511764526
Breast Visium CID44971,arcimpute,impdh2,0.2931551892881296,0.7895833849906921
Breast Visium CID44971,arcimpute,atp6v0e1,0.2913854012630747,0.8190630674362183
Breast Visium CID44971,arcimpute,rpl22,0.26267072125827295,0.9755739569664001
Breast Visium CID44971,arcimpute,dkk3,0.2805170485711133,0.6120436191558838
Breast Visium CID44971,arcimpute,crip2,0.27352910530867053,0.7206571102142334
Breast Visium CID44971,arcimpute,cobl,0.27926910311006464,0.4297890067100525
Breast Visium CID44971,arcimpute,ddx39a,0.27686040314773425,0.6508280038833618
Breast Visium CID44971,arcimpute,trem2,0.2790216423919375,0.5242263674736023
Breast Visium CID44971,arcimpute,tespa1,0.27231852201100476,0.3118245005607605
Breast Visium CID44971,arcimpute,hla-doa,0.27018316609373155,0.4617438018321991
Breast Visium CID44971,arcimpute,arhgdia,0.2606893712513274,0.8476799726486206
Breast Visium CID44971,arcimpute,stard10,0.2615578011195622,0.7587876915931702
Breast Visium CID44971,arcimpute,uba52,0.2612903147992874,0.9817758202552795
Breast Visium CID44971,arcimpute,adgrf5,0.27234508756805315,0.3969131410121918
Breast Visium CID44971,arcimpute,vmp1,0.26427240008416575,0.8733142018318176
Breast Visium CID44971,arcimpute,jam2,0.25877362510159185,0.3973117172718048
Breast Visium CID44971,arcimpute,manf,0.26242094734488447,0.6507339477539062
Breast Visium CID44971,arcimpute,prdx4,0.27321907608648355,0.6936546564102173
Breast Visium CID44971,arcimpute,ubc,0.2548866600656559,0.9512894153594971
Breast Visium CID44971,arcimpute,rps14,0.25488750403914373,0.9749937653541565
Breast Visium CID44971,arcimpute,rftn1,0.2589392241704345,0.44895753264427185
Breast Visium CID44971,arcimpute,fabp4,0.29081273265516727,0.4102116525173187
Breast Visium CID44971,arcimpute,sec11c,0.26437888633454487,0.700705349445343
Breast Visium CID44971,arcimpute,mall,0.23912373412645868,0.3448497951030731
Breast Visium CID44971,arcimpute,pycard,0.24653377390645162,0.73101806640625
Breast Visium CID44971,arcimpute,lat2,0.24225173642560696,0.38954177498817444
Breast Visium CID44971,arcimpute,cd36,0.27049437504615115,0.46045204997062683
Breast Visium CID44971,arcimpute,cd28,0.218870503609198,0.28386634588241577
Breast Visium CID44971,arcimpute,pak1,0.22969188430743478,0.5800080299377441
Breast Visium CID44971,arcimpute,msrb3,0.24288197392478697,0.4522208571434021
Breast Visium CID44971,arcimpute,tmem106c,0.22731104222639423,0.6422746181488037
Breast Visium CID44971,arcimpute,apold1,0.23813087310886913,0.5311468839645386
Breast Visium CID44971,arcimpute,wfdc1,0.27600543311902154,0.23992325365543365
Breast Visium CID44971,arcimpute,eif3h,0.23882346062647952,0.8167349100112915
Breast Visium CID44971,arcimpute,icos,0.23759203353443528,0.3212406635284424
Breast Visium CID44971,arcimpute,pilra,0.2434968033256099,0.40410229563713074
Breast Visium CID44971,arcimpute,comt,0.2296341681981169,0.7114967107772827
Breast Visium CID44971,arcimpute,fgd2,0.22397256718936373,0.3674696385860443
Breast Visium CID44971,arcimpute,filip1l,0.24244008753429172,0.40266916155815125
Breast Visium CID44971,arcimpute,hck,0.2316036282601268,0.3975317180156708
Breast Visium CID44971,arcimpute,dut,0.23085332290234123,0.7155826091766357
Breast Visium CID44971,arcimpute,samd3,0.2170101632491906,0.27595284581184387
Breast Visium CID44971,arcimpute,olfm1,0.2597177600500709,0.34759968519210815
Breast Visium CID44971,arcimpute,clec11a,0.24233296370049806,0.5467488765716553
Breast Visium CID44971,arcimpute,npm1,0.21770860196171896,0.8759666085243225
Breast Visium CID44971,arcimpute,mcm3,0.22324821254309554,0.6272913813591003
Breast Visium CID44971,arcimpute,igfbp2,0.22192058696710615,0.6381363272666931
Breast Visium CID44971,arcimpute,prc1,0.2119920347709255,0.404494047164917
Breast Visium CID44971,arcimpute,gpx3,0.23698452611402426,0.46042099595069885
Breast Visium CID44971,arcimpute,laptm4a,0.22209001828313926,0.8900434374809265
Breast Visium CID44971,arcimpute,plpp3,0.21105757370811165,0.6684470176696777
Breast Visium CID44971,arcimpute,mtus1,0.2082353480581742,0.4719504714012146
Breast Visium CID44971,arcimpute,tmem204,0.2096925214596346,0.4140947759151459
Breast Visium CID44971,arcimpute,rplp0,0.20888868031212068,0.983625590801239
Breast Visium CID44971,arcimpute,eid1,0.2092017680885217,0.6784279942512512
Breast Visium CID44971,arcimpute,pttg1,0.2020329020682431,0.5311266779899597
Breast Visium CID44971,arcimpute,hprt1,0.2194386268384943,0.5239580869674683
Breast Visium CID44971,arcimpute,lpp,0.21193387844565248,0.6001186966896057
Breast Visium CID44971,arcimpute,erp29,0.20322908489221986,0.7699406147003174
Breast Visium CID44971,arcimpute,cd22,0.20626607350146667,0.23299163579940796
Breast Visium CID44971,arcimpute,tmem160,0.2144477096961933,0.7346878051757812
Breast Visium CID44971,arcimpute,sh2d2a,0.21053642197941436,0.3432474732398987
Breast Visium CID44971,arcimpute,cav2,0.2054475483186972,0.6638909578323364
Breast Visium CID44971,arcimpute,aldh2,0.19328312717165785,0.45650196075439453
Breast Visium CID44971,arcimpute,rgs19,0.19905716827863087,0.5201808214187622
Breast Visium CID44971,arcimpute,hnrnpa0,0.1905002468923552,0.7685419917106628
Breast Visium CID44971,arcimpute,krt5,0.21672851319018757,0.8627104759216309
Breast Visium CID44971,arcimpute,mnda,0.2162152964163441,0.3487171232700348
Breast Visium CID44971,arcimpute,pbxip1,0.18434404762534273,0.6899584531784058
Breast Visium CID44971,arcimpute,derl1,0.1883821352365587,0.620998203754425
Breast Visium CID44971,arcimpute,lag3,0.20537276058874032,0.40545034408569336
Breast Visium CID44971,arcimpute,edn1,0.1871400214060554,0.3564196228981018
Breast Visium CID44971,arcimpute,crispld2,0.18962998757712643,0.527687668800354
Breast Visium CID44971,arcimpute,pced1b,0.17652146581879027,0.3620225787162781
Breast Visium CID44971,arcimpute,thbd,0.1844447970916437,0.3648231327533722
Breast Visium CID44971,arcimpute,atg3,0.18393384013524916,0.6117001175880432
Breast Visium CID44971,arcimpute,cdc37,0.181921400498223,0.7515239715576172
Breast Visium CID44971,arcimpute,ebf1,0.1891559283117004,0.3226654529571533
Breast Visium CID44971,arcimpute,tnfrsf9,0.18400765113891107,0.23343956470489502
Breast Visium CID44971,arcimpute,moxd1,0.20547754576507357,0.3319905400276184
Breast Visium CID44971,arcimpute,sorbs3,0.16910390534591183,0.5647673010826111
Breast Visium CID44971,arcimpute,glt8d2,0.1770341741148207,0.3882492780685425
Breast Visium CID44971,arcimpute,trat1,0.19637377154762764,0.25611838698387146
Breast Visium CID44971,arcimpute,rps24,0.1739578032295441,0.9699225425720215
Breast Visium CID44971,arcimpute,zbp1,0.14988437176365488,0.22247084975242615
Breast Visium CID44971,arcimpute,cd244,0.11446927091992175,0.15592777729034424
Breast Visium CID44971,arcimpute,myct1,0.14464872089806063,0.2255154550075531
Breast Visium CID44971,arcimpute,fam20a,0.17810018696963725,0.37028011679649353
Breast Visium CID44971,arcimpute,ehd4,0.13952683407618463,0.5158281326293945
Breast Visium CID44971,arcimpute,sox17,0.1791369260167528,0.2200724333524704
Breast Visium CID44971,arcimpute,slit3,0.16057757326941435,0.367818146944046
Breast Visium CID44971,arcimpute,h2afj,0.1589114210644441,0.7580122351646423
Breast Visium CID44971,arcimpute,ncaph,0.1414650348119224,0.2902226150035858
Breast Visium CID44971,arcimpute,p2ry6,0.1712526575433231,0.2751734256744385
Breast Visium CID44971,arcimpute,palmd,0.1606025881308129,0.3869325518608093
Breast Visium CID44971,arcimpute,rpl30,0.15237981905869477,0.9870254993438721
Breast Visium CID44971,arcimpute,tpst1,0.14437298371487475,0.34561556577682495
Breast Visium CID44971,arcimpute,tmem208,0.1467061607757199,0.5935259461402893
Breast Visium CID44971,arcimpute,sae1,0.15754896501808455,0.5433534979820251
Breast Visium CID44971,arcimpute,rps18,0.14367283897012467,0.9850307106971741
Breast Visium CID44971,arcimpute,s100a16,0.1412369706509631,0.7167981863021851
Breast Visium CID44971,arcimpute,h3f3b,0.1436045655151069,0.9431279301643372
Breast Visium CID44971,arcimpute,hsd17b8,0.1365345560910848,0.3189038038253784
Breast Visium CID44971,arcimpute,yeats4,0.15224839288931594,0.4192274808883667
Breast Visium CID44971,arcimpute,nrp1,0.14885397508661774,0.48527032136917114
Breast Visium CID44971,arcimpute,ptk2,0.13850041245771708,0.6036113500595093
Breast Visium CID44971,arcimpute,ptpn22,0.13402720048854438,0.28571704030036926
Breast Visium CID44971,arcimpute,uba2,0.14710008096049726,0.6502249836921692
Breast Visium CID44971,arcimpute,st6galnac3,0.13270634970036405,0.17233239114284515
Breast Visium CID44971,arcimpute,atf3,0.14779301061005654,0.6028684377670288
Breast Visium CID44971,arcimpute,lmnb1,0.135835817383583,0.37570101022720337
Breast Visium CID44971,arcimpute,sgce,0.1385944211139708,0.4000430107116699
Breast Visium CID44971,arcimpute,lyl1,0.1485809548766604,0.27806663513183594
Breast Visium CID44971,arcimpute,hpgd,0.128804434086338,0.31943440437316895
Breast Visium CID44971,arcimpute,pgf,0.12924035062183944,0.35328760743141174
Breast Visium CID44971,arcimpute,clec4a,0.15281089118291016,0.2853206992149353
Breast Visium CID44971,arcimpute,dad1,0.12706094867498993,0.7099397778511047
Breast Visium CID44971,arcimpute,arhgap31,0.1266305182116411,0.37182876467704773
Breast Visium CID44971,arcimpute,arhgap18,0.1164341726352515,0.44245287775993347
Breast Visium CID44971,arcimpute,kcnj8,0.14673448789238974,0.3111639618873596
Breast Visium CID44971,arcimpute,txndc11,0.1190617479013281,0.46051880717277527
Breast Visium CID44971,arcimpute,slfn12l,0.1012171001660184,0.15445959568023682
Breast Visium CID44971,arcimpute,ldb2,0.11773537534659943,0.2718185484409332
Breast Visium CID44971,arcimpute,gjc1,0.12825423495670435,0.2616700530052185
Breast Visium CID44971,arcimpute,gzmh,0.1194009677464034,0.25472086668014526
Breast Visium CID44971,arcimpute,btnl9,0.12511297077494743,0.33276352286338806
Breast Visium CID44971,arcimpute,ldlrad4,0.11522829176954283,0.4470105469226837
Breast Visium CID44971,arcimpute,fam96a,0.09539950369590411,0.5273633003234863
Breast Visium CID44971,arcimpute,mkl2,0.12236341092740964,0.48478105664253235
Breast Visium CID44971,arcimpute,chst12,0.07271387163432151,0.3723464012145996
Breast Visium CID44971,arcimpute,pdgfrl,0.0888926708623084,0.282863587141037
Breast Visium CID44971,arcimpute,nostrin,0.11263816023333345,0.26898840069770813
Breast Visium CID44971,arcimpute,tnfsf14,0.09201569438877684,0.1653294712305069
Breast Visium CID44971,arcimpute,pbx4,0.07190195244137339,0.19739077985286713
Breast Visium CID44971,arcimpute,fam167b,0.06420795971098366,0.20861117541790009
Breast Visium CID44971,arcimpute,rasl11a,0.06381070760408748,0.09202008694410324
Breast Visium CID44971,arcimpute,egflam,0.07016323625770093,0.25117674469947815
Breast Visium CID44971,arcimpute,ehf,0.0819315323476598,0.22588181495666504
Breast Visium CID44971,arcimpute,stag3,0.07734775866386481,0.20176079869270325
Breast Visium CID44971,arcimpute,ccr6,0.06834924469646517,0.19511254131793976
Breast Visium CID44971,arcimpute,blnk,0.05610281289507121,0.30813470482826233
Breast Visium CID44971,arcimpute,tmem154,0.06947057999771467,0.21718771755695343
Breast Visium CID44971,arcimpute,ldlrap1,0.08853772877374426,0.38540828227996826
Breast Visium CID44971,arcimpute,ube2j1,0.06007241322633405,0.522159993648529
Breast Visium CID44971,arcimpute,mmp25-as1,0.07656354899509003,0.29332607984542847
Breast Visium CID44971,arcimpute,b3gnt7,0.031099624695610676,0.17512938380241394
Breast Visium CID44971,arcimpute,arl15,0.054263473076523724,0.2666989266872406
Breast Visium CID44971,arcimpute,lilra4,0.07509208319643454,0.15017741918563843
Breast Visium CID44971,arcimpute,cep112,0.04399209755317834,0.15981662273406982
Breast Visium CID44971,arcimpute,rfc3,0.05193084089728861,0.3091309070587158
Breast Visium CID44971,arcimpute,ppp1r15a,0.038904577453215156,0.5014234781265259
Breast Visium CID44971,arcimpute,cd160,0.019423324553386044,0.07918146997690201
Breast Visium CID44971,arcimpute,stard3nl,0.057304882076393004,0.38215675950050354
Breast Visium CID44971,arcimpute,cenpk,0.02324773256184391,0.23203794658184052
Breast Visium CID44971,arcimpute,epb41l4a,0.03230514347574625,0.19655881822109222
Breast Visium CID44971,arcimpute,tnfsf8,0.024791399771562233,0.08957020938396454
Breast Visium CID44971,arcimpute,trdc,0.05579746708553218,0.14093033969402313
Breast Visium CID44971,arcimpute,sarm1,0.05000326083305312,0.2848605513572693
Breast Visium CID44971,arcimpute,ankrd29,0.04336087200361812,0.25645914673805237
Breast Visium CID44971,arcimpute,ncr3,0.03244928393969837,0.0902399867773056
Breast Visium CID44971,arcimpute,rps27,0.012746226345355886,0.9862112402915955
Breast Visium CID44971,arcimpute,clspn,0.010137287885309732,0.10818595439195633
Breast Visium CID44971,arcimpute,ttll10,-0.0021435850386431424,0.08091665804386139
Breast Visium CID44971,arcimpute,sytl3,-0.0022553774755793743,0.2151007503271103
Breast Visium CID44971,arcimpute,ankrd28,-0.018205181552036157,0.46568188071250916
Breast Visium CID44971,arcimpute,rpl8,-0.03303309090901084,0.9799913167953491
Breast Visium CID44971,arcimpute,hspa1a,-0.057472283520630905,0.8004152178764343
Breast Visium CID44971,arcimpute,mt-atp8,-0.08698951953492609,0.6527284383773804
Breast Visium CID44971,arcimpute,mt-co3,-0.26083415315742137,0.9823642373085022
Breast Visium CID44971,arcimpute,stmn1,0.6727130733528358,0.9215759634971619
Breast Visium CID44971,arcimpute,strap,0.6586244437811609,0.8992360234260559
Breast Visium CID44971,arcimpute,laptm5,0.6339014644479118,0.8531753420829773
Breast Visium CID44971,arcimpute,hla-c,0.6294631011641899,0.9538639187812805
Breast Visium CID44971,arcimpute,pigr,0.6222112337596606,0.6512637734413147
Breast Visium CID44971,arcimpute,agr3,0.6101681796784163,0.6782393455505371
Breast Visium CID44971,arcimpute,itgb2,0.6165845097011216,0.7944015264511108
Breast Visium CID44971,arcimpute,dcdc2,0.6008776871204209,0.6252933740615845
Breast Visium CID44971,arcimpute,hla-drb1,0.6193033946649302,0.877734899520874
Breast Visium CID44971,arcimpute,cd52,0.608792702846783,0.7651522159576416
Breast Visium CID44971,arcimpute,ltb,0.5980680943279522,0.7017734050750732
Breast Visium CID44971,arcimpute,tyrobp,0.6030106033935014,0.833454966545105
Breast Visium CID44971,arcimpute,dcn,0.6060910449069582,0.8977171778678894
Breast Visium CID44971,arcimpute,cst3,0.5861472919357404,0.9317154884338379
Breast Visium CID44971,arcimpute,areg,0.5618821825319833,0.6215665340423584
Breast Visium CID44971,arcimpute,il7r,0.5675075032619853,0.6954423189163208
Breast Visium CID44971,arcimpute,mlf2,0.5417742309980581,0.8926457762718201
Breast Visium CID44971,arcimpute,oxtr,0.5495629943925892,0.6780323386192322
Breast Visium CID44971,arcimpute,lsp1,0.5373019122336283,0.7221156358718872
Breast Visium CID44971,arcimpute,tbx3,0.5184604439398475,0.6078082919120789
Breast Visium CID44971,arcimpute,bgn,0.5210088161838118,0.8062187433242798
Breast Visium CID44971,arcimpute,rheb,0.5229144749033591,0.86139976978302
Breast Visium CID44971,arcimpute,myh11,0.5655074906126163,0.719147264957428
Breast Visium CID44971,arcimpute,tuba1b,0.5088099235023583,0.9551792740821838
Breast Visium CID44971,arcimpute,sh3bgrl3,0.5098761191114694,0.9240067601203918
Breast Visium CID44971,arcimpute,col6a1,0.497655846497692,0.8924185037612915
Breast Visium CID44971,arcimpute,klf2,0.49857662425698746,0.7326926589012146
Breast Visium CID44971,arcimpute,eng,0.4888779185960554,0.7413395047187805
Breast Visium CID44971,arcimpute,pebp1,0.49775748389065927,0.9091119170188904
Breast Visium CID44971,arcimpute,psmb9,0.5108934197733782,0.7344995141029358
Breast Visium CID44971,arcimpute,ndufs5,0.479017700352862,0.9233543276786804
Breast Visium CID44971,arcimpute,arpc1a,0.47992485744780433,0.811704695224762
Breast Visium CID44971,arcimpute,s100a1,0.45652149383303736,0.498508483171463
Breast Visium CID44971,arcimpute,cd79a,0.4798294257641194,0.5446678400039673
Breast Visium CID44971,arcimpute,lgals3,0.4592450985288983,0.8162956833839417
Breast Visium CID44971,arcimpute,fstl1,0.44651664838415267,0.7598445415496826
Breast Visium CID44971,arcimpute,ccr7,0.4379218554743722,0.5129730701446533
Breast Visium CID44971,arcimpute,nkg7,0.4333548243569767,0.5795419812202454
Breast Visium CID44971,arcimpute,jtb,0.44783492589880225,0.8987252712249756
Breast Visium CID44971,arcimpute,ndufb4,0.4471006375497681,0.8814027309417725
Breast Visium CID44971,arcimpute,errfi1,0.43541718009255687,0.7469123601913452
Breast Visium CID44971,arcimpute,h3f3a,0.4345421843067414,0.9733560085296631
Breast Visium CID44971,arcimpute,pcna,0.42903670918747705,0.7758231163024902
Breast Visium CID44971,arcimpute,mrps21,0.4472403840330133,0.8756865859031677
Breast Visium CID44971,arcimpute,maged2,0.41855549895306293,0.8086189031600952
Breast Visium CID44971,arcimpute,cxcl12,0.4383522687227786,0.7382519841194153
Breast Visium CID44971,arcimpute,tbc1d9,0.4251766807249292,0.6138913631439209
Breast Visium CID44971,arcimpute,actn1,0.4266132537218026,0.8256288170814514
Breast Visium CID44971,arcimpute,mpeg1,0.40582616678980243,0.5747857689857483
Breast Visium CID44971,arcimpute,ncf1,0.4196552603422802,0.596301794052124
Breast Visium CID44971,arcimpute,csf1r,0.4004962125463985,0.6463439464569092
Breast Visium CID44971,arcimpute,aldh7a1,0.40089315809614867,0.6732591986656189
Breast Visium CID44971,arcimpute,mxra5,0.4254553670467846,0.6963204145431519
Breast Visium CID44971,arcimpute,spock2,0.41541228241511,0.6348090767860413
Breast Visium CID44971,arcimpute,a2m,0.4249291420878569,0.9191431403160095
Breast Visium CID44971,arcimpute,sumo1,0.4018390917447519,0.7676253914833069
Breast Visium CID44971,arcimpute,ssu72,0.40573443875891285,0.8515070080757141
Breast Visium CID44971,arcimpute,camta1,0.40419596207497926,0.7938164472579956
Breast Visium CID44971,arcimpute,cd4,0.38400511911560253,0.5868085622787476
Breast Visium CID44971,arcimpute,perp,0.41114825564227675,0.8983227014541626
Breast Visium CID44971,arcimpute,spdef,0.3973826607839402,0.6471260190010071
Breast Visium CID44971,arcimpute,acta2,0.4533176963682642,0.9308661222457886
Breast Visium CID44971,arcimpute,cmas,0.3941702968545775,0.7129985690116882
Breast Visium CID44971,arcimpute,gng11,0.3915307141784971,0.5072132349014282
Breast Visium CID44971,arcimpute,hspb1,0.38956577867722214,0.9100230932235718
Breast Visium CID44971,arcimpute,scpep1,0.388588548759808,0.7577842473983765
Breast Visium CID44971,arcimpute,c1s,0.38127992523363785,0.8126519918441772
Breast Visium CID44971,arcimpute,anxa1,0.37630321469488054,0.811482846736908
Breast Visium CID44971,arcimpute,sec61b,0.37294898515054936,0.8709603548049927
Breast Visium CID44971,arcimpute,snrpc,0.37120629641360253,0.7974051237106323
Breast Visium CID44971,arcimpute,cd83,0.3822978605097948,0.5247645378112793
Breast Visium CID44971,arcimpute,pcolce,0.4021860585609272,0.663689374923706
Breast Visium CID44971,arcimpute,tnfsf11,0.36417475448332187,0.4114091992378235
Breast Visium CID44971,arcimpute,sdc1,0.3673461206359298,0.8454785346984863
Breast Visium CID44971,arcimpute,neat1,0.36799442671268934,0.8740975260734558
Breast Visium CID44971,arcimpute,emcn,0.36144151502534605,0.44782963395118713
Breast Visium CID44971,arcimpute,lilrb4,0.34531864549501234,0.4788743853569031
Breast Visium CID44971,arcimpute,sec61g,0.3269690133903641,0.833342432975769
Breast Visium CID44971,arcimpute,nhp2,0.36137733119459364,0.8209105730056763
Breast Visium CID44971,arcimpute,cnn3,0.3488180018304835,0.6973121166229248
Breast Visium CID44971,arcimpute,prnp,0.35078956772085174,0.7278074622154236
Breast Visium CID44971,arcimpute,eif3d,0.3495363575975776,0.7061672210693359
Breast Visium CID44971,arcimpute,il2rb,0.37407515575528777,0.4721609354019165
Breast Visium CID44971,arcimpute,dynlrb1,0.3392258050270587,0.8328140377998352
Breast Visium CID44971,arcimpute,pkm,0.35567278754824083,0.8591440320014954
Breast Visium CID44971,arcimpute,cdh11,0.33877768255597573,0.5453026294708252
Breast Visium CID44971,arcimpute,calm3,0.33876734411525716,0.8025732636451721
Breast Visium CID44971,arcimpute,gsn,0.32022533663902647,0.911023736000061
Breast Visium CID44971,arcimpute,traf3ip3,0.3345052622389816,0.5143142938613892
Breast Visium CID44971,arcimpute,hebp1,0.34260157023308013,0.7170081734657288
Breast Visium CID44971,arcimpute,rarres2,0.3366065741288244,0.6498337388038635
Breast Visium CID44971,arcimpute,dsp,0.34175217236971595,0.8442105650901794
Breast Visium CID44971,arcimpute,mt1e,0.367029429125087,0.895911693572998
Breast Visium CID44971,arcimpute,psmb8,0.3466897350329996,0.6861568093299866
Breast Visium CID44971,arcimpute,tmem176b,0.3226084608915029,0.6141588091850281
Breast Visium CID44971,arcimpute,isg20,0.3313900127076982,0.5780372023582458
Breast Visium CID44971,arcimpute,csnk1a1,0.33584476308673744,0.7856008410453796
Breast Visium CID44971,arcimpute,pcbp2,0.33035208621998124,0.9388359785079956
Breast Visium CID44971,arcimpute,krt14,0.32818309888185554,0.8191657066345215
Breast Visium CID44971,arcimpute,fbln2,0.33481772485108074,0.5743135809898376
Breast Visium CID44971,arcimpute,pdgfa,0.32446533315196974,0.5579848289489746
Breast Visium CID44971,arcimpute,jaml,0.3121119233244021,0.44494113326072693
Breast Visium CID44971,arcimpute,polr2i,0.3060894176090003,0.7932833433151245
Breast Visium CID44971,arcimpute,fam210b,0.3202010193465166,0.7545730471611023
Breast Visium CID44971,arcimpute,mad2l1,0.31894677099051566,0.5407453179359436
Breast Visium CID44971,arcimpute,rpsa,0.3030703922829787,0.9779318571090698
Breast Visium CID44971,arcimpute,ddx5,0.3053151341729299,0.9133234620094299
Breast Visium CID44971,arcimpute,ehd2,0.30890736693084064,0.6124640107154846
Breast Visium CID44971,arcimpute,cxcl13,0.3348928823508843,0.4482394754886627
Breast Visium CID44971,arcimpute,esam,0.305238826475468,0.40238523483276367
Breast Visium CID44971,arcimpute,arpc3,0.3095874093703663,0.8653032183647156
Breast Visium CID44971,arcimpute,tcea1,0.29396604278568805,0.6908613443374634
Breast Visium CID44971,arcimpute,cnpy3,0.29923377569227205,0.6525596380233765
Breast Visium CID44971,arcimpute,pmp22,0.30156628333151214,0.6565043926239014
Breast Visium CID44971,arcimpute,adgre5,0.31166816306182726,0.5502740740776062
Breast Visium CID44971,arcimpute,sept11,0.3006504190989205,0.6433272957801819
Breast Visium CID44971,arcimpute,ptprb,0.30131887598241536,0.3454541563987732
Breast Visium CID44971,arcimpute,adamts1,0.29801475450732684,0.6127272844314575
Breast Visium CID44971,arcimpute,adam15,0.2879709477362214,0.7518234252929688
Breast Visium CID44971,arcimpute,lifr,0.3114632146960451,0.4851423501968384
Breast Visium CID44971,arcimpute,was,0.29578658165806965,0.42863619327545166
Breast Visium CID44971,arcimpute,itm2c,0.3164865791222573,0.5823878645896912
Breast Visium CID44971,arcimpute,pim2,0.3147294238806555,0.4481634795665741
Breast Visium CID44971,arcimpute,rps21,0.2662946464054442,0.9862782955169678
Breast Visium CID44971,arcimpute,tnfrsf4,0.2977830454332701,0.4670623540878296
Breast Visium CID44971,arcimpute,cald1,0.30039972945408694,0.8398923277854919
Breast Visium CID44971,arcimpute,csta,0.3315220739260296,0.7106905579566956
Breast Visium CID44971,arcimpute,cd8b,0.2809286226046378,0.39086273312568665
Breast Visium CID44971,arcimpute,coa3,0.27885400763531365,0.6881172060966492
Breast Visium CID44971,arcimpute,jak1,0.27765255399317357,0.7023522853851318
Breast Visium CID44971,arcimpute,cd86,0.29039416816819047,0.3938691318035126
Breast Visium CID44971,arcimpute,pea15,0.28154663207329667,0.7213428020477295
Breast Visium CID44971,arcimpute,spcs1,0.2751013399400673,0.7967066168785095
Breast Visium CID44971,arcimpute,rpl10a,0.2589565685000962,0.9607024788856506
Breast Visium CID44971,arcimpute,ncf4,0.2930443919945035,0.3955601453781128
Breast Visium CID44971,arcimpute,kctd12,0.29046734159580356,0.6482810378074646
Breast Visium CID44971,arcimpute,pdcd1,0.2779345861069069,0.3525630831718445
Breast Visium CID44971,arcimpute,hsh2d,0.30003833663741825,0.3731369078159332
Breast Visium CID44971,arcimpute,kifc1,0.27240645303271716,0.41468024253845215
Breast Visium CID44971,arcimpute,nfic,0.2747803382350525,0.6691511273384094
Breast Visium CID44971,arcimpute,c3ar1,0.25415689075069375,0.43736532330513
Breast Visium CID44971,arcimpute,ptp4a3,0.24988551540433784,0.4194613993167877
Breast Visium CID44971,arcimpute,rpl6,0.24989383357961908,0.9618324041366577
Breast Visium CID44971,arcimpute,dnajc9,0.2507264415911519,0.5616316795349121
Breast Visium CID44971,arcimpute,lef1,0.26841842388304143,0.3778626322746277
Breast Visium CID44971,arcimpute,emp2,0.25527529252085834,0.6455303430557251
Breast Visium CID44971,arcimpute,ltbp4,0.25778967791546326,0.5535826683044434
Breast Visium CID44971,arcimpute,mafb,0.26911197230160044,0.6686286330223083
Breast Visium CID44971,arcimpute,prf1,0.24953622412638196,0.39247679710388184
Breast Visium CID44971,arcimpute,mzb1,0.3018373692188092,0.4907650053501129
Breast Visium CID44971,arcimpute,rps11,0.2539208553725305,0.9875585436820984
Breast Visium CID44971,arcimpute,spcs2,0.2583092650838018,0.7498819231987
Breast Visium CID44971,arcimpute,snx10,0.24628735754617267,0.4162682294845581
Breast Visium CID44971,arcimpute,cd248,0.2562723285323301,0.4890788197517395
Breast Visium CID44971,arcimpute,fpr1,0.25187336715842223,0.3269757628440857
Breast Visium CID44971,arcimpute,gzmb,0.275781629748278,0.40477654337882996
Breast Visium CID44971,arcimpute,prrx1,0.24935507963045622,0.5363821387290955
Breast Visium CID44971,arcimpute,tns1,0.2483648004170873,0.5597103834152222
Breast Visium CID44971,arcimpute,ly86,0.2340912815103642,0.3815363943576813
Breast Visium CID44971,arcimpute,glipr1,0.24253262705834921,0.5222349762916565
Breast Visium CID44971,arcimpute,pld4,0.24296696339161758,0.41300129890441895
Breast Visium CID44971,arcimpute,raly,0.2436439010272704,0.7755728363990784
Breast Visium CID44971,arcimpute,rps2,0.2372650166896087,0.9858593344688416
Breast Visium CID44971,arcimpute,st6gal1,0.2634389324165036,0.4839403033256531
Breast Visium CID44971,arcimpute,csrnp1,0.23964104791151522,0.522355318069458
Breast Visium CID44971,arcimpute,mki67,0.22659526659751753,0.4365561902523041
Breast Visium CID44971,arcimpute,srpx,0.2376663292505821,0.42792534828186035
Breast Visium CID44971,arcimpute,cracr2b,0.24348054776513614,0.6992896199226379
Breast Visium CID44971,arcimpute,rcn3,0.23250210464889043,0.4681154191493988
Breast Visium CID44971,arcimpute,ptpre,0.22995262753036014,0.41573089361190796
Breast Visium CID44971,arcimpute,p4hb,0.24298056167814716,0.9197134971618652
Breast Visium CID44971,arcimpute,meox2,0.2529324084960737,0.2980853021144867
Breast Visium CID44971,arcimpute,sla2,0.2470817547206305,0.3009628653526306
Breast Visium CID44971,arcimpute,rps6ka4,0.20955125862246574,0.45574209094047546
Breast Visium CID44971,arcimpute,pou2af1,0.2577678395388325,0.43743348121643066
Breast Visium CID44971,arcimpute,fcgrt,0.23650344377099297,0.6922764778137207
Breast Visium CID44971,arcimpute,scimp,0.21302778786617657,0.26698991656303406
Breast Visium CID44971,arcimpute,nexn,0.24350315645917853,0.4070517122745514
Breast Visium CID44971,arcimpute,tnfrsf18,0.22326944331994453,0.3259918987751007
Breast Visium CID44971,arcimpute,snx2,0.22642142237821514,0.4709738492965698
Breast Visium CID44971,arcimpute,psmc3,0.2283857232440332,0.7288089990615845
Breast Visium CID44971,arcimpute,flnb,0.2568604296092119,0.7934029698371887
Breast Visium CID44971,arcimpute,elf3,0.23419360352348698,0.7288839221000671
Breast Visium CID44971,arcimpute,zeb2,0.2114016318155673,0.45225754380226135
Breast Visium CID44971,arcimpute,podn,0.22745502963841882,0.3930065333843231
Breast Visium CID44971,arcimpute,msh2,0.22536761525758253,0.5244207382202148
Breast Visium CID44971,arcimpute,cyyr1,0.21158779508557124,0.42193764448165894
Breast Visium CID44971,arcimpute,znf385a,0.20973042903774392,0.42560842633247375
Breast Visium CID44971,arcimpute,slamf1,0.21405241003362374,0.29114434123039246
Breast Visium CID44971,arcimpute,rps9,0.19705776301996306,0.9734804630279541
Breast Visium CID44971,arcimpute,cd38,0.1989102427344555,0.3133734464645386
Breast Visium CID44971,arcimpute,blk,0.1936251199027662,0.22496992349624634
Breast Visium CID44971,arcimpute,mob1a,0.19493930327726475,0.7310476303100586
Breast Visium CID44971,arcimpute,rps8,0.17842426590358787,0.9834197759628296
Breast Visium CID44971,arcimpute,mbp,0.18800505028238337,0.3866748511791229
Breast Visium CID44971,arcimpute,tm4sf18,0.20327111746871232,0.453588604927063
Breast Visium CID44971,arcimpute,plagl1,0.2163797483297955,0.49715960025787354
Breast Visium CID44971,arcimpute,mcm5,0.20749626013574482,0.497932493686676
Breast Visium CID44971,arcimpute,tfeb,0.18286781114351827,0.3891862630844116
Breast Visium CID44971,arcimpute,plxdc1,0.18869848773339573,0.4934620261192322
Breast Visium CID44971,arcimpute,btla,0.19125994268096352,0.20960453152656555
Breast Visium CID44971,arcimpute,rab32,0.17586231925457807,0.5134784579277039
Breast Visium CID44971,arcimpute,sspn,0.2175863878909084,0.45963189005851746
Breast Visium CID44971,arcimpute,fxyd1,0.1728162816972601,0.32293984293937683
Breast Visium CID44971,arcimpute,klrb1,0.202268318683526,0.368338018655777
Breast Visium CID44971,arcimpute,chpf,0.18923095982963753,0.6581244468688965
Breast Visium CID44971,arcimpute,srprb,0.1801597734391244,0.5753432512283325
Breast Visium CID44971,arcimpute,cldn4,0.16837310494058194,0.8364363312721252
Breast Visium CID44971,arcimpute,apmap,0.17373042570215583,0.6847905516624451
Breast Visium CID44971,arcimpute,icam1,0.17336803778343482,0.5534259080886841
Breast Visium CID44971,arcimpute,txndc15,0.1479679129085716,0.4496993124485016
Breast Visium CID44971,arcimpute,rpl36,0.15490751459055946,0.9857522249221802
Breast Visium CID44971,arcimpute,itga6,0.1651931961937965,0.5732503533363342
Breast Visium CID44971,arcimpute,ugcg,0.15638068172330913,0.5974152088165283
Breast Visium CID44971,arcimpute,tspan3,0.1581907495702629,0.6813720464706421
Breast Visium CID44971,arcimpute,tnfaip8,0.16411669352647923,0.37106457352638245
Breast Visium CID44971,arcimpute,sp140,0.1539056887909638,0.2522745728492737
Breast Visium CID44971,arcimpute,ckap2l,0.1591740279690663,0.24047476053237915
Breast Visium CID44971,arcimpute,sertad1,0.15260332556851178,0.4588780403137207
Breast Visium CID44971,arcimpute,ncbp1,0.14375865936773147,0.4843374192714691
Breast Visium CID44971,arcimpute,mt1m,0.16430018671974117,0.42817923426628113
Breast Visium CID44971,arcimpute,carhsp1,0.14588694665665936,0.5891913771629333
Breast Visium CID44971,arcimpute,picalm,0.1388740446093835,0.6230037212371826
Breast Visium CID44971,arcimpute,higd1b,0.1604768539343941,0.23502634465694427
Breast Visium CID44971,arcimpute,adcy4,0.1698160011243658,0.28684931993484497
Breast Visium CID44971,arcimpute,ndrg1,0.13939869321712278,0.6302586793899536
Breast Visium CID44971,arcimpute,maff,0.14727717200484844,0.3944869637489319
Breast Visium CID44971,arcimpute,mthfd2,0.15029716361949666,0.5624296069145203
Breast Visium CID44971,arcimpute,itgae,0.14093559263198457,0.502970814704895
Breast Visium CID44971,arcimpute,adam28,0.11924676859219681,0.27732154726982117
Breast Visium CID44971,arcimpute,lgi4,0.1384318525727686,0.21845822036266327
Breast Visium CID44971,arcimpute,bank1,0.12336569942761474,0.1774161458015442
Breast Visium CID44971,arcimpute,znf683,0.11025507260181765,0.23755121231079102
Breast Visium CID44971,arcimpute,tnip3,0.1911624306867568,0.18366549909114838
Breast Visium CID44971,arcimpute,mef2a,0.11733783660082113,0.4943518340587616
Breast Visium CID44971,arcimpute,sept7,0.1290537634089569,0.688474178314209
Breast Visium CID44971,arcimpute,phf19,0.10703333634995882,0.35082122683525085
Breast Visium CID44971,arcimpute,psmb10,0.10429341939700897,0.3933194577693939
Breast Visium CID44971,arcimpute,igll5,0.13481411681600766,0.21936950087547302
Breast Visium CID44971,arcimpute,tox,0.10813612337629362,0.26529496908187866
Breast Visium CID44971,arcimpute,brd2,0.11000186494750744,0.6894133687019348
Breast Visium CID44971,arcimpute,lpar5,0.12288822697116568,0.2527008056640625
Breast Visium CID44971,arcimpute,rps19,0.10881722256922688,0.9882521033287048
Breast Visium CID44971,arcimpute,spag4,0.13524153805527026,0.21297310292720795
Breast Visium CID44971,arcimpute,tbx2,0.11283981148506085,0.29375091195106506
Breast Visium CID44971,arcimpute,nudt1,0.10126940055221147,0.4502234160900116
Breast Visium CID44971,arcimpute,rpl13,0.08551639994763693,0.9852817058563232
Breast Visium CID44971,arcimpute,tmem255b,0.10738106275227058,0.22616371512413025
Breast Visium CID44971,arcimpute,sdc4,0.10171544520519957,0.7402377128601074
Breast Visium CID44971,arcimpute,hvcn1,0.10435034031684351,0.34765714406967163
Breast Visium CID44971,arcimpute,sept4,0.09837442065074675,0.3905731737613678
Breast Visium CID44971,arcimpute,dnajc3,0.08298226030990993,0.5000578761100769
Breast Visium CID44971,arcimpute,fchsd2,0.09795904002760572,0.41705670952796936
Breast Visium CID44971,arcimpute,ddit4,0.09498785703198329,0.7434705495834351
Breast Visium CID44971,arcimpute,mir99ahg,0.08811443045592429,0.3407019376754761
Breast Visium CID44971,arcimpute,clic3,0.10351876921504599,0.42513149976730347
Breast Visium CID44971,arcimpute,dnase1l3,0.08026682388813315,0.15712681412696838
Breast Visium CID44971,arcimpute,tfpi,0.08543334353832988,0.47207385301589966
Breast Visium CID44971,arcimpute,fcrl6,0.11720991357873255,0.16865864396095276
Breast Visium CID44971,arcimpute,hey1,0.09210805401867873,0.3477640151977539
Breast Visium CID44971,arcimpute,p2ry10,0.1044773553531835,0.16402612626552582
Breast Visium CID44971,arcimpute,bcas4,0.0650429599831264,0.2973060607910156
Breast Visium CID44971,arcimpute,h2afv,0.07298188698512324,0.7047680616378784
Breast Visium CID44971,arcimpute,sp2,0.07641694044209232,0.339592844247818
Breast Visium CID44971,arcimpute,cx3cr1,0.0608438523191215,0.23386938869953156
Breast Visium CID44971,arcimpute,adrb2,0.08556184396400872,0.1519121676683426
Breast Visium CID44971,arcimpute,podxl,0.08211329656885649,0.6188626885414124
Breast Visium CID44971,arcimpute,aim2,0.06406234254845747,0.14806443452835083
Breast Visium CID44971,arcimpute,cd300lg,0.05696890377637329,0.1734655201435089
Breast Visium CID44971,arcimpute,znf608,0.11198964681339826,0.2503463923931122
Breast Visium CID44971,arcimpute,pde3b,0.05001974007277582,0.2044161856174469
Breast Visium CID44971,arcimpute,kir3dl2,-0.002068340242726414,0.016317332163453102
Breast Visium CID44971,arcimpute,atp1b2,0.06587061875253249,0.15140800178050995
Breast Visium CID44971,arcimpute,snhg18,0.06921405970677728,0.2293299287557602
Breast Visium CID44971,arcimpute,fxyd7,0.06801985882406518,0.12206107378005981
Breast Visium CID44971,arcimpute,tnfrsf12a,0.07106513284179637,0.6152452230453491
Breast Visium CID44971,arcimpute,pxk,0.059032702412270675,0.2935895025730133
Breast Visium CID44971,arcimpute,fam129c,0.06587862047054738,0.13483822345733643
Breast Visium CID44971,arcimpute,zc3h12a,0.0326636489037203,0.2862054407596588
Breast Visium CID44971,arcimpute,kir2dl4,0.06310365679087304,0.07963178306818008
Breast Visium CID44971,arcimpute,tnmd,0.013665048328545733,0.0752657949924469
Breast Visium CID44971,arcimpute,fam162b,0.054929996267610026,0.11869990080595016
Breast Visium CID44971,arcimpute,fcrl5,0.06174079806571371,0.1737247109413147
Breast Visium CID44971,arcimpute,abcc9,0.03245394363667577,0.1244591698050499
Breast Visium CID44971,arcimpute,ssh2,0.02752275103766492,0.35198283195495605
Breast Visium CID44971,arcimpute,napsa,0.007606736229266321,0.0952368751168251
Breast Visium CID44971,arcimpute,cramp1,0.04997657974532379,0.37900257110595703
Breast Visium CID44971,arcimpute,klrc1,0.06760857217154441,0.13308466970920563
Breast Visium CID44971,arcimpute,s1pr5,-0.004092306936435393,0.08553516119718552
Breast Visium CID44971,arcimpute,hnrnpa1l2,0.007910803563024269,0.22552822530269623
Breast Visium CID44971,arcimpute,tnfrsf13b,0.00024983448635092405,0.06221188232302666
Breast Visium CID44971,arcimpute,gldn,0.0043796936736115845,0.09411794692277908
Breast Visium CID44971,arcimpute,tnfrsf10d,0.005477744197418376,0.14306800067424774
Breast Visium CID44971,arcimpute,plcg2,-0.18921748581303677,0.525596559047699
Breast Visium CID44971,arcimpute,malat1,-0.3726562123540412,0.9090143442153931
Breast Visium CID44971,arcimpute,cd74,0.7656170156540797,0.9777806997299194
Breast Visium CID44971,arcimpute,b2m,0.726485475270637,0.9871339797973633
Breast Visium CID44971,arcimpute,c1qc,0.648001767421371,0.8390434980392456
Breast Visium CID44971,arcimpute,trbc2,0.6460275741435301,0.817876935005188
Breast Visium CID44971,arcimpute,frzb,0.6413303364457188,0.8863579630851746
Breast Visium CID44971,arcimpute,hla-dpa1,0.6444695294311218,0.9113152027130127
Breast Visium CID44971,arcimpute,hla-drb5,0.6384049334537917,0.857950747013092
Breast Visium CID44971,arcimpute,rgs1,0.6270015458277738,0.8386982083320618
Breast Visium CID44971,arcimpute,tubb,0.6313559040706748,0.9544491767883301
Breast Visium CID44971,arcimpute,xbp1,0.5923575305395103,0.8018498420715332
Breast Visium CID44971,arcimpute,ackr1,0.6020824661304801,0.6626899242401123
Breast Visium CID44971,arcimpute,coro1a,0.5952824170128038,0.794206440448761
Breast Visium CID44971,arcimpute,arhgdib,0.5937701768369444,0.8460596799850464
Breast Visium CID44971,arcimpute,igfbp7,0.5902543212101743,0.9081342816352844
Breast Visium CID44971,arcimpute,ctss,0.5874503722135963,0.7700234055519104
Breast Visium CID44971,arcimpute,psap,0.5786742139915549,0.9694988131523132
Breast Visium CID44971,arcimpute,il32,0.5893480890168351,0.7956364750862122
Breast Visium CID44971,arcimpute,actb,0.5701112293167323,0.9898231625556946
Breast Visium CID44971,arcimpute,ptprc,0.5496333636810011,0.7169240117073059
Breast Visium CID44971,arcimpute,cox7a2,0.5582516105768552,0.9198713898658752
Breast Visium CID44971,arcimpute,marcksl1,0.5478237400569118,0.9369764924049377
Breast Visium CID44971,arcimpute,mylk,0.5434764282746811,0.8728590607643127
Breast Visium CID44971,arcimpute,ccl28,0.5500990463413767,0.5797440409660339
Breast Visium CID44971,arcimpute,myl9,0.5332383586145291,0.9303283095359802
Breast Visium CID44971,arcimpute,lamb3,0.5253060729708802,0.7464881539344788
Breast Visium CID44971,arcimpute,cdc123,0.534736546780122,0.8136609792709351
Breast Visium CID44971,arcimpute,lcp1,0.5238681189796501,0.7382507920265198
Breast Visium CID44971,arcimpute,tagln,0.5360326052299579,0.9472160935401917
Breast Visium CID44971,arcimpute,col6a3,0.5186976332563922,0.8069512248039246
Breast Visium CID44971,arcimpute,tpi1,0.5222793715031636,0.9311579465866089
Breast Visium CID44971,arcimpute,hmgb2,0.5013765209577065,0.800333559513092
Breast Visium CID44971,arcimpute,ankrd30a,0.5017583946738591,0.5752199292182922
Breast Visium CID44971,arcimpute,sgk1,0.47831420090903676,0.817516565322876
Breast Visium CID44971,arcimpute,nucks1,0.4879070175205956,0.9038364291191101
Breast Visium CID44971,arcimpute,txnip,0.4804107565164222,0.9146617650985718
Breast Visium CID44971,arcimpute,vcan,0.4862381031770526,0.7273607850074768
Breast Visium CID44971,arcimpute,h2afz,0.49491151836458297,0.8744114637374878
Breast Visium CID44971,arcimpute,hmgn3,0.49645681143475373,0.8851999044418335
Breast Visium CID44971,arcimpute,hspe1,0.4904136462904468,0.9088588356971741
Breast Visium CID44971,arcimpute,kiaa1324,0.466422443806129,0.7872833013534546
Breast Visium CID44971,arcimpute,ifitm2,0.46132313922759655,0.7910855412483215
Breast Visium CID44971,arcimpute,serpinf1,0.48589630586910837,0.7369964122772217
Breast Visium CID44971,arcimpute,hcst,0.46266749269360824,0.6465923190116882
Breast Visium CID44971,arcimpute,cnn1,0.48089620251489923,0.7329277992248535
Breast Visium CID44971,arcimpute,aif1,0.46063359467283077,0.7147793769836426
Breast Visium CID44971,arcimpute,txn,0.46148258256869845,0.9211158156394958
Breast Visium CID44971,arcimpute,mxra8,0.4605866511220585,0.758216142654419
Breast Visium CID44971,arcimpute,zap70,0.4671399089359693,0.5747970342636108
Breast Visium CID44971,arcimpute,fxyd5,0.44499681841731803,0.7242301106452942
Breast Visium CID44971,arcimpute,cd5,0.436629837249161,0.5113142728805542
Breast Visium CID44971,arcimpute,ramp3,0.42245290078227826,0.5121986865997314
Breast Visium CID44971,arcimpute,cldn7,0.4291334345876876,0.5746580958366394
Breast Visium CID44971,arcimpute,cfl1,0.4321745995049727,0.9560370445251465
Breast Visium CID44971,arcimpute,bst2,0.4153908602677922,0.7727515697479248
Breast Visium CID44971,arcimpute,lcp2,0.41343531698085284,0.5603373050689697
Breast Visium CID44971,arcimpute,gstp1,0.41411218509268366,0.9480190873146057
Breast Visium CID44971,arcimpute,ap1s1,0.41890366661901074,0.7279345393180847
Breast Visium CID44971,arcimpute,ube2v2,0.39972290176246644,0.7216036915779114
Breast Visium CID44971,arcimpute,lamtor5,0.4022467555289764,0.8383929133415222
Breast Visium CID44971,arcimpute,timp3,0.39216801536377316,0.826340913772583
Breast Visium CID44971,arcimpute,gimap4,0.38637036048448126,0.5620508790016174
Breast Visium CID44971,arcimpute,arpc2,0.4003969620133278,0.867376983165741
Breast Visium CID44971,arcimpute,cd8a,0.3833853087419235,0.5672897696495056
Breast Visium CID44971,arcimpute,tgfb1,0.39547616252929335,0.5855476260185242
Breast Visium CID44971,arcimpute,ltbp2,0.3950008084919629,0.7222474813461304
Breast Visium CID44971,arcimpute,col15a1,0.3806190592941432,0.6792997121810913
Breast Visium CID44971,arcimpute,fbp1,0.384563357464246,0.5079404711723328
Breast Visium CID44971,arcimpute,lair1,0.3965803114669209,0.5550069212913513
Breast Visium CID44971,arcimpute,fhl2,0.3835982563125064,0.6431350111961365
Breast Visium CID44971,arcimpute,irf8,0.39098921902280953,0.5410323143005371
Breast Visium CID44971,arcimpute,ramp2,0.3780787197397928,0.5089949369430542
Breast Visium CID44971,arcimpute,mgat1,0.37273242451086785,0.7218486070632935
Breast Visium CID44971,arcimpute,hnrnpa1,0.37347114370577483,0.9475353360176086
Breast Visium CID44971,arcimpute,hmgn1,0.36680852189395574,0.9032760858535767
Breast Visium CID44971,arcimpute,timp2,0.3870605532617404,0.827212929725647
Breast Visium CID44971,arcimpute,crnde,0.37263699115353144,0.751761794090271
Breast Visium CID44971,arcimpute,krt18,0.36587055358548953,0.8122978806495667
Breast Visium CID44971,arcimpute,ywhah,0.3690447229352523,0.7568371891975403
Breast Visium CID44971,arcimpute,ikzf3,0.3535583176670162,0.5535000562667847
Breast Visium CID44971,arcimpute,rarres3,0.35630214168589197,0.6971765756607056
Breast Visium CID44971,arcimpute,morf4l2,0.35655075065460917,0.8344706892967224
Breast Visium CID44971,arcimpute,pgam1,0.360825906058917,0.8400957584381104
Breast Visium CID44971,arcimpute,atp6v1f,0.35620453561574195,0.8332516551017761
Breast Visium CID44971,arcimpute,evl,0.3539971593656833,0.7792944312095642
Breast Visium CID44971,arcimpute,pdlim1,0.35718643385429427,0.6756806373596191
Breast Visium CID44971,arcimpute,rgs5,0.3552216039146205,0.6232597231864929
Breast Visium CID44971,arcimpute,capg,0.35330789855520506,0.7830306887626648
Breast Visium CID44971,arcimpute,elf5,0.3428283666490852,0.6784865856170654
Breast Visium CID44971,arcimpute,mrpl9,0.3528439131082831,0.6809453368186951
Breast Visium CID44971,arcimpute,plk2,0.36616809398259403,0.5381594896316528
Breast Visium CID44971,arcimpute,itk,0.317334213069989,0.3397279977798462
Breast Visium CID44971,arcimpute,lbh,0.3381758137725354,0.6907802820205688
Breast Visium CID44971,arcimpute,cox7a2l,0.32336256526881935,0.7193055748939514
Breast Visium CID44971,arcimpute,cuta,0.33629204203662894,0.8814688920974731
Breast Visium CID44971,arcimpute,ssr2,0.32585062472911586,0.8979327082633972
Breast Visium CID44971,arcimpute,ppp1r1b,0.31774844462004553,0.4690439999103546
Breast Visium CID44971,arcimpute,banf1,0.3289895391628039,0.8162705302238464
Breast Visium CID44971,arcimpute,cldn11,0.34431864475866797,0.5583852529525757
Breast Visium CID44971,arcimpute,snrpb,0.3319711696876579,0.8154007196426392
Breast Visium CID44971,arcimpute,myo6,0.3208110274233903,0.7143610119819641
Breast Visium CID44971,arcimpute,rerg,0.3152209050536964,0.6851149797439575
Breast Visium CID44971,arcimpute,fbl,0.3219810223550616,0.8425666689872742
Breast Visium CID44971,arcimpute,meg3,0.29615139059961865,0.612966775894165
Breast Visium CID44971,arcimpute,zyx,0.31638216008214864,0.7776727676391602
Breast Visium CID44971,arcimpute,nlrc5,0.3225651418217885,0.5592218637466431
Breast Visium CID44971,arcimpute,c1orf162,0.3131594891653251,0.5377065539360046
Breast Visium CID44971,arcimpute,fam198b,0.32939454862998857,0.6327449679374695
Breast Visium CID44971,arcimpute,nid1,0.3197171166821143,0.573096513748169
Breast Visium CID44971,arcimpute,mif,0.31655336770428666,0.8551955819129944
Breast Visium CID44971,arcimpute,bin2,0.312365387960605,0.44435742497444153
Breast Visium CID44971,arcimpute,eif3e,0.31100421875347506,0.8626377582550049
Breast Visium CID44971,arcimpute,sf3b5,0.31287568187515313,0.796292781829834
Breast Visium CID44971,arcimpute,hmgn2,0.3068865645401053,0.8927981853485107
Breast Visium CID44971,arcimpute,mcam,0.32331533986258837,0.5645982027053833
Breast Visium CID44971,arcimpute,cxorf36,0.30169389896205223,0.3740676939487457
Breast Visium CID44971,arcimpute,rpl27,0.2981797935749992,0.9648376107215881
Breast Visium CID44971,arcimpute,igsf6,0.3087313060323235,0.4432002902030945
Breast Visium CID44971,arcimpute,hsp90b1,0.2839390397574921,0.9182072877883911
Breast Visium CID44971,arcimpute,lrp10,0.30083253735139837,0.6918191909790039
Breast Visium CID44971,arcimpute,vps28,0.3045209582288886,0.8507893681526184
Breast Visium CID44971,arcimpute,hnrnpa2b1,0.2983709844965735,0.9278456568717957
Breast Visium CID44971,arcimpute,id1,0.2894686707435761,0.44377410411834717
Breast Visium CID44971,arcimpute,pdlim7,0.30933769488861945,0.6879212856292725
Breast Visium CID44971,arcimpute,ms4a7,0.2955467699711975,0.525123655796051
Breast Visium CID44971,arcimpute,slc38a10,0.2902977849316234,0.6279036402702332
Breast Visium CID44971,arcimpute,tgfbr2,0.30022366797100825,0.6118978261947632
Breast Visium CID44971,arcimpute,gzmm,0.2880947268441255,0.35445138812065125
Breast Visium CID44971,arcimpute,fbln1,0.2762507730866181,0.7526358962059021
Breast Visium CID44971,arcimpute,cd300a,0.308932107676689,0.4208894968032837
Breast Visium CID44971,arcimpute,rpl36al,0.30225677340319135,0.8107436299324036
Breast Visium CID44971,arcimpute,cpe,0.2746376759471809,0.6526443362236023
Breast Visium CID44971,arcimpute,ciita,0.29724918633285063,0.5078083872795105
Breast Visium CID44971,arcimpute,crtap,0.2933289175356424,0.6456794738769531
Breast Visium CID44971,arcimpute,clec2b,0.2845837162283727,0.48151078820228577
Breast Visium CID44971,arcimpute,ifitm1,0.28407582276177645,0.5105717778205872
Breast Visium CID44971,arcimpute,stat4,0.25888344905320737,0.3277410864830017
Breast Visium CID44971,arcimpute,mfsd1,0.2837805152056844,0.6198047995567322
Breast Visium CID44971,arcimpute,cd96,0.29012460430800174,0.3934330940246582
Breast Visium CID44971,arcimpute,adgrl4,0.30865318478647663,0.4105377197265625
Breast Visium CID44971,arcimpute,slc7a7,0.29149051014849386,0.426298052072525
Breast Visium CID44971,arcimpute,adam8,0.25590701708568664,0.4502161741256714
Breast Visium CID44971,arcimpute,tyms,0.28813378062459105,0.5412480235099792
Breast Visium CID44971,arcimpute,meox1,0.31143918168165474,0.3399867117404938
Breast Visium CID44971,arcimpute,actg1,0.2798486254207957,0.9850101470947266
Breast Visium CID44971,arcimpute,anp32b,0.2706548907930366,0.8249196410179138
Breast Visium CID44971,arcimpute,tmem87a,0.2707099312980953,0.5819012522697449
Breast Visium CID44971,arcimpute,dynll1,0.28727694873397114,0.9146435856819153
Breast Visium CID44971,arcimpute,ap2s1,0.2878938466958987,0.7923006415367126
Breast Visium CID44971,arcimpute,ube2e3,0.27462889603010754,0.7087488770484924
Breast Visium CID44971,arcimpute,aes,0.2813217535593809,0.8840094804763794
Breast Visium CID44971,arcimpute,sit1,0.26857746696322876,0.3596898317337036
Breast Visium CID44971,arcimpute,serp1,0.2662540330270344,0.8709937930107117
Breast Visium CID44971,arcimpute,rap1b,0.26115699920309937,0.7142457365989685
Breast Visium CID44971,arcimpute,tnfsf13b,0.26096563108198595,0.41360610723495483
Breast Visium CID44971,arcimpute,clec14a,0.2514217526243828,0.33596640825271606
Breast Visium CID44971,arcimpute,egfl7,0.2859396491692052,0.5318207144737244
Breast Visium CID44971,arcimpute,rnase6,0.26759372813009646,0.4659322500228882
Breast Visium CID44971,arcimpute,stk17a,0.2680075090951134,0.47509416937828064
Breast Visium CID44971,arcimpute,rpl37,0.256493673919992,0.9843332767486572
Breast Visium CID44971,arcimpute,plpp1,0.25961902303558904,0.5942643284797668
Breast Visium CID44971,arcimpute,vamp5,0.272036081716904,0.5665315985679626
Breast Visium CID44971,arcimpute,havcr2,0.26203930896712563,0.41916176676750183
Breast Visium CID44971,arcimpute,rab37,0.28689081839291114,0.3246859312057495
Breast Visium CID44971,arcimpute,add3,0.2645815441377005,0.5327724814414978
Breast Visium CID44971,arcimpute,clec2d,0.2601188920816324,0.5709939002990723
Breast Visium CID44971,arcimpute,idh2,0.25898123612654944,0.6831070780754089
Breast Visium CID44971,arcimpute,gadd45b,0.24582837531172996,0.5771682262420654
Breast Visium CID44971,arcimpute,f2r,0.25291156112672314,0.584271252155304
Breast Visium CID44971,arcimpute,oasl,0.24074105288759762,0.31196898221969604
Breast Visium CID44971,arcimpute,rasd1,0.24671462209124298,0.5457287430763245
Breast Visium CID44971,arcimpute,cdh5,0.24932734805925713,0.3834870755672455
Breast Visium CID44971,arcimpute,rpl37a,0.23242573687958734,0.9870878458023071
Breast Visium CID44971,arcimpute,sumo2,0.24676967091603294,0.9018192291259766
Breast Visium CID44971,arcimpute,tgfb1i1,0.2469159045931089,0.5858411192893982
Breast Visium CID44971,arcimpute,rpl4,0.22724172633084336,0.9795954823493958
Breast Visium CID44971,arcimpute,rpl35,0.2341924156432247,0.9759577512741089
Breast Visium CID44971,arcimpute,ece1,0.23031051793001192,0.7121388912200928
Breast Visium CID44971,arcimpute,uaca,0.24693792367911818,0.5063145756721497
Breast Visium CID44971,arcimpute,fen1,0.22879932082549412,0.4461356997489929
Breast Visium CID44971,arcimpute,isyna1,0.22913373824797234,0.71286541223526
Breast Visium CID44971,arcimpute,flt1,0.2163155720000305,0.3426690697669983
Breast Visium CID44971,arcimpute,egr1,0.19569262866619713,0.8743152618408203
Breast Visium CID44971,arcimpute,rtn4,0.23183152736918153,0.8496851921081543
Breast Visium CID44971,arcimpute,tmem176a,0.2223738375058568,0.5192225575447083
Breast Visium CID44971,arcimpute,gabarap,0.2300519301746628,0.720089852809906
Breast Visium CID44971,arcimpute,tmem59,0.23098877909026677,0.8216989040374756
Breast Visium CID44971,arcimpute,csf2ra,0.20701135446017524,0.3652496635913849
Breast Visium CID44971,arcimpute,tecr,0.21577967904639608,0.7591601014137268
Breast Visium CID44971,arcimpute,cystm1,0.21217386262107696,0.5229938626289368
Breast Visium CID44971,arcimpute,cd3g,0.19837078681367537,0.3473019003868103
Breast Visium CID44971,arcimpute,pold4,0.19701081099671344,0.4422186315059662
Breast Visium CID44971,arcimpute,gstt2b,0.21080683093008787,0.32983827590942383
Breast Visium CID44971,arcimpute,cdt1,0.21308827081827517,0.4514485001564026
Breast Visium CID44971,arcimpute,neurl1b,0.21021523731824,0.33419764041900635
Breast Visium CID44971,arcimpute,gng2,0.19995045462516,0.3546980917453766
Breast Visium CID44971,arcimpute,linc00996,0.17718233958868324,0.23372919857501984
Breast Visium CID44971,arcimpute,dlc1,0.2031638982323134,0.3818328082561493
Breast Visium CID44971,arcimpute,flot1,0.20643179231071357,0.6792783141136169
Breast Visium CID44971,arcimpute,phlda1,0.20625074192742696,0.7132584452629089
Breast Visium CID44971,arcimpute,rac1,0.1831904556645686,0.8458837866783142
Breast Visium CID44971,arcimpute,fkbp11,0.17814895894126295,0.4015483558177948
Breast Visium CID44971,arcimpute,parp15,0.19237458451094433,0.2435900717973709
Breast Visium CID44971,arcimpute,mlec,0.1759315002864145,0.6789752840995789
Breast Visium CID44971,arcimpute,calcrl,0.1850937024855727,0.2977461516857147
Breast Visium CID44971,arcimpute,sptssa,0.18607481609241242,0.6132295727729797
Breast Visium CID44971,arcimpute,nucb1,0.18407621469812854,0.7586589455604553
Breast Visium CID44971,arcimpute,sirpg,0.19112473908844713,0.267572820186615
Breast Visium CID44971,arcimpute,vps51,0.17207220984666236,0.6518399715423584
Breast Visium CID44971,arcimpute,rps3,0.17312972693510928,0.9733319878578186
Breast Visium CID44971,arcimpute,uqcrhl,0.17421362409081884,0.28794896602630615
Breast Visium CID44971,arcimpute,stk4,0.16473292616541074,0.4955611824989319
Breast Visium CID44971,arcimpute,rab27a,0.1762442814786206,0.42116180062294006
Breast Visium CID44971,arcimpute,matk,0.1920792321299824,0.310060977935791
Breast Visium CID44971,arcimpute,spon2,0.14636980332128915,0.596747636795044
Breast Visium CID44971,arcimpute,dnaja1,0.16770880639908736,0.8233117461204529
Breast Visium CID44971,arcimpute,flt3lg,0.1479764926754076,0.2115459144115448
Breast Visium CID44971,arcimpute,ets2,0.1455580948343271,0.5121354460716248
Breast Visium CID44971,arcimpute,swap70,0.15706662703904115,0.5073065161705017
Breast Visium CID44971,arcimpute,il4r,0.15596097887338703,0.5005035996437073
Breast Visium CID44971,arcimpute,fcrla,0.15616218886559108,0.1951080858707428
Breast Visium CID44971,arcimpute,hopx,0.1651996521559158,0.3589157164096832
Breast Visium CID44971,arcimpute,btk,0.16845528574087465,0.2511686384677887
Breast Visium CID44971,arcimpute,filip1,0.17382512611683598,0.16383615136146545
Breast Visium CID44971,arcimpute,pou2f2,0.15682755024049283,0.30218181014060974
Breast Visium CID44971,arcimpute,tubb2a,0.17005712503880632,0.571481466293335
Breast Visium CID44971,arcimpute,rpl32,0.1469614968487528,0.9824419617652893
Breast Visium CID44971,arcimpute,siva1,0.1413350916620337,0.6716485619544983
Breast Visium CID44971,arcimpute,tspan4,0.14608818236119508,0.561227023601532
Breast Visium CID44971,arcimpute,runx1t1,0.1664582565244461,0.2887086570262909
Breast Visium CID44971,arcimpute,hmgb1,0.14472188037613476,0.8855184316635132
Breast Visium CID44971,arcimpute,fam13c,0.1340314457065611,0.19939497113227844
Breast Visium CID44971,arcimpute,ccdc102b,0.12833745669282046,0.22771115601062775
Breast Visium CID44971,arcimpute,lama2,0.16297909041665573,0.3564325273036957
Breast Visium CID44971,arcimpute,arhgap29,0.13525448664276662,0.38113296031951904
Breast Visium CID44971,arcimpute,abca6,0.1455443434622308,0.21630731225013733
Breast Visium CID44971,arcimpute,gmppb,0.13222315241471527,0.41033607721328735
Breast Visium CID44971,arcimpute,sesn1,0.1444399268645643,0.48553749918937683
Breast Visium CID44971,arcimpute,smc1a,0.1195739851750674,0.584000825881958
Breast Visium CID44971,arcimpute,snai1,0.12337041639830343,0.22771607339382172
Breast Visium CID44971,arcimpute,tsen54,0.13360697280587341,0.47606411576271057
Breast Visium CID44971,arcimpute,ptgdr,0.08438616397706632,0.14338935911655426
Breast Visium CID44971,arcimpute,a4galt,0.1506566996737855,0.30433347821235657
Breast Visium CID44971,arcimpute,socs2,0.1407697923484511,0.28320279717445374
Breast Visium CID44971,arcimpute,dnajb9,0.1275102450986607,0.4292975962162018
Breast Visium CID44971,arcimpute,map1lc3a,0.1267877497198176,0.6390444040298462
Breast Visium CID44971,arcimpute,smc2,0.10917987706377526,0.39061227440834045
Breast Visium CID44971,arcimpute,st3gal1,0.1149846108242609,0.3651278018951416
Breast Visium CID44971,arcimpute,klf4,0.1153618660017771,0.39769506454467773
Breast Visium CID44971,arcimpute,notch3,0.09578911899314407,0.7270439267158508
Breast Visium CID44971,arcimpute,ugdh,0.10816879584925417,0.546368420124054
Breast Visium CID44971,arcimpute,orai2,0.13595028748494786,0.46903157234191895
Breast Visium CID44971,arcimpute,rdx,0.11598897740534811,0.5625653862953186
Breast Visium CID44971,arcimpute,mapk1,0.08962641102849593,0.5873351097106934
Breast Visium CID44971,arcimpute,rrbp1,0.13117807604575837,0.7432653903961182
Breast Visium CID44971,arcimpute,veph1,0.12831963920752065,0.2227422147989273
Breast Visium CID44971,arcimpute,tlr10,0.09401934115985906,0.18844588100910187
Breast Visium CID44971,arcimpute,stap1,0.10295613737926382,0.14948180317878723
Breast Visium CID44971,arcimpute,cnrip1,0.10475450481010116,0.21757979691028595
Breast Visium CID44971,arcimpute,nudt4,0.0936135304429163,0.6721382141113281
Breast Visium CID44971,arcimpute,csf3r,0.12391418197374204,0.29701778292655945
Breast Visium CID44971,arcimpute,pyhin1,0.12740836691688906,0.20226557552814484
Breast Visium CID44971,arcimpute,arfgap3,0.12384782948632167,0.5026835799217224
Breast Visium CID44971,arcimpute,tmem243,0.11488753418350033,0.35765326023101807
Breast Visium CID44971,arcimpute,mrvi1,0.09461324070156303,0.3359284996986389
Breast Visium CID44971,arcimpute,rora,0.12367339330339394,0.2745351493358612
Breast Visium CID44971,arcimpute,lamb1,0.11595578058649918,0.6452673673629761
Breast Visium CID44971,arcimpute,cenpm,0.09271470317864834,0.2765921950340271
Breast Visium CID44971,arcimpute,p2ry14,0.12261592542033677,0.17373785376548767
Breast Visium CID44971,arcimpute,smim3,0.10048545641340403,0.33559221029281616
Breast Visium CID44971,arcimpute,sec14l1,0.08682503753029479,0.4989277422428131
Breast Visium CID44971,arcimpute,cd40lg,0.08203107011759125,0.16649463772773743
Breast Visium CID44971,arcimpute,ostf1,0.08737140502784388,0.3965228199958801
Breast Visium CID44971,arcimpute,tspan32,0.06800782414621147,0.16031000018119812
Breast Visium CID44971,arcimpute,myo1b,0.09064889365462547,0.5309827327728271
Breast Visium CID44971,arcimpute,tmem88,0.05006133980614946,0.18529543280601501
Breast Visium CID44971,arcimpute,adap2,0.07906491703036535,0.26778465509414673
Breast Visium CID44971,arcimpute,lipe,0.027667255700094772,0.17250534892082214
Breast Visium CID44971,arcimpute,rcan2,0.08407538069880957,0.2018716037273407
Breast Visium CID44971,arcimpute,fbln7,0.08642590264405989,0.30149295926094055
Breast Visium CID44971,arcimpute,c12orf75,0.0653805950551042,0.4921244978904724
Breast Visium CID44971,arcimpute,rpl18,0.06615235583512233,0.9762892127037048
Breast Visium CID44971,arcimpute,rnf125,0.052444577013447714,0.26943305134773254
Breast Visium CID44971,arcimpute,dnajb1,0.0310064099786058,0.6639079451560974
Breast Visium CID44971,arcimpute,tcf19,0.04104495017164884,0.30079442262649536
Breast Visium CID44971,arcimpute,tnfrsf13c,0.032132287651674016,0.18867959082126617
Breast Visium CID44971,arcimpute,akap5,0.01667321517340776,0.14522136747837067
Breast Visium CID44971,arcimpute,plek2,0.0032174579323715866,0.17625822126865387
Breast Visium CID44971,arcimpute,fgfbp2,0.007887427479533395,0.05001241713762283
Breast Visium CID44971,arcimpute,lgals9b,-0.003272053189315465,0.017889024689793587
Breast Visium CID44971,arcimpute,mtss1,-0.0035269435080814253,0.43408119678497314
Breast Visium CID44971,arcimpute,cachd1,0.022449489620833856,0.3874967098236084
Breast Visium CID44971,arcimpute,h2afx,-0.027183944580479968,0.5653847455978394
Breast Visium CID44971,arcimpute,ncam1,-0.01980548340630077,0.04567451402544975
Breast Visium CID44971,arcimpute,hist1h1e,-0.04075525793812315,0.10132020711898804
Breast Visium CID44971,arcimpute,mtrnr2l12,-0.231951783768703,0.8152453899383545
