dataset,model,spot_id,x,y,cell_type
osmFISH Pseudospot,ground_truth,pseudospot_y0_x15,13164.698086506616,424.6676802098908,Interneuron
osmFISH Pseudospot,ground_truth,pseudospot_y0_x16,14014.033446926396,424.6676802098908,Oligodendrocyte
osmFISH Pseudospot,ground_truth,pseudospot_y0_x17,14863.368807346178,424.6676802098908,Oligodendrocyte
osmFISH Pseudospot,ground_truth,pseudospot_y0_x18,15712.70416776596,424.6676802098908,Oligodendrocyte
osmFISH Pseudospot,ground_truth,pseudospot_y0_x19,16562.03952818574,424.6676802098908,Oligodendrocyte
osmFISH Pseudospot,ground_truth,pseudospot_y0_x20,17411.374888605522,424.6676802098908,Oligodendrocyte
osmFISH Pseudospot,ground_truth,pseudospot_y0_x21,18260.710249025306,424.6676802098908,Oligodendrocyte
osmFISH Pseudospot,ground_truth,pseudospot_y1_x15,13164.698086506616,1274.0030406296723,Astrocyte
osmFISH Pseudospot,ground_truth,pseudospot_y1_x17,14863.368807346178,1274.0030406296723,Oligodendrocyte
osmFISH Pseudospot,ground_truth,pseudospot_y1_x18,15712.70416776596,1274.0030406296723,Ependymal
osmFISH Pseudospot,ground_truth,pseudospot_y1_x19,16562.03952818574,1274.0030406296723,Oligodendrocyte
osmFISH Pseudospot,ground_truth,pseudospot_y1_x21,18260.710249025306,1274.0030406296723,Oligodendrocyte
osmFISH Pseudospot,ground_truth,pseudospot_y2_x15,13164.698086506616,2123.338401049454,Oligodendrocyte
osmFISH Pseudospot,ground_truth,pseudospot_y2_x16,14014.033446926396,2123.338401049454,Oligodendrocyte
osmFISH Pseudospot,ground_truth,pseudospot_y2_x17,14863.368807346178,2123.338401049454,Ependymal
osmFISH Pseudospot,ground_truth,pseudospot_y2_x18,15712.70416776596,2123.338401049454,Endothelial
osmFISH Pseudospot,ground_truth,pseudospot_y2_x19,16562.03952818574,2123.338401049454,Other
osmFISH Pseudospot,ground_truth,pseudospot_y2_x20,17411.374888605522,2123.338401049454,Oligodendrocyte
osmFISH Pseudospot,ground_truth,pseudospot_y2_x21,18260.710249025306,2123.338401049454,Interneuron
osmFISH Pseudospot,ground_truth,pseudospot_y3_x15,13164.698086506616,2972.6737614692356,Oligodendrocyte
osmFISH Pseudospot,ground_truth,pseudospot_y3_x16,14014.033446926396,2972.6737614692356,Other
osmFISH Pseudospot,ground_truth,pseudospot_y3_x17,14863.368807346178,2972.6737614692356,Ependymal
osmFISH Pseudospot,ground_truth,pseudospot_y3_x18,15712.70416776596,2972.6737614692356,Other
osmFISH Pseudospot,ground_truth,pseudospot_y3_x19,16562.03952818574,2972.6737614692356,Ependymal
osmFISH Pseudospot,ground_truth,pseudospot_y3_x20,17411.374888605522,2972.6737614692356,Oligodendrocyte
osmFISH Pseudospot,ground_truth,pseudospot_y3_x21,18260.710249025306,2972.6737614692356,Interneuron
osmFISH Pseudospot,ground_truth,pseudospot_y4_x15,13164.698086506616,3822.0091218890175,Oligodendrocyte
osmFISH Pseudospot,ground_truth,pseudospot_y4_x16,14014.033446926396,3822.0091218890175,Oligodendrocyte
osmFISH Pseudospot,ground_truth,pseudospot_y4_x17,14863.368807346178,3822.0091218890175,Ependymal
osmFISH Pseudospot,ground_truth,pseudospot_y4_x18,15712.70416776596,3822.0091218890175,Ependymal
osmFISH Pseudospot,ground_truth,pseudospot_y4_x19,16562.03952818574,3822.0091218890175,Interneuron
osmFISH Pseudospot,ground_truth,pseudospot_y4_x20,17411.374888605522,3822.0091218890175,Endothelial
osmFISH Pseudospot,ground_truth,pseudospot_y4_x21,18260.710249025306,3822.0091218890175,Oligodendrocyte
osmFISH Pseudospot,ground_truth,pseudospot_y5_x15,13164.698086506616,4671.344482308799,Oligodendrocyte
osmFISH Pseudospot,ground_truth,pseudospot_y5_x16,14014.033446926396,4671.344482308799,Oligodendrocyte
osmFISH Pseudospot,ground_truth,pseudospot_y5_x17,14863.368807346178,4671.344482308799,Ependymal
osmFISH Pseudospot,ground_truth,pseudospot_y5_x18,15712.70416776596,4671.344482308799,Ependymal
osmFISH Pseudospot,ground_truth,pseudospot_y5_x19,16562.03952818574,4671.344482308799,Ependymal
osmFISH Pseudospot,ground_truth,pseudospot_y5_x20,17411.374888605522,4671.344482308799,Interneuron
osmFISH Pseudospot,ground_truth,pseudospot_y5_x21,18260.710249025306,4671.344482308799,Interneuron
osmFISH Pseudospot,ground_truth,pseudospot_y5_x23,19959.38096986487,4671.344482308799,Interneuron
osmFISH Pseudospot,ground_truth,pseudospot_y5_x24,20808.71633028465,4671.344482308799,Endothelial
osmFISH Pseudospot,ground_truth,pseudospot_y6_x15,13164.698086506616,5520.67984272858,Oligodendrocyte
osmFISH Pseudospot,ground_truth,pseudospot_y6_x16,14014.033446926396,5520.67984272858,Oligodendrocyte
osmFISH Pseudospot,ground_truth,pseudospot_y6_x17,14863.368807346178,5520.67984272858,Ependymal
osmFISH Pseudospot,ground_truth,pseudospot_y6_x19,16562.03952818574,5520.67984272858,Ependymal
osmFISH Pseudospot,ground_truth,pseudospot_y6_x20,17411.374888605522,5520.67984272858,Oligodendrocyte
osmFISH Pseudospot,ground_truth,pseudospot_y6_x21,18260.710249025306,5520.67984272858,Endothelial
osmFISH Pseudospot,ground_truth,pseudospot_y6_x22,19110.045609445086,5520.67984272858,Oligodendrocyte
osmFISH Pseudospot,ground_truth,pseudospot_y6_x23,19959.38096986487,5520.67984272858,Oligodendrocyte
osmFISH Pseudospot,ground_truth,pseudospot_y7_x15,13164.698086506616,6370.015203148362,Oligodendrocyte
osmFISH Pseudospot,ground_truth,pseudospot_y7_x16,14014.033446926396,6370.015203148362,Oligodendrocyte
osmFISH Pseudospot,ground_truth,pseudospot_y7_x17,14863.368807346178,6370.015203148362,Ependymal
osmFISH Pseudospot,ground_truth,pseudospot_y7_x18,15712.70416776596,6370.015203148362,Other
osmFISH Pseudospot,ground_truth,pseudospot_y7_x19,16562.03952818574,6370.015203148362,Astrocyte
osmFISH Pseudospot,ground_truth,pseudospot_y7_x20,17411.374888605522,6370.015203148362,Oligodendrocyte
osmFISH Pseudospot,ground_truth,pseudospot_y7_x21,18260.710249025306,6370.015203148362,Interneuron
osmFISH Pseudospot,ground_truth,pseudospot_y7_x22,19110.045609445086,6370.015203148362,Interneuron
osmFISH Pseudospot,ground_truth,pseudospot_y7_x23,19959.38096986487,6370.015203148362,Interneuron
osmFISH Pseudospot,ground_truth,pseudospot_y7_x24,20808.71633028465,6370.015203148362,Interneuron
osmFISH Pseudospot,ground_truth,pseudospot_y8_x15,13164.698086506616,7219.350563568144,Oligodendrocyte
osmFISH Pseudospot,ground_truth,pseudospot_y8_x16,14014.033446926396,7219.350563568144,Oligodendrocyte
osmFISH Pseudospot,ground_truth,pseudospot_y8_x20,17411.374888605522,7219.350563568144,Oligodendrocyte
osmFISH Pseudospot,ground_truth,pseudospot_y8_x21,18260.710249025306,7219.350563568144,Interneuron
osmFISH Pseudospot,ground_truth,pseudospot_y8_x22,19110.045609445086,7219.350563568144,Interneuron
osmFISH Pseudospot,ground_truth,pseudospot_y8_x23,19959.38096986487,7219.350563568144,Interneuron
osmFISH Pseudospot,ground_truth,pseudospot_y9_x15,13164.698086506616,8068.685923987926,Oligodendrocyte
osmFISH Pseudospot,ground_truth,pseudospot_y9_x16,14014.033446926396,8068.685923987926,Oligodendrocyte
osmFISH Pseudospot,ground_truth,pseudospot_y9_x17,14863.368807346178,8068.685923987926,Astrocyte
osmFISH Pseudospot,ground_truth,pseudospot_y9_x19,16562.03952818574,8068.685923987926,Ependymal
osmFISH Pseudospot,ground_truth,pseudospot_y9_x20,17411.374888605522,8068.685923987926,Oligodendrocyte
osmFISH Pseudospot,ground_truth,pseudospot_y9_x21,18260.710249025306,8068.685923987926,Interneuron
osmFISH Pseudospot,ground_truth,pseudospot_y9_x22,19110.045609445086,8068.685923987926,Interneuron
osmFISH Pseudospot,ground_truth,pseudospot_y9_x23,19959.38096986487,8068.685923987926,Interneuron
osmFISH Pseudospot,ground_truth,pseudospot_y10_x15,13164.698086506616,8918.021284407707,Oligodendrocyte
osmFISH Pseudospot,ground_truth,pseudospot_y10_x16,14014.033446926396,8918.021284407707,Oligodendrocyte
osmFISH Pseudospot,ground_truth,pseudospot_y10_x17,14863.368807346178,8918.021284407707,Oligodendrocyte
osmFISH Pseudospot,ground_truth,pseudospot_y10_x18,15712.70416776596,8918.021284407707,Astrocyte
osmFISH Pseudospot,ground_truth,pseudospot_y10_x19,16562.03952818574,8918.021284407707,Endothelial
osmFISH Pseudospot,ground_truth,pseudospot_y10_x20,17411.374888605522,8918.021284407707,Oligodendrocyte
osmFISH Pseudospot,ground_truth,pseudospot_y10_x21,18260.710249025306,8918.021284407707,Interneuron
osmFISH Pseudospot,ground_truth,pseudospot_y10_x22,19110.045609445086,8918.021284407707,Endothelial
osmFISH Pseudospot,ground_truth,pseudospot_y10_x23,19959.38096986487,8918.021284407707,Interneuron
osmFISH Pseudospot,ground_truth,pseudospot_y10_x24,20808.71633028465,8918.021284407707,Endothelial
osmFISH Pseudospot,ground_truth,pseudospot_y11_x15,13164.698086506616,9767.356644827489,Oligodendrocyte
osmFISH Pseudospot,ground_truth,pseudospot_y11_x16,14014.033446926396,9767.356644827489,Oligodendrocyte
osmFISH Pseudospot,ground_truth,pseudospot_y11_x17,14863.368807346178,9767.356644827489,Oligodendrocyte
osmFISH Pseudospot,ground_truth,pseudospot_y11_x18,15712.70416776596,9767.356644827489,Oligodendrocyte
osmFISH Pseudospot,ground_truth,pseudospot_y11_x19,16562.03952818574,9767.356644827489,Ependymal
osmFISH Pseudospot,ground_truth,pseudospot_y11_x20,17411.374888605522,9767.356644827489,Oligodendrocyte
osmFISH Pseudospot,ground_truth,pseudospot_y11_x21,18260.710249025306,9767.356644827489,Interneuron
osmFISH Pseudospot,ground_truth,pseudospot_y11_x22,19110.045609445086,9767.356644827489,Interneuron
osmFISH Pseudospot,ground_truth,pseudospot_y11_x23,19959.38096986487,9767.356644827489,Interneuron
osmFISH Pseudospot,ground_truth,pseudospot_y12_x15,13164.698086506616,10616.69200524727,Astrocyte
osmFISH Pseudospot,ground_truth,pseudospot_y12_x16,14014.033446926396,10616.69200524727,Oligodendrocyte
osmFISH Pseudospot,ground_truth,pseudospot_y12_x17,14863.368807346178,10616.69200524727,Oligodendrocyte
osmFISH Pseudospot,ground_truth,pseudospot_y12_x18,15712.70416776596,10616.69200524727,Oligodendrocyte
osmFISH Pseudospot,ground_truth,pseudospot_y12_x19,16562.03952818574,10616.69200524727,Oligodendrocyte
osmFISH Pseudospot,ground_truth,pseudospot_y12_x21,18260.710249025306,10616.69200524727,Oligodendrocyte
osmFISH Pseudospot,ground_truth,pseudospot_y12_x22,19110.045609445086,10616.69200524727,Interneuron
osmFISH Pseudospot,ground_truth,pseudospot_y12_x23,19959.38096986487,10616.69200524727,Interneuron
osmFISH Pseudospot,ground_truth,pseudospot_y12_x24,20808.71633028465,10616.69200524727,Endothelial
osmFISH Pseudospot,ground_truth,pseudospot_y13_x15,13164.698086506616,11466.027365667052,Astrocyte
osmFISH Pseudospot,ground_truth,pseudospot_y13_x16,14014.033446926396,11466.027365667052,Interneuron
osmFISH Pseudospot,ground_truth,pseudospot_y13_x18,15712.70416776596,11466.027365667052,Oligodendrocyte
osmFISH Pseudospot,ground_truth,pseudospot_y13_x19,16562.03952818574,11466.027365667052,Oligodendrocyte
osmFISH Pseudospot,ground_truth,pseudospot_y13_x20,17411.374888605522,11466.027365667052,Oligodendrocyte
osmFISH Pseudospot,ground_truth,pseudospot_y13_x21,18260.710249025306,11466.027365667052,Oligodendrocyte
osmFISH Pseudospot,ground_truth,pseudospot_y13_x22,19110.045609445086,11466.027365667052,Interneuron
osmFISH Pseudospot,ground_truth,pseudospot_y13_x23,19959.38096986487,11466.027365667052,Oligodendrocyte
osmFISH Pseudospot,ground_truth,pseudospot_y13_x24,20808.71633028465,11466.027365667052,Oligodendrocyte
osmFISH Pseudospot,ground_truth,pseudospot_y14_x15,13164.698086506616,12315.362726086834,Endothelial
osmFISH Pseudospot,ground_truth,pseudospot_y14_x16,14014.033446926396,12315.362726086834,Astrocyte
osmFISH Pseudospot,ground_truth,pseudospot_y14_x19,16562.03952818574,12315.362726086834,Oligodendrocyte
osmFISH Pseudospot,ground_truth,pseudospot_y14_x20,17411.374888605522,12315.362726086834,Oligodendrocyte
osmFISH Pseudospot,ground_truth,pseudospot_y14_x21,18260.710249025306,12315.362726086834,Ependymal
osmFISH Pseudospot,ground_truth,pseudospot_y14_x22,19110.045609445086,12315.362726086834,Oligodendrocyte
osmFISH Pseudospot,ground_truth,pseudospot_y14_x23,19959.38096986487,12315.362726086834,Oligodendrocyte
osmFISH Pseudospot,ground_truth,pseudospot_y14_x24,20808.71633028465,12315.362726086834,Oligodendrocyte
osmFISH Pseudospot,ground_truth,pseudospot_y15_x15,13164.698086506616,13164.698086506616,Oligodendrocyte
osmFISH Pseudospot,ground_truth,pseudospot_y15_x19,16562.03952818574,13164.698086506616,Oligodendrocyte
osmFISH Pseudospot,ground_truth,pseudospot_y15_x20,17411.374888605522,13164.698086506616,Oligodendrocyte
osmFISH Pseudospot,ground_truth,pseudospot_y15_x21,18260.710249025306,13164.698086506616,Ependymal
osmFISH Pseudospot,ground_truth,pseudospot_y15_x22,19110.045609445086,13164.698086506616,Oligodendrocyte
osmFISH Pseudospot,ground_truth,pseudospot_y15_x23,19959.38096986487,13164.698086506616,Astrocyte
osmFISH Pseudospot,ground_truth,pseudospot_y16_x18,15712.70416776596,14014.033446926396,Astrocyte
osmFISH Pseudospot,ground_truth,pseudospot_y16_x19,16562.03952818574,14014.033446926396,Oligodendrocyte
osmFISH Pseudospot,ground_truth,pseudospot_y16_x20,17411.374888605522,14014.033446926396,Oligodendrocyte
osmFISH Pseudospot,ground_truth,pseudospot_y16_x21,18260.710249025306,14014.033446926396,Oligodendrocyte
osmFISH Pseudospot,ground_truth,pseudospot_y16_x22,19110.045609445086,14014.033446926396,Oligodendrocyte
osmFISH Pseudospot,ground_truth,pseudospot_y16_x23,19959.38096986487,14014.033446926396,Oligodendrocyte
osmFISH Pseudospot,ground_truth,pseudospot_y17_x20,17411.374888605522,14863.368807346178,Astrocyte
osmFISH Pseudospot,ground_truth,pseudospot_y17_x21,18260.710249025306,14863.368807346178,Oligodendrocyte
osmFISH Pseudospot,ground_truth,pseudospot_y17_x22,19110.045609445086,14863.368807346178,Oligodendrocyte
osmFISH Pseudospot,ground_truth,pseudospot_y17_x23,19959.38096986487,14863.368807346178,Oligodendrocyte
osmFISH Pseudospot,ground_truth,pseudospot_y18_x15,13164.698086506616,15712.70416776596,Hippocampus_Excitatory
osmFISH Pseudospot,ground_truth,pseudospot_y18_x16,14014.033446926396,15712.70416776596,Interneuron
osmFISH Pseudospot,ground_truth,pseudospot_y18_x19,16562.03952818574,15712.70416776596,Oligodendrocyte
osmFISH Pseudospot,ground_truth,pseudospot_y18_x20,17411.374888605522,15712.70416776596,Oligodendrocyte
osmFISH Pseudospot,ground_truth,pseudospot_y18_x21,18260.710249025306,15712.70416776596,Endothelial
osmFISH Pseudospot,ground_truth,pseudospot_y18_x23,19959.38096986487,15712.70416776596,Interneuron
osmFISH Pseudospot,ground_truth,pseudospot_y19_x15,13164.698086506616,16562.03952818574,Hippocampus_Excitatory
osmFISH Pseudospot,ground_truth,pseudospot_y19_x16,14014.033446926396,16562.03952818574,Endothelial
osmFISH Pseudospot,ground_truth,pseudospot_y19_x18,15712.70416776596,16562.03952818574,Interneuron
osmFISH Pseudospot,ground_truth,pseudospot_y19_x19,16562.03952818574,16562.03952818574,Ependymal
osmFISH Pseudospot,ground_truth,pseudospot_y19_x20,17411.374888605522,16562.03952818574,Oligodendrocyte
osmFISH Pseudospot,ground_truth,pseudospot_y19_x21,18260.710249025306,16562.03952818574,Oligodendrocyte
osmFISH Pseudospot,ground_truth,pseudospot_y19_x22,19110.045609445086,16562.03952818574,Interneuron
osmFISH Pseudospot,ground_truth,pseudospot_y19_x23,19959.38096986487,16562.03952818574,Oligodendrocyte
osmFISH Pseudospot,ground_truth,pseudospot_y19_x24,20808.71633028465,16562.03952818574,Endothelial
osmFISH Pseudospot,ground_truth,pseudospot_y20_x15,13164.698086506616,17411.374888605522,Hippocampus_Excitatory
osmFISH Pseudospot,ground_truth,pseudospot_y20_x16,14014.033446926396,17411.374888605522,Hippocampus_Excitatory
osmFISH Pseudospot,ground_truth,pseudospot_y20_x17,14863.368807346178,17411.374888605522,Oligodendrocyte
osmFISH Pseudospot,ground_truth,pseudospot_y20_x18,15712.70416776596,17411.374888605522,Endothelial
osmFISH Pseudospot,ground_truth,pseudospot_y20_x19,16562.03952818574,17411.374888605522,Ependymal
osmFISH Pseudospot,ground_truth,pseudospot_y20_x20,17411.374888605522,17411.374888605522,Oligodendrocyte
osmFISH Pseudospot,ground_truth,pseudospot_y20_x21,18260.710249025306,17411.374888605522,Oligodendrocyte
osmFISH Pseudospot,ground_truth,pseudospot_y20_x22,19110.045609445086,17411.374888605522,Oligodendrocyte
osmFISH Pseudospot,ground_truth,pseudospot_y20_x23,19959.38096986487,17411.374888605522,S1_Excitatory
osmFISH Pseudospot,ground_truth,pseudospot_y20_x24,20808.71633028465,17411.374888605522,Endothelial
osmFISH Pseudospot,ground_truth,pseudospot_y21_x15,13164.698086506616,18260.710249025306,Hippocampus_Excitatory
osmFISH Pseudospot,ground_truth,pseudospot_y21_x18,15712.70416776596,18260.710249025306,Ependymal
osmFISH Pseudospot,ground_truth,pseudospot_y21_x19,16562.03952818574,18260.710249025306,Oligodendrocyte
osmFISH Pseudospot,ground_truth,pseudospot_y21_x20,17411.374888605522,18260.710249025306,Oligodendrocyte
osmFISH Pseudospot,ground_truth,pseudospot_y21_x22,19110.045609445086,18260.710249025306,Oligodendrocyte
osmFISH Pseudospot,ground_truth,pseudospot_y21_x23,19959.38096986487,18260.710249025306,Oligodendrocyte
osmFISH Pseudospot,ground_truth,pseudospot_y21_x24,20808.71633028465,18260.710249025306,Endothelial
osmFISH Pseudospot,ground_truth,pseudospot_y22_x18,15712.70416776596,19110.045609445086,Oligodendrocyte
osmFISH Pseudospot,ground_truth,pseudospot_y22_x19,16562.03952818574,19110.045609445086,Oligodendrocyte
osmFISH Pseudospot,ground_truth,pseudospot_y22_x20,17411.374888605522,19110.045609445086,Oligodendrocyte
osmFISH Pseudospot,ground_truth,pseudospot_y22_x21,18260.710249025306,19110.045609445086,Interneuron
osmFISH Pseudospot,ground_truth,pseudospot_y22_x22,19110.045609445086,19110.045609445086,S1_Excitatory
osmFISH Pseudospot,ground_truth,pseudospot_y22_x23,19959.38096986487,19110.045609445086,Interneuron
osmFISH Pseudospot,ground_truth,pseudospot_y22_x24,20808.71633028465,19110.045609445086,Endothelial
osmFISH Pseudospot,ground_truth,pseudospot_y23_x12,10616.69200524727,19959.38096986487,Hippocampus_Excitatory
osmFISH Pseudospot,ground_truth,pseudospot_y23_x13,11466.027365667052,19959.38096986487,Hippocampus_Excitatory
osmFISH Pseudospot,ground_truth,pseudospot_y23_x14,12315.362726086834,19959.38096986487,Hippocampus_Excitatory
osmFISH Pseudospot,ground_truth,pseudospot_y23_x15,13164.698086506616,19959.38096986487,Endothelial
osmFISH Pseudospot,ground_truth,pseudospot_y23_x16,14014.033446926396,19959.38096986487,Interneuron
osmFISH Pseudospot,ground_truth,pseudospot_y23_x17,14863.368807346178,19959.38096986487,Endothelial
osmFISH Pseudospot,ground_truth,pseudospot_y23_x18,15712.70416776596,19959.38096986487,Oligodendrocyte
osmFISH Pseudospot,ground_truth,pseudospot_y23_x19,16562.03952818574,19959.38096986487,Oligodendrocyte
osmFISH Pseudospot,ground_truth,pseudospot_y23_x21,18260.710249025306,19959.38096986487,S1_Excitatory
osmFISH Pseudospot,ground_truth,pseudospot_y24_x13,11466.027365667052,20808.71633028465,Hippocampus_Excitatory
osmFISH Pseudospot,ground_truth,pseudospot_y24_x15,13164.698086506616,20808.71633028465,Interneuron
osmFISH Pseudospot,ground_truth,pseudospot_y24_x16,14014.033446926396,20808.71633028465,Ependymal
osmFISH Pseudospot,ground_truth,pseudospot_y24_x17,14863.368807346178,20808.71633028465,Oligodendrocyte
osmFISH Pseudospot,ground_truth,pseudospot_y24_x18,15712.70416776596,20808.71633028465,Oligodendrocyte
osmFISH Pseudospot,ground_truth,pseudospot_y24_x19,16562.03952818574,20808.71633028465,S1_Excitatory
osmFISH Pseudospot,ground_truth,pseudospot_y24_x20,17411.374888605522,20808.71633028465,Endothelial
osmFISH Pseudospot,ground_truth,pseudospot_y24_x21,18260.710249025306,20808.71633028465,S1_Excitatory
osmFISH Pseudospot,ground_truth,pseudospot_y25_x10,8918.021284407707,21658.051690704433,Hippocampus_Excitatory
osmFISH Pseudospot,ground_truth,pseudospot_y25_x11,9767.356644827489,21658.051690704433,Hippocampus_Excitatory
osmFISH Pseudospot,ground_truth,pseudospot_y25_x12,10616.69200524727,21658.051690704433,Hippocampus_Excitatory
osmFISH Pseudospot,ground_truth,pseudospot_y25_x13,11466.027365667052,21658.051690704433,Hippocampus_Excitatory
osmFISH Pseudospot,ground_truth,pseudospot_y25_x15,13164.698086506616,21658.051690704433,Oligodendrocyte
osmFISH Pseudospot,ground_truth,pseudospot_y25_x16,14014.033446926396,21658.051690704433,Oligodendrocyte
osmFISH Pseudospot,ground_truth,pseudospot_y25_x17,14863.368807346178,21658.051690704433,Oligodendrocyte
osmFISH Pseudospot,ground_truth,pseudospot_y25_x18,15712.70416776596,21658.051690704433,Oligodendrocyte
osmFISH Pseudospot,ground_truth,pseudospot_y25_x19,16562.03952818574,21658.051690704433,Oligodendrocyte
osmFISH Pseudospot,ground_truth,pseudospot_y25_x20,17411.374888605522,21658.051690704433,S1_Excitatory
osmFISH Pseudospot,ground_truth,pseudospot_y25_x21,18260.710249025306,21658.051690704433,S1_Excitatory
osmFISH Pseudospot,ground_truth,pseudospot_y25_x22,19110.045609445086,21658.051690704433,S1_Excitatory
osmFISH Pseudospot,ground_truth,pseudospot_y26_x10,8918.021284407707,22507.387051124213,Hippocampus_Excitatory
osmFISH Pseudospot,ground_truth,pseudospot_y26_x11,9767.356644827489,22507.387051124213,Hippocampus_Excitatory
osmFISH Pseudospot,ground_truth,pseudospot_y26_x12,10616.69200524727,22507.387051124213,Hippocampus_Excitatory
osmFISH Pseudospot,ground_truth,pseudospot_y26_x14,12315.362726086834,22507.387051124213,Oligodendrocyte
osmFISH Pseudospot,ground_truth,pseudospot_y26_x15,13164.698086506616,22507.387051124213,Oligodendrocyte
osmFISH Pseudospot,ground_truth,pseudospot_y26_x16,14014.033446926396,22507.387051124213,Endothelial
osmFISH Pseudospot,ground_truth,pseudospot_y26_x17,14863.368807346178,22507.387051124213,Oligodendrocyte
osmFISH Pseudospot,ground_truth,pseudospot_y26_x19,16562.03952818574,22507.387051124213,S1_Excitatory
osmFISH Pseudospot,ground_truth,pseudospot_y26_x20,17411.374888605522,22507.387051124213,Endothelial
osmFISH Pseudospot,ground_truth,pseudospot_y26_x21,18260.710249025306,22507.387051124213,Interneuron
osmFISH Pseudospot,ground_truth,pseudospot_y27_x9,8068.685923987926,23356.722411543997,Hippocampus_Excitatory
osmFISH Pseudospot,ground_truth,pseudospot_y27_x10,8918.021284407707,23356.722411543997,Hippocampus_Excitatory
osmFISH Pseudospot,ground_truth,pseudospot_y27_x11,9767.356644827489,23356.722411543997,Other
osmFISH Pseudospot,ground_truth,pseudospot_y27_x14,12315.362726086834,23356.722411543997,Ependymal
osmFISH Pseudospot,ground_truth,pseudospot_y27_x15,13164.698086506616,23356.722411543997,Oligodendrocyte
osmFISH Pseudospot,ground_truth,pseudospot_y27_x16,14014.033446926396,23356.722411543997,Oligodendrocyte
osmFISH Pseudospot,ground_truth,pseudospot_y27_x17,14863.368807346178,23356.722411543997,Oligodendrocyte
osmFISH Pseudospot,ground_truth,pseudospot_y27_x18,15712.70416776596,23356.722411543997,S1_Excitatory
osmFISH Pseudospot,ground_truth,pseudospot_y27_x19,16562.03952818574,23356.722411543997,S1_Excitatory
osmFISH Pseudospot,ground_truth,pseudospot_y27_x20,17411.374888605522,23356.722411543997,S1_Excitatory
osmFISH Pseudospot,ground_truth,pseudospot_y27_x21,18260.710249025306,23356.722411543997,S1_Excitatory
osmFISH Pseudospot,ground_truth,pseudospot_y28_x6,5520.67984272858,24206.057771963777,Endothelial
osmFISH Pseudospot,ground_truth,pseudospot_y28_x8,7219.350563568144,24206.057771963777,Hippocampus_Excitatory
osmFISH Pseudospot,ground_truth,pseudospot_y28_x9,8068.685923987926,24206.057771963777,Hippocampus_Excitatory
osmFISH Pseudospot,ground_truth,pseudospot_y28_x10,8918.021284407707,24206.057771963777,Interneuron
osmFISH Pseudospot,ground_truth,pseudospot_y28_x12,10616.69200524727,24206.057771963777,Oligodendrocyte
osmFISH Pseudospot,ground_truth,pseudospot_y28_x13,11466.027365667052,24206.057771963777,Oligodendrocyte
osmFISH Pseudospot,ground_truth,pseudospot_y28_x14,12315.362726086834,24206.057771963777,Oligodendrocyte
osmFISH Pseudospot,ground_truth,pseudospot_y28_x15,13164.698086506616,24206.057771963777,Oligodendrocyte
osmFISH Pseudospot,ground_truth,pseudospot_y28_x16,14014.033446926396,24206.057771963777,S1_Excitatory
osmFISH Pseudospot,ground_truth,pseudospot_y28_x17,14863.368807346178,24206.057771963777,S1_Excitatory
osmFISH Pseudospot,ground_truth,pseudospot_y28_x18,15712.70416776596,24206.057771963777,S1_Excitatory
osmFISH Pseudospot,ground_truth,pseudospot_y28_x19,16562.03952818574,24206.057771963777,S1_Excitatory
osmFISH Pseudospot,ground_truth,pseudospot_y28_x20,17411.374888605522,24206.057771963777,S1_Excitatory
osmFISH Pseudospot,ground_truth,pseudospot_y28_x21,18260.710249025306,24206.057771963777,S1_Excitatory
osmFISH Pseudospot,ground_truth,pseudospot_y29_x2,2123.338401049454,25055.393132383557,Endothelial
osmFISH Pseudospot,ground_truth,pseudospot_y29_x4,3822.0091218890175,25055.393132383557,Astrocyte
osmFISH Pseudospot,ground_truth,pseudospot_y29_x5,4671.344482308799,25055.393132383557,Astrocyte
osmFISH Pseudospot,ground_truth,pseudospot_y29_x6,5520.67984272858,25055.393132383557,Interneuron
osmFISH Pseudospot,ground_truth,pseudospot_y29_x7,6370.015203148362,25055.393132383557,S1_Excitatory
osmFISH Pseudospot,ground_truth,pseudospot_y29_x8,7219.350563568144,25055.393132383557,Interneuron
osmFISH Pseudospot,ground_truth,pseudospot_y29_x9,8068.685923987926,25055.393132383557,Hippocampus_Excitatory
osmFISH Pseudospot,ground_truth,pseudospot_y29_x11,9767.356644827489,25055.393132383557,Interneuron
osmFISH Pseudospot,ground_truth,pseudospot_y29_x12,10616.69200524727,25055.393132383557,Interneuron
osmFISH Pseudospot,ground_truth,pseudospot_y29_x13,11466.027365667052,25055.393132383557,Oligodendrocyte
osmFISH Pseudospot,ground_truth,pseudospot_y29_x14,12315.362726086834,25055.393132383557,Endothelial
osmFISH Pseudospot,ground_truth,pseudospot_y29_x15,13164.698086506616,25055.393132383557,Interneuron
osmFISH Pseudospot,ground_truth,pseudospot_y29_x16,14014.033446926396,25055.393132383557,Oligodendrocyte
osmFISH Pseudospot,ground_truth,pseudospot_y29_x17,14863.368807346178,25055.393132383557,S1_Excitatory
osmFISH Pseudospot,ground_truth,pseudospot_y29_x18,15712.70416776596,25055.393132383557,S1_Excitatory
osmFISH Pseudospot,ground_truth,pseudospot_y29_x19,16562.03952818574,25055.393132383557,Oligodendrocyte
osmFISH Pseudospot,ground_truth,pseudospot_y29_x20,17411.374888605522,25055.393132383557,S1_Excitatory
osmFISH Pseudospot,ground_truth,pseudospot_y29_x21,18260.710249025306,25055.393132383557,Interneuron
osmFISH Pseudospot,ground_truth,pseudospot_y29_x22,19110.045609445086,25055.393132383557,S1_Excitatory
osmFISH Pseudospot,ground_truth,pseudospot_y30_x1,1274.0030406296723,25904.72849280334,Endothelial
osmFISH Pseudospot,ground_truth,pseudospot_y30_x2,2123.338401049454,25904.72849280334,Endothelial
osmFISH Pseudospot,ground_truth,pseudospot_y30_x4,3822.0091218890175,25904.72849280334,Endothelial
osmFISH Pseudospot,ground_truth,pseudospot_y30_x5,4671.344482308799,25904.72849280334,Hippocampus_Excitatory
osmFISH Pseudospot,ground_truth,pseudospot_y30_x6,5520.67984272858,25904.72849280334,Oligodendrocyte
osmFISH Pseudospot,ground_truth,pseudospot_y30_x7,6370.015203148362,25904.72849280334,Hippocampus_Excitatory
osmFISH Pseudospot,ground_truth,pseudospot_y30_x8,7219.350563568144,25904.72849280334,Hippocampus_Excitatory
osmFISH Pseudospot,ground_truth,pseudospot_y30_x10,8918.021284407707,25904.72849280334,Oligodendrocyte
osmFISH Pseudospot,ground_truth,pseudospot_y30_x11,9767.356644827489,25904.72849280334,Ependymal
osmFISH Pseudospot,ground_truth,pseudospot_y30_x12,10616.69200524727,25904.72849280334,Oligodendrocyte
osmFISH Pseudospot,ground_truth,pseudospot_y30_x13,11466.027365667052,25904.72849280334,Oligodendrocyte
osmFISH Pseudospot,ground_truth,pseudospot_y30_x14,12315.362726086834,25904.72849280334,Endothelial
osmFISH Pseudospot,ground_truth,pseudospot_y30_x15,13164.698086506616,25904.72849280334,S1_Excitatory
osmFISH Pseudospot,ground_truth,pseudospot_y30_x16,14014.033446926396,25904.72849280334,S1_Excitatory
osmFISH Pseudospot,ground_truth,pseudospot_y30_x17,14863.368807346178,25904.72849280334,S1_Excitatory
osmFISH Pseudospot,ground_truth,pseudospot_y30_x18,15712.70416776596,25904.72849280334,S1_Excitatory
osmFISH Pseudospot,ground_truth,pseudospot_y30_x19,16562.03952818574,25904.72849280334,S1_Excitatory
osmFISH Pseudospot,ground_truth,pseudospot_y30_x20,17411.374888605522,25904.72849280334,S1_Excitatory
osmFISH Pseudospot,ground_truth,pseudospot_y30_x21,18260.710249025306,25904.72849280334,Endothelial
osmFISH Pseudospot,ground_truth,pseudospot_y30_x22,19110.045609445086,25904.72849280334,Oligodendrocyte
osmFISH Pseudospot,ground_truth,pseudospot_y30_x23,19959.38096986487,25904.72849280334,Endothelial
osmFISH Pseudospot,ground_truth,pseudospot_y31_x3,2972.6737614692356,26754.06385322312,Astrocyte
osmFISH Pseudospot,ground_truth,pseudospot_y31_x4,3822.0091218890175,26754.06385322312,Endothelial
osmFISH Pseudospot,ground_truth,pseudospot_y31_x5,4671.344482308799,26754.06385322312,Hippocampus_Excitatory
osmFISH Pseudospot,ground_truth,pseudospot_y31_x6,5520.67984272858,26754.06385322312,Hippocampus_Excitatory
osmFISH Pseudospot,ground_truth,pseudospot_y31_x7,6370.015203148362,26754.06385322312,Hippocampus_Excitatory
osmFISH Pseudospot,ground_truth,pseudospot_y31_x11,9767.356644827489,26754.06385322312,Oligodendrocyte
osmFISH Pseudospot,ground_truth,pseudospot_y31_x12,10616.69200524727,26754.06385322312,Oligodendrocyte
osmFISH Pseudospot,ground_truth,pseudospot_y31_x13,11466.027365667052,26754.06385322312,Interneuron
osmFISH Pseudospot,ground_truth,pseudospot_y31_x14,12315.362726086834,26754.06385322312,S1_Excitatory
osmFISH Pseudospot,ground_truth,pseudospot_y31_x15,13164.698086506616,26754.06385322312,S1_Excitatory
osmFISH Pseudospot,ground_truth,pseudospot_y31_x16,14014.033446926396,26754.06385322312,S1_Excitatory
osmFISH Pseudospot,ground_truth,pseudospot_y31_x17,14863.368807346178,26754.06385322312,S1_Excitatory
osmFISH Pseudospot,ground_truth,pseudospot_y31_x18,15712.70416776596,26754.06385322312,S1_Excitatory
osmFISH Pseudospot,ground_truth,pseudospot_y31_x19,16562.03952818574,26754.06385322312,S1_Excitatory
osmFISH Pseudospot,ground_truth,pseudospot_y31_x20,17411.374888605522,26754.06385322312,Astrocyte
osmFISH Pseudospot,ground_truth,pseudospot_y31_x21,18260.710249025306,26754.06385322312,S1_Excitatory
osmFISH Pseudospot,ground_truth,pseudospot_y31_x22,19110.045609445086,26754.06385322312,S1_Excitatory
osmFISH Pseudospot,ground_truth,pseudospot_y32_x0,424.6676802098908,27603.399213642904,Interneuron
osmFISH Pseudospot,ground_truth,pseudospot_y32_x1,1274.0030406296723,27603.399213642904,Astrocyte
osmFISH Pseudospot,ground_truth,pseudospot_y32_x3,2972.6737614692356,27603.399213642904,S1_Excitatory
osmFISH Pseudospot,ground_truth,pseudospot_y32_x4,3822.0091218890175,27603.399213642904,Interneuron
osmFISH Pseudospot,ground_truth,pseudospot_y32_x5,4671.344482308799,27603.399213642904,Interneuron
osmFISH Pseudospot,ground_truth,pseudospot_y32_x7,6370.015203148362,27603.399213642904,Interneuron
osmFISH Pseudospot,ground_truth,pseudospot_y32_x9,8068.685923987926,27603.399213642904,Oligodendrocyte
osmFISH Pseudospot,ground_truth,pseudospot_y32_x10,8918.021284407707,27603.399213642904,Oligodendrocyte
osmFISH Pseudospot,ground_truth,pseudospot_y32_x11,9767.356644827489,27603.399213642904,Oligodendrocyte
osmFISH Pseudospot,ground_truth,pseudospot_y32_x12,10616.69200524727,27603.399213642904,S1_Excitatory
osmFISH Pseudospot,ground_truth,pseudospot_y32_x13,11466.027365667052,27603.399213642904,S1_Excitatory
osmFISH Pseudospot,ground_truth,pseudospot_y32_x14,12315.362726086834,27603.399213642904,S1_Excitatory
osmFISH Pseudospot,ground_truth,pseudospot_y32_x15,13164.698086506616,27603.399213642904,S1_Excitatory
osmFISH Pseudospot,ground_truth,pseudospot_y32_x16,14014.033446926396,27603.399213642904,S1_Excitatory
osmFISH Pseudospot,ground_truth,pseudospot_y32_x17,14863.368807346178,27603.399213642904,Interneuron
osmFISH Pseudospot,ground_truth,pseudospot_y32_x18,15712.70416776596,27603.399213642904,Interneuron
osmFISH Pseudospot,ground_truth,pseudospot_y32_x19,16562.03952818574,27603.399213642904,Interneuron
osmFISH Pseudospot,ground_truth,pseudospot_y32_x20,17411.374888605522,27603.399213642904,Interneuron
osmFISH Pseudospot,ground_truth,pseudospot_y32_x21,18260.710249025306,27603.399213642904,Other
osmFISH Pseudospot,ground_truth,pseudospot_y32_x22,19110.045609445086,27603.399213642904,S1_Excitatory
osmFISH Pseudospot,ground_truth,pseudospot_y32_x23,19959.38096986487,27603.399213642904,Endothelial
osmFISH Pseudospot,ground_truth,pseudospot_y33_x0,424.6676802098908,28452.734574062684,Endothelial
osmFISH Pseudospot,ground_truth,pseudospot_y33_x1,1274.0030406296723,28452.734574062684,Hippocampus_Excitatory
osmFISH Pseudospot,ground_truth,pseudospot_y33_x2,2123.338401049454,28452.734574062684,Hippocampus_Excitatory
osmFISH Pseudospot,ground_truth,pseudospot_y33_x3,2972.6737614692356,28452.734574062684,Hippocampus_Excitatory
osmFISH Pseudospot,ground_truth,pseudospot_y33_x7,6370.015203148362,28452.734574062684,Ependymal
osmFISH Pseudospot,ground_truth,pseudospot_y33_x8,7219.350563568144,28452.734574062684,Astrocyte
osmFISH Pseudospot,ground_truth,pseudospot_y33_x9,8068.685923987926,28452.734574062684,Oligodendrocyte
osmFISH Pseudospot,ground_truth,pseudospot_y33_x10,8918.021284407707,28452.734574062684,Endothelial
osmFISH Pseudospot,ground_truth,pseudospot_y33_x11,9767.356644827489,28452.734574062684,Oligodendrocyte
osmFISH Pseudospot,ground_truth,pseudospot_y33_x12,10616.69200524727,28452.734574062684,Interneuron
osmFISH Pseudospot,ground_truth,pseudospot_y33_x13,11466.027365667052,28452.734574062684,S1_Excitatory
osmFISH Pseudospot,ground_truth,pseudospot_y33_x14,12315.362726086834,28452.734574062684,S1_Excitatory
osmFISH Pseudospot,ground_truth,pseudospot_y33_x15,13164.698086506616,28452.734574062684,S1_Excitatory
osmFISH Pseudospot,ground_truth,pseudospot_y33_x16,14014.033446926396,28452.734574062684,S1_Excitatory
osmFISH Pseudospot,ground_truth,pseudospot_y33_x17,14863.368807346178,28452.734574062684,Oligodendrocyte
osmFISH Pseudospot,ground_truth,pseudospot_y33_x18,15712.70416776596,28452.734574062684,Endothelial
osmFISH Pseudospot,ground_truth,pseudospot_y33_x19,16562.03952818574,28452.734574062684,S1_Excitatory
osmFISH Pseudospot,ground_truth,pseudospot_y33_x20,17411.374888605522,28452.734574062684,S1_Excitatory
osmFISH Pseudospot,ground_truth,pseudospot_y33_x21,18260.710249025306,28452.734574062684,Interneuron
osmFISH Pseudospot,ground_truth,pseudospot_y33_x22,19110.045609445086,28452.734574062684,Endothelial
osmFISH Pseudospot,ground_truth,pseudospot_y33_x23,19959.38096986487,28452.734574062684,S1_Excitatory
osmFISH Pseudospot,ground_truth,pseudospot_y33_x24,20808.71633028465,28452.734574062684,S1_Excitatory
osmFISH Pseudospot,ground_truth,pseudospot_y34_x1,1274.0030406296723,29302.069934482468,Interneuron
osmFISH Pseudospot,ground_truth,pseudospot_y34_x5,4671.344482308799,29302.069934482468,Oligodendrocyte
osmFISH Pseudospot,ground_truth,pseudospot_y34_x6,5520.67984272858,29302.069934482468,Oligodendrocyte
osmFISH Pseudospot,ground_truth,pseudospot_y34_x7,6370.015203148362,29302.069934482468,Oligodendrocyte
osmFISH Pseudospot,ground_truth,pseudospot_y34_x8,7219.350563568144,29302.069934482468,Oligodendrocyte
osmFISH Pseudospot,ground_truth,pseudospot_y34_x9,8068.685923987926,29302.069934482468,Interneuron
osmFISH Pseudospot,ground_truth,pseudospot_y34_x10,8918.021284407707,29302.069934482468,S1_Excitatory
osmFISH Pseudospot,ground_truth,pseudospot_y34_x11,9767.356644827489,29302.069934482468,S1_Excitatory
osmFISH Pseudospot,ground_truth,pseudospot_y34_x12,10616.69200524727,29302.069934482468,S1_Excitatory
osmFISH Pseudospot,ground_truth,pseudospot_y34_x13,11466.027365667052,29302.069934482468,S1_Excitatory
osmFISH Pseudospot,ground_truth,pseudospot_y34_x14,12315.362726086834,29302.069934482468,S1_Excitatory
osmFISH Pseudospot,ground_truth,pseudospot_y34_x15,13164.698086506616,29302.069934482468,S1_Excitatory
osmFISH Pseudospot,ground_truth,pseudospot_y34_x16,14014.033446926396,29302.069934482468,Interneuron
osmFISH Pseudospot,ground_truth,pseudospot_y34_x17,14863.368807346178,29302.069934482468,Interneuron
osmFISH Pseudospot,ground_truth,pseudospot_y34_x18,15712.70416776596,29302.069934482468,S1_Excitatory
osmFISH Pseudospot,ground_truth,pseudospot_y34_x19,16562.03952818574,29302.069934482468,Oligodendrocyte
osmFISH Pseudospot,ground_truth,pseudospot_y34_x20,17411.374888605522,29302.069934482468,S1_Excitatory
osmFISH Pseudospot,ground_truth,pseudospot_y34_x21,18260.710249025306,29302.069934482468,Interneuron
osmFISH Pseudospot,ground_truth,pseudospot_y34_x22,19110.045609445086,29302.069934482468,S1_Excitatory
osmFISH Pseudospot,ground_truth,pseudospot_y34_x23,19959.38096986487,29302.069934482468,S1_Excitatory
osmFISH Pseudospot,ground_truth,pseudospot_y34_x24,20808.71633028465,29302.069934482468,S1_Excitatory
osmFISH Pseudospot,ground_truth,pseudospot_y35_x0,424.6676802098908,30151.405294902248,Astrocyte
osmFISH Pseudospot,ground_truth,pseudospot_y35_x1,1274.0030406296723,30151.405294902248,Astrocyte
osmFISH Pseudospot,ground_truth,pseudospot_y35_x2,2123.338401049454,30151.405294902248,Interneuron
osmFISH Pseudospot,ground_truth,pseudospot_y35_x3,2972.6737614692356,30151.405294902248,Oligodendrocyte
osmFISH Pseudospot,ground_truth,pseudospot_y35_x4,3822.0091218890175,30151.405294902248,Astrocyte
osmFISH Pseudospot,ground_truth,pseudospot_y35_x5,4671.344482308799,30151.405294902248,Astrocyte
osmFISH Pseudospot,ground_truth,pseudospot_y35_x6,5520.67984272858,30151.405294902248,Oligodendrocyte
osmFISH Pseudospot,ground_truth,pseudospot_y35_x7,6370.015203148362,30151.405294902248,S1_Excitatory
osmFISH Pseudospot,ground_truth,pseudospot_y35_x8,7219.350563568144,30151.405294902248,S1_Excitatory
osmFISH Pseudospot,ground_truth,pseudospot_y35_x9,8068.685923987926,30151.405294902248,S1_Excitatory
osmFISH Pseudospot,ground_truth,pseudospot_y35_x10,8918.021284407707,30151.405294902248,S1_Excitatory
osmFISH Pseudospot,ground_truth,pseudospot_y35_x11,9767.356644827489,30151.405294902248,S1_Excitatory
osmFISH Pseudospot,ground_truth,pseudospot_y35_x12,10616.69200524727,30151.405294902248,S1_Excitatory
osmFISH Pseudospot,ground_truth,pseudospot_y35_x13,11466.027365667052,30151.405294902248,Endothelial
osmFISH Pseudospot,ground_truth,pseudospot_y35_x14,12315.362726086834,30151.405294902248,S1_Excitatory
osmFISH Pseudospot,ground_truth,pseudospot_y35_x15,13164.698086506616,30151.405294902248,Oligodendrocyte
osmFISH Pseudospot,ground_truth,pseudospot_y35_x16,14014.033446926396,30151.405294902248,S1_Excitatory
osmFISH Pseudospot,ground_truth,pseudospot_y35_x17,14863.368807346178,30151.405294902248,Interneuron
osmFISH Pseudospot,ground_truth,pseudospot_y35_x18,15712.70416776596,30151.405294902248,Astrocyte
osmFISH Pseudospot,ground_truth,pseudospot_y35_x20,17411.374888605522,30151.405294902248,S1_Excitatory
osmFISH Pseudospot,ground_truth,pseudospot_y35_x21,18260.710249025306,30151.405294902248,S1_Excitatory
osmFISH Pseudospot,ground_truth,pseudospot_y35_x22,19110.045609445086,30151.405294902248,S1_Excitatory
osmFISH Pseudospot,ground_truth,pseudospot_y35_x23,19959.38096986487,30151.405294902248,S1_Excitatory
osmFISH Pseudospot,ground_truth,pseudospot_y35_x24,20808.71633028465,30151.405294902248,S1_Excitatory
osmFISH Pseudospot,ground_truth,pseudospot_y36_x0,424.6676802098908,31000.740655322028,Astrocyte
osmFISH Pseudospot,ground_truth,pseudospot_y36_x2,2123.338401049454,31000.740655322028,Oligodendrocyte
osmFISH Pseudospot,ground_truth,pseudospot_y36_x3,2972.6737614692356,31000.740655322028,Oligodendrocyte
osmFISH Pseudospot,ground_truth,pseudospot_y36_x5,4671.344482308799,31000.740655322028,Oligodendrocyte
osmFISH Pseudospot,ground_truth,pseudospot_y36_x6,5520.67984272858,31000.740655322028,S1_Excitatory
osmFISH Pseudospot,ground_truth,pseudospot_y36_x7,6370.015203148362,31000.740655322028,S1_Excitatory
osmFISH Pseudospot,ground_truth,pseudospot_y36_x8,7219.350563568144,31000.740655322028,S1_Excitatory
osmFISH Pseudospot,ground_truth,pseudospot_y36_x9,8068.685923987926,31000.740655322028,S1_Excitatory
osmFISH Pseudospot,ground_truth,pseudospot_y36_x10,8918.021284407707,31000.740655322028,S1_Excitatory
osmFISH Pseudospot,ground_truth,pseudospot_y36_x11,9767.356644827489,31000.740655322028,S1_Excitatory
osmFISH Pseudospot,ground_truth,pseudospot_y36_x12,10616.69200524727,31000.740655322028,S1_Excitatory
osmFISH Pseudospot,ground_truth,pseudospot_y36_x13,11466.027365667052,31000.740655322028,S1_Excitatory
osmFISH Pseudospot,ground_truth,pseudospot_y36_x14,12315.362726086834,31000.740655322028,Interneuron
osmFISH Pseudospot,ground_truth,pseudospot_y36_x15,13164.698086506616,31000.740655322028,S1_Excitatory
osmFISH Pseudospot,ground_truth,pseudospot_y36_x16,14014.033446926396,31000.740655322028,Interneuron
osmFISH Pseudospot,ground_truth,pseudospot_y36_x17,14863.368807346178,31000.740655322028,Endothelial
osmFISH Pseudospot,ground_truth,pseudospot_y36_x18,15712.70416776596,31000.740655322028,S1_Excitatory
osmFISH Pseudospot,ground_truth,pseudospot_y36_x19,16562.03952818574,31000.740655322028,S1_Excitatory
osmFISH Pseudospot,ground_truth,pseudospot_y36_x20,17411.374888605522,31000.740655322028,S1_Excitatory
osmFISH Pseudospot,ground_truth,pseudospot_y36_x21,18260.710249025306,31000.740655322028,S1_Excitatory
osmFISH Pseudospot,ground_truth,pseudospot_y36_x22,19110.045609445086,31000.740655322028,S1_Excitatory
osmFISH Pseudospot,ground_truth,pseudospot_y36_x23,19959.38096986487,31000.740655322028,S1_Excitatory
osmFISH Pseudospot,ground_truth,pseudospot_y36_x24,20808.71633028465,31000.740655322028,S1_Excitatory
osmFISH Pseudospot,ground_truth,pseudospot_y37_x0,424.6676802098908,31850.07601574181,Oligodendrocyte
osmFISH Pseudospot,ground_truth,pseudospot_y37_x1,1274.0030406296723,31850.07601574181,Oligodendrocyte
osmFISH Pseudospot,ground_truth,pseudospot_y37_x2,2123.338401049454,31850.07601574181,S1_Excitatory
osmFISH Pseudospot,ground_truth,pseudospot_y37_x3,2972.6737614692356,31850.07601574181,S1_Excitatory
osmFISH Pseudospot,ground_truth,pseudospot_y37_x4,3822.0091218890175,31850.07601574181,S1_Excitatory
osmFISH Pseudospot,ground_truth,pseudospot_y37_x5,4671.344482308799,31850.07601574181,S1_Excitatory
osmFISH Pseudospot,ground_truth,pseudospot_y37_x6,5520.67984272858,31850.07601574181,S1_Excitatory
osmFISH Pseudospot,ground_truth,pseudospot_y37_x7,6370.015203148362,31850.07601574181,S1_Excitatory
osmFISH Pseudospot,ground_truth,pseudospot_y37_x8,7219.350563568144,31850.07601574181,S1_Excitatory
osmFISH Pseudospot,ground_truth,pseudospot_y37_x9,8068.685923987926,31850.07601574181,S1_Excitatory
osmFISH Pseudospot,ground_truth,pseudospot_y37_x10,8918.021284407707,31850.07601574181,S1_Excitatory
osmFISH Pseudospot,ground_truth,pseudospot_y37_x11,9767.356644827489,31850.07601574181,S1_Excitatory
osmFISH Pseudospot,ground_truth,pseudospot_y37_x12,10616.69200524727,31850.07601574181,S1_Excitatory
osmFISH Pseudospot,ground_truth,pseudospot_y37_x13,11466.027365667052,31850.07601574181,S1_Excitatory
osmFISH Pseudospot,ground_truth,pseudospot_y37_x14,12315.362726086834,31850.07601574181,S1_Excitatory
osmFISH Pseudospot,ground_truth,pseudospot_y37_x15,13164.698086506616,31850.07601574181,S1_Excitatory
osmFISH Pseudospot,ground_truth,pseudospot_y37_x16,14014.033446926396,31850.07601574181,S1_Excitatory
osmFISH Pseudospot,ground_truth,pseudospot_y37_x17,14863.368807346178,31850.07601574181,Other
osmFISH Pseudospot,ground_truth,pseudospot_y37_x18,15712.70416776596,31850.07601574181,S1_Excitatory
osmFISH Pseudospot,ground_truth,pseudospot_y37_x19,16562.03952818574,31850.07601574181,S1_Excitatory
osmFISH Pseudospot,ground_truth,pseudospot_y37_x20,17411.374888605522,31850.07601574181,S1_Excitatory
osmFISH Pseudospot,ground_truth,pseudospot_y37_x21,18260.710249025306,31850.07601574181,S1_Excitatory
osmFISH Pseudospot,ground_truth,pseudospot_y37_x22,19110.045609445086,31850.07601574181,S1_Excitatory
osmFISH Pseudospot,ground_truth,pseudospot_y37_x23,19959.38096986487,31850.07601574181,Endothelial
osmFISH Pseudospot,ground_truth,pseudospot_y37_x24,20808.71633028465,31850.07601574181,S1_Excitatory
osmFISH Pseudospot,ground_truth,pseudospot_y37_x25,21658.051690704433,31850.07601574181,S1_Excitatory
osmFISH Pseudospot,ground_truth,pseudospot_y37_x26,22507.387051124213,31850.07601574181,S1_Excitatory
osmFISH Pseudospot,ground_truth,pseudospot_y38_x0,424.6676802098908,32699.41137616159,Interneuron
osmFISH Pseudospot,ground_truth,pseudospot_y38_x1,1274.0030406296723,32699.41137616159,Oligodendrocyte
osmFISH Pseudospot,ground_truth,pseudospot_y38_x2,2123.338401049454,32699.41137616159,S1_Excitatory
osmFISH Pseudospot,ground_truth,pseudospot_y38_x3,2972.6737614692356,32699.41137616159,S1_Excitatory
osmFISH Pseudospot,ground_truth,pseudospot_y38_x4,3822.0091218890175,32699.41137616159,S1_Excitatory
osmFISH Pseudospot,ground_truth,pseudospot_y38_x5,4671.344482308799,32699.41137616159,S1_Excitatory
osmFISH Pseudospot,ground_truth,pseudospot_y38_x6,5520.67984272858,32699.41137616159,S1_Excitatory
osmFISH Pseudospot,ground_truth,pseudospot_y38_x7,6370.015203148362,32699.41137616159,S1_Excitatory
osmFISH Pseudospot,ground_truth,pseudospot_y38_x8,7219.350563568144,32699.41137616159,S1_Excitatory
osmFISH Pseudospot,ground_truth,pseudospot_y38_x9,8068.685923987926,32699.41137616159,Interneuron
osmFISH Pseudospot,ground_truth,pseudospot_y38_x10,8918.021284407707,32699.41137616159,S1_Excitatory
osmFISH Pseudospot,ground_truth,pseudospot_y38_x11,9767.356644827489,32699.41137616159,Interneuron
osmFISH Pseudospot,ground_truth,pseudospot_y38_x12,10616.69200524727,32699.41137616159,S1_Excitatory
osmFISH Pseudospot,ground_truth,pseudospot_y38_x13,11466.027365667052,32699.41137616159,S1_Excitatory
osmFISH Pseudospot,ground_truth,pseudospot_y38_x14,12315.362726086834,32699.41137616159,S1_Excitatory
osmFISH Pseudospot,ground_truth,pseudospot_y38_x15,13164.698086506616,32699.41137616159,S1_Excitatory
osmFISH Pseudospot,ground_truth,pseudospot_y38_x16,14014.033446926396,32699.41137616159,Interneuron
osmFISH Pseudospot,ground_truth,pseudospot_y38_x17,14863.368807346178,32699.41137616159,S1_Excitatory
osmFISH Pseudospot,ground_truth,pseudospot_y38_x18,15712.70416776596,32699.41137616159,S1_Excitatory
osmFISH Pseudospot,ground_truth,pseudospot_y38_x19,16562.03952818574,32699.41137616159,S1_Excitatory
osmFISH Pseudospot,ground_truth,pseudospot_y38_x20,17411.374888605522,32699.41137616159,S1_Excitatory
osmFISH Pseudospot,ground_truth,pseudospot_y38_x21,18260.710249025306,32699.41137616159,S1_Excitatory
osmFISH Pseudospot,ground_truth,pseudospot_y38_x22,19110.045609445086,32699.41137616159,S1_Excitatory
osmFISH Pseudospot,ground_truth,pseudospot_y38_x23,19959.38096986487,32699.41137616159,S1_Excitatory
osmFISH Pseudospot,ground_truth,pseudospot_y38_x24,20808.71633028465,32699.41137616159,S1_Excitatory
osmFISH Pseudospot,ground_truth,pseudospot_y38_x25,21658.051690704433,32699.41137616159,S1_Excitatory
osmFISH Pseudospot,ground_truth,pseudospot_y38_x26,22507.387051124213,32699.41137616159,S1_Excitatory
osmFISH Pseudospot,ground_truth,pseudospot_y39_x0,424.6676802098908,33548.74673658137,S1_Excitatory
osmFISH Pseudospot,ground_truth,pseudospot_y39_x1,1274.0030406296723,33548.74673658137,S1_Excitatory
osmFISH Pseudospot,ground_truth,pseudospot_y39_x2,2123.338401049454,33548.74673658137,S1_Excitatory
osmFISH Pseudospot,ground_truth,pseudospot_y39_x3,2972.6737614692356,33548.74673658137,S1_Excitatory
osmFISH Pseudospot,ground_truth,pseudospot_y39_x4,3822.0091218890175,33548.74673658137,S1_Excitatory
osmFISH Pseudospot,ground_truth,pseudospot_y39_x5,4671.344482308799,33548.74673658137,S1_Excitatory
osmFISH Pseudospot,ground_truth,pseudospot_y39_x6,5520.67984272858,33548.74673658137,S1_Excitatory
osmFISH Pseudospot,ground_truth,pseudospot_y39_x7,6370.015203148362,33548.74673658137,S1_Excitatory
osmFISH Pseudospot,ground_truth,pseudospot_y39_x8,7219.350563568144,33548.74673658137,S1_Excitatory
osmFISH Pseudospot,ground_truth,pseudospot_y39_x9,8068.685923987926,33548.74673658137,S1_Excitatory
osmFISH Pseudospot,ground_truth,pseudospot_y39_x10,8918.021284407707,33548.74673658137,S1_Excitatory
osmFISH Pseudospot,ground_truth,pseudospot_y39_x12,10616.69200524727,33548.74673658137,S1_Excitatory
osmFISH Pseudospot,ground_truth,pseudospot_y39_x13,11466.027365667052,33548.74673658137,S1_Excitatory
osmFISH Pseudospot,ground_truth,pseudospot_y39_x14,12315.362726086834,33548.74673658137,S1_Excitatory
osmFISH Pseudospot,ground_truth,pseudospot_y39_x15,13164.698086506616,33548.74673658137,S1_Excitatory
osmFISH Pseudospot,ground_truth,pseudospot_y39_x16,14014.033446926396,33548.74673658137,S1_Excitatory
osmFISH Pseudospot,ground_truth,pseudospot_y39_x17,14863.368807346178,33548.74673658137,S1_Excitatory
osmFISH Pseudospot,ground_truth,pseudospot_y39_x18,15712.70416776596,33548.74673658137,S1_Excitatory
osmFISH Pseudospot,ground_truth,pseudospot_y39_x19,16562.03952818574,33548.74673658137,S1_Excitatory
osmFISH Pseudospot,ground_truth,pseudospot_y39_x20,17411.374888605522,33548.74673658137,S1_Excitatory
osmFISH Pseudospot,ground_truth,pseudospot_y39_x21,18260.710249025306,33548.74673658137,S1_Excitatory
osmFISH Pseudospot,ground_truth,pseudospot_y39_x22,19110.045609445086,33548.74673658137,S1_Excitatory
osmFISH Pseudospot,ground_truth,pseudospot_y39_x23,19959.38096986487,33548.74673658137,S1_Excitatory
osmFISH Pseudospot,ground_truth,pseudospot_y39_x24,20808.71633028465,33548.74673658137,S1_Excitatory
osmFISH Pseudospot,ground_truth,pseudospot_y39_x25,21658.051690704433,33548.74673658137,S1_Excitatory
osmFISH Pseudospot,ground_truth,pseudospot_y39_x26,22507.387051124213,33548.74673658137,S1_Excitatory
osmFISH Pseudospot,ground_truth,pseudospot_y40_x0,424.6676802098908,34398.082097001155,S1_Excitatory
osmFISH Pseudospot,ground_truth,pseudospot_y40_x1,1274.0030406296723,34398.082097001155,S1_Excitatory
osmFISH Pseudospot,ground_truth,pseudospot_y40_x2,2123.338401049454,34398.082097001155,S1_Excitatory
osmFISH Pseudospot,ground_truth,pseudospot_y40_x3,2972.6737614692356,34398.082097001155,S1_Excitatory
osmFISH Pseudospot,ground_truth,pseudospot_y40_x4,3822.0091218890175,34398.082097001155,S1_Excitatory
osmFISH Pseudospot,ground_truth,pseudospot_y40_x5,4671.344482308799,34398.082097001155,S1_Excitatory
osmFISH Pseudospot,ground_truth,pseudospot_y40_x6,5520.67984272858,34398.082097001155,Interneuron
osmFISH Pseudospot,ground_truth,pseudospot_y40_x7,6370.015203148362,34398.082097001155,S1_Excitatory
osmFISH Pseudospot,ground_truth,pseudospot_y40_x8,7219.350563568144,34398.082097001155,Interneuron
osmFISH Pseudospot,ground_truth,pseudospot_y40_x10,8918.021284407707,34398.082097001155,Endothelial
osmFISH Pseudospot,ground_truth,pseudospot_y40_x11,9767.356644827489,34398.082097001155,Interneuron
osmFISH Pseudospot,ground_truth,pseudospot_y40_x12,10616.69200524727,34398.082097001155,S1_Excitatory
osmFISH Pseudospot,ground_truth,pseudospot_y40_x13,11466.027365667052,34398.082097001155,Oligodendrocyte
osmFISH Pseudospot,ground_truth,pseudospot_y40_x14,12315.362726086834,34398.082097001155,S1_Excitatory
osmFISH Pseudospot,ground_truth,pseudospot_y40_x15,13164.698086506616,34398.082097001155,S1_Excitatory
osmFISH Pseudospot,ground_truth,pseudospot_y40_x16,14014.033446926396,34398.082097001155,S1_Excitatory
osmFISH Pseudospot,ground_truth,pseudospot_y40_x17,14863.368807346178,34398.082097001155,S1_Excitatory
osmFISH Pseudospot,ground_truth,pseudospot_y40_x18,15712.70416776596,34398.082097001155,Astrocyte
osmFISH Pseudospot,ground_truth,pseudospot_y40_x19,16562.03952818574,34398.082097001155,S1_Excitatory
osmFISH Pseudospot,ground_truth,pseudospot_y40_x20,17411.374888605522,34398.082097001155,S1_Excitatory
osmFISH Pseudospot,ground_truth,pseudospot_y40_x21,18260.710249025306,34398.082097001155,S1_Excitatory
osmFISH Pseudospot,ground_truth,pseudospot_y40_x22,19110.045609445086,34398.082097001155,S1_Excitatory
osmFISH Pseudospot,ground_truth,pseudospot_y40_x23,19959.38096986487,34398.082097001155,S1_Excitatory
osmFISH Pseudospot,ground_truth,pseudospot_y40_x24,20808.71633028465,34398.082097001155,Interneuron
osmFISH Pseudospot,ground_truth,pseudospot_y40_x25,21658.051690704433,34398.082097001155,Interneuron
osmFISH Pseudospot,ground_truth,pseudospot_y40_x26,22507.387051124213,34398.082097001155,Endothelial
osmFISH Pseudospot,ground_truth,pseudospot_y41_x0,424.6676802098908,35247.41745742094,S1_Excitatory
osmFISH Pseudospot,ground_truth,pseudospot_y41_x1,1274.0030406296723,35247.41745742094,S1_Excitatory
osmFISH Pseudospot,ground_truth,pseudospot_y41_x2,2123.338401049454,35247.41745742094,Astrocyte
osmFISH Pseudospot,ground_truth,pseudospot_y41_x3,2972.6737614692356,35247.41745742094,S1_Excitatory
osmFISH Pseudospot,ground_truth,pseudospot_y41_x4,3822.0091218890175,35247.41745742094,S1_Excitatory
osmFISH Pseudospot,ground_truth,pseudospot_y41_x5,4671.344482308799,35247.41745742094,S1_Excitatory
osmFISH Pseudospot,ground_truth,pseudospot_y41_x6,5520.67984272858,35247.41745742094,Interneuron
osmFISH Pseudospot,ground_truth,pseudospot_y41_x7,6370.015203148362,35247.41745742094,S1_Excitatory
osmFISH Pseudospot,ground_truth,pseudospot_y41_x8,7219.350563568144,35247.41745742094,S1_Excitatory
osmFISH Pseudospot,ground_truth,pseudospot_y41_x9,8068.685923987926,35247.41745742094,S1_Excitatory
osmFISH Pseudospot,ground_truth,pseudospot_y41_x10,8918.021284407707,35247.41745742094,S1_Excitatory
osmFISH Pseudospot,ground_truth,pseudospot_y41_x11,9767.356644827489,35247.41745742094,S1_Excitatory
osmFISH Pseudospot,ground_truth,pseudospot_y41_x12,10616.69200524727,35247.41745742094,Interneuron
osmFISH Pseudospot,ground_truth,pseudospot_y41_x13,11466.027365667052,35247.41745742094,Other
osmFISH Pseudospot,ground_truth,pseudospot_y41_x14,12315.362726086834,35247.41745742094,S1_Excitatory
osmFISH Pseudospot,ground_truth,pseudospot_y41_x15,13164.698086506616,35247.41745742094,S1_Excitatory
osmFISH Pseudospot,ground_truth,pseudospot_y41_x16,14014.033446926396,35247.41745742094,S1_Excitatory
osmFISH Pseudospot,ground_truth,pseudospot_y41_x17,14863.368807346178,35247.41745742094,S1_Excitatory
osmFISH Pseudospot,ground_truth,pseudospot_y41_x18,15712.70416776596,35247.41745742094,S1_Excitatory
osmFISH Pseudospot,ground_truth,pseudospot_y41_x19,16562.03952818574,35247.41745742094,S1_Excitatory
osmFISH Pseudospot,ground_truth,pseudospot_y41_x20,17411.374888605522,35247.41745742094,Oligodendrocyte
osmFISH Pseudospot,ground_truth,pseudospot_y41_x21,18260.710249025306,35247.41745742094,S1_Excitatory
osmFISH Pseudospot,ground_truth,pseudospot_y41_x22,19110.045609445086,35247.41745742094,S1_Excitatory
osmFISH Pseudospot,ground_truth,pseudospot_y41_x23,19959.38096986487,35247.41745742094,S1_Excitatory
osmFISH Pseudospot,ground_truth,pseudospot_y41_x24,20808.71633028465,35247.41745742094,S1_Excitatory
osmFISH Pseudospot,ground_truth,pseudospot_y41_x25,21658.051690704433,35247.41745742094,Interneuron
osmFISH Pseudospot,ground_truth,pseudospot_y41_x26,22507.387051124213,35247.41745742094,Endothelial
osmFISH Pseudospot,ground_truth,pseudospot_y42_x0,424.6676802098908,36096.75281784072,Interneuron
osmFISH Pseudospot,ground_truth,pseudospot_y42_x1,1274.0030406296723,36096.75281784072,Interneuron
osmFISH Pseudospot,ground_truth,pseudospot_y42_x2,2123.338401049454,36096.75281784072,Oligodendrocyte
osmFISH Pseudospot,ground_truth,pseudospot_y42_x3,2972.6737614692356,36096.75281784072,S1_Excitatory
osmFISH Pseudospot,ground_truth,pseudospot_y42_x4,3822.0091218890175,36096.75281784072,Interneuron
osmFISH Pseudospot,ground_truth,pseudospot_y42_x5,4671.344482308799,36096.75281784072,S1_Excitatory
osmFISH Pseudospot,ground_truth,pseudospot_y42_x6,5520.67984272858,36096.75281784072,S1_Excitatory
osmFISH Pseudospot,ground_truth,pseudospot_y42_x7,6370.015203148362,36096.75281784072,Interneuron
osmFISH Pseudospot,ground_truth,pseudospot_y42_x8,7219.350563568144,36096.75281784072,Oligodendrocyte
osmFISH Pseudospot,ground_truth,pseudospot_y42_x9,8068.685923987926,36096.75281784072,Astrocyte
osmFISH Pseudospot,ground_truth,pseudospot_y42_x10,8918.021284407707,36096.75281784072,Interneuron
osmFISH Pseudospot,ground_truth,pseudospot_y42_x11,9767.356644827489,36096.75281784072,S1_Excitatory
osmFISH Pseudospot,ground_truth,pseudospot_y42_x12,10616.69200524727,36096.75281784072,Interneuron
osmFISH Pseudospot,ground_truth,pseudospot_y42_x13,11466.027365667052,36096.75281784072,S1_Excitatory
osmFISH Pseudospot,ground_truth,pseudospot_y42_x14,12315.362726086834,36096.75281784072,S1_Excitatory
osmFISH Pseudospot,ground_truth,pseudospot_y42_x15,13164.698086506616,36096.75281784072,S1_Excitatory
osmFISH Pseudospot,ground_truth,pseudospot_y42_x16,14014.033446926396,36096.75281784072,S1_Excitatory
osmFISH Pseudospot,ground_truth,pseudospot_y42_x17,14863.368807346178,36096.75281784072,S1_Excitatory
osmFISH Pseudospot,ground_truth,pseudospot_y42_x18,15712.70416776596,36096.75281784072,S1_Excitatory
osmFISH Pseudospot,ground_truth,pseudospot_y42_x19,16562.03952818574,36096.75281784072,S1_Excitatory
osmFISH Pseudospot,ground_truth,pseudospot_y42_x20,17411.374888605522,36096.75281784072,S1_Excitatory
osmFISH Pseudospot,ground_truth,pseudospot_y42_x21,18260.710249025306,36096.75281784072,Endothelial
osmFISH Pseudospot,ground_truth,pseudospot_y42_x22,19110.045609445086,36096.75281784072,S1_Excitatory
osmFISH Pseudospot,ground_truth,pseudospot_y42_x23,19959.38096986487,36096.75281784072,Interneuron
osmFISH Pseudospot,ground_truth,pseudospot_y42_x24,20808.71633028465,36096.75281784072,Other
osmFISH Pseudospot,ground_truth,pseudospot_y42_x25,21658.051690704433,36096.75281784072,Endothelial
osmFISH Pseudospot,ground_truth,pseudospot_y43_x0,424.6676802098908,36946.0881782605,S1_Excitatory
osmFISH Pseudospot,ground_truth,pseudospot_y43_x1,1274.0030406296723,36946.0881782605,S1_Excitatory
osmFISH Pseudospot,ground_truth,pseudospot_y43_x2,2123.338401049454,36946.0881782605,Interneuron
osmFISH Pseudospot,ground_truth,pseudospot_y43_x3,2972.6737614692356,36946.0881782605,S1_Excitatory
osmFISH Pseudospot,ground_truth,pseudospot_y43_x4,3822.0091218890175,36946.0881782605,S1_Excitatory
osmFISH Pseudospot,ground_truth,pseudospot_y43_x5,4671.344482308799,36946.0881782605,Oligodendrocyte
osmFISH Pseudospot,ground_truth,pseudospot_y43_x6,5520.67984272858,36946.0881782605,Interneuron
osmFISH Pseudospot,ground_truth,pseudospot_y43_x7,6370.015203148362,36946.0881782605,S1_Excitatory
osmFISH Pseudospot,ground_truth,pseudospot_y43_x8,7219.350563568144,36946.0881782605,Interneuron
osmFISH Pseudospot,ground_truth,pseudospot_y43_x9,8068.685923987926,36946.0881782605,Interneuron
osmFISH Pseudospot,ground_truth,pseudospot_y43_x10,8918.021284407707,36946.0881782605,Interneuron
osmFISH Pseudospot,ground_truth,pseudospot_y43_x11,9767.356644827489,36946.0881782605,S1_Excitatory
osmFISH Pseudospot,ground_truth,pseudospot_y43_x12,10616.69200524727,36946.0881782605,S1_Excitatory
osmFISH Pseudospot,ground_truth,pseudospot_y43_x13,11466.027365667052,36946.0881782605,S1_Excitatory
osmFISH Pseudospot,ground_truth,pseudospot_y43_x14,12315.362726086834,36946.0881782605,S1_Excitatory
osmFISH Pseudospot,ground_truth,pseudospot_y43_x15,13164.698086506616,36946.0881782605,S1_Excitatory
osmFISH Pseudospot,ground_truth,pseudospot_y43_x16,14014.033446926396,36946.0881782605,S1_Excitatory
osmFISH Pseudospot,ground_truth,pseudospot_y43_x17,14863.368807346178,36946.0881782605,Interneuron
osmFISH Pseudospot,ground_truth,pseudospot_y43_x18,15712.70416776596,36946.0881782605,S1_Excitatory
osmFISH Pseudospot,ground_truth,pseudospot_y43_x19,16562.03952818574,36946.0881782605,S1_Excitatory
osmFISH Pseudospot,ground_truth,pseudospot_y43_x20,17411.374888605522,36946.0881782605,Endothelial
osmFISH Pseudospot,ground_truth,pseudospot_y43_x21,18260.710249025306,36946.0881782605,Interneuron
osmFISH Pseudospot,ground_truth,pseudospot_y43_x22,19110.045609445086,36946.0881782605,Interneuron
osmFISH Pseudospot,ground_truth,pseudospot_y43_x23,19959.38096986487,36946.0881782605,Endothelial
osmFISH Pseudospot,ground_truth,pseudospot_y43_x24,20808.71633028465,36946.0881782605,Interneuron
osmFISH Pseudospot,ground_truth,pseudospot_y43_x25,21658.051690704433,36946.0881782605,Interneuron
osmFISH Pseudospot,ground_truth,pseudospot_y43_x27,23356.722411543997,36946.0881782605,Astrocyte
osmFISH Pseudospot,ground_truth,pseudospot_y43_x28,24206.057771963777,36946.0881782605,Other
osmFISH Pseudospot,ground_truth,pseudospot_y44_x0,424.6676802098908,37795.42353868028,S1_Excitatory
osmFISH Pseudospot,ground_truth,pseudospot_y44_x1,1274.0030406296723,37795.42353868028,S1_Excitatory
osmFISH Pseudospot,ground_truth,pseudospot_y44_x2,2123.338401049454,37795.42353868028,S1_Excitatory
osmFISH Pseudospot,ground_truth,pseudospot_y44_x3,2972.6737614692356,37795.42353868028,Endothelial
osmFISH Pseudospot,ground_truth,pseudospot_y44_x4,3822.0091218890175,37795.42353868028,S1_Excitatory
osmFISH Pseudospot,ground_truth,pseudospot_y44_x5,4671.344482308799,37795.42353868028,Interneuron
osmFISH Pseudospot,ground_truth,pseudospot_y44_x6,5520.67984272858,37795.42353868028,Other
osmFISH Pseudospot,ground_truth,pseudospot_y44_x7,6370.015203148362,37795.42353868028,S1_Excitatory
osmFISH Pseudospot,ground_truth,pseudospot_y44_x8,7219.350563568144,37795.42353868028,S1_Excitatory
osmFISH Pseudospot,ground_truth,pseudospot_y44_x9,8068.685923987926,37795.42353868028,Oligodendrocyte
osmFISH Pseudospot,ground_truth,pseudospot_y44_x10,8918.021284407707,37795.42353868028,S1_Excitatory
osmFISH Pseudospot,ground_truth,pseudospot_y44_x11,9767.356644827489,37795.42353868028,S1_Excitatory
osmFISH Pseudospot,ground_truth,pseudospot_y44_x12,10616.69200524727,37795.42353868028,Astrocyte
osmFISH Pseudospot,ground_truth,pseudospot_y44_x13,11466.027365667052,37795.42353868028,S1_Excitatory
osmFISH Pseudospot,ground_truth,pseudospot_y44_x14,12315.362726086834,37795.42353868028,S1_Excitatory
osmFISH Pseudospot,ground_truth,pseudospot_y44_x15,13164.698086506616,37795.42353868028,S1_Excitatory
osmFISH Pseudospot,ground_truth,pseudospot_y44_x16,14014.033446926396,37795.42353868028,S1_Excitatory
osmFISH Pseudospot,ground_truth,pseudospot_y44_x17,14863.368807346178,37795.42353868028,Endothelial
osmFISH Pseudospot,ground_truth,pseudospot_y44_x18,15712.70416776596,37795.42353868028,S1_Excitatory
osmFISH Pseudospot,ground_truth,pseudospot_y44_x19,16562.03952818574,37795.42353868028,Other
osmFISH Pseudospot,ground_truth,pseudospot_y44_x20,17411.374888605522,37795.42353868028,S1_Excitatory
osmFISH Pseudospot,ground_truth,pseudospot_y44_x21,18260.710249025306,37795.42353868028,S1_Excitatory
osmFISH Pseudospot,ground_truth,pseudospot_y44_x22,19110.045609445086,37795.42353868028,Oligodendrocyte
osmFISH Pseudospot,ground_truth,pseudospot_y44_x24,20808.71633028465,37795.42353868028,Endothelial
osmFISH Pseudospot,ground_truth,pseudospot_y44_x26,22507.387051124213,37795.42353868028,Endothelial
osmFISH Pseudospot,ground_truth,pseudospot_y45_x0,424.6676802098908,38644.75889910007,S1_Excitatory
osmFISH Pseudospot,ground_truth,pseudospot_y45_x2,2123.338401049454,38644.75889910007,S1_Excitatory
osmFISH Pseudospot,ground_truth,pseudospot_y45_x3,2972.6737614692356,38644.75889910007,S1_Excitatory
osmFISH Pseudospot,ground_truth,pseudospot_y45_x4,3822.0091218890175,38644.75889910007,S1_Excitatory
osmFISH Pseudospot,ground_truth,pseudospot_y45_x5,4671.344482308799,38644.75889910007,S1_Excitatory
osmFISH Pseudospot,ground_truth,pseudospot_y45_x6,5520.67984272858,38644.75889910007,S1_Excitatory
osmFISH Pseudospot,ground_truth,pseudospot_y45_x7,6370.015203148362,38644.75889910007,S1_Excitatory
osmFISH Pseudospot,ground_truth,pseudospot_y45_x8,7219.350563568144,38644.75889910007,S1_Excitatory
osmFISH Pseudospot,ground_truth,pseudospot_y45_x9,8068.685923987926,38644.75889910007,Interneuron
osmFISH Pseudospot,ground_truth,pseudospot_y45_x10,8918.021284407707,38644.75889910007,S1_Excitatory
osmFISH Pseudospot,ground_truth,pseudospot_y45_x11,9767.356644827489,38644.75889910007,Interneuron
osmFISH Pseudospot,ground_truth,pseudospot_y45_x12,10616.69200524727,38644.75889910007,Oligodendrocyte
osmFISH Pseudospot,ground_truth,pseudospot_y45_x13,11466.027365667052,38644.75889910007,S1_Excitatory
osmFISH Pseudospot,ground_truth,pseudospot_y45_x14,12315.362726086834,38644.75889910007,S1_Excitatory
osmFISH Pseudospot,ground_truth,pseudospot_y45_x15,13164.698086506616,38644.75889910007,Interneuron
osmFISH Pseudospot,ground_truth,pseudospot_y45_x16,14014.033446926396,38644.75889910007,S1_Excitatory
osmFISH Pseudospot,ground_truth,pseudospot_y45_x17,14863.368807346178,38644.75889910007,Astrocyte
osmFISH Pseudospot,ground_truth,pseudospot_y45_x18,15712.70416776596,38644.75889910007,Interneuron
osmFISH Pseudospot,ground_truth,pseudospot_y45_x19,16562.03952818574,38644.75889910007,S1_Excitatory
osmFISH Pseudospot,ground_truth,pseudospot_y45_x20,17411.374888605522,38644.75889910007,S1_Excitatory
osmFISH Pseudospot,ground_truth,pseudospot_y45_x21,18260.710249025306,38644.75889910007,Interneuron
osmFISH Pseudospot,ground_truth,pseudospot_y45_x24,20808.71633028465,38644.75889910007,Astrocyte
osmFISH Pseudospot,ground_truth,pseudospot_y46_x0,424.6676802098908,39494.09425951984,Interneuron
osmFISH Pseudospot,ground_truth,pseudospot_y46_x1,1274.0030406296723,39494.09425951984,S1_Excitatory
osmFISH Pseudospot,ground_truth,pseudospot_y46_x2,2123.338401049454,39494.09425951984,S1_Excitatory
osmFISH Pseudospot,ground_truth,pseudospot_y46_x3,2972.6737614692356,39494.09425951984,S1_Excitatory
osmFISH Pseudospot,ground_truth,pseudospot_y46_x4,3822.0091218890175,39494.09425951984,S1_Excitatory
osmFISH Pseudospot,ground_truth,pseudospot_y46_x5,4671.344482308799,39494.09425951984,S1_Excitatory
osmFISH Pseudospot,ground_truth,pseudospot_y46_x6,5520.67984272858,39494.09425951984,S1_Excitatory
osmFISH Pseudospot,ground_truth,pseudospot_y46_x7,6370.015203148362,39494.09425951984,S1_Excitatory
osmFISH Pseudospot,ground_truth,pseudospot_y46_x8,7219.350563568144,39494.09425951984,S1_Excitatory
osmFISH Pseudospot,ground_truth,pseudospot_y46_x9,8068.685923987926,39494.09425951984,S1_Excitatory
osmFISH Pseudospot,ground_truth,pseudospot_y46_x10,8918.021284407707,39494.09425951984,S1_Excitatory
osmFISH Pseudospot,ground_truth,pseudospot_y46_x11,9767.356644827489,39494.09425951984,S1_Excitatory
osmFISH Pseudospot,ground_truth,pseudospot_y46_x12,10616.69200524727,39494.09425951984,S1_Excitatory
osmFISH Pseudospot,ground_truth,pseudospot_y46_x13,11466.027365667052,39494.09425951984,S1_Excitatory
osmFISH Pseudospot,ground_truth,pseudospot_y46_x14,12315.362726086834,39494.09425951984,S1_Excitatory
osmFISH Pseudospot,ground_truth,pseudospot_y46_x15,13164.698086506616,39494.09425951984,S1_Excitatory
osmFISH Pseudospot,ground_truth,pseudospot_y46_x16,14014.033446926396,39494.09425951984,S1_Excitatory
osmFISH Pseudospot,ground_truth,pseudospot_y46_x17,14863.368807346178,39494.09425951984,S1_Excitatory
osmFISH Pseudospot,ground_truth,pseudospot_y46_x18,15712.70416776596,39494.09425951984,Interneuron
osmFISH Pseudospot,ground_truth,pseudospot_y46_x19,16562.03952818574,39494.09425951984,Interneuron
osmFISH Pseudospot,ground_truth,pseudospot_y46_x20,17411.374888605522,39494.09425951984,Endothelial
osmFISH Pseudospot,ground_truth,pseudospot_y46_x22,19110.045609445086,39494.09425951984,Astrocyte
osmFISH Pseudospot,ground_truth,pseudospot_y46_x23,19959.38096986487,39494.09425951984,Astrocyte
osmFISH Pseudospot,ground_truth,pseudospot_y47_x0,424.6676802098908,40343.42961993963,S1_Excitatory
osmFISH Pseudospot,ground_truth,pseudospot_y47_x1,1274.0030406296723,40343.42961993963,S1_Excitatory
osmFISH Pseudospot,ground_truth,pseudospot_y47_x2,2123.338401049454,40343.42961993963,S1_Excitatory
osmFISH Pseudospot,ground_truth,pseudospot_y47_x3,2972.6737614692356,40343.42961993963,S1_Excitatory
osmFISH Pseudospot,ground_truth,pseudospot_y47_x4,3822.0091218890175,40343.42961993963,S1_Excitatory
osmFISH Pseudospot,ground_truth,pseudospot_y47_x5,4671.344482308799,40343.42961993963,Endothelial
osmFISH Pseudospot,ground_truth,pseudospot_y47_x6,5520.67984272858,40343.42961993963,S1_Excitatory
osmFISH Pseudospot,ground_truth,pseudospot_y47_x7,6370.015203148362,40343.42961993963,S1_Excitatory
osmFISH Pseudospot,ground_truth,pseudospot_y47_x8,7219.350563568144,40343.42961993963,S1_Excitatory
osmFISH Pseudospot,ground_truth,pseudospot_y47_x9,8068.685923987926,40343.42961993963,S1_Excitatory
osmFISH Pseudospot,ground_truth,pseudospot_y47_x10,8918.021284407707,40343.42961993963,S1_Excitatory
osmFISH Pseudospot,ground_truth,pseudospot_y47_x11,9767.356644827489,40343.42961993963,S1_Excitatory
osmFISH Pseudospot,ground_truth,pseudospot_y47_x12,10616.69200524727,40343.42961993963,S1_Excitatory
osmFISH Pseudospot,ground_truth,pseudospot_y47_x13,11466.027365667052,40343.42961993963,Interneuron
osmFISH Pseudospot,ground_truth,pseudospot_y47_x14,12315.362726086834,40343.42961993963,S1_Excitatory
osmFISH Pseudospot,ground_truth,pseudospot_y47_x15,13164.698086506616,40343.42961993963,S1_Excitatory
osmFISH Pseudospot,ground_truth,pseudospot_y47_x16,14014.033446926396,40343.42961993963,S1_Excitatory
osmFISH Pseudospot,ground_truth,pseudospot_y47_x17,14863.368807346178,40343.42961993963,S1_Excitatory
osmFISH Pseudospot,ground_truth,pseudospot_y47_x20,17411.374888605522,40343.42961993963,Astrocyte
osmFISH Pseudospot,ground_truth,pseudospot_y47_x21,18260.710249025306,40343.42961993963,Astrocyte
osmFISH Pseudospot,ground_truth,pseudospot_y48_x0,424.6676802098908,41192.76498035941,Interneuron
osmFISH Pseudospot,ground_truth,pseudospot_y48_x1,1274.0030406296723,41192.76498035941,Oligodendrocyte
osmFISH Pseudospot,ground_truth,pseudospot_y48_x2,2123.338401049454,41192.76498035941,S1_Excitatory
osmFISH Pseudospot,ground_truth,pseudospot_y48_x3,2972.6737614692356,41192.76498035941,S1_Excitatory
osmFISH Pseudospot,ground_truth,pseudospot_y48_x4,3822.0091218890175,41192.76498035941,Interneuron
osmFISH Pseudospot,ground_truth,pseudospot_y48_x5,4671.344482308799,41192.76498035941,S1_Excitatory
osmFISH Pseudospot,ground_truth,pseudospot_y48_x6,5520.67984272858,41192.76498035941,Interneuron
osmFISH Pseudospot,ground_truth,pseudospot_y48_x7,6370.015203148362,41192.76498035941,S1_Excitatory
osmFISH Pseudospot,ground_truth,pseudospot_y48_x8,7219.350563568144,41192.76498035941,S1_Excitatory
osmFISH Pseudospot,ground_truth,pseudospot_y48_x9,8068.685923987926,41192.76498035941,Interneuron
osmFISH Pseudospot,ground_truth,pseudospot_y48_x10,8918.021284407707,41192.76498035941,S1_Excitatory
osmFISH Pseudospot,ground_truth,pseudospot_y48_x11,9767.356644827489,41192.76498035941,S1_Excitatory
osmFISH Pseudospot,ground_truth,pseudospot_y48_x13,11466.027365667052,41192.76498035941,S1_Excitatory
osmFISH Pseudospot,ground_truth,pseudospot_y48_x14,12315.362726086834,41192.76498035941,S1_Excitatory
osmFISH Pseudospot,ground_truth,pseudospot_y48_x15,13164.698086506616,41192.76498035941,S1_Excitatory
osmFISH Pseudospot,ground_truth,pseudospot_y48_x16,14014.033446926396,41192.76498035941,S1_Excitatory
osmFISH Pseudospot,ground_truth,pseudospot_y48_x17,14863.368807346178,41192.76498035941,Interneuron
osmFISH Pseudospot,ground_truth,pseudospot_y48_x18,15712.70416776596,41192.76498035941,Interneuron
osmFISH Pseudospot,ground_truth,pseudospot_y48_x19,16562.03952818574,41192.76498035941,Astrocyte
osmFISH Pseudospot,ground_truth,pseudospot_y48_x20,17411.374888605522,41192.76498035941,Other
osmFISH Pseudospot,ground_truth,pseudospot_y49_x0,424.6676802098908,42042.100340779194,S1_Excitatory
osmFISH Pseudospot,ground_truth,pseudospot_y49_x1,1274.0030406296723,42042.100340779194,S1_Excitatory
osmFISH Pseudospot,ground_truth,pseudospot_y49_x2,2123.338401049454,42042.100340779194,S1_Excitatory
osmFISH Pseudospot,ground_truth,pseudospot_y49_x3,2972.6737614692356,42042.100340779194,S1_Excitatory
osmFISH Pseudospot,ground_truth,pseudospot_y49_x4,3822.0091218890175,42042.100340779194,S1_Excitatory
osmFISH Pseudospot,ground_truth,pseudospot_y49_x5,4671.344482308799,42042.100340779194,Interneuron
osmFISH Pseudospot,ground_truth,pseudospot_y49_x6,5520.67984272858,42042.100340779194,S1_Excitatory
osmFISH Pseudospot,ground_truth,pseudospot_y49_x7,6370.015203148362,42042.100340779194,Other
osmFISH Pseudospot,ground_truth,pseudospot_y49_x8,7219.350563568144,42042.100340779194,S1_Excitatory
osmFISH Pseudospot,ground_truth,pseudospot_y49_x9,8068.685923987926,42042.100340779194,S1_Excitatory
osmFISH Pseudospot,ground_truth,pseudospot_y49_x10,8918.021284407707,42042.100340779194,S1_Excitatory
osmFISH Pseudospot,ground_truth,pseudospot_y49_x11,9767.356644827489,42042.100340779194,S1_Excitatory
osmFISH Pseudospot,ground_truth,pseudospot_y49_x12,10616.69200524727,42042.100340779194,S1_Excitatory
osmFISH Pseudospot,ground_truth,pseudospot_y49_x13,11466.027365667052,42042.100340779194,S1_Excitatory
osmFISH Pseudospot,ground_truth,pseudospot_y49_x14,12315.362726086834,42042.100340779194,Interneuron
osmFISH Pseudospot,ground_truth,pseudospot_y49_x15,13164.698086506616,42042.100340779194,Interneuron
osmFISH Pseudospot,ground_truth,pseudospot_y49_x17,14863.368807346178,42042.100340779194,Astrocyte
osmFISH Pseudospot,ground_truth,pseudospot_y49_x18,15712.70416776596,42042.100340779194,Astrocyte
osmFISH Pseudospot,ground_truth,pseudospot_y50_x0,424.6676802098908,42891.43570119897,S1_Excitatory
osmFISH Pseudospot,ground_truth,pseudospot_y50_x1,1274.0030406296723,42891.43570119897,Interneuron
osmFISH Pseudospot,ground_truth,pseudospot_y50_x2,2123.338401049454,42891.43570119897,S1_Excitatory
osmFISH Pseudospot,ground_truth,pseudospot_y50_x3,2972.6737614692356,42891.43570119897,S1_Excitatory
osmFISH Pseudospot,ground_truth,pseudospot_y50_x4,3822.0091218890175,42891.43570119897,S1_Excitatory
osmFISH Pseudospot,ground_truth,pseudospot_y50_x5,4671.344482308799,42891.43570119897,S1_Excitatory
osmFISH Pseudospot,ground_truth,pseudospot_y50_x6,5520.67984272858,42891.43570119897,S1_Excitatory
osmFISH Pseudospot,ground_truth,pseudospot_y50_x7,6370.015203148362,42891.43570119897,S1_Excitatory
osmFISH Pseudospot,ground_truth,pseudospot_y50_x8,7219.350563568144,42891.43570119897,Interneuron
osmFISH Pseudospot,ground_truth,pseudospot_y50_x9,8068.685923987926,42891.43570119897,Astrocyte
osmFISH Pseudospot,ground_truth,pseudospot_y50_x10,8918.021284407707,42891.43570119897,S1_Excitatory
osmFISH Pseudospot,ground_truth,pseudospot_y50_x11,9767.356644827489,42891.43570119897,Interneuron
osmFISH Pseudospot,ground_truth,pseudospot_y50_x12,10616.69200524727,42891.43570119897,Interneuron
osmFISH Pseudospot,ground_truth,pseudospot_y50_x13,11466.027365667052,42891.43570119897,Interneuron
osmFISH Pseudospot,ground_truth,pseudospot_y50_x14,12315.362726086834,42891.43570119897,Endothelial
osmFISH Pseudospot,ground_truth,pseudospot_y50_x15,13164.698086506616,42891.43570119897,Oligodendrocyte
osmFISH Pseudospot,ground_truth,pseudospot_y50_x16,14014.033446926396,42891.43570119897,Endothelial
osmFISH Pseudospot,ground_truth,pseudospot_y50_x17,14863.368807346178,42891.43570119897,Astrocyte
osmFISH Pseudospot,ground_truth,pseudospot_y51_x0,424.6676802098908,43740.771061618754,Other
osmFISH Pseudospot,ground_truth,pseudospot_y51_x1,1274.0030406296723,43740.771061618754,S1_Excitatory
osmFISH Pseudospot,ground_truth,pseudospot_y51_x2,2123.338401049454,43740.771061618754,S1_Excitatory
osmFISH Pseudospot,ground_truth,pseudospot_y51_x3,2972.6737614692356,43740.771061618754,S1_Excitatory
osmFISH Pseudospot,ground_truth,pseudospot_y51_x5,4671.344482308799,43740.771061618754,S1_Excitatory
osmFISH Pseudospot,ground_truth,pseudospot_y51_x6,5520.67984272858,43740.771061618754,S1_Excitatory
osmFISH Pseudospot,ground_truth,pseudospot_y51_x7,6370.015203148362,43740.771061618754,S1_Excitatory
osmFISH Pseudospot,ground_truth,pseudospot_y51_x8,7219.350563568144,43740.771061618754,S1_Excitatory
osmFISH Pseudospot,ground_truth,pseudospot_y51_x9,8068.685923987926,43740.771061618754,S1_Excitatory
osmFISH Pseudospot,ground_truth,pseudospot_y51_x10,8918.021284407707,43740.771061618754,Interneuron
osmFISH Pseudospot,ground_truth,pseudospot_y51_x11,9767.356644827489,43740.771061618754,Endothelial
osmFISH Pseudospot,ground_truth,pseudospot_y51_x12,10616.69200524727,43740.771061618754,Interneuron
osmFISH Pseudospot,ground_truth,pseudospot_y51_x14,12315.362726086834,43740.771061618754,Endothelial
osmFISH Pseudospot,ground_truth,pseudospot_y51_x15,13164.698086506616,43740.771061618754,Astrocyte
osmFISH Pseudospot,ground_truth,pseudospot_y52_x0,424.6676802098908,44590.10642203854,S1_Excitatory
osmFISH Pseudospot,ground_truth,pseudospot_y52_x1,1274.0030406296723,44590.10642203854,S1_Excitatory
osmFISH Pseudospot,ground_truth,pseudospot_y52_x2,2123.338401049454,44590.10642203854,S1_Excitatory
osmFISH Pseudospot,ground_truth,pseudospot_y52_x3,2972.6737614692356,44590.10642203854,S1_Excitatory
osmFISH Pseudospot,ground_truth,pseudospot_y52_x4,3822.0091218890175,44590.10642203854,Interneuron
osmFISH Pseudospot,ground_truth,pseudospot_y52_x5,4671.344482308799,44590.10642203854,S1_Excitatory
osmFISH Pseudospot,ground_truth,pseudospot_y52_x6,5520.67984272858,44590.10642203854,S1_Excitatory
osmFISH Pseudospot,ground_truth,pseudospot_y52_x7,6370.015203148362,44590.10642203854,S1_Excitatory
osmFISH Pseudospot,ground_truth,pseudospot_y52_x8,7219.350563568144,44590.10642203854,S1_Excitatory
osmFISH Pseudospot,ground_truth,pseudospot_y52_x9,8068.685923987926,44590.10642203854,Endothelial
osmFISH Pseudospot,ground_truth,pseudospot_y52_x10,8918.021284407707,44590.10642203854,Endothelial
osmFISH Pseudospot,ground_truth,pseudospot_y52_x11,9767.356644827489,44590.10642203854,Astrocyte
osmFISH Pseudospot,ground_truth,pseudospot_y52_x12,10616.69200524727,44590.10642203854,Astrocyte
osmFISH Pseudospot,ground_truth,pseudospot_y53_x0,424.6676802098908,45439.441782458314,S1_Excitatory
osmFISH Pseudospot,ground_truth,pseudospot_y53_x1,1274.0030406296723,45439.441782458314,S1_Excitatory
osmFISH Pseudospot,ground_truth,pseudospot_y53_x2,2123.338401049454,45439.441782458314,Interneuron
osmFISH Pseudospot,ground_truth,pseudospot_y53_x3,2972.6737614692356,45439.441782458314,S1_Excitatory
osmFISH Pseudospot,ground_truth,pseudospot_y53_x4,3822.0091218890175,45439.441782458314,Interneuron
osmFISH Pseudospot,ground_truth,pseudospot_y53_x5,4671.344482308799,45439.441782458314,S1_Excitatory
osmFISH Pseudospot,ground_truth,pseudospot_y53_x6,5520.67984272858,45439.441782458314,S1_Excitatory
osmFISH Pseudospot,ground_truth,pseudospot_y53_x7,6370.015203148362,45439.441782458314,Interneuron
osmFISH Pseudospot,ground_truth,pseudospot_y53_x8,7219.350563568144,45439.441782458314,Endothelial
osmFISH Pseudospot,ground_truth,pseudospot_y53_x9,8068.685923987926,45439.441782458314,Astrocyte
osmFISH Pseudospot,ground_truth,pseudospot_y53_x10,8918.021284407707,45439.441782458314,Endothelial
osmFISH Pseudospot,ground_truth,pseudospot_y54_x0,424.6676802098908,46288.7771428781,S1_Excitatory
osmFISH Pseudospot,ground_truth,pseudospot_y54_x1,1274.0030406296723,46288.7771428781,Interneuron
osmFISH Pseudospot,ground_truth,pseudospot_y54_x2,2123.338401049454,46288.7771428781,Interneuron
osmFISH Pseudospot,ground_truth,pseudospot_y54_x3,2972.6737614692356,46288.7771428781,S1_Excitatory
osmFISH Pseudospot,ground_truth,pseudospot_y54_x4,3822.0091218890175,46288.7771428781,Interneuron
osmFISH Pseudospot,ground_truth,pseudospot_y54_x5,4671.344482308799,46288.7771428781,Interneuron
osmFISH Pseudospot,ground_truth,pseudospot_y54_x7,6370.015203148362,46288.7771428781,Astrocyte
osmFISH Pseudospot,ground_truth,pseudospot_y54_x10,8918.021284407707,46288.7771428781,Endothelial
osmFISH Pseudospot,ground_truth,pseudospot_y55_x2,2123.338401049454,47138.11250329788,Astrocyte
osmFISH Pseudospot,ground_truth,pseudospot_y55_x3,2972.6737614692356,47138.11250329788,Astrocyte
osmFISH Pseudospot,ground_truth,pseudospot_y55_x4,3822.0091218890175,47138.11250329788,Astrocyte
osmFISH Pseudospot,ground_truth,pseudospot_y55_x5,4671.344482308799,47138.11250329788,Endothelial
osmFISH Pseudospot,ground_truth,pseudospot_y55_x6,5520.67984272858,47138.11250329788,Endothelial
osmFISH Pseudospot,ground_truth,pseudospot_y55_x12,10616.69200524727,47138.11250329788,Endothelial
osmFISH Pseudospot,ground_truth,pseudospot_y56_x0,424.6676802098908,47987.447863717665,Astrocyte
osmFISH Pseudospot,ground_truth,pseudospot_y56_x1,1274.0030406296723,47987.447863717665,Oligodendrocyte
osmFISH Pseudospot,ground_truth,pseudospot_y56_x2,2123.338401049454,47987.447863717665,Astrocyte
osmFISH Pseudospot,novosparc,pseudospot_y0_x15,13164.698086506616,424.6676802098908,Oligodendrocyte
osmFISH Pseudospot,novosparc,pseudospot_y0_x16,14014.033446926396,424.6676802098908,Oligodendrocyte
osmFISH Pseudospot,novosparc,pseudospot_y0_x17,14863.368807346178,424.6676802098908,Oligodendrocyte
osmFISH Pseudospot,novosparc,pseudospot_y0_x18,15712.70416776596,424.6676802098908,Oligodendrocyte
osmFISH Pseudospot,novosparc,pseudospot_y0_x19,16562.03952818574,424.6676802098908,Oligodendrocyte
osmFISH Pseudospot,novosparc,pseudospot_y0_x20,17411.374888605522,424.6676802098908,Oligodendrocyte
osmFISH Pseudospot,novosparc,pseudospot_y0_x21,18260.710249025306,424.6676802098908,Oligodendrocyte
osmFISH Pseudospot,novosparc,pseudospot_y1_x15,13164.698086506616,1274.0030406296723,Oligodendrocyte
osmFISH Pseudospot,novosparc,pseudospot_y1_x17,14863.368807346178,1274.0030406296723,Oligodendrocyte
osmFISH Pseudospot,novosparc,pseudospot_y1_x18,15712.70416776596,1274.0030406296723,Oligodendrocyte
osmFISH Pseudospot,novosparc,pseudospot_y1_x19,16562.03952818574,1274.0030406296723,Oligodendrocyte
osmFISH Pseudospot,novosparc,pseudospot_y1_x21,18260.710249025306,1274.0030406296723,Oligodendrocyte
osmFISH Pseudospot,novosparc,pseudospot_y2_x15,13164.698086506616,2123.338401049454,Oligodendrocyte
osmFISH Pseudospot,novosparc,pseudospot_y2_x16,14014.033446926396,2123.338401049454,Oligodendrocyte
osmFISH Pseudospot,novosparc,pseudospot_y2_x17,14863.368807346178,2123.338401049454,Oligodendrocyte
osmFISH Pseudospot,novosparc,pseudospot_y2_x18,15712.70416776596,2123.338401049454,Oligodendrocyte
osmFISH Pseudospot,novosparc,pseudospot_y2_x19,16562.03952818574,2123.338401049454,Oligodendrocyte
osmFISH Pseudospot,novosparc,pseudospot_y2_x20,17411.374888605522,2123.338401049454,Oligodendrocyte
osmFISH Pseudospot,novosparc,pseudospot_y2_x21,18260.710249025306,2123.338401049454,Oligodendrocyte
osmFISH Pseudospot,novosparc,pseudospot_y3_x15,13164.698086506616,2972.6737614692356,Oligodendrocyte
osmFISH Pseudospot,novosparc,pseudospot_y3_x16,14014.033446926396,2972.6737614692356,Oligodendrocyte
osmFISH Pseudospot,novosparc,pseudospot_y3_x17,14863.368807346178,2972.6737614692356,Oligodendrocyte
osmFISH Pseudospot,novosparc,pseudospot_y3_x18,15712.70416776596,2972.6737614692356,Oligodendrocyte
osmFISH Pseudospot,novosparc,pseudospot_y3_x19,16562.03952818574,2972.6737614692356,Oligodendrocyte
osmFISH Pseudospot,novosparc,pseudospot_y3_x20,17411.374888605522,2972.6737614692356,Oligodendrocyte
osmFISH Pseudospot,novosparc,pseudospot_y3_x21,18260.710249025306,2972.6737614692356,Oligodendrocyte
osmFISH Pseudospot,novosparc,pseudospot_y4_x15,13164.698086506616,3822.0091218890175,Oligodendrocyte
osmFISH Pseudospot,novosparc,pseudospot_y4_x16,14014.033446926396,3822.0091218890175,Oligodendrocyte
osmFISH Pseudospot,novosparc,pseudospot_y4_x17,14863.368807346178,3822.0091218890175,Oligodendrocyte
osmFISH Pseudospot,novosparc,pseudospot_y4_x18,15712.70416776596,3822.0091218890175,Other
osmFISH Pseudospot,novosparc,pseudospot_y4_x19,16562.03952818574,3822.0091218890175,Oligodendrocyte
osmFISH Pseudospot,novosparc,pseudospot_y4_x20,17411.374888605522,3822.0091218890175,Oligodendrocyte
osmFISH Pseudospot,novosparc,pseudospot_y4_x21,18260.710249025306,3822.0091218890175,Oligodendrocyte
osmFISH Pseudospot,novosparc,pseudospot_y5_x15,13164.698086506616,4671.344482308799,Oligodendrocyte
osmFISH Pseudospot,novosparc,pseudospot_y5_x16,14014.033446926396,4671.344482308799,Oligodendrocyte
osmFISH Pseudospot,novosparc,pseudospot_y5_x17,14863.368807346178,4671.344482308799,Oligodendrocyte
osmFISH Pseudospot,novosparc,pseudospot_y5_x18,15712.70416776596,4671.344482308799,Other
osmFISH Pseudospot,novosparc,pseudospot_y5_x19,16562.03952818574,4671.344482308799,Oligodendrocyte
osmFISH Pseudospot,novosparc,pseudospot_y5_x20,17411.374888605522,4671.344482308799,Oligodendrocyte
osmFISH Pseudospot,novosparc,pseudospot_y5_x21,18260.710249025306,4671.344482308799,Oligodendrocyte
osmFISH Pseudospot,novosparc,pseudospot_y5_x23,19959.38096986487,4671.344482308799,Oligodendrocyte
osmFISH Pseudospot,novosparc,pseudospot_y5_x24,20808.71633028465,4671.344482308799,Oligodendrocyte
osmFISH Pseudospot,novosparc,pseudospot_y6_x15,13164.698086506616,5520.67984272858,Oligodendrocyte
osmFISH Pseudospot,novosparc,pseudospot_y6_x16,14014.033446926396,5520.67984272858,Oligodendrocyte
osmFISH Pseudospot,novosparc,pseudospot_y6_x17,14863.368807346178,5520.67984272858,Oligodendrocyte
osmFISH Pseudospot,novosparc,pseudospot_y6_x19,16562.03952818574,5520.67984272858,Oligodendrocyte
osmFISH Pseudospot,novosparc,pseudospot_y6_x20,17411.374888605522,5520.67984272858,Oligodendrocyte
osmFISH Pseudospot,novosparc,pseudospot_y6_x21,18260.710249025306,5520.67984272858,Oligodendrocyte
osmFISH Pseudospot,novosparc,pseudospot_y6_x22,19110.045609445086,5520.67984272858,Oligodendrocyte
osmFISH Pseudospot,novosparc,pseudospot_y6_x23,19959.38096986487,5520.67984272858,Oligodendrocyte
osmFISH Pseudospot,novosparc,pseudospot_y7_x15,13164.698086506616,6370.015203148362,Oligodendrocyte
osmFISH Pseudospot,novosparc,pseudospot_y7_x16,14014.033446926396,6370.015203148362,Oligodendrocyte
osmFISH Pseudospot,novosparc,pseudospot_y7_x17,14863.368807346178,6370.015203148362,Oligodendrocyte
osmFISH Pseudospot,novosparc,pseudospot_y7_x18,15712.70416776596,6370.015203148362,Other
osmFISH Pseudospot,novosparc,pseudospot_y7_x19,16562.03952818574,6370.015203148362,Astrocyte
osmFISH Pseudospot,novosparc,pseudospot_y7_x20,17411.374888605522,6370.015203148362,Oligodendrocyte
osmFISH Pseudospot,novosparc,pseudospot_y7_x21,18260.710249025306,6370.015203148362,Oligodendrocyte
osmFISH Pseudospot,novosparc,pseudospot_y7_x22,19110.045609445086,6370.015203148362,Oligodendrocyte
osmFISH Pseudospot,novosparc,pseudospot_y7_x23,19959.38096986487,6370.015203148362,Oligodendrocyte
osmFISH Pseudospot,novosparc,pseudospot_y7_x24,20808.71633028465,6370.015203148362,Oligodendrocyte
osmFISH Pseudospot,novosparc,pseudospot_y8_x15,13164.698086506616,7219.350563568144,Oligodendrocyte
osmFISH Pseudospot,novosparc,pseudospot_y8_x16,14014.033446926396,7219.350563568144,Oligodendrocyte
osmFISH Pseudospot,novosparc,pseudospot_y8_x20,17411.374888605522,7219.350563568144,Oligodendrocyte
osmFISH Pseudospot,novosparc,pseudospot_y8_x21,18260.710249025306,7219.350563568144,Oligodendrocyte
osmFISH Pseudospot,novosparc,pseudospot_y8_x22,19110.045609445086,7219.350563568144,Oligodendrocyte
osmFISH Pseudospot,novosparc,pseudospot_y8_x23,19959.38096986487,7219.350563568144,Oligodendrocyte
osmFISH Pseudospot,novosparc,pseudospot_y9_x15,13164.698086506616,8068.685923987926,Oligodendrocyte
osmFISH Pseudospot,novosparc,pseudospot_y9_x16,14014.033446926396,8068.685923987926,Oligodendrocyte
osmFISH Pseudospot,novosparc,pseudospot_y9_x17,14863.368807346178,8068.685923987926,Oligodendrocyte
osmFISH Pseudospot,novosparc,pseudospot_y9_x19,16562.03952818574,8068.685923987926,Oligodendrocyte
osmFISH Pseudospot,novosparc,pseudospot_y9_x20,17411.374888605522,8068.685923987926,Oligodendrocyte
osmFISH Pseudospot,novosparc,pseudospot_y9_x21,18260.710249025306,8068.685923987926,Oligodendrocyte
osmFISH Pseudospot,novosparc,pseudospot_y9_x22,19110.045609445086,8068.685923987926,Oligodendrocyte
osmFISH Pseudospot,novosparc,pseudospot_y9_x23,19959.38096986487,8068.685923987926,Oligodendrocyte
osmFISH Pseudospot,novosparc,pseudospot_y10_x15,13164.698086506616,8918.021284407707,Oligodendrocyte
osmFISH Pseudospot,novosparc,pseudospot_y10_x16,14014.033446926396,8918.021284407707,Oligodendrocyte
osmFISH Pseudospot,novosparc,pseudospot_y10_x17,14863.368807346178,8918.021284407707,Oligodendrocyte
osmFISH Pseudospot,novosparc,pseudospot_y10_x18,15712.70416776596,8918.021284407707,Oligodendrocyte
osmFISH Pseudospot,novosparc,pseudospot_y10_x19,16562.03952818574,8918.021284407707,Oligodendrocyte
osmFISH Pseudospot,novosparc,pseudospot_y10_x20,17411.374888605522,8918.021284407707,Oligodendrocyte
osmFISH Pseudospot,novosparc,pseudospot_y10_x21,18260.710249025306,8918.021284407707,Oligodendrocyte
osmFISH Pseudospot,novosparc,pseudospot_y10_x22,19110.045609445086,8918.021284407707,Oligodendrocyte
osmFISH Pseudospot,novosparc,pseudospot_y10_x23,19959.38096986487,8918.021284407707,Oligodendrocyte
osmFISH Pseudospot,novosparc,pseudospot_y10_x24,20808.71633028465,8918.021284407707,Oligodendrocyte
osmFISH Pseudospot,novosparc,pseudospot_y11_x15,13164.698086506616,9767.356644827489,Oligodendrocyte
osmFISH Pseudospot,novosparc,pseudospot_y11_x16,14014.033446926396,9767.356644827489,Oligodendrocyte
osmFISH Pseudospot,novosparc,pseudospot_y11_x17,14863.368807346178,9767.356644827489,Oligodendrocyte
osmFISH Pseudospot,novosparc,pseudospot_y11_x18,15712.70416776596,9767.356644827489,Oligodendrocyte
osmFISH Pseudospot,novosparc,pseudospot_y11_x19,16562.03952818574,9767.356644827489,Oligodendrocyte
osmFISH Pseudospot,novosparc,pseudospot_y11_x20,17411.374888605522,9767.356644827489,Oligodendrocyte
osmFISH Pseudospot,novosparc,pseudospot_y11_x21,18260.710249025306,9767.356644827489,Oligodendrocyte
osmFISH Pseudospot,novosparc,pseudospot_y11_x22,19110.045609445086,9767.356644827489,Oligodendrocyte
osmFISH Pseudospot,novosparc,pseudospot_y11_x23,19959.38096986487,9767.356644827489,Oligodendrocyte
osmFISH Pseudospot,novosparc,pseudospot_y12_x15,13164.698086506616,10616.69200524727,Oligodendrocyte
osmFISH Pseudospot,novosparc,pseudospot_y12_x16,14014.033446926396,10616.69200524727,Oligodendrocyte
osmFISH Pseudospot,novosparc,pseudospot_y12_x17,14863.368807346178,10616.69200524727,Oligodendrocyte
osmFISH Pseudospot,novosparc,pseudospot_y12_x18,15712.70416776596,10616.69200524727,Oligodendrocyte
osmFISH Pseudospot,novosparc,pseudospot_y12_x19,16562.03952818574,10616.69200524727,Oligodendrocyte
osmFISH Pseudospot,novosparc,pseudospot_y12_x21,18260.710249025306,10616.69200524727,Oligodendrocyte
osmFISH Pseudospot,novosparc,pseudospot_y12_x22,19110.045609445086,10616.69200524727,Oligodendrocyte
osmFISH Pseudospot,novosparc,pseudospot_y12_x23,19959.38096986487,10616.69200524727,Oligodendrocyte
osmFISH Pseudospot,novosparc,pseudospot_y12_x24,20808.71633028465,10616.69200524727,Oligodendrocyte
osmFISH Pseudospot,novosparc,pseudospot_y13_x15,13164.698086506616,11466.027365667052,Oligodendrocyte
osmFISH Pseudospot,novosparc,pseudospot_y13_x16,14014.033446926396,11466.027365667052,Oligodendrocyte
osmFISH Pseudospot,novosparc,pseudospot_y13_x18,15712.70416776596,11466.027365667052,Oligodendrocyte
osmFISH Pseudospot,novosparc,pseudospot_y13_x19,16562.03952818574,11466.027365667052,Oligodendrocyte
osmFISH Pseudospot,novosparc,pseudospot_y13_x20,17411.374888605522,11466.027365667052,Oligodendrocyte
osmFISH Pseudospot,novosparc,pseudospot_y13_x21,18260.710249025306,11466.027365667052,Oligodendrocyte
osmFISH Pseudospot,novosparc,pseudospot_y13_x22,19110.045609445086,11466.027365667052,Oligodendrocyte
osmFISH Pseudospot,novosparc,pseudospot_y13_x23,19959.38096986487,11466.027365667052,Oligodendrocyte
osmFISH Pseudospot,novosparc,pseudospot_y13_x24,20808.71633028465,11466.027365667052,Oligodendrocyte
osmFISH Pseudospot,novosparc,pseudospot_y14_x15,13164.698086506616,12315.362726086834,Oligodendrocyte
osmFISH Pseudospot,novosparc,pseudospot_y14_x16,14014.033446926396,12315.362726086834,Oligodendrocyte
osmFISH Pseudospot,novosparc,pseudospot_y14_x19,16562.03952818574,12315.362726086834,Oligodendrocyte
osmFISH Pseudospot,novosparc,pseudospot_y14_x20,17411.374888605522,12315.362726086834,Oligodendrocyte
osmFISH Pseudospot,novosparc,pseudospot_y14_x21,18260.710249025306,12315.362726086834,Oligodendrocyte
osmFISH Pseudospot,novosparc,pseudospot_y14_x22,19110.045609445086,12315.362726086834,Oligodendrocyte
osmFISH Pseudospot,novosparc,pseudospot_y14_x23,19959.38096986487,12315.362726086834,Oligodendrocyte
osmFISH Pseudospot,novosparc,pseudospot_y14_x24,20808.71633028465,12315.362726086834,Oligodendrocyte
osmFISH Pseudospot,novosparc,pseudospot_y15_x15,13164.698086506616,13164.698086506616,Oligodendrocyte
osmFISH Pseudospot,novosparc,pseudospot_y15_x19,16562.03952818574,13164.698086506616,Oligodendrocyte
osmFISH Pseudospot,novosparc,pseudospot_y15_x20,17411.374888605522,13164.698086506616,Oligodendrocyte
osmFISH Pseudospot,novosparc,pseudospot_y15_x21,18260.710249025306,13164.698086506616,Oligodendrocyte
osmFISH Pseudospot,novosparc,pseudospot_y15_x22,19110.045609445086,13164.698086506616,Oligodendrocyte
osmFISH Pseudospot,novosparc,pseudospot_y15_x23,19959.38096986487,13164.698086506616,Oligodendrocyte
osmFISH Pseudospot,novosparc,pseudospot_y16_x18,15712.70416776596,14014.033446926396,Oligodendrocyte
osmFISH Pseudospot,novosparc,pseudospot_y16_x19,16562.03952818574,14014.033446926396,Oligodendrocyte
osmFISH Pseudospot,novosparc,pseudospot_y16_x20,17411.374888605522,14014.033446926396,Oligodendrocyte
osmFISH Pseudospot,novosparc,pseudospot_y16_x21,18260.710249025306,14014.033446926396,Oligodendrocyte
osmFISH Pseudospot,novosparc,pseudospot_y16_x22,19110.045609445086,14014.033446926396,Oligodendrocyte
osmFISH Pseudospot,novosparc,pseudospot_y16_x23,19959.38096986487,14014.033446926396,Oligodendrocyte
osmFISH Pseudospot,novosparc,pseudospot_y17_x20,17411.374888605522,14863.368807346178,Oligodendrocyte
osmFISH Pseudospot,novosparc,pseudospot_y17_x21,18260.710249025306,14863.368807346178,Oligodendrocyte
osmFISH Pseudospot,novosparc,pseudospot_y17_x22,19110.045609445086,14863.368807346178,Oligodendrocyte
osmFISH Pseudospot,novosparc,pseudospot_y17_x23,19959.38096986487,14863.368807346178,Oligodendrocyte
osmFISH Pseudospot,novosparc,pseudospot_y18_x15,13164.698086506616,15712.70416776596,Oligodendrocyte
osmFISH Pseudospot,novosparc,pseudospot_y18_x16,14014.033446926396,15712.70416776596,Oligodendrocyte
osmFISH Pseudospot,novosparc,pseudospot_y18_x19,16562.03952818574,15712.70416776596,Oligodendrocyte
osmFISH Pseudospot,novosparc,pseudospot_y18_x20,17411.374888605522,15712.70416776596,Oligodendrocyte
osmFISH Pseudospot,novosparc,pseudospot_y18_x21,18260.710249025306,15712.70416776596,Oligodendrocyte
osmFISH Pseudospot,novosparc,pseudospot_y18_x23,19959.38096986487,15712.70416776596,Oligodendrocyte
osmFISH Pseudospot,novosparc,pseudospot_y19_x15,13164.698086506616,16562.03952818574,Oligodendrocyte
osmFISH Pseudospot,novosparc,pseudospot_y19_x16,14014.033446926396,16562.03952818574,Oligodendrocyte
osmFISH Pseudospot,novosparc,pseudospot_y19_x18,15712.70416776596,16562.03952818574,Oligodendrocyte
osmFISH Pseudospot,novosparc,pseudospot_y19_x19,16562.03952818574,16562.03952818574,Oligodendrocyte
osmFISH Pseudospot,novosparc,pseudospot_y19_x20,17411.374888605522,16562.03952818574,Oligodendrocyte
osmFISH Pseudospot,novosparc,pseudospot_y19_x21,18260.710249025306,16562.03952818574,Oligodendrocyte
osmFISH Pseudospot,novosparc,pseudospot_y19_x22,19110.045609445086,16562.03952818574,Oligodendrocyte
osmFISH Pseudospot,novosparc,pseudospot_y19_x23,19959.38096986487,16562.03952818574,Oligodendrocyte
osmFISH Pseudospot,novosparc,pseudospot_y19_x24,20808.71633028465,16562.03952818574,Oligodendrocyte
osmFISH Pseudospot,novosparc,pseudospot_y20_x15,13164.698086506616,17411.374888605522,Oligodendrocyte
osmFISH Pseudospot,novosparc,pseudospot_y20_x16,14014.033446926396,17411.374888605522,Oligodendrocyte
osmFISH Pseudospot,novosparc,pseudospot_y20_x17,14863.368807346178,17411.374888605522,Oligodendrocyte
osmFISH Pseudospot,novosparc,pseudospot_y20_x18,15712.70416776596,17411.374888605522,Oligodendrocyte
osmFISH Pseudospot,novosparc,pseudospot_y20_x19,16562.03952818574,17411.374888605522,Oligodendrocyte
osmFISH Pseudospot,novosparc,pseudospot_y20_x20,17411.374888605522,17411.374888605522,Oligodendrocyte
osmFISH Pseudospot,novosparc,pseudospot_y20_x21,18260.710249025306,17411.374888605522,Oligodendrocyte
osmFISH Pseudospot,novosparc,pseudospot_y20_x22,19110.045609445086,17411.374888605522,Oligodendrocyte
osmFISH Pseudospot,novosparc,pseudospot_y20_x23,19959.38096986487,17411.374888605522,Oligodendrocyte
osmFISH Pseudospot,novosparc,pseudospot_y20_x24,20808.71633028465,17411.374888605522,Oligodendrocyte
osmFISH Pseudospot,novosparc,pseudospot_y21_x15,13164.698086506616,18260.710249025306,Oligodendrocyte
osmFISH Pseudospot,novosparc,pseudospot_y21_x18,15712.70416776596,18260.710249025306,Oligodendrocyte
osmFISH Pseudospot,novosparc,pseudospot_y21_x19,16562.03952818574,18260.710249025306,Oligodendrocyte
osmFISH Pseudospot,novosparc,pseudospot_y21_x20,17411.374888605522,18260.710249025306,Oligodendrocyte
osmFISH Pseudospot,novosparc,pseudospot_y21_x22,19110.045609445086,18260.710249025306,Oligodendrocyte
osmFISH Pseudospot,novosparc,pseudospot_y21_x23,19959.38096986487,18260.710249025306,Oligodendrocyte
osmFISH Pseudospot,novosparc,pseudospot_y21_x24,20808.71633028465,18260.710249025306,Oligodendrocyte
osmFISH Pseudospot,novosparc,pseudospot_y22_x18,15712.70416776596,19110.045609445086,Oligodendrocyte
osmFISH Pseudospot,novosparc,pseudospot_y22_x19,16562.03952818574,19110.045609445086,Oligodendrocyte
osmFISH Pseudospot,novosparc,pseudospot_y22_x20,17411.374888605522,19110.045609445086,Oligodendrocyte
osmFISH Pseudospot,novosparc,pseudospot_y22_x21,18260.710249025306,19110.045609445086,Oligodendrocyte
osmFISH Pseudospot,novosparc,pseudospot_y22_x22,19110.045609445086,19110.045609445086,Oligodendrocyte
osmFISH Pseudospot,novosparc,pseudospot_y22_x23,19959.38096986487,19110.045609445086,Oligodendrocyte
osmFISH Pseudospot,novosparc,pseudospot_y22_x24,20808.71633028465,19110.045609445086,Oligodendrocyte
osmFISH Pseudospot,novosparc,pseudospot_y23_x12,10616.69200524727,19959.38096986487,Oligodendrocyte
osmFISH Pseudospot,novosparc,pseudospot_y23_x13,11466.027365667052,19959.38096986487,Oligodendrocyte
osmFISH Pseudospot,novosparc,pseudospot_y23_x14,12315.362726086834,19959.38096986487,Oligodendrocyte
osmFISH Pseudospot,novosparc,pseudospot_y23_x15,13164.698086506616,19959.38096986487,Hippocampus_Excitatory
osmFISH Pseudospot,novosparc,pseudospot_y23_x16,14014.033446926396,19959.38096986487,Oligodendrocyte
osmFISH Pseudospot,novosparc,pseudospot_y23_x17,14863.368807346178,19959.38096986487,Oligodendrocyte
osmFISH Pseudospot,novosparc,pseudospot_y23_x18,15712.70416776596,19959.38096986487,Oligodendrocyte
osmFISH Pseudospot,novosparc,pseudospot_y23_x19,16562.03952818574,19959.38096986487,Oligodendrocyte
osmFISH Pseudospot,novosparc,pseudospot_y23_x21,18260.710249025306,19959.38096986487,Oligodendrocyte
osmFISH Pseudospot,novosparc,pseudospot_y24_x13,11466.027365667052,20808.71633028465,Hippocampus_Excitatory
osmFISH Pseudospot,novosparc,pseudospot_y24_x15,13164.698086506616,20808.71633028465,Interneuron
osmFISH Pseudospot,novosparc,pseudospot_y24_x16,14014.033446926396,20808.71633028465,Oligodendrocyte
osmFISH Pseudospot,novosparc,pseudospot_y24_x17,14863.368807346178,20808.71633028465,Oligodendrocyte
osmFISH Pseudospot,novosparc,pseudospot_y24_x18,15712.70416776596,20808.71633028465,Oligodendrocyte
osmFISH Pseudospot,novosparc,pseudospot_y24_x19,16562.03952818574,20808.71633028465,Oligodendrocyte
osmFISH Pseudospot,novosparc,pseudospot_y24_x20,17411.374888605522,20808.71633028465,Oligodendrocyte
osmFISH Pseudospot,novosparc,pseudospot_y24_x21,18260.710249025306,20808.71633028465,Oligodendrocyte
osmFISH Pseudospot,novosparc,pseudospot_y25_x10,8918.021284407707,21658.051690704433,Oligodendrocyte
osmFISH Pseudospot,novosparc,pseudospot_y25_x11,9767.356644827489,21658.051690704433,Oligodendrocyte
osmFISH Pseudospot,novosparc,pseudospot_y25_x12,10616.69200524727,21658.051690704433,Oligodendrocyte
osmFISH Pseudospot,novosparc,pseudospot_y25_x13,11466.027365667052,21658.051690704433,Oligodendrocyte
osmFISH Pseudospot,novosparc,pseudospot_y25_x15,13164.698086506616,21658.051690704433,Oligodendrocyte
osmFISH Pseudospot,novosparc,pseudospot_y25_x16,14014.033446926396,21658.051690704433,Oligodendrocyte
osmFISH Pseudospot,novosparc,pseudospot_y25_x17,14863.368807346178,21658.051690704433,Oligodendrocyte
osmFISH Pseudospot,novosparc,pseudospot_y25_x18,15712.70416776596,21658.051690704433,Oligodendrocyte
osmFISH Pseudospot,novosparc,pseudospot_y25_x19,16562.03952818574,21658.051690704433,Oligodendrocyte
osmFISH Pseudospot,novosparc,pseudospot_y25_x20,17411.374888605522,21658.051690704433,Oligodendrocyte
osmFISH Pseudospot,novosparc,pseudospot_y25_x21,18260.710249025306,21658.051690704433,Oligodendrocyte
osmFISH Pseudospot,novosparc,pseudospot_y25_x22,19110.045609445086,21658.051690704433,Oligodendrocyte
osmFISH Pseudospot,novosparc,pseudospot_y26_x10,8918.021284407707,22507.387051124213,Oligodendrocyte
osmFISH Pseudospot,novosparc,pseudospot_y26_x11,9767.356644827489,22507.387051124213,Oligodendrocyte
osmFISH Pseudospot,novosparc,pseudospot_y26_x12,10616.69200524727,22507.387051124213,Oligodendrocyte
osmFISH Pseudospot,novosparc,pseudospot_y26_x14,12315.362726086834,22507.387051124213,Oligodendrocyte
osmFISH Pseudospot,novosparc,pseudospot_y26_x15,13164.698086506616,22507.387051124213,Oligodendrocyte
osmFISH Pseudospot,novosparc,pseudospot_y26_x16,14014.033446926396,22507.387051124213,Oligodendrocyte
osmFISH Pseudospot,novosparc,pseudospot_y26_x17,14863.368807346178,22507.387051124213,Oligodendrocyte
osmFISH Pseudospot,novosparc,pseudospot_y26_x19,16562.03952818574,22507.387051124213,Oligodendrocyte
osmFISH Pseudospot,novosparc,pseudospot_y26_x20,17411.374888605522,22507.387051124213,Oligodendrocyte
osmFISH Pseudospot,novosparc,pseudospot_y26_x21,18260.710249025306,22507.387051124213,Oligodendrocyte
osmFISH Pseudospot,novosparc,pseudospot_y27_x9,8068.685923987926,23356.722411543997,Hippocampus_Excitatory
osmFISH Pseudospot,novosparc,pseudospot_y27_x10,8918.021284407707,23356.722411543997,Hippocampus_Excitatory
osmFISH Pseudospot,novosparc,pseudospot_y27_x11,9767.356644827489,23356.722411543997,Hippocampus_Excitatory
osmFISH Pseudospot,novosparc,pseudospot_y27_x14,12315.362726086834,23356.722411543997,Oligodendrocyte
osmFISH Pseudospot,novosparc,pseudospot_y27_x15,13164.698086506616,23356.722411543997,Oligodendrocyte
osmFISH Pseudospot,novosparc,pseudospot_y27_x16,14014.033446926396,23356.722411543997,Oligodendrocyte
osmFISH Pseudospot,novosparc,pseudospot_y27_x17,14863.368807346178,23356.722411543997,Oligodendrocyte
osmFISH Pseudospot,novosparc,pseudospot_y27_x18,15712.70416776596,23356.722411543997,Oligodendrocyte
osmFISH Pseudospot,novosparc,pseudospot_y27_x19,16562.03952818574,23356.722411543997,Oligodendrocyte
osmFISH Pseudospot,novosparc,pseudospot_y27_x20,17411.374888605522,23356.722411543997,Oligodendrocyte
osmFISH Pseudospot,novosparc,pseudospot_y27_x21,18260.710249025306,23356.722411543997,Oligodendrocyte
osmFISH Pseudospot,novosparc,pseudospot_y28_x6,5520.67984272858,24206.057771963777,Endothelial
osmFISH Pseudospot,novosparc,pseudospot_y28_x8,7219.350563568144,24206.057771963777,Hippocampus_Excitatory
osmFISH Pseudospot,novosparc,pseudospot_y28_x9,8068.685923987926,24206.057771963777,Oligodendrocyte
osmFISH Pseudospot,novosparc,pseudospot_y28_x10,8918.021284407707,24206.057771963777,Hippocampus_Excitatory
osmFISH Pseudospot,novosparc,pseudospot_y28_x12,10616.69200524727,24206.057771963777,Oligodendrocyte
osmFISH Pseudospot,novosparc,pseudospot_y28_x13,11466.027365667052,24206.057771963777,Oligodendrocyte
osmFISH Pseudospot,novosparc,pseudospot_y28_x14,12315.362726086834,24206.057771963777,Oligodendrocyte
osmFISH Pseudospot,novosparc,pseudospot_y28_x15,13164.698086506616,24206.057771963777,Oligodendrocyte
osmFISH Pseudospot,novosparc,pseudospot_y28_x16,14014.033446926396,24206.057771963777,Oligodendrocyte
osmFISH Pseudospot,novosparc,pseudospot_y28_x17,14863.368807346178,24206.057771963777,Oligodendrocyte
osmFISH Pseudospot,novosparc,pseudospot_y28_x18,15712.70416776596,24206.057771963777,Oligodendrocyte
osmFISH Pseudospot,novosparc,pseudospot_y28_x19,16562.03952818574,24206.057771963777,Oligodendrocyte
osmFISH Pseudospot,novosparc,pseudospot_y28_x20,17411.374888605522,24206.057771963777,Hippocampus_Excitatory
osmFISH Pseudospot,novosparc,pseudospot_y28_x21,18260.710249025306,24206.057771963777,Oligodendrocyte
osmFISH Pseudospot,novosparc,pseudospot_y29_x2,2123.338401049454,25055.393132383557,Hippocampus_Excitatory
osmFISH Pseudospot,novosparc,pseudospot_y29_x4,3822.0091218890175,25055.393132383557,Astrocyte
osmFISH Pseudospot,novosparc,pseudospot_y29_x5,4671.344482308799,25055.393132383557,Astrocyte
osmFISH Pseudospot,novosparc,pseudospot_y29_x6,5520.67984272858,25055.393132383557,Hippocampus_Excitatory
osmFISH Pseudospot,novosparc,pseudospot_y29_x7,6370.015203148362,25055.393132383557,Hippocampus_Excitatory
osmFISH Pseudospot,novosparc,pseudospot_y29_x8,7219.350563568144,25055.393132383557,Hippocampus_Excitatory
osmFISH Pseudospot,novosparc,pseudospot_y29_x9,8068.685923987926,25055.393132383557,Hippocampus_Excitatory
osmFISH Pseudospot,novosparc,pseudospot_y29_x11,9767.356644827489,25055.393132383557,Interneuron
osmFISH Pseudospot,novosparc,pseudospot_y29_x12,10616.69200524727,25055.393132383557,Oligodendrocyte
osmFISH Pseudospot,novosparc,pseudospot_y29_x13,11466.027365667052,25055.393132383557,Oligodendrocyte
osmFISH Pseudospot,novosparc,pseudospot_y29_x14,12315.362726086834,25055.393132383557,Oligodendrocyte
osmFISH Pseudospot,novosparc,pseudospot_y29_x15,13164.698086506616,25055.393132383557,Oligodendrocyte
osmFISH Pseudospot,novosparc,pseudospot_y29_x16,14014.033446926396,25055.393132383557,Oligodendrocyte
osmFISH Pseudospot,novosparc,pseudospot_y29_x17,14863.368807346178,25055.393132383557,Oligodendrocyte
osmFISH Pseudospot,novosparc,pseudospot_y29_x18,15712.70416776596,25055.393132383557,Oligodendrocyte
osmFISH Pseudospot,novosparc,pseudospot_y29_x19,16562.03952818574,25055.393132383557,Oligodendrocyte
osmFISH Pseudospot,novosparc,pseudospot_y29_x20,17411.374888605522,25055.393132383557,Oligodendrocyte
osmFISH Pseudospot,novosparc,pseudospot_y29_x21,18260.710249025306,25055.393132383557,Oligodendrocyte
osmFISH Pseudospot,novosparc,pseudospot_y29_x22,19110.045609445086,25055.393132383557,Hippocampus_Excitatory
osmFISH Pseudospot,novosparc,pseudospot_y30_x1,1274.0030406296723,25904.72849280334,Hippocampus_Excitatory
osmFISH Pseudospot,novosparc,pseudospot_y30_x2,2123.338401049454,25904.72849280334,Hippocampus_Excitatory
osmFISH Pseudospot,novosparc,pseudospot_y30_x4,3822.0091218890175,25904.72849280334,Oligodendrocyte
osmFISH Pseudospot,novosparc,pseudospot_y30_x5,4671.344482308799,25904.72849280334,Hippocampus_Excitatory
osmFISH Pseudospot,novosparc,pseudospot_y30_x6,5520.67984272858,25904.72849280334,Hippocampus_Excitatory
osmFISH Pseudospot,novosparc,pseudospot_y30_x7,6370.015203148362,25904.72849280334,Hippocampus_Excitatory
osmFISH Pseudospot,novosparc,pseudospot_y30_x8,7219.350563568144,25904.72849280334,Hippocampus_Excitatory
osmFISH Pseudospot,novosparc,pseudospot_y30_x10,8918.021284407707,25904.72849280334,Oligodendrocyte
osmFISH Pseudospot,novosparc,pseudospot_y30_x11,9767.356644827489,25904.72849280334,Oligodendrocyte
osmFISH Pseudospot,novosparc,pseudospot_y30_x12,10616.69200524727,25904.72849280334,Oligodendrocyte
osmFISH Pseudospot,novosparc,pseudospot_y30_x13,11466.027365667052,25904.72849280334,Oligodendrocyte
osmFISH Pseudospot,novosparc,pseudospot_y30_x14,12315.362726086834,25904.72849280334,Oligodendrocyte
osmFISH Pseudospot,novosparc,pseudospot_y30_x15,13164.698086506616,25904.72849280334,Oligodendrocyte
osmFISH Pseudospot,novosparc,pseudospot_y30_x16,14014.033446926396,25904.72849280334,Oligodendrocyte
osmFISH Pseudospot,novosparc,pseudospot_y30_x17,14863.368807346178,25904.72849280334,Oligodendrocyte
osmFISH Pseudospot,novosparc,pseudospot_y30_x18,15712.70416776596,25904.72849280334,Hippocampus_Excitatory
osmFISH Pseudospot,novosparc,pseudospot_y30_x19,16562.03952818574,25904.72849280334,Oligodendrocyte
osmFISH Pseudospot,novosparc,pseudospot_y30_x20,17411.374888605522,25904.72849280334,Hippocampus_Excitatory
osmFISH Pseudospot,novosparc,pseudospot_y30_x21,18260.710249025306,25904.72849280334,Oligodendrocyte
osmFISH Pseudospot,novosparc,pseudospot_y30_x22,19110.045609445086,25904.72849280334,Oligodendrocyte
osmFISH Pseudospot,novosparc,pseudospot_y30_x23,19959.38096986487,25904.72849280334,Oligodendrocyte
osmFISH Pseudospot,novosparc,pseudospot_y31_x3,2972.6737614692356,26754.06385322312,Hippocampus_Excitatory
osmFISH Pseudospot,novosparc,pseudospot_y31_x4,3822.0091218890175,26754.06385322312,Hippocampus_Excitatory
osmFISH Pseudospot,novosparc,pseudospot_y31_x5,4671.344482308799,26754.06385322312,Hippocampus_Excitatory
osmFISH Pseudospot,novosparc,pseudospot_y31_x6,5520.67984272858,26754.06385322312,Hippocampus_Excitatory
osmFISH Pseudospot,novosparc,pseudospot_y31_x7,6370.015203148362,26754.06385322312,Hippocampus_Excitatory
osmFISH Pseudospot,novosparc,pseudospot_y31_x11,9767.356644827489,26754.06385322312,Oligodendrocyte
osmFISH Pseudospot,novosparc,pseudospot_y31_x12,10616.69200524727,26754.06385322312,Oligodendrocyte
osmFISH Pseudospot,novosparc,pseudospot_y31_x13,11466.027365667052,26754.06385322312,Oligodendrocyte
osmFISH Pseudospot,novosparc,pseudospot_y31_x14,12315.362726086834,26754.06385322312,Hippocampus_Excitatory
osmFISH Pseudospot,novosparc,pseudospot_y31_x15,13164.698086506616,26754.06385322312,Hippocampus_Excitatory
osmFISH Pseudospot,novosparc,pseudospot_y31_x16,14014.033446926396,26754.06385322312,Hippocampus_Excitatory
osmFISH Pseudospot,novosparc,pseudospot_y31_x17,14863.368807346178,26754.06385322312,Oligodendrocyte
osmFISH Pseudospot,novosparc,pseudospot_y31_x18,15712.70416776596,26754.06385322312,Hippocampus_Excitatory
osmFISH Pseudospot,novosparc,pseudospot_y31_x19,16562.03952818574,26754.06385322312,Hippocampus_Excitatory
osmFISH Pseudospot,novosparc,pseudospot_y31_x20,17411.374888605522,26754.06385322312,Oligodendrocyte
osmFISH Pseudospot,novosparc,pseudospot_y31_x21,18260.710249025306,26754.06385322312,Oligodendrocyte
osmFISH Pseudospot,novosparc,pseudospot_y31_x22,19110.045609445086,26754.06385322312,Oligodendrocyte
osmFISH Pseudospot,novosparc,pseudospot_y32_x0,424.6676802098908,27603.399213642904,Oligodendrocyte
osmFISH Pseudospot,novosparc,pseudospot_y32_x1,1274.0030406296723,27603.399213642904,Hippocampus_Excitatory
osmFISH Pseudospot,novosparc,pseudospot_y32_x3,2972.6737614692356,27603.399213642904,Hippocampus_Excitatory
osmFISH Pseudospot,novosparc,pseudospot_y32_x4,3822.0091218890175,27603.399213642904,Hippocampus_Excitatory
osmFISH Pseudospot,novosparc,pseudospot_y32_x5,4671.344482308799,27603.399213642904,Hippocampus_Excitatory
osmFISH Pseudospot,novosparc,pseudospot_y32_x7,6370.015203148362,27603.399213642904,Oligodendrocyte
osmFISH Pseudospot,novosparc,pseudospot_y32_x9,8068.685923987926,27603.399213642904,Oligodendrocyte
osmFISH Pseudospot,novosparc,pseudospot_y32_x10,8918.021284407707,27603.399213642904,Oligodendrocyte
osmFISH Pseudospot,novosparc,pseudospot_y32_x11,9767.356644827489,27603.399213642904,Oligodendrocyte
osmFISH Pseudospot,novosparc,pseudospot_y32_x12,10616.69200524727,27603.399213642904,Oligodendrocyte
osmFISH Pseudospot,novosparc,pseudospot_y32_x13,11466.027365667052,27603.399213642904,Hippocampus_Excitatory
osmFISH Pseudospot,novosparc,pseudospot_y32_x14,12315.362726086834,27603.399213642904,Hippocampus_Excitatory
osmFISH Pseudospot,novosparc,pseudospot_y32_x15,13164.698086506616,27603.399213642904,Hippocampus_Excitatory
osmFISH Pseudospot,novosparc,pseudospot_y32_x16,14014.033446926396,27603.399213642904,Hippocampus_Excitatory
osmFISH Pseudospot,novosparc,pseudospot_y32_x17,14863.368807346178,27603.399213642904,Hippocampus_Excitatory
osmFISH Pseudospot,novosparc,pseudospot_y32_x18,15712.70416776596,27603.399213642904,Oligodendrocyte
osmFISH Pseudospot,novosparc,pseudospot_y32_x19,16562.03952818574,27603.399213642904,Hippocampus_Excitatory
osmFISH Pseudospot,novosparc,pseudospot_y32_x20,17411.374888605522,27603.399213642904,Hippocampus_Excitatory
osmFISH Pseudospot,novosparc,pseudospot_y32_x21,18260.710249025306,27603.399213642904,Oligodendrocyte
osmFISH Pseudospot,novosparc,pseudospot_y32_x22,19110.045609445086,27603.399213642904,Oligodendrocyte
osmFISH Pseudospot,novosparc,pseudospot_y32_x23,19959.38096986487,27603.399213642904,Hippocampus_Excitatory
osmFISH Pseudospot,novosparc,pseudospot_y33_x0,424.6676802098908,28452.734574062684,Hippocampus_Excitatory
osmFISH Pseudospot,novosparc,pseudospot_y33_x1,1274.0030406296723,28452.734574062684,Hippocampus_Excitatory
osmFISH Pseudospot,novosparc,pseudospot_y33_x2,2123.338401049454,28452.734574062684,Hippocampus_Excitatory
osmFISH Pseudospot,novosparc,pseudospot_y33_x3,2972.6737614692356,28452.734574062684,Hippocampus_Excitatory
osmFISH Pseudospot,novosparc,pseudospot_y33_x7,6370.015203148362,28452.734574062684,Hippocampus_Excitatory
osmFISH Pseudospot,novosparc,pseudospot_y33_x8,7219.350563568144,28452.734574062684,Hippocampus_Excitatory
osmFISH Pseudospot,novosparc,pseudospot_y33_x9,8068.685923987926,28452.734574062684,Oligodendrocyte
osmFISH Pseudospot,novosparc,pseudospot_y33_x10,8918.021284407707,28452.734574062684,Oligodendrocyte
osmFISH Pseudospot,novosparc,pseudospot_y33_x11,9767.356644827489,28452.734574062684,Oligodendrocyte
osmFISH Pseudospot,novosparc,pseudospot_y33_x12,10616.69200524727,28452.734574062684,Hippocampus_Excitatory
osmFISH Pseudospot,novosparc,pseudospot_y33_x13,11466.027365667052,28452.734574062684,Hippocampus_Excitatory
osmFISH Pseudospot,novosparc,pseudospot_y33_x14,12315.362726086834,28452.734574062684,Hippocampus_Excitatory
osmFISH Pseudospot,novosparc,pseudospot_y33_x15,13164.698086506616,28452.734574062684,Hippocampus_Excitatory
osmFISH Pseudospot,novosparc,pseudospot_y33_x16,14014.033446926396,28452.734574062684,Hippocampus_Excitatory
osmFISH Pseudospot,novosparc,pseudospot_y33_x17,14863.368807346178,28452.734574062684,Hippocampus_Excitatory
osmFISH Pseudospot,novosparc,pseudospot_y33_x18,15712.70416776596,28452.734574062684,Oligodendrocyte
osmFISH Pseudospot,novosparc,pseudospot_y33_x19,16562.03952818574,28452.734574062684,Oligodendrocyte
osmFISH Pseudospot,novosparc,pseudospot_y33_x20,17411.374888605522,28452.734574062684,Hippocampus_Excitatory
osmFISH Pseudospot,novosparc,pseudospot_y33_x21,18260.710249025306,28452.734574062684,Oligodendrocyte
osmFISH Pseudospot,novosparc,pseudospot_y33_x22,19110.045609445086,28452.734574062684,Hippocampus_Excitatory
osmFISH Pseudospot,novosparc,pseudospot_y33_x23,19959.38096986487,28452.734574062684,Hippocampus_Excitatory
osmFISH Pseudospot,novosparc,pseudospot_y33_x24,20808.71633028465,28452.734574062684,Hippocampus_Excitatory
osmFISH Pseudospot,novosparc,pseudospot_y34_x1,1274.0030406296723,29302.069934482468,Hippocampus_Excitatory
osmFISH Pseudospot,novosparc,pseudospot_y34_x5,4671.344482308799,29302.069934482468,Oligodendrocyte
osmFISH Pseudospot,novosparc,pseudospot_y34_x6,5520.67984272858,29302.069934482468,Oligodendrocyte
osmFISH Pseudospot,novosparc,pseudospot_y34_x7,6370.015203148362,29302.069934482468,Oligodendrocyte
osmFISH Pseudospot,novosparc,pseudospot_y34_x8,7219.350563568144,29302.069934482468,Hippocampus_Excitatory
osmFISH Pseudospot,novosparc,pseudospot_y34_x9,8068.685923987926,29302.069934482468,Hippocampus_Excitatory
osmFISH Pseudospot,novosparc,pseudospot_y34_x10,8918.021284407707,29302.069934482468,Hippocampus_Excitatory
osmFISH Pseudospot,novosparc,pseudospot_y34_x11,9767.356644827489,29302.069934482468,Hippocampus_Excitatory
osmFISH Pseudospot,novosparc,pseudospot_y34_x12,10616.69200524727,29302.069934482468,Hippocampus_Excitatory
osmFISH Pseudospot,novosparc,pseudospot_y34_x13,11466.027365667052,29302.069934482468,Hippocampus_Excitatory
osmFISH Pseudospot,novosparc,pseudospot_y34_x14,12315.362726086834,29302.069934482468,Hippocampus_Excitatory
osmFISH Pseudospot,novosparc,pseudospot_y34_x15,13164.698086506616,29302.069934482468,Hippocampus_Excitatory
osmFISH Pseudospot,novosparc,pseudospot_y34_x16,14014.033446926396,29302.069934482468,Hippocampus_Excitatory
osmFISH Pseudospot,novosparc,pseudospot_y34_x17,14863.368807346178,29302.069934482468,Hippocampus_Excitatory
osmFISH Pseudospot,novosparc,pseudospot_y34_x18,15712.70416776596,29302.069934482468,Hippocampus_Excitatory
osmFISH Pseudospot,novosparc,pseudospot_y34_x19,16562.03952818574,29302.069934482468,Oligodendrocyte
osmFISH Pseudospot,novosparc,pseudospot_y34_x20,17411.374888605522,29302.069934482468,Hippocampus_Excitatory
osmFISH Pseudospot,novosparc,pseudospot_y34_x21,18260.710249025306,29302.069934482468,Oligodendrocyte
osmFISH Pseudospot,novosparc,pseudospot_y34_x22,19110.045609445086,29302.069934482468,Hippocampus_Excitatory
osmFISH Pseudospot,novosparc,pseudospot_y34_x23,19959.38096986487,29302.069934482468,Hippocampus_Excitatory
osmFISH Pseudospot,novosparc,pseudospot_y34_x24,20808.71633028465,29302.069934482468,Hippocampus_Excitatory
osmFISH Pseudospot,novosparc,pseudospot_y35_x0,424.6676802098908,30151.405294902248,Hippocampus_Excitatory
osmFISH Pseudospot,novosparc,pseudospot_y35_x1,1274.0030406296723,30151.405294902248,Hippocampus_Excitatory
osmFISH Pseudospot,novosparc,pseudospot_y35_x2,2123.338401049454,30151.405294902248,Hippocampus_Excitatory
osmFISH Pseudospot,novosparc,pseudospot_y35_x3,2972.6737614692356,30151.405294902248,Oligodendrocyte
osmFISH Pseudospot,novosparc,pseudospot_y35_x4,3822.0091218890175,30151.405294902248,Hippocampus_Excitatory
osmFISH Pseudospot,novosparc,pseudospot_y35_x5,4671.344482308799,30151.405294902248,Oligodendrocyte
osmFISH Pseudospot,novosparc,pseudospot_y35_x6,5520.67984272858,30151.405294902248,Oligodendrocyte
osmFISH Pseudospot,novosparc,pseudospot_y35_x7,6370.015203148362,30151.405294902248,Hippocampus_Excitatory
osmFISH Pseudospot,novosparc,pseudospot_y35_x8,7219.350563568144,30151.405294902248,Hippocampus_Excitatory
osmFISH Pseudospot,novosparc,pseudospot_y35_x9,8068.685923987926,30151.405294902248,Hippocampus_Excitatory
osmFISH Pseudospot,novosparc,pseudospot_y35_x10,8918.021284407707,30151.405294902248,Hippocampus_Excitatory
osmFISH Pseudospot,novosparc,pseudospot_y35_x11,9767.356644827489,30151.405294902248,Hippocampus_Excitatory
osmFISH Pseudospot,novosparc,pseudospot_y35_x12,10616.69200524727,30151.405294902248,Hippocampus_Excitatory
osmFISH Pseudospot,novosparc,pseudospot_y35_x13,11466.027365667052,30151.405294902248,Hippocampus_Excitatory
osmFISH Pseudospot,novosparc,pseudospot_y35_x14,12315.362726086834,30151.405294902248,Hippocampus_Excitatory
osmFISH Pseudospot,novosparc,pseudospot_y35_x15,13164.698086506616,30151.405294902248,Hippocampus_Excitatory
osmFISH Pseudospot,novosparc,pseudospot_y35_x16,14014.033446926396,30151.405294902248,Hippocampus_Excitatory
osmFISH Pseudospot,novosparc,pseudospot_y35_x17,14863.368807346178,30151.405294902248,Hippocampus_Excitatory
osmFISH Pseudospot,novosparc,pseudospot_y35_x18,15712.70416776596,30151.405294902248,Oligodendrocyte
osmFISH Pseudospot,novosparc,pseudospot_y35_x20,17411.374888605522,30151.405294902248,Hippocampus_Excitatory
osmFISH Pseudospot,novosparc,pseudospot_y35_x21,18260.710249025306,30151.405294902248,Hippocampus_Excitatory
osmFISH Pseudospot,novosparc,pseudospot_y35_x22,19110.045609445086,30151.405294902248,Oligodendrocyte
osmFISH Pseudospot,novosparc,pseudospot_y35_x23,19959.38096986487,30151.405294902248,Hippocampus_Excitatory
osmFISH Pseudospot,novosparc,pseudospot_y35_x24,20808.71633028465,30151.405294902248,Oligodendrocyte
osmFISH Pseudospot,novosparc,pseudospot_y36_x0,424.6676802098908,31000.740655322028,Oligodendrocyte
osmFISH Pseudospot,novosparc,pseudospot_y36_x2,2123.338401049454,31000.740655322028,Oligodendrocyte
osmFISH Pseudospot,novosparc,pseudospot_y36_x3,2972.6737614692356,31000.740655322028,Oligodendrocyte
osmFISH Pseudospot,novosparc,pseudospot_y36_x5,4671.344482308799,31000.740655322028,Hippocampus_Excitatory
osmFISH Pseudospot,novosparc,pseudospot_y36_x6,5520.67984272858,31000.740655322028,Hippocampus_Excitatory
osmFISH Pseudospot,novosparc,pseudospot_y36_x7,6370.015203148362,31000.740655322028,Hippocampus_Excitatory
osmFISH Pseudospot,novosparc,pseudospot_y36_x8,7219.350563568144,31000.740655322028,Hippocampus_Excitatory
osmFISH Pseudospot,novosparc,pseudospot_y36_x9,8068.685923987926,31000.740655322028,Hippocampus_Excitatory
osmFISH Pseudospot,novosparc,pseudospot_y36_x10,8918.021284407707,31000.740655322028,Hippocampus_Excitatory
osmFISH Pseudospot,novosparc,pseudospot_y36_x11,9767.356644827489,31000.740655322028,Hippocampus_Excitatory
osmFISH Pseudospot,novosparc,pseudospot_y36_x12,10616.69200524727,31000.740655322028,Hippocampus_Excitatory
osmFISH Pseudospot,novosparc,pseudospot_y36_x13,11466.027365667052,31000.740655322028,Hippocampus_Excitatory
osmFISH Pseudospot,novosparc,pseudospot_y36_x14,12315.362726086834,31000.740655322028,Hippocampus_Excitatory
osmFISH Pseudospot,novosparc,pseudospot_y36_x15,13164.698086506616,31000.740655322028,Hippocampus_Excitatory
osmFISH Pseudospot,novosparc,pseudospot_y36_x16,14014.033446926396,31000.740655322028,Hippocampus_Excitatory
osmFISH Pseudospot,novosparc,pseudospot_y36_x17,14863.368807346178,31000.740655322028,Hippocampus_Excitatory
osmFISH Pseudospot,novosparc,pseudospot_y36_x18,15712.70416776596,31000.740655322028,Hippocampus_Excitatory
osmFISH Pseudospot,novosparc,pseudospot_y36_x19,16562.03952818574,31000.740655322028,Hippocampus_Excitatory
osmFISH Pseudospot,novosparc,pseudospot_y36_x20,17411.374888605522,31000.740655322028,Hippocampus_Excitatory
osmFISH Pseudospot,novosparc,pseudospot_y36_x21,18260.710249025306,31000.740655322028,Hippocampus_Excitatory
osmFISH Pseudospot,novosparc,pseudospot_y36_x22,19110.045609445086,31000.740655322028,Hippocampus_Excitatory
osmFISH Pseudospot,novosparc,pseudospot_y36_x23,19959.38096986487,31000.740655322028,Hippocampus_Excitatory
osmFISH Pseudospot,novosparc,pseudospot_y36_x24,20808.71633028465,31000.740655322028,Hippocampus_Excitatory
osmFISH Pseudospot,novosparc,pseudospot_y37_x0,424.6676802098908,31850.07601574181,Oligodendrocyte
osmFISH Pseudospot,novosparc,pseudospot_y37_x1,1274.0030406296723,31850.07601574181,Hippocampus_Excitatory
osmFISH Pseudospot,novosparc,pseudospot_y37_x2,2123.338401049454,31850.07601574181,Hippocampus_Excitatory
osmFISH Pseudospot,novosparc,pseudospot_y37_x3,2972.6737614692356,31850.07601574181,Hippocampus_Excitatory
osmFISH Pseudospot,novosparc,pseudospot_y37_x4,3822.0091218890175,31850.07601574181,Hippocampus_Excitatory
osmFISH Pseudospot,novosparc,pseudospot_y37_x5,4671.344482308799,31850.07601574181,Hippocampus_Excitatory
osmFISH Pseudospot,novosparc,pseudospot_y37_x6,5520.67984272858,31850.07601574181,Hippocampus_Excitatory
osmFISH Pseudospot,novosparc,pseudospot_y37_x7,6370.015203148362,31850.07601574181,Hippocampus_Excitatory
osmFISH Pseudospot,novosparc,pseudospot_y37_x8,7219.350563568144,31850.07601574181,Hippocampus_Excitatory
osmFISH Pseudospot,novosparc,pseudospot_y37_x9,8068.685923987926,31850.07601574181,Hippocampus_Excitatory
osmFISH Pseudospot,novosparc,pseudospot_y37_x10,8918.021284407707,31850.07601574181,Hippocampus_Excitatory
osmFISH Pseudospot,novosparc,pseudospot_y37_x11,9767.356644827489,31850.07601574181,Hippocampus_Excitatory
osmFISH Pseudospot,novosparc,pseudospot_y37_x12,10616.69200524727,31850.07601574181,Hippocampus_Excitatory
osmFISH Pseudospot,novosparc,pseudospot_y37_x13,11466.027365667052,31850.07601574181,Hippocampus_Excitatory
osmFISH Pseudospot,novosparc,pseudospot_y37_x14,12315.362726086834,31850.07601574181,Hippocampus_Excitatory
osmFISH Pseudospot,novosparc,pseudospot_y37_x15,13164.698086506616,31850.07601574181,Hippocampus_Excitatory
osmFISH Pseudospot,novosparc,pseudospot_y37_x16,14014.033446926396,31850.07601574181,Hippocampus_Excitatory
osmFISH Pseudospot,novosparc,pseudospot_y37_x17,14863.368807346178,31850.07601574181,Hippocampus_Excitatory
osmFISH Pseudospot,novosparc,pseudospot_y37_x18,15712.70416776596,31850.07601574181,Hippocampus_Excitatory
osmFISH Pseudospot,novosparc,pseudospot_y37_x19,16562.03952818574,31850.07601574181,Hippocampus_Excitatory
osmFISH Pseudospot,novosparc,pseudospot_y37_x20,17411.374888605522,31850.07601574181,Hippocampus_Excitatory
osmFISH Pseudospot,novosparc,pseudospot_y37_x21,18260.710249025306,31850.07601574181,Hippocampus_Excitatory
osmFISH Pseudospot,novosparc,pseudospot_y37_x22,19110.045609445086,31850.07601574181,Hippocampus_Excitatory
osmFISH Pseudospot,novosparc,pseudospot_y37_x23,19959.38096986487,31850.07601574181,Hippocampus_Excitatory
osmFISH Pseudospot,novosparc,pseudospot_y37_x24,20808.71633028465,31850.07601574181,Hippocampus_Excitatory
osmFISH Pseudospot,novosparc,pseudospot_y37_x25,21658.051690704433,31850.07601574181,Hippocampus_Excitatory
osmFISH Pseudospot,novosparc,pseudospot_y37_x26,22507.387051124213,31850.07601574181,Hippocampus_Excitatory
osmFISH Pseudospot,novosparc,pseudospot_y38_x0,424.6676802098908,32699.41137616159,Hippocampus_Excitatory
osmFISH Pseudospot,novosparc,pseudospot_y38_x1,1274.0030406296723,32699.41137616159,Hippocampus_Excitatory
osmFISH Pseudospot,novosparc,pseudospot_y38_x2,2123.338401049454,32699.41137616159,Hippocampus_Excitatory
osmFISH Pseudospot,novosparc,pseudospot_y38_x3,2972.6737614692356,32699.41137616159,Hippocampus_Excitatory
osmFISH Pseudospot,novosparc,pseudospot_y38_x4,3822.0091218890175,32699.41137616159,Hippocampus_Excitatory
osmFISH Pseudospot,novosparc,pseudospot_y38_x5,4671.344482308799,32699.41137616159,Hippocampus_Excitatory
osmFISH Pseudospot,novosparc,pseudospot_y38_x6,5520.67984272858,32699.41137616159,Hippocampus_Excitatory
osmFISH Pseudospot,novosparc,pseudospot_y38_x7,6370.015203148362,32699.41137616159,Hippocampus_Excitatory
osmFISH Pseudospot,novosparc,pseudospot_y38_x8,7219.350563568144,32699.41137616159,Hippocampus_Excitatory
osmFISH Pseudospot,novosparc,pseudospot_y38_x9,8068.685923987926,32699.41137616159,Hippocampus_Excitatory
osmFISH Pseudospot,novosparc,pseudospot_y38_x10,8918.021284407707,32699.41137616159,Hippocampus_Excitatory
osmFISH Pseudospot,novosparc,pseudospot_y38_x11,9767.356644827489,32699.41137616159,Hippocampus_Excitatory
osmFISH Pseudospot,novosparc,pseudospot_y38_x12,10616.69200524727,32699.41137616159,Hippocampus_Excitatory
osmFISH Pseudospot,novosparc,pseudospot_y38_x13,11466.027365667052,32699.41137616159,Hippocampus_Excitatory
osmFISH Pseudospot,novosparc,pseudospot_y38_x14,12315.362726086834,32699.41137616159,Hippocampus_Excitatory
osmFISH Pseudospot,novosparc,pseudospot_y38_x15,13164.698086506616,32699.41137616159,Hippocampus_Excitatory
osmFISH Pseudospot,novosparc,pseudospot_y38_x16,14014.033446926396,32699.41137616159,Hippocampus_Excitatory
osmFISH Pseudospot,novosparc,pseudospot_y38_x17,14863.368807346178,32699.41137616159,Hippocampus_Excitatory
osmFISH Pseudospot,novosparc,pseudospot_y38_x18,15712.70416776596,32699.41137616159,Hippocampus_Excitatory
osmFISH Pseudospot,novosparc,pseudospot_y38_x19,16562.03952818574,32699.41137616159,Hippocampus_Excitatory
osmFISH Pseudospot,novosparc,pseudospot_y38_x20,17411.374888605522,32699.41137616159,Hippocampus_Excitatory
osmFISH Pseudospot,novosparc,pseudospot_y38_x21,18260.710249025306,32699.41137616159,Hippocampus_Excitatory
osmFISH Pseudospot,novosparc,pseudospot_y38_x22,19110.045609445086,32699.41137616159,Hippocampus_Excitatory
osmFISH Pseudospot,novosparc,pseudospot_y38_x23,19959.38096986487,32699.41137616159,Hippocampus_Excitatory
osmFISH Pseudospot,novosparc,pseudospot_y38_x24,20808.71633028465,32699.41137616159,Hippocampus_Excitatory
osmFISH Pseudospot,novosparc,pseudospot_y38_x25,21658.051690704433,32699.41137616159,Hippocampus_Excitatory
osmFISH Pseudospot,novosparc,pseudospot_y38_x26,22507.387051124213,32699.41137616159,Hippocampus_Excitatory
osmFISH Pseudospot,novosparc,pseudospot_y39_x0,424.6676802098908,33548.74673658137,Hippocampus_Excitatory
osmFISH Pseudospot,novosparc,pseudospot_y39_x1,1274.0030406296723,33548.74673658137,Hippocampus_Excitatory
osmFISH Pseudospot,novosparc,pseudospot_y39_x2,2123.338401049454,33548.74673658137,Hippocampus_Excitatory
osmFISH Pseudospot,novosparc,pseudospot_y39_x3,2972.6737614692356,33548.74673658137,Hippocampus_Excitatory
osmFISH Pseudospot,novosparc,pseudospot_y39_x4,3822.0091218890175,33548.74673658137,Hippocampus_Excitatory
osmFISH Pseudospot,novosparc,pseudospot_y39_x5,4671.344482308799,33548.74673658137,Hippocampus_Excitatory
osmFISH Pseudospot,novosparc,pseudospot_y39_x6,5520.67984272858,33548.74673658137,Hippocampus_Excitatory
osmFISH Pseudospot,novosparc,pseudospot_y39_x7,6370.015203148362,33548.74673658137,Hippocampus_Excitatory
osmFISH Pseudospot,novosparc,pseudospot_y39_x8,7219.350563568144,33548.74673658137,Hippocampus_Excitatory
osmFISH Pseudospot,novosparc,pseudospot_y39_x9,8068.685923987926,33548.74673658137,Hippocampus_Excitatory
osmFISH Pseudospot,novosparc,pseudospot_y39_x10,8918.021284407707,33548.74673658137,Hippocampus_Excitatory
osmFISH Pseudospot,novosparc,pseudospot_y39_x12,10616.69200524727,33548.74673658137,Hippocampus_Excitatory
osmFISH Pseudospot,novosparc,pseudospot_y39_x13,11466.027365667052,33548.74673658137,Hippocampus_Excitatory
osmFISH Pseudospot,novosparc,pseudospot_y39_x14,12315.362726086834,33548.74673658137,Hippocampus_Excitatory
osmFISH Pseudospot,novosparc,pseudospot_y39_x15,13164.698086506616,33548.74673658137,Hippocampus_Excitatory
osmFISH Pseudospot,novosparc,pseudospot_y39_x16,14014.033446926396,33548.74673658137,Hippocampus_Excitatory
osmFISH Pseudospot,novosparc,pseudospot_y39_x17,14863.368807346178,33548.74673658137,Hippocampus_Excitatory
osmFISH Pseudospot,novosparc,pseudospot_y39_x18,15712.70416776596,33548.74673658137,Hippocampus_Excitatory
osmFISH Pseudospot,novosparc,pseudospot_y39_x19,16562.03952818574,33548.74673658137,Hippocampus_Excitatory
osmFISH Pseudospot,novosparc,pseudospot_y39_x20,17411.374888605522,33548.74673658137,Hippocampus_Excitatory
osmFISH Pseudospot,novosparc,pseudospot_y39_x21,18260.710249025306,33548.74673658137,Hippocampus_Excitatory
osmFISH Pseudospot,novosparc,pseudospot_y39_x22,19110.045609445086,33548.74673658137,Hippocampus_Excitatory
osmFISH Pseudospot,novosparc,pseudospot_y39_x23,19959.38096986487,33548.74673658137,Hippocampus_Excitatory
osmFISH Pseudospot,novosparc,pseudospot_y39_x24,20808.71633028465,33548.74673658137,Hippocampus_Excitatory
osmFISH Pseudospot,novosparc,pseudospot_y39_x25,21658.051690704433,33548.74673658137,Hippocampus_Excitatory
osmFISH Pseudospot,novosparc,pseudospot_y39_x26,22507.387051124213,33548.74673658137,Hippocampus_Excitatory
osmFISH Pseudospot,novosparc,pseudospot_y40_x0,424.6676802098908,34398.082097001155,Hippocampus_Excitatory
osmFISH Pseudospot,novosparc,pseudospot_y40_x1,1274.0030406296723,34398.082097001155,Hippocampus_Excitatory
osmFISH Pseudospot,novosparc,pseudospot_y40_x2,2123.338401049454,34398.082097001155,Hippocampus_Excitatory
osmFISH Pseudospot,novosparc,pseudospot_y40_x3,2972.6737614692356,34398.082097001155,Hippocampus_Excitatory
osmFISH Pseudospot,novosparc,pseudospot_y40_x4,3822.0091218890175,34398.082097001155,Hippocampus_Excitatory
osmFISH Pseudospot,novosparc,pseudospot_y40_x5,4671.344482308799,34398.082097001155,Hippocampus_Excitatory
osmFISH Pseudospot,novosparc,pseudospot_y40_x6,5520.67984272858,34398.082097001155,Hippocampus_Excitatory
osmFISH Pseudospot,novosparc,pseudospot_y40_x7,6370.015203148362,34398.082097001155,Hippocampus_Excitatory
osmFISH Pseudospot,novosparc,pseudospot_y40_x8,7219.350563568144,34398.082097001155,Hippocampus_Excitatory
osmFISH Pseudospot,novosparc,pseudospot_y40_x10,8918.021284407707,34398.082097001155,Hippocampus_Excitatory
osmFISH Pseudospot,novosparc,pseudospot_y40_x11,9767.356644827489,34398.082097001155,Hippocampus_Excitatory
osmFISH Pseudospot,novosparc,pseudospot_y40_x12,10616.69200524727,34398.082097001155,Hippocampus_Excitatory
osmFISH Pseudospot,novosparc,pseudospot_y40_x13,11466.027365667052,34398.082097001155,Hippocampus_Excitatory
osmFISH Pseudospot,novosparc,pseudospot_y40_x14,12315.362726086834,34398.082097001155,Hippocampus_Excitatory
osmFISH Pseudospot,novosparc,pseudospot_y40_x15,13164.698086506616,34398.082097001155,Hippocampus_Excitatory
osmFISH Pseudospot,novosparc,pseudospot_y40_x16,14014.033446926396,34398.082097001155,Hippocampus_Excitatory
osmFISH Pseudospot,novosparc,pseudospot_y40_x17,14863.368807346178,34398.082097001155,Hippocampus_Excitatory
osmFISH Pseudospot,novosparc,pseudospot_y40_x18,15712.70416776596,34398.082097001155,Hippocampus_Excitatory
osmFISH Pseudospot,novosparc,pseudospot_y40_x19,16562.03952818574,34398.082097001155,Hippocampus_Excitatory
osmFISH Pseudospot,novosparc,pseudospot_y40_x20,17411.374888605522,34398.082097001155,Hippocampus_Excitatory
osmFISH Pseudospot,novosparc,pseudospot_y40_x21,18260.710249025306,34398.082097001155,Hippocampus_Excitatory
osmFISH Pseudospot,novosparc,pseudospot_y40_x22,19110.045609445086,34398.082097001155,Hippocampus_Excitatory
osmFISH Pseudospot,novosparc,pseudospot_y40_x23,19959.38096986487,34398.082097001155,Hippocampus_Excitatory
osmFISH Pseudospot,novosparc,pseudospot_y40_x24,20808.71633028465,34398.082097001155,Hippocampus_Excitatory
osmFISH Pseudospot,novosparc,pseudospot_y40_x25,21658.051690704433,34398.082097001155,Hippocampus_Excitatory
osmFISH Pseudospot,novosparc,pseudospot_y40_x26,22507.387051124213,34398.082097001155,Hippocampus_Excitatory
osmFISH Pseudospot,novosparc,pseudospot_y41_x0,424.6676802098908,35247.41745742094,Hippocampus_Excitatory
osmFISH Pseudospot,novosparc,pseudospot_y41_x1,1274.0030406296723,35247.41745742094,Hippocampus_Excitatory
osmFISH Pseudospot,novosparc,pseudospot_y41_x2,2123.338401049454,35247.41745742094,Hippocampus_Excitatory
osmFISH Pseudospot,novosparc,pseudospot_y41_x3,2972.6737614692356,35247.41745742094,Hippocampus_Excitatory
osmFISH Pseudospot,novosparc,pseudospot_y41_x4,3822.0091218890175,35247.41745742094,Hippocampus_Excitatory
osmFISH Pseudospot,novosparc,pseudospot_y41_x5,4671.344482308799,35247.41745742094,Hippocampus_Excitatory
osmFISH Pseudospot,novosparc,pseudospot_y41_x6,5520.67984272858,35247.41745742094,Hippocampus_Excitatory
osmFISH Pseudospot,novosparc,pseudospot_y41_x7,6370.015203148362,35247.41745742094,Hippocampus_Excitatory
osmFISH Pseudospot,novosparc,pseudospot_y41_x8,7219.350563568144,35247.41745742094,Hippocampus_Excitatory
osmFISH Pseudospot,novosparc,pseudospot_y41_x9,8068.685923987926,35247.41745742094,Hippocampus_Excitatory
osmFISH Pseudospot,novosparc,pseudospot_y41_x10,8918.021284407707,35247.41745742094,Hippocampus_Excitatory
osmFISH Pseudospot,novosparc,pseudospot_y41_x11,9767.356644827489,35247.41745742094,Hippocampus_Excitatory
osmFISH Pseudospot,novosparc,pseudospot_y41_x12,10616.69200524727,35247.41745742094,Hippocampus_Excitatory
osmFISH Pseudospot,novosparc,pseudospot_y41_x13,11466.027365667052,35247.41745742094,Hippocampus_Excitatory
osmFISH Pseudospot,novosparc,pseudospot_y41_x14,12315.362726086834,35247.41745742094,Hippocampus_Excitatory
osmFISH Pseudospot,novosparc,pseudospot_y41_x15,13164.698086506616,35247.41745742094,Hippocampus_Excitatory
osmFISH Pseudospot,novosparc,pseudospot_y41_x16,14014.033446926396,35247.41745742094,Hippocampus_Excitatory
osmFISH Pseudospot,novosparc,pseudospot_y41_x17,14863.368807346178,35247.41745742094,Hippocampus_Excitatory
osmFISH Pseudospot,novosparc,pseudospot_y41_x18,15712.70416776596,35247.41745742094,Hippocampus_Excitatory
osmFISH Pseudospot,novosparc,pseudospot_y41_x19,16562.03952818574,35247.41745742094,Hippocampus_Excitatory
osmFISH Pseudospot,novosparc,pseudospot_y41_x20,17411.374888605522,35247.41745742094,Hippocampus_Excitatory
osmFISH Pseudospot,novosparc,pseudospot_y41_x21,18260.710249025306,35247.41745742094,Hippocampus_Excitatory
osmFISH Pseudospot,novosparc,pseudospot_y41_x22,19110.045609445086,35247.41745742094,Hippocampus_Excitatory
osmFISH Pseudospot,novosparc,pseudospot_y41_x23,19959.38096986487,35247.41745742094,Hippocampus_Excitatory
osmFISH Pseudospot,novosparc,pseudospot_y41_x24,20808.71633028465,35247.41745742094,Hippocampus_Excitatory
osmFISH Pseudospot,novosparc,pseudospot_y41_x25,21658.051690704433,35247.41745742094,Hippocampus_Excitatory
osmFISH Pseudospot,novosparc,pseudospot_y41_x26,22507.387051124213,35247.41745742094,Hippocampus_Excitatory
osmFISH Pseudospot,novosparc,pseudospot_y42_x0,424.6676802098908,36096.75281784072,Hippocampus_Excitatory
osmFISH Pseudospot,novosparc,pseudospot_y42_x1,1274.0030406296723,36096.75281784072,Hippocampus_Excitatory
osmFISH Pseudospot,novosparc,pseudospot_y42_x2,2123.338401049454,36096.75281784072,Hippocampus_Excitatory
osmFISH Pseudospot,novosparc,pseudospot_y42_x3,2972.6737614692356,36096.75281784072,Hippocampus_Excitatory
osmFISH Pseudospot,novosparc,pseudospot_y42_x4,3822.0091218890175,36096.75281784072,Hippocampus_Excitatory
osmFISH Pseudospot,novosparc,pseudospot_y42_x5,4671.344482308799,36096.75281784072,Hippocampus_Excitatory
osmFISH Pseudospot,novosparc,pseudospot_y42_x6,5520.67984272858,36096.75281784072,Hippocampus_Excitatory
osmFISH Pseudospot,novosparc,pseudospot_y42_x7,6370.015203148362,36096.75281784072,Hippocampus_Excitatory
osmFISH Pseudospot,novosparc,pseudospot_y42_x8,7219.350563568144,36096.75281784072,Hippocampus_Excitatory
osmFISH Pseudospot,novosparc,pseudospot_y42_x9,8068.685923987926,36096.75281784072,Hippocampus_Excitatory
osmFISH Pseudospot,novosparc,pseudospot_y42_x10,8918.021284407707,36096.75281784072,Hippocampus_Excitatory
osmFISH Pseudospot,novosparc,pseudospot_y42_x11,9767.356644827489,36096.75281784072,Hippocampus_Excitatory
osmFISH Pseudospot,novosparc,pseudospot_y42_x12,10616.69200524727,36096.75281784072,Hippocampus_Excitatory
osmFISH Pseudospot,novosparc,pseudospot_y42_x13,11466.027365667052,36096.75281784072,Hippocampus_Excitatory
osmFISH Pseudospot,novosparc,pseudospot_y42_x14,12315.362726086834,36096.75281784072,Hippocampus_Excitatory
osmFISH Pseudospot,novosparc,pseudospot_y42_x15,13164.698086506616,36096.75281784072,Hippocampus_Excitatory
osmFISH Pseudospot,novosparc,pseudospot_y42_x16,14014.033446926396,36096.75281784072,Hippocampus_Excitatory
osmFISH Pseudospot,novosparc,pseudospot_y42_x17,14863.368807346178,36096.75281784072,Hippocampus_Excitatory
osmFISH Pseudospot,novosparc,pseudospot_y42_x18,15712.70416776596,36096.75281784072,Hippocampus_Excitatory
osmFISH Pseudospot,novosparc,pseudospot_y42_x19,16562.03952818574,36096.75281784072,Hippocampus_Excitatory
osmFISH Pseudospot,novosparc,pseudospot_y42_x20,17411.374888605522,36096.75281784072,Hippocampus_Excitatory
osmFISH Pseudospot,novosparc,pseudospot_y42_x21,18260.710249025306,36096.75281784072,Hippocampus_Excitatory
osmFISH Pseudospot,novosparc,pseudospot_y42_x22,19110.045609445086,36096.75281784072,Hippocampus_Excitatory
osmFISH Pseudospot,novosparc,pseudospot_y42_x23,19959.38096986487,36096.75281784072,Hippocampus_Excitatory
osmFISH Pseudospot,novosparc,pseudospot_y42_x24,20808.71633028465,36096.75281784072,Hippocampus_Excitatory
osmFISH Pseudospot,novosparc,pseudospot_y42_x25,21658.051690704433,36096.75281784072,Hippocampus_Excitatory
osmFISH Pseudospot,novosparc,pseudospot_y43_x0,424.6676802098908,36946.0881782605,Hippocampus_Excitatory
osmFISH Pseudospot,novosparc,pseudospot_y43_x1,1274.0030406296723,36946.0881782605,Hippocampus_Excitatory
osmFISH Pseudospot,novosparc,pseudospot_y43_x2,2123.338401049454,36946.0881782605,Hippocampus_Excitatory
osmFISH Pseudospot,novosparc,pseudospot_y43_x3,2972.6737614692356,36946.0881782605,Hippocampus_Excitatory
osmFISH Pseudospot,novosparc,pseudospot_y43_x4,3822.0091218890175,36946.0881782605,Hippocampus_Excitatory
osmFISH Pseudospot,novosparc,pseudospot_y43_x5,4671.344482308799,36946.0881782605,Hippocampus_Excitatory
osmFISH Pseudospot,novosparc,pseudospot_y43_x6,5520.67984272858,36946.0881782605,Hippocampus_Excitatory
osmFISH Pseudospot,novosparc,pseudospot_y43_x7,6370.015203148362,36946.0881782605,Hippocampus_Excitatory
osmFISH Pseudospot,novosparc,pseudospot_y43_x8,7219.350563568144,36946.0881782605,Hippocampus_Excitatory
osmFISH Pseudospot,novosparc,pseudospot_y43_x9,8068.685923987926,36946.0881782605,Hippocampus_Excitatory
osmFISH Pseudospot,novosparc,pseudospot_y43_x10,8918.021284407707,36946.0881782605,Hippocampus_Excitatory
osmFISH Pseudospot,novosparc,pseudospot_y43_x11,9767.356644827489,36946.0881782605,Hippocampus_Excitatory
osmFISH Pseudospot,novosparc,pseudospot_y43_x12,10616.69200524727,36946.0881782605,Hippocampus_Excitatory
osmFISH Pseudospot,novosparc,pseudospot_y43_x13,11466.027365667052,36946.0881782605,Hippocampus_Excitatory
osmFISH Pseudospot,novosparc,pseudospot_y43_x14,12315.362726086834,36946.0881782605,Hippocampus_Excitatory
osmFISH Pseudospot,novosparc,pseudospot_y43_x15,13164.698086506616,36946.0881782605,Hippocampus_Excitatory
osmFISH Pseudospot,novosparc,pseudospot_y43_x16,14014.033446926396,36946.0881782605,Hippocampus_Excitatory
osmFISH Pseudospot,novosparc,pseudospot_y43_x17,14863.368807346178,36946.0881782605,Hippocampus_Excitatory
osmFISH Pseudospot,novosparc,pseudospot_y43_x18,15712.70416776596,36946.0881782605,Hippocampus_Excitatory
osmFISH Pseudospot,novosparc,pseudospot_y43_x19,16562.03952818574,36946.0881782605,Hippocampus_Excitatory
osmFISH Pseudospot,novosparc,pseudospot_y43_x20,17411.374888605522,36946.0881782605,Hippocampus_Excitatory
osmFISH Pseudospot,novosparc,pseudospot_y43_x21,18260.710249025306,36946.0881782605,Hippocampus_Excitatory
osmFISH Pseudospot,novosparc,pseudospot_y43_x22,19110.045609445086,36946.0881782605,Hippocampus_Excitatory
osmFISH Pseudospot,novosparc,pseudospot_y43_x23,19959.38096986487,36946.0881782605,Hippocampus_Excitatory
osmFISH Pseudospot,novosparc,pseudospot_y43_x24,20808.71633028465,36946.0881782605,Hippocampus_Excitatory
osmFISH Pseudospot,novosparc,pseudospot_y43_x25,21658.051690704433,36946.0881782605,Hippocampus_Excitatory
osmFISH Pseudospot,novosparc,pseudospot_y43_x27,23356.722411543997,36946.0881782605,Hippocampus_Excitatory
osmFISH Pseudospot,novosparc,pseudospot_y43_x28,24206.057771963777,36946.0881782605,Hippocampus_Excitatory
osmFISH Pseudospot,novosparc,pseudospot_y44_x0,424.6676802098908,37795.42353868028,Hippocampus_Excitatory
osmFISH Pseudospot,novosparc,pseudospot_y44_x1,1274.0030406296723,37795.42353868028,Hippocampus_Excitatory
osmFISH Pseudospot,novosparc,pseudospot_y44_x2,2123.338401049454,37795.42353868028,Hippocampus_Excitatory
osmFISH Pseudospot,novosparc,pseudospot_y44_x3,2972.6737614692356,37795.42353868028,Hippocampus_Excitatory
osmFISH Pseudospot,novosparc,pseudospot_y44_x4,3822.0091218890175,37795.42353868028,Hippocampus_Excitatory
osmFISH Pseudospot,novosparc,pseudospot_y44_x5,4671.344482308799,37795.42353868028,Hippocampus_Excitatory
osmFISH Pseudospot,novosparc,pseudospot_y44_x6,5520.67984272858,37795.42353868028,Hippocampus_Excitatory
osmFISH Pseudospot,novosparc,pseudospot_y44_x7,6370.015203148362,37795.42353868028,Hippocampus_Excitatory
osmFISH Pseudospot,novosparc,pseudospot_y44_x8,7219.350563568144,37795.42353868028,Hippocampus_Excitatory
osmFISH Pseudospot,novosparc,pseudospot_y44_x9,8068.685923987926,37795.42353868028,Hippocampus_Excitatory
osmFISH Pseudospot,novosparc,pseudospot_y44_x10,8918.021284407707,37795.42353868028,Hippocampus_Excitatory
osmFISH Pseudospot,novosparc,pseudospot_y44_x11,9767.356644827489,37795.42353868028,Hippocampus_Excitatory
osmFISH Pseudospot,novosparc,pseudospot_y44_x12,10616.69200524727,37795.42353868028,Hippocampus_Excitatory
osmFISH Pseudospot,novosparc,pseudospot_y44_x13,11466.027365667052,37795.42353868028,Hippocampus_Excitatory
osmFISH Pseudospot,novosparc,pseudospot_y44_x14,12315.362726086834,37795.42353868028,Hippocampus_Excitatory
osmFISH Pseudospot,novosparc,pseudospot_y44_x15,13164.698086506616,37795.42353868028,Hippocampus_Excitatory
osmFISH Pseudospot,novosparc,pseudospot_y44_x16,14014.033446926396,37795.42353868028,Hippocampus_Excitatory
osmFISH Pseudospot,novosparc,pseudospot_y44_x17,14863.368807346178,37795.42353868028,Hippocampus_Excitatory
osmFISH Pseudospot,novosparc,pseudospot_y44_x18,15712.70416776596,37795.42353868028,Hippocampus_Excitatory
osmFISH Pseudospot,novosparc,pseudospot_y44_x19,16562.03952818574,37795.42353868028,Hippocampus_Excitatory
osmFISH Pseudospot,novosparc,pseudospot_y44_x20,17411.374888605522,37795.42353868028,Hippocampus_Excitatory
osmFISH Pseudospot,novosparc,pseudospot_y44_x21,18260.710249025306,37795.42353868028,Hippocampus_Excitatory
osmFISH Pseudospot,novosparc,pseudospot_y44_x22,19110.045609445086,37795.42353868028,Hippocampus_Excitatory
osmFISH Pseudospot,novosparc,pseudospot_y44_x24,20808.71633028465,37795.42353868028,Interneuron
osmFISH Pseudospot,novosparc,pseudospot_y44_x26,22507.387051124213,37795.42353868028,Hippocampus_Excitatory
osmFISH Pseudospot,novosparc,pseudospot_y45_x0,424.6676802098908,38644.75889910007,Hippocampus_Excitatory
osmFISH Pseudospot,novosparc,pseudospot_y45_x2,2123.338401049454,38644.75889910007,Hippocampus_Excitatory
osmFISH Pseudospot,novosparc,pseudospot_y45_x3,2972.6737614692356,38644.75889910007,Hippocampus_Excitatory
osmFISH Pseudospot,novosparc,pseudospot_y45_x4,3822.0091218890175,38644.75889910007,Hippocampus_Excitatory
osmFISH Pseudospot,novosparc,pseudospot_y45_x5,4671.344482308799,38644.75889910007,Hippocampus_Excitatory
osmFISH Pseudospot,novosparc,pseudospot_y45_x6,5520.67984272858,38644.75889910007,Hippocampus_Excitatory
osmFISH Pseudospot,novosparc,pseudospot_y45_x7,6370.015203148362,38644.75889910007,Hippocampus_Excitatory
osmFISH Pseudospot,novosparc,pseudospot_y45_x8,7219.350563568144,38644.75889910007,Hippocampus_Excitatory
osmFISH Pseudospot,novosparc,pseudospot_y45_x9,8068.685923987926,38644.75889910007,Hippocampus_Excitatory
osmFISH Pseudospot,novosparc,pseudospot_y45_x10,8918.021284407707,38644.75889910007,Hippocampus_Excitatory
osmFISH Pseudospot,novosparc,pseudospot_y45_x11,9767.356644827489,38644.75889910007,Hippocampus_Excitatory
osmFISH Pseudospot,novosparc,pseudospot_y45_x12,10616.69200524727,38644.75889910007,Hippocampus_Excitatory
osmFISH Pseudospot,novosparc,pseudospot_y45_x13,11466.027365667052,38644.75889910007,Hippocampus_Excitatory
osmFISH Pseudospot,novosparc,pseudospot_y45_x14,12315.362726086834,38644.75889910007,Hippocampus_Excitatory
osmFISH Pseudospot,novosparc,pseudospot_y45_x15,13164.698086506616,38644.75889910007,Hippocampus_Excitatory
osmFISH Pseudospot,novosparc,pseudospot_y45_x16,14014.033446926396,38644.75889910007,Hippocampus_Excitatory
osmFISH Pseudospot,novosparc,pseudospot_y45_x17,14863.368807346178,38644.75889910007,Hippocampus_Excitatory
osmFISH Pseudospot,novosparc,pseudospot_y45_x18,15712.70416776596,38644.75889910007,Hippocampus_Excitatory
osmFISH Pseudospot,novosparc,pseudospot_y45_x19,16562.03952818574,38644.75889910007,Hippocampus_Excitatory
osmFISH Pseudospot,novosparc,pseudospot_y45_x20,17411.374888605522,38644.75889910007,Hippocampus_Excitatory
osmFISH Pseudospot,novosparc,pseudospot_y45_x21,18260.710249025306,38644.75889910007,Hippocampus_Excitatory
osmFISH Pseudospot,novosparc,pseudospot_y45_x24,20808.71633028465,38644.75889910007,Hippocampus_Excitatory
osmFISH Pseudospot,novosparc,pseudospot_y46_x0,424.6676802098908,39494.09425951984,Hippocampus_Excitatory
osmFISH Pseudospot,novosparc,pseudospot_y46_x1,1274.0030406296723,39494.09425951984,Hippocampus_Excitatory
osmFISH Pseudospot,novosparc,pseudospot_y46_x2,2123.338401049454,39494.09425951984,Hippocampus_Excitatory
osmFISH Pseudospot,novosparc,pseudospot_y46_x3,2972.6737614692356,39494.09425951984,Hippocampus_Excitatory
osmFISH Pseudospot,novosparc,pseudospot_y46_x4,3822.0091218890175,39494.09425951984,Hippocampus_Excitatory
osmFISH Pseudospot,novosparc,pseudospot_y46_x5,4671.344482308799,39494.09425951984,Hippocampus_Excitatory
osmFISH Pseudospot,novosparc,pseudospot_y46_x6,5520.67984272858,39494.09425951984,Hippocampus_Excitatory
osmFISH Pseudospot,novosparc,pseudospot_y46_x7,6370.015203148362,39494.09425951984,Hippocampus_Excitatory
osmFISH Pseudospot,novosparc,pseudospot_y46_x8,7219.350563568144,39494.09425951984,Hippocampus_Excitatory
osmFISH Pseudospot,novosparc,pseudospot_y46_x9,8068.685923987926,39494.09425951984,Hippocampus_Excitatory
osmFISH Pseudospot,novosparc,pseudospot_y46_x10,8918.021284407707,39494.09425951984,Hippocampus_Excitatory
osmFISH Pseudospot,novosparc,pseudospot_y46_x11,9767.356644827489,39494.09425951984,Hippocampus_Excitatory
osmFISH Pseudospot,novosparc,pseudospot_y46_x12,10616.69200524727,39494.09425951984,Hippocampus_Excitatory
osmFISH Pseudospot,novosparc,pseudospot_y46_x13,11466.027365667052,39494.09425951984,Hippocampus_Excitatory
osmFISH Pseudospot,novosparc,pseudospot_y46_x14,12315.362726086834,39494.09425951984,Hippocampus_Excitatory
osmFISH Pseudospot,novosparc,pseudospot_y46_x15,13164.698086506616,39494.09425951984,Hippocampus_Excitatory
osmFISH Pseudospot,novosparc,pseudospot_y46_x16,14014.033446926396,39494.09425951984,Hippocampus_Excitatory
osmFISH Pseudospot,novosparc,pseudospot_y46_x17,14863.368807346178,39494.09425951984,Hippocampus_Excitatory
osmFISH Pseudospot,novosparc,pseudospot_y46_x18,15712.70416776596,39494.09425951984,Hippocampus_Excitatory
osmFISH Pseudospot,novosparc,pseudospot_y46_x19,16562.03952818574,39494.09425951984,Interneuron
osmFISH Pseudospot,novosparc,pseudospot_y46_x20,17411.374888605522,39494.09425951984,Hippocampus_Excitatory
osmFISH Pseudospot,novosparc,pseudospot_y46_x22,19110.045609445086,39494.09425951984,Hippocampus_Excitatory
osmFISH Pseudospot,novosparc,pseudospot_y46_x23,19959.38096986487,39494.09425951984,Hippocampus_Excitatory
osmFISH Pseudospot,novosparc,pseudospot_y47_x0,424.6676802098908,40343.42961993963,Hippocampus_Excitatory
osmFISH Pseudospot,novosparc,pseudospot_y47_x1,1274.0030406296723,40343.42961993963,Hippocampus_Excitatory
osmFISH Pseudospot,novosparc,pseudospot_y47_x2,2123.338401049454,40343.42961993963,Hippocampus_Excitatory
osmFISH Pseudospot,novosparc,pseudospot_y47_x3,2972.6737614692356,40343.42961993963,Hippocampus_Excitatory
osmFISH Pseudospot,novosparc,pseudospot_y47_x4,3822.0091218890175,40343.42961993963,Hippocampus_Excitatory
osmFISH Pseudospot,novosparc,pseudospot_y47_x5,4671.344482308799,40343.42961993963,Hippocampus_Excitatory
osmFISH Pseudospot,novosparc,pseudospot_y47_x6,5520.67984272858,40343.42961993963,Hippocampus_Excitatory
osmFISH Pseudospot,novosparc,pseudospot_y47_x7,6370.015203148362,40343.42961993963,Hippocampus_Excitatory
osmFISH Pseudospot,novosparc,pseudospot_y47_x8,7219.350563568144,40343.42961993963,Hippocampus_Excitatory
osmFISH Pseudospot,novosparc,pseudospot_y47_x9,8068.685923987926,40343.42961993963,Hippocampus_Excitatory
osmFISH Pseudospot,novosparc,pseudospot_y47_x10,8918.021284407707,40343.42961993963,Hippocampus_Excitatory
osmFISH Pseudospot,novosparc,pseudospot_y47_x11,9767.356644827489,40343.42961993963,Hippocampus_Excitatory
osmFISH Pseudospot,novosparc,pseudospot_y47_x12,10616.69200524727,40343.42961993963,Hippocampus_Excitatory
osmFISH Pseudospot,novosparc,pseudospot_y47_x13,11466.027365667052,40343.42961993963,Hippocampus_Excitatory
osmFISH Pseudospot,novosparc,pseudospot_y47_x14,12315.362726086834,40343.42961993963,Hippocampus_Excitatory
osmFISH Pseudospot,novosparc,pseudospot_y47_x15,13164.698086506616,40343.42961993963,Hippocampus_Excitatory
osmFISH Pseudospot,novosparc,pseudospot_y47_x16,14014.033446926396,40343.42961993963,Hippocampus_Excitatory
osmFISH Pseudospot,novosparc,pseudospot_y47_x17,14863.368807346178,40343.42961993963,Hippocampus_Excitatory
osmFISH Pseudospot,novosparc,pseudospot_y47_x20,17411.374888605522,40343.42961993963,Hippocampus_Excitatory
osmFISH Pseudospot,novosparc,pseudospot_y47_x21,18260.710249025306,40343.42961993963,Hippocampus_Excitatory
osmFISH Pseudospot,novosparc,pseudospot_y48_x0,424.6676802098908,41192.76498035941,Hippocampus_Excitatory
osmFISH Pseudospot,novosparc,pseudospot_y48_x1,1274.0030406296723,41192.76498035941,Hippocampus_Excitatory
osmFISH Pseudospot,novosparc,pseudospot_y48_x2,2123.338401049454,41192.76498035941,Hippocampus_Excitatory
osmFISH Pseudospot,novosparc,pseudospot_y48_x3,2972.6737614692356,41192.76498035941,Hippocampus_Excitatory
osmFISH Pseudospot,novosparc,pseudospot_y48_x4,3822.0091218890175,41192.76498035941,Hippocampus_Excitatory
osmFISH Pseudospot,novosparc,pseudospot_y48_x5,4671.344482308799,41192.76498035941,Hippocampus_Excitatory
osmFISH Pseudospot,novosparc,pseudospot_y48_x6,5520.67984272858,41192.76498035941,Hippocampus_Excitatory
osmFISH Pseudospot,novosparc,pseudospot_y48_x7,6370.015203148362,41192.76498035941,Hippocampus_Excitatory
osmFISH Pseudospot,novosparc,pseudospot_y48_x8,7219.350563568144,41192.76498035941,Hippocampus_Excitatory
osmFISH Pseudospot,novosparc,pseudospot_y48_x9,8068.685923987926,41192.76498035941,Hippocampus_Excitatory
osmFISH Pseudospot,novosparc,pseudospot_y48_x10,8918.021284407707,41192.76498035941,Hippocampus_Excitatory
osmFISH Pseudospot,novosparc,pseudospot_y48_x11,9767.356644827489,41192.76498035941,Hippocampus_Excitatory
osmFISH Pseudospot,novosparc,pseudospot_y48_x13,11466.027365667052,41192.76498035941,Hippocampus_Excitatory
osmFISH Pseudospot,novosparc,pseudospot_y48_x14,12315.362726086834,41192.76498035941,Hippocampus_Excitatory
osmFISH Pseudospot,novosparc,pseudospot_y48_x15,13164.698086506616,41192.76498035941,Hippocampus_Excitatory
osmFISH Pseudospot,novosparc,pseudospot_y48_x16,14014.033446926396,41192.76498035941,Hippocampus_Excitatory
osmFISH Pseudospot,novosparc,pseudospot_y48_x17,14863.368807346178,41192.76498035941,Hippocampus_Excitatory
osmFISH Pseudospot,novosparc,pseudospot_y48_x18,15712.70416776596,41192.76498035941,Interneuron
osmFISH Pseudospot,novosparc,pseudospot_y48_x19,16562.03952818574,41192.76498035941,Hippocampus_Excitatory
osmFISH Pseudospot,novosparc,pseudospot_y48_x20,17411.374888605522,41192.76498035941,Hippocampus_Excitatory
osmFISH Pseudospot,novosparc,pseudospot_y49_x0,424.6676802098908,42042.100340779194,Hippocampus_Excitatory
osmFISH Pseudospot,novosparc,pseudospot_y49_x1,1274.0030406296723,42042.100340779194,Hippocampus_Excitatory
osmFISH Pseudospot,novosparc,pseudospot_y49_x2,2123.338401049454,42042.100340779194,Hippocampus_Excitatory
osmFISH Pseudospot,novosparc,pseudospot_y49_x3,2972.6737614692356,42042.100340779194,Hippocampus_Excitatory
osmFISH Pseudospot,novosparc,pseudospot_y49_x4,3822.0091218890175,42042.100340779194,Hippocampus_Excitatory
osmFISH Pseudospot,novosparc,pseudospot_y49_x5,4671.344482308799,42042.100340779194,Interneuron
osmFISH Pseudospot,novosparc,pseudospot_y49_x6,5520.67984272858,42042.100340779194,Hippocampus_Excitatory
osmFISH Pseudospot,novosparc,pseudospot_y49_x7,6370.015203148362,42042.100340779194,Hippocampus_Excitatory
osmFISH Pseudospot,novosparc,pseudospot_y49_x8,7219.350563568144,42042.100340779194,Hippocampus_Excitatory
osmFISH Pseudospot,novosparc,pseudospot_y49_x9,8068.685923987926,42042.100340779194,Hippocampus_Excitatory
osmFISH Pseudospot,novosparc,pseudospot_y49_x10,8918.021284407707,42042.100340779194,Hippocampus_Excitatory
osmFISH Pseudospot,novosparc,pseudospot_y49_x11,9767.356644827489,42042.100340779194,Hippocampus_Excitatory
osmFISH Pseudospot,novosparc,pseudospot_y49_x12,10616.69200524727,42042.100340779194,Hippocampus_Excitatory
osmFISH Pseudospot,novosparc,pseudospot_y49_x13,11466.027365667052,42042.100340779194,Hippocampus_Excitatory
osmFISH Pseudospot,novosparc,pseudospot_y49_x14,12315.362726086834,42042.100340779194,Hippocampus_Excitatory
osmFISH Pseudospot,novosparc,pseudospot_y49_x15,13164.698086506616,42042.100340779194,Hippocampus_Excitatory
osmFISH Pseudospot,novosparc,pseudospot_y49_x17,14863.368807346178,42042.100340779194,Hippocampus_Excitatory
osmFISH Pseudospot,novosparc,pseudospot_y49_x18,15712.70416776596,42042.100340779194,Hippocampus_Excitatory
osmFISH Pseudospot,novosparc,pseudospot_y50_x0,424.6676802098908,42891.43570119897,Hippocampus_Excitatory
osmFISH Pseudospot,novosparc,pseudospot_y50_x1,1274.0030406296723,42891.43570119897,Hippocampus_Excitatory
osmFISH Pseudospot,novosparc,pseudospot_y50_x2,2123.338401049454,42891.43570119897,Hippocampus_Excitatory
osmFISH Pseudospot,novosparc,pseudospot_y50_x3,2972.6737614692356,42891.43570119897,Hippocampus_Excitatory
osmFISH Pseudospot,novosparc,pseudospot_y50_x4,3822.0091218890175,42891.43570119897,Hippocampus_Excitatory
osmFISH Pseudospot,novosparc,pseudospot_y50_x5,4671.344482308799,42891.43570119897,Hippocampus_Excitatory
osmFISH Pseudospot,novosparc,pseudospot_y50_x6,5520.67984272858,42891.43570119897,Hippocampus_Excitatory
osmFISH Pseudospot,novosparc,pseudospot_y50_x7,6370.015203148362,42891.43570119897,Hippocampus_Excitatory
osmFISH Pseudospot,novosparc,pseudospot_y50_x8,7219.350563568144,42891.43570119897,Hippocampus_Excitatory
osmFISH Pseudospot,novosparc,pseudospot_y50_x9,8068.685923987926,42891.43570119897,Hippocampus_Excitatory
osmFISH Pseudospot,novosparc,pseudospot_y50_x10,8918.021284407707,42891.43570119897,Hippocampus_Excitatory
osmFISH Pseudospot,novosparc,pseudospot_y50_x11,9767.356644827489,42891.43570119897,Hippocampus_Excitatory
osmFISH Pseudospot,novosparc,pseudospot_y50_x12,10616.69200524727,42891.43570119897,Hippocampus_Excitatory
osmFISH Pseudospot,novosparc,pseudospot_y50_x13,11466.027365667052,42891.43570119897,Hippocampus_Excitatory
osmFISH Pseudospot,novosparc,pseudospot_y50_x14,12315.362726086834,42891.43570119897,Hippocampus_Excitatory
osmFISH Pseudospot,novosparc,pseudospot_y50_x15,13164.698086506616,42891.43570119897,Hippocampus_Excitatory
osmFISH Pseudospot,novosparc,pseudospot_y50_x16,14014.033446926396,42891.43570119897,Hippocampus_Excitatory
osmFISH Pseudospot,novosparc,pseudospot_y50_x17,14863.368807346178,42891.43570119897,Hippocampus_Excitatory
osmFISH Pseudospot,novosparc,pseudospot_y51_x0,424.6676802098908,43740.771061618754,Hippocampus_Excitatory
osmFISH Pseudospot,novosparc,pseudospot_y51_x1,1274.0030406296723,43740.771061618754,Hippocampus_Excitatory
osmFISH Pseudospot,novosparc,pseudospot_y51_x2,2123.338401049454,43740.771061618754,Hippocampus_Excitatory
osmFISH Pseudospot,novosparc,pseudospot_y51_x3,2972.6737614692356,43740.771061618754,Interneuron
osmFISH Pseudospot,novosparc,pseudospot_y51_x5,4671.344482308799,43740.771061618754,Hippocampus_Excitatory
osmFISH Pseudospot,novosparc,pseudospot_y51_x6,5520.67984272858,43740.771061618754,Hippocampus_Excitatory
osmFISH Pseudospot,novosparc,pseudospot_y51_x7,6370.015203148362,43740.771061618754,Hippocampus_Excitatory
osmFISH Pseudospot,novosparc,pseudospot_y51_x8,7219.350563568144,43740.771061618754,Hippocampus_Excitatory
osmFISH Pseudospot,novosparc,pseudospot_y51_x9,8068.685923987926,43740.771061618754,Hippocampus_Excitatory
osmFISH Pseudospot,novosparc,pseudospot_y51_x10,8918.021284407707,43740.771061618754,Hippocampus_Excitatory
osmFISH Pseudospot,novosparc,pseudospot_y51_x11,9767.356644827489,43740.771061618754,Hippocampus_Excitatory
osmFISH Pseudospot,novosparc,pseudospot_y51_x12,10616.69200524727,43740.771061618754,Interneuron
osmFISH Pseudospot,novosparc,pseudospot_y51_x14,12315.362726086834,43740.771061618754,Hippocampus_Excitatory
osmFISH Pseudospot,novosparc,pseudospot_y51_x15,13164.698086506616,43740.771061618754,Hippocampus_Excitatory
osmFISH Pseudospot,novosparc,pseudospot_y52_x0,424.6676802098908,44590.10642203854,Hippocampus_Excitatory
osmFISH Pseudospot,novosparc,pseudospot_y52_x1,1274.0030406296723,44590.10642203854,Hippocampus_Excitatory
osmFISH Pseudospot,novosparc,pseudospot_y52_x2,2123.338401049454,44590.10642203854,Hippocampus_Excitatory
osmFISH Pseudospot,novosparc,pseudospot_y52_x3,2972.6737614692356,44590.10642203854,Hippocampus_Excitatory
osmFISH Pseudospot,novosparc,pseudospot_y52_x4,3822.0091218890175,44590.10642203854,Interneuron
osmFISH Pseudospot,novosparc,pseudospot_y52_x5,4671.344482308799,44590.10642203854,Hippocampus_Excitatory
osmFISH Pseudospot,novosparc,pseudospot_y52_x6,5520.67984272858,44590.10642203854,Hippocampus_Excitatory
osmFISH Pseudospot,novosparc,pseudospot_y52_x7,6370.015203148362,44590.10642203854,Hippocampus_Excitatory
osmFISH Pseudospot,novosparc,pseudospot_y52_x8,7219.350563568144,44590.10642203854,Hippocampus_Excitatory
osmFISH Pseudospot,novosparc,pseudospot_y52_x9,8068.685923987926,44590.10642203854,Hippocampus_Excitatory
osmFISH Pseudospot,novosparc,pseudospot_y52_x10,8918.021284407707,44590.10642203854,Hippocampus_Excitatory
osmFISH Pseudospot,novosparc,pseudospot_y52_x11,9767.356644827489,44590.10642203854,Hippocampus_Excitatory
osmFISH Pseudospot,novosparc,pseudospot_y52_x12,10616.69200524727,44590.10642203854,Hippocampus_Excitatory
osmFISH Pseudospot,novosparc,pseudospot_y53_x0,424.6676802098908,45439.441782458314,Hippocampus_Excitatory
osmFISH Pseudospot,novosparc,pseudospot_y53_x1,1274.0030406296723,45439.441782458314,Hippocampus_Excitatory
osmFISH Pseudospot,novosparc,pseudospot_y53_x2,2123.338401049454,45439.441782458314,Hippocampus_Excitatory
osmFISH Pseudospot,novosparc,pseudospot_y53_x3,2972.6737614692356,45439.441782458314,Hippocampus_Excitatory
osmFISH Pseudospot,novosparc,pseudospot_y53_x4,3822.0091218890175,45439.441782458314,Interneuron
osmFISH Pseudospot,novosparc,pseudospot_y53_x5,4671.344482308799,45439.441782458314,Hippocampus_Excitatory
osmFISH Pseudospot,novosparc,pseudospot_y53_x6,5520.67984272858,45439.441782458314,Hippocampus_Excitatory
osmFISH Pseudospot,novosparc,pseudospot_y53_x7,6370.015203148362,45439.441782458314,Hippocampus_Excitatory
osmFISH Pseudospot,novosparc,pseudospot_y53_x8,7219.350563568144,45439.441782458314,Interneuron
osmFISH Pseudospot,novosparc,pseudospot_y53_x9,8068.685923987926,45439.441782458314,Hippocampus_Excitatory
osmFISH Pseudospot,novosparc,pseudospot_y53_x10,8918.021284407707,45439.441782458314,Hippocampus_Excitatory
osmFISH Pseudospot,novosparc,pseudospot_y54_x0,424.6676802098908,46288.7771428781,Interneuron
osmFISH Pseudospot,novosparc,pseudospot_y54_x1,1274.0030406296723,46288.7771428781,Interneuron
osmFISH Pseudospot,novosparc,pseudospot_y54_x2,2123.338401049454,46288.7771428781,Interneuron
osmFISH Pseudospot,novosparc,pseudospot_y54_x3,2972.6737614692356,46288.7771428781,Interneuron
osmFISH Pseudospot,novosparc,pseudospot_y54_x4,3822.0091218890175,46288.7771428781,Interneuron
osmFISH Pseudospot,novosparc,pseudospot_y54_x5,4671.344482308799,46288.7771428781,Interneuron
osmFISH Pseudospot,novosparc,pseudospot_y54_x7,6370.015203148362,46288.7771428781,Hippocampus_Excitatory
osmFISH Pseudospot,novosparc,pseudospot_y54_x10,8918.021284407707,46288.7771428781,Hippocampus_Excitatory
osmFISH Pseudospot,novosparc,pseudospot_y55_x2,2123.338401049454,47138.11250329788,Hippocampus_Excitatory
osmFISH Pseudospot,novosparc,pseudospot_y55_x3,2972.6737614692356,47138.11250329788,Interneuron
osmFISH Pseudospot,novosparc,pseudospot_y55_x4,3822.0091218890175,47138.11250329788,Hippocampus_Excitatory
osmFISH Pseudospot,novosparc,pseudospot_y55_x5,4671.344482308799,47138.11250329788,Hippocampus_Excitatory
osmFISH Pseudospot,novosparc,pseudospot_y55_x6,5520.67984272858,47138.11250329788,Hippocampus_Excitatory
osmFISH Pseudospot,novosparc,pseudospot_y55_x12,10616.69200524727,47138.11250329788,Hippocampus_Excitatory
osmFISH Pseudospot,novosparc,pseudospot_y56_x0,424.6676802098908,47987.447863717665,Hippocampus_Excitatory
osmFISH Pseudospot,novosparc,pseudospot_y56_x1,1274.0030406296723,47987.447863717665,Hippocampus_Excitatory
osmFISH Pseudospot,novosparc,pseudospot_y56_x2,2123.338401049454,47987.447863717665,Hippocampus_Excitatory
osmFISH Pseudospot,tangram,pseudospot_y0_x15,13164.698086506616,424.6676802098908,Oligodendrocyte
osmFISH Pseudospot,tangram,pseudospot_y0_x16,14014.033446926396,424.6676802098908,Oligodendrocyte
osmFISH Pseudospot,tangram,pseudospot_y0_x17,14863.368807346178,424.6676802098908,Oligodendrocyte
osmFISH Pseudospot,tangram,pseudospot_y0_x18,15712.70416776596,424.6676802098908,Oligodendrocyte
osmFISH Pseudospot,tangram,pseudospot_y0_x19,16562.03952818574,424.6676802098908,Oligodendrocyte
osmFISH Pseudospot,tangram,pseudospot_y0_x20,17411.374888605522,424.6676802098908,Oligodendrocyte
osmFISH Pseudospot,tangram,pseudospot_y0_x21,18260.710249025306,424.6676802098908,Oligodendrocyte
osmFISH Pseudospot,tangram,pseudospot_y1_x15,13164.698086506616,1274.0030406296723,Oligodendrocyte
osmFISH Pseudospot,tangram,pseudospot_y1_x17,14863.368807346178,1274.0030406296723,Oligodendrocyte
osmFISH Pseudospot,tangram,pseudospot_y1_x18,15712.70416776596,1274.0030406296723,Oligodendrocyte
osmFISH Pseudospot,tangram,pseudospot_y1_x19,16562.03952818574,1274.0030406296723,Oligodendrocyte
osmFISH Pseudospot,tangram,pseudospot_y1_x21,18260.710249025306,1274.0030406296723,Oligodendrocyte
osmFISH Pseudospot,tangram,pseudospot_y2_x15,13164.698086506616,2123.338401049454,Oligodendrocyte
osmFISH Pseudospot,tangram,pseudospot_y2_x16,14014.033446926396,2123.338401049454,Oligodendrocyte
osmFISH Pseudospot,tangram,pseudospot_y2_x17,14863.368807346178,2123.338401049454,Oligodendrocyte
osmFISH Pseudospot,tangram,pseudospot_y2_x18,15712.70416776596,2123.338401049454,Hippocampus_Excitatory
osmFISH Pseudospot,tangram,pseudospot_y2_x19,16562.03952818574,2123.338401049454,Hippocampus_Excitatory
osmFISH Pseudospot,tangram,pseudospot_y2_x20,17411.374888605522,2123.338401049454,Oligodendrocyte
osmFISH Pseudospot,tangram,pseudospot_y2_x21,18260.710249025306,2123.338401049454,Hippocampus_Excitatory
osmFISH Pseudospot,tangram,pseudospot_y3_x15,13164.698086506616,2972.6737614692356,Oligodendrocyte
osmFISH Pseudospot,tangram,pseudospot_y3_x16,14014.033446926396,2972.6737614692356,Oligodendrocyte
osmFISH Pseudospot,tangram,pseudospot_y3_x17,14863.368807346178,2972.6737614692356,Oligodendrocyte
osmFISH Pseudospot,tangram,pseudospot_y3_x18,15712.70416776596,2972.6737614692356,Hippocampus_Excitatory
osmFISH Pseudospot,tangram,pseudospot_y3_x19,16562.03952818574,2972.6737614692356,Hippocampus_Excitatory
osmFISH Pseudospot,tangram,pseudospot_y3_x20,17411.374888605522,2972.6737614692356,Oligodendrocyte
osmFISH Pseudospot,tangram,pseudospot_y3_x21,18260.710249025306,2972.6737614692356,Oligodendrocyte
osmFISH Pseudospot,tangram,pseudospot_y4_x15,13164.698086506616,3822.0091218890175,Oligodendrocyte
osmFISH Pseudospot,tangram,pseudospot_y4_x16,14014.033446926396,3822.0091218890175,Oligodendrocyte
osmFISH Pseudospot,tangram,pseudospot_y4_x17,14863.368807346178,3822.0091218890175,Oligodendrocyte
osmFISH Pseudospot,tangram,pseudospot_y4_x18,15712.70416776596,3822.0091218890175,Hippocampus_Excitatory
osmFISH Pseudospot,tangram,pseudospot_y4_x19,16562.03952818574,3822.0091218890175,Hippocampus_Excitatory
osmFISH Pseudospot,tangram,pseudospot_y4_x20,17411.374888605522,3822.0091218890175,Oligodendrocyte
osmFISH Pseudospot,tangram,pseudospot_y4_x21,18260.710249025306,3822.0091218890175,Oligodendrocyte
osmFISH Pseudospot,tangram,pseudospot_y5_x15,13164.698086506616,4671.344482308799,Oligodendrocyte
osmFISH Pseudospot,tangram,pseudospot_y5_x16,14014.033446926396,4671.344482308799,Oligodendrocyte
osmFISH Pseudospot,tangram,pseudospot_y5_x17,14863.368807346178,4671.344482308799,Oligodendrocyte
osmFISH Pseudospot,tangram,pseudospot_y5_x18,15712.70416776596,4671.344482308799,Hippocampus_Excitatory
osmFISH Pseudospot,tangram,pseudospot_y5_x19,16562.03952818574,4671.344482308799,Oligodendrocyte
osmFISH Pseudospot,tangram,pseudospot_y5_x20,17411.374888605522,4671.344482308799,Hippocampus_Excitatory
osmFISH Pseudospot,tangram,pseudospot_y5_x21,18260.710249025306,4671.344482308799,Oligodendrocyte
osmFISH Pseudospot,tangram,pseudospot_y5_x23,19959.38096986487,4671.344482308799,Oligodendrocyte
osmFISH Pseudospot,tangram,pseudospot_y5_x24,20808.71633028465,4671.344482308799,Oligodendrocyte
osmFISH Pseudospot,tangram,pseudospot_y6_x15,13164.698086506616,5520.67984272858,Oligodendrocyte
osmFISH Pseudospot,tangram,pseudospot_y6_x16,14014.033446926396,5520.67984272858,Oligodendrocyte
osmFISH Pseudospot,tangram,pseudospot_y6_x17,14863.368807346178,5520.67984272858,Oligodendrocyte
osmFISH Pseudospot,tangram,pseudospot_y6_x19,16562.03952818574,5520.67984272858,Hippocampus_Excitatory
osmFISH Pseudospot,tangram,pseudospot_y6_x20,17411.374888605522,5520.67984272858,Oligodendrocyte
osmFISH Pseudospot,tangram,pseudospot_y6_x21,18260.710249025306,5520.67984272858,Oligodendrocyte
osmFISH Pseudospot,tangram,pseudospot_y6_x22,19110.045609445086,5520.67984272858,Oligodendrocyte
osmFISH Pseudospot,tangram,pseudospot_y6_x23,19959.38096986487,5520.67984272858,Oligodendrocyte
osmFISH Pseudospot,tangram,pseudospot_y7_x15,13164.698086506616,6370.015203148362,Oligodendrocyte
osmFISH Pseudospot,tangram,pseudospot_y7_x16,14014.033446926396,6370.015203148362,Oligodendrocyte
osmFISH Pseudospot,tangram,pseudospot_y7_x17,14863.368807346178,6370.015203148362,Hippocampus_Excitatory
osmFISH Pseudospot,tangram,pseudospot_y7_x18,15712.70416776596,6370.015203148362,Hippocampus_Excitatory
osmFISH Pseudospot,tangram,pseudospot_y7_x19,16562.03952818574,6370.015203148362,Hippocampus_Excitatory
osmFISH Pseudospot,tangram,pseudospot_y7_x20,17411.374888605522,6370.015203148362,Oligodendrocyte
osmFISH Pseudospot,tangram,pseudospot_y7_x21,18260.710249025306,6370.015203148362,Oligodendrocyte
osmFISH Pseudospot,tangram,pseudospot_y7_x22,19110.045609445086,6370.015203148362,Oligodendrocyte
osmFISH Pseudospot,tangram,pseudospot_y7_x23,19959.38096986487,6370.015203148362,Hippocampus_Excitatory
osmFISH Pseudospot,tangram,pseudospot_y7_x24,20808.71633028465,6370.015203148362,Oligodendrocyte
osmFISH Pseudospot,tangram,pseudospot_y8_x15,13164.698086506616,7219.350563568144,Oligodendrocyte
osmFISH Pseudospot,tangram,pseudospot_y8_x16,14014.033446926396,7219.350563568144,Oligodendrocyte
osmFISH Pseudospot,tangram,pseudospot_y8_x20,17411.374888605522,7219.350563568144,Oligodendrocyte
osmFISH Pseudospot,tangram,pseudospot_y8_x21,18260.710249025306,7219.350563568144,Oligodendrocyte
osmFISH Pseudospot,tangram,pseudospot_y8_x22,19110.045609445086,7219.350563568144,Oligodendrocyte
osmFISH Pseudospot,tangram,pseudospot_y8_x23,19959.38096986487,7219.350563568144,Hippocampus_Excitatory
osmFISH Pseudospot,tangram,pseudospot_y9_x15,13164.698086506616,8068.685923987926,Oligodendrocyte
osmFISH Pseudospot,tangram,pseudospot_y9_x16,14014.033446926396,8068.685923987926,Oligodendrocyte
osmFISH Pseudospot,tangram,pseudospot_y9_x17,14863.368807346178,8068.685923987926,Oligodendrocyte
osmFISH Pseudospot,tangram,pseudospot_y9_x19,16562.03952818574,8068.685923987926,Hippocampus_Excitatory
osmFISH Pseudospot,tangram,pseudospot_y9_x20,17411.374888605522,8068.685923987926,Oligodendrocyte
osmFISH Pseudospot,tangram,pseudospot_y9_x21,18260.710249025306,8068.685923987926,Hippocampus_Excitatory
osmFISH Pseudospot,tangram,pseudospot_y9_x22,19110.045609445086,8068.685923987926,Hippocampus_Excitatory
osmFISH Pseudospot,tangram,pseudospot_y9_x23,19959.38096986487,8068.685923987926,Oligodendrocyte
osmFISH Pseudospot,tangram,pseudospot_y10_x15,13164.698086506616,8918.021284407707,Oligodendrocyte
osmFISH Pseudospot,tangram,pseudospot_y10_x16,14014.033446926396,8918.021284407707,Oligodendrocyte
osmFISH Pseudospot,tangram,pseudospot_y10_x17,14863.368807346178,8918.021284407707,Oligodendrocyte
osmFISH Pseudospot,tangram,pseudospot_y10_x18,15712.70416776596,8918.021284407707,Hippocampus_Excitatory
osmFISH Pseudospot,tangram,pseudospot_y10_x19,16562.03952818574,8918.021284407707,Hippocampus_Excitatory
osmFISH Pseudospot,tangram,pseudospot_y10_x20,17411.374888605522,8918.021284407707,Oligodendrocyte
osmFISH Pseudospot,tangram,pseudospot_y10_x21,18260.710249025306,8918.021284407707,Oligodendrocyte
osmFISH Pseudospot,tangram,pseudospot_y10_x22,19110.045609445086,8918.021284407707,Oligodendrocyte
osmFISH Pseudospot,tangram,pseudospot_y10_x23,19959.38096986487,8918.021284407707,Hippocampus_Excitatory
osmFISH Pseudospot,tangram,pseudospot_y10_x24,20808.71633028465,8918.021284407707,Oligodendrocyte
osmFISH Pseudospot,tangram,pseudospot_y11_x15,13164.698086506616,9767.356644827489,Oligodendrocyte
osmFISH Pseudospot,tangram,pseudospot_y11_x16,14014.033446926396,9767.356644827489,Oligodendrocyte
osmFISH Pseudospot,tangram,pseudospot_y11_x17,14863.368807346178,9767.356644827489,Oligodendrocyte
osmFISH Pseudospot,tangram,pseudospot_y11_x18,15712.70416776596,9767.356644827489,Oligodendrocyte
osmFISH Pseudospot,tangram,pseudospot_y11_x19,16562.03952818574,9767.356644827489,Oligodendrocyte
osmFISH Pseudospot,tangram,pseudospot_y11_x20,17411.374888605522,9767.356644827489,Oligodendrocyte
osmFISH Pseudospot,tangram,pseudospot_y11_x21,18260.710249025306,9767.356644827489,Oligodendrocyte
osmFISH Pseudospot,tangram,pseudospot_y11_x22,19110.045609445086,9767.356644827489,Oligodendrocyte
osmFISH Pseudospot,tangram,pseudospot_y11_x23,19959.38096986487,9767.356644827489,Hippocampus_Excitatory
osmFISH Pseudospot,tangram,pseudospot_y12_x15,13164.698086506616,10616.69200524727,Oligodendrocyte
osmFISH Pseudospot,tangram,pseudospot_y12_x16,14014.033446926396,10616.69200524727,Oligodendrocyte
osmFISH Pseudospot,tangram,pseudospot_y12_x17,14863.368807346178,10616.69200524727,Oligodendrocyte
osmFISH Pseudospot,tangram,pseudospot_y12_x18,15712.70416776596,10616.69200524727,Oligodendrocyte
osmFISH Pseudospot,tangram,pseudospot_y12_x19,16562.03952818574,10616.69200524727,Oligodendrocyte
osmFISH Pseudospot,tangram,pseudospot_y12_x21,18260.710249025306,10616.69200524727,Oligodendrocyte
osmFISH Pseudospot,tangram,pseudospot_y12_x22,19110.045609445086,10616.69200524727,Oligodendrocyte
osmFISH Pseudospot,tangram,pseudospot_y12_x23,19959.38096986487,10616.69200524727,Hippocampus_Excitatory
osmFISH Pseudospot,tangram,pseudospot_y12_x24,20808.71633028465,10616.69200524727,Oligodendrocyte
osmFISH Pseudospot,tangram,pseudospot_y13_x15,13164.698086506616,11466.027365667052,Oligodendrocyte
osmFISH Pseudospot,tangram,pseudospot_y13_x16,14014.033446926396,11466.027365667052,Oligodendrocyte
osmFISH Pseudospot,tangram,pseudospot_y13_x18,15712.70416776596,11466.027365667052,Oligodendrocyte
osmFISH Pseudospot,tangram,pseudospot_y13_x19,16562.03952818574,11466.027365667052,Oligodendrocyte
osmFISH Pseudospot,tangram,pseudospot_y13_x20,17411.374888605522,11466.027365667052,Oligodendrocyte
osmFISH Pseudospot,tangram,pseudospot_y13_x21,18260.710249025306,11466.027365667052,Oligodendrocyte
osmFISH Pseudospot,tangram,pseudospot_y13_x22,19110.045609445086,11466.027365667052,Oligodendrocyte
osmFISH Pseudospot,tangram,pseudospot_y13_x23,19959.38096986487,11466.027365667052,Oligodendrocyte
osmFISH Pseudospot,tangram,pseudospot_y13_x24,20808.71633028465,11466.027365667052,Oligodendrocyte
osmFISH Pseudospot,tangram,pseudospot_y14_x15,13164.698086506616,12315.362726086834,Hippocampus_Excitatory
osmFISH Pseudospot,tangram,pseudospot_y14_x16,14014.033446926396,12315.362726086834,Hippocampus_Excitatory
osmFISH Pseudospot,tangram,pseudospot_y14_x19,16562.03952818574,12315.362726086834,Oligodendrocyte
osmFISH Pseudospot,tangram,pseudospot_y14_x20,17411.374888605522,12315.362726086834,Oligodendrocyte
osmFISH Pseudospot,tangram,pseudospot_y14_x21,18260.710249025306,12315.362726086834,Oligodendrocyte
osmFISH Pseudospot,tangram,pseudospot_y14_x22,19110.045609445086,12315.362726086834,Oligodendrocyte
osmFISH Pseudospot,tangram,pseudospot_y14_x23,19959.38096986487,12315.362726086834,Oligodendrocyte
osmFISH Pseudospot,tangram,pseudospot_y14_x24,20808.71633028465,12315.362726086834,Oligodendrocyte
osmFISH Pseudospot,tangram,pseudospot_y15_x15,13164.698086506616,13164.698086506616,Oligodendrocyte
osmFISH Pseudospot,tangram,pseudospot_y15_x19,16562.03952818574,13164.698086506616,Oligodendrocyte
osmFISH Pseudospot,tangram,pseudospot_y15_x20,17411.374888605522,13164.698086506616,Oligodendrocyte
osmFISH Pseudospot,tangram,pseudospot_y15_x21,18260.710249025306,13164.698086506616,Oligodendrocyte
osmFISH Pseudospot,tangram,pseudospot_y15_x22,19110.045609445086,13164.698086506616,Oligodendrocyte
osmFISH Pseudospot,tangram,pseudospot_y15_x23,19959.38096986487,13164.698086506616,Oligodendrocyte
osmFISH Pseudospot,tangram,pseudospot_y16_x18,15712.70416776596,14014.033446926396,Oligodendrocyte
osmFISH Pseudospot,tangram,pseudospot_y16_x19,16562.03952818574,14014.033446926396,Oligodendrocyte
osmFISH Pseudospot,tangram,pseudospot_y16_x20,17411.374888605522,14014.033446926396,Hippocampus_Excitatory
osmFISH Pseudospot,tangram,pseudospot_y16_x21,18260.710249025306,14014.033446926396,Oligodendrocyte
osmFISH Pseudospot,tangram,pseudospot_y16_x22,19110.045609445086,14014.033446926396,Oligodendrocyte
osmFISH Pseudospot,tangram,pseudospot_y16_x23,19959.38096986487,14014.033446926396,Oligodendrocyte
osmFISH Pseudospot,tangram,pseudospot_y17_x20,17411.374888605522,14863.368807346178,Oligodendrocyte
osmFISH Pseudospot,tangram,pseudospot_y17_x21,18260.710249025306,14863.368807346178,Oligodendrocyte
osmFISH Pseudospot,tangram,pseudospot_y17_x22,19110.045609445086,14863.368807346178,Oligodendrocyte
osmFISH Pseudospot,tangram,pseudospot_y17_x23,19959.38096986487,14863.368807346178,Oligodendrocyte
osmFISH Pseudospot,tangram,pseudospot_y18_x15,13164.698086506616,15712.70416776596,Hippocampus_Excitatory
osmFISH Pseudospot,tangram,pseudospot_y18_x16,14014.033446926396,15712.70416776596,Oligodendrocyte
osmFISH Pseudospot,tangram,pseudospot_y18_x19,16562.03952818574,15712.70416776596,Oligodendrocyte
osmFISH Pseudospot,tangram,pseudospot_y18_x20,17411.374888605522,15712.70416776596,Oligodendrocyte
osmFISH Pseudospot,tangram,pseudospot_y18_x21,18260.710249025306,15712.70416776596,Oligodendrocyte
osmFISH Pseudospot,tangram,pseudospot_y18_x23,19959.38096986487,15712.70416776596,Oligodendrocyte
osmFISH Pseudospot,tangram,pseudospot_y19_x15,13164.698086506616,16562.03952818574,Hippocampus_Excitatory
osmFISH Pseudospot,tangram,pseudospot_y19_x16,14014.033446926396,16562.03952818574,Hippocampus_Excitatory
osmFISH Pseudospot,tangram,pseudospot_y19_x18,15712.70416776596,16562.03952818574,Oligodendrocyte
osmFISH Pseudospot,tangram,pseudospot_y19_x19,16562.03952818574,16562.03952818574,Oligodendrocyte
osmFISH Pseudospot,tangram,pseudospot_y19_x20,17411.374888605522,16562.03952818574,Oligodendrocyte
osmFISH Pseudospot,tangram,pseudospot_y19_x21,18260.710249025306,16562.03952818574,Oligodendrocyte
osmFISH Pseudospot,tangram,pseudospot_y19_x22,19110.045609445086,16562.03952818574,Oligodendrocyte
osmFISH Pseudospot,tangram,pseudospot_y19_x23,19959.38096986487,16562.03952818574,Oligodendrocyte
osmFISH Pseudospot,tangram,pseudospot_y19_x24,20808.71633028465,16562.03952818574,Oligodendrocyte
osmFISH Pseudospot,tangram,pseudospot_y20_x15,13164.698086506616,17411.374888605522,Hippocampus_Excitatory
osmFISH Pseudospot,tangram,pseudospot_y20_x16,14014.033446926396,17411.374888605522,Oligodendrocyte
osmFISH Pseudospot,tangram,pseudospot_y20_x17,14863.368807346178,17411.374888605522,Oligodendrocyte
osmFISH Pseudospot,tangram,pseudospot_y20_x18,15712.70416776596,17411.374888605522,Oligodendrocyte
osmFISH Pseudospot,tangram,pseudospot_y20_x19,16562.03952818574,17411.374888605522,Oligodendrocyte
osmFISH Pseudospot,tangram,pseudospot_y20_x20,17411.374888605522,17411.374888605522,Oligodendrocyte
osmFISH Pseudospot,tangram,pseudospot_y20_x21,18260.710249025306,17411.374888605522,Oligodendrocyte
osmFISH Pseudospot,tangram,pseudospot_y20_x22,19110.045609445086,17411.374888605522,Oligodendrocyte
osmFISH Pseudospot,tangram,pseudospot_y20_x23,19959.38096986487,17411.374888605522,Oligodendrocyte
osmFISH Pseudospot,tangram,pseudospot_y20_x24,20808.71633028465,17411.374888605522,Oligodendrocyte
osmFISH Pseudospot,tangram,pseudospot_y21_x15,13164.698086506616,18260.710249025306,Hippocampus_Excitatory
osmFISH Pseudospot,tangram,pseudospot_y21_x18,15712.70416776596,18260.710249025306,Oligodendrocyte
osmFISH Pseudospot,tangram,pseudospot_y21_x19,16562.03952818574,18260.710249025306,Oligodendrocyte
osmFISH Pseudospot,tangram,pseudospot_y21_x20,17411.374888605522,18260.710249025306,Oligodendrocyte
osmFISH Pseudospot,tangram,pseudospot_y21_x22,19110.045609445086,18260.710249025306,Oligodendrocyte
osmFISH Pseudospot,tangram,pseudospot_y21_x23,19959.38096986487,18260.710249025306,Oligodendrocyte
osmFISH Pseudospot,tangram,pseudospot_y21_x24,20808.71633028465,18260.710249025306,Hippocampus_Excitatory
osmFISH Pseudospot,tangram,pseudospot_y22_x18,15712.70416776596,19110.045609445086,Oligodendrocyte
osmFISH Pseudospot,tangram,pseudospot_y22_x19,16562.03952818574,19110.045609445086,Oligodendrocyte
osmFISH Pseudospot,tangram,pseudospot_y22_x20,17411.374888605522,19110.045609445086,Oligodendrocyte
osmFISH Pseudospot,tangram,pseudospot_y22_x21,18260.710249025306,19110.045609445086,Oligodendrocyte
osmFISH Pseudospot,tangram,pseudospot_y22_x22,19110.045609445086,19110.045609445086,Oligodendrocyte
osmFISH Pseudospot,tangram,pseudospot_y22_x23,19959.38096986487,19110.045609445086,Oligodendrocyte
osmFISH Pseudospot,tangram,pseudospot_y22_x24,20808.71633028465,19110.045609445086,Hippocampus_Excitatory
osmFISH Pseudospot,tangram,pseudospot_y23_x12,10616.69200524727,19959.38096986487,Hippocampus_Excitatory
osmFISH Pseudospot,tangram,pseudospot_y23_x13,11466.027365667052,19959.38096986487,Hippocampus_Excitatory
osmFISH Pseudospot,tangram,pseudospot_y23_x14,12315.362726086834,19959.38096986487,Hippocampus_Excitatory
osmFISH Pseudospot,tangram,pseudospot_y23_x15,13164.698086506616,19959.38096986487,Hippocampus_Excitatory
osmFISH Pseudospot,tangram,pseudospot_y23_x16,14014.033446926396,19959.38096986487,Oligodendrocyte
osmFISH Pseudospot,tangram,pseudospot_y23_x17,14863.368807346178,19959.38096986487,Oligodendrocyte
osmFISH Pseudospot,tangram,pseudospot_y23_x18,15712.70416776596,19959.38096986487,Oligodendrocyte
osmFISH Pseudospot,tangram,pseudospot_y23_x19,16562.03952818574,19959.38096986487,Oligodendrocyte
osmFISH Pseudospot,tangram,pseudospot_y23_x21,18260.710249025306,19959.38096986487,Oligodendrocyte
osmFISH Pseudospot,tangram,pseudospot_y24_x13,11466.027365667052,20808.71633028465,Hippocampus_Excitatory
osmFISH Pseudospot,tangram,pseudospot_y24_x15,13164.698086506616,20808.71633028465,Hippocampus_Excitatory
osmFISH Pseudospot,tangram,pseudospot_y24_x16,14014.033446926396,20808.71633028465,Oligodendrocyte
osmFISH Pseudospot,tangram,pseudospot_y24_x17,14863.368807346178,20808.71633028465,Oligodendrocyte
osmFISH Pseudospot,tangram,pseudospot_y24_x18,15712.70416776596,20808.71633028465,Oligodendrocyte
osmFISH Pseudospot,tangram,pseudospot_y24_x19,16562.03952818574,20808.71633028465,Oligodendrocyte
osmFISH Pseudospot,tangram,pseudospot_y24_x20,17411.374888605522,20808.71633028465,Hippocampus_Excitatory
osmFISH Pseudospot,tangram,pseudospot_y24_x21,18260.710249025306,20808.71633028465,Hippocampus_Excitatory
osmFISH Pseudospot,tangram,pseudospot_y25_x10,8918.021284407707,21658.051690704433,Oligodendrocyte
osmFISH Pseudospot,tangram,pseudospot_y25_x11,9767.356644827489,21658.051690704433,Hippocampus_Excitatory
osmFISH Pseudospot,tangram,pseudospot_y25_x12,10616.69200524727,21658.051690704433,Hippocampus_Excitatory
osmFISH Pseudospot,tangram,pseudospot_y25_x13,11466.027365667052,21658.051690704433,Hippocampus_Excitatory
osmFISH Pseudospot,tangram,pseudospot_y25_x15,13164.698086506616,21658.051690704433,Oligodendrocyte
osmFISH Pseudospot,tangram,pseudospot_y25_x16,14014.033446926396,21658.051690704433,Oligodendrocyte
osmFISH Pseudospot,tangram,pseudospot_y25_x17,14863.368807346178,21658.051690704433,Oligodendrocyte
osmFISH Pseudospot,tangram,pseudospot_y25_x18,15712.70416776596,21658.051690704433,Oligodendrocyte
osmFISH Pseudospot,tangram,pseudospot_y25_x19,16562.03952818574,21658.051690704433,Oligodendrocyte
osmFISH Pseudospot,tangram,pseudospot_y25_x20,17411.374888605522,21658.051690704433,Hippocampus_Excitatory
osmFISH Pseudospot,tangram,pseudospot_y25_x21,18260.710249025306,21658.051690704433,Hippocampus_Excitatory
osmFISH Pseudospot,tangram,pseudospot_y25_x22,19110.045609445086,21658.051690704433,Oligodendrocyte
osmFISH Pseudospot,tangram,pseudospot_y26_x10,8918.021284407707,22507.387051124213,Hippocampus_Excitatory
osmFISH Pseudospot,tangram,pseudospot_y26_x11,9767.356644827489,22507.387051124213,Hippocampus_Excitatory
osmFISH Pseudospot,tangram,pseudospot_y26_x12,10616.69200524727,22507.387051124213,Hippocampus_Excitatory
osmFISH Pseudospot,tangram,pseudospot_y26_x14,12315.362726086834,22507.387051124213,Oligodendrocyte
osmFISH Pseudospot,tangram,pseudospot_y26_x15,13164.698086506616,22507.387051124213,Oligodendrocyte
osmFISH Pseudospot,tangram,pseudospot_y26_x16,14014.033446926396,22507.387051124213,Oligodendrocyte
osmFISH Pseudospot,tangram,pseudospot_y26_x17,14863.368807346178,22507.387051124213,Oligodendrocyte
osmFISH Pseudospot,tangram,pseudospot_y26_x19,16562.03952818574,22507.387051124213,Oligodendrocyte
osmFISH Pseudospot,tangram,pseudospot_y26_x20,17411.374888605522,22507.387051124213,Oligodendrocyte
osmFISH Pseudospot,tangram,pseudospot_y26_x21,18260.710249025306,22507.387051124213,Hippocampus_Excitatory
osmFISH Pseudospot,tangram,pseudospot_y27_x9,8068.685923987926,23356.722411543997,Hippocampus_Excitatory
osmFISH Pseudospot,tangram,pseudospot_y27_x10,8918.021284407707,23356.722411543997,Hippocampus_Excitatory
osmFISH Pseudospot,tangram,pseudospot_y27_x11,9767.356644827489,23356.722411543997,Hippocampus_Excitatory
osmFISH Pseudospot,tangram,pseudospot_y27_x14,12315.362726086834,23356.722411543997,Oligodendrocyte
osmFISH Pseudospot,tangram,pseudospot_y27_x15,13164.698086506616,23356.722411543997,Oligodendrocyte
osmFISH Pseudospot,tangram,pseudospot_y27_x16,14014.033446926396,23356.722411543997,Oligodendrocyte
osmFISH Pseudospot,tangram,pseudospot_y27_x17,14863.368807346178,23356.722411543997,Oligodendrocyte
osmFISH Pseudospot,tangram,pseudospot_y27_x18,15712.70416776596,23356.722411543997,Oligodendrocyte
osmFISH Pseudospot,tangram,pseudospot_y27_x19,16562.03952818574,23356.722411543997,Oligodendrocyte
osmFISH Pseudospot,tangram,pseudospot_y27_x20,17411.374888605522,23356.722411543997,Oligodendrocyte
osmFISH Pseudospot,tangram,pseudospot_y27_x21,18260.710249025306,23356.722411543997,Hippocampus_Excitatory
osmFISH Pseudospot,tangram,pseudospot_y28_x6,5520.67984272858,24206.057771963777,Hippocampus_Excitatory
osmFISH Pseudospot,tangram,pseudospot_y28_x8,7219.350563568144,24206.057771963777,Hippocampus_Excitatory
osmFISH Pseudospot,tangram,pseudospot_y28_x9,8068.685923987926,24206.057771963777,Oligodendrocyte
osmFISH Pseudospot,tangram,pseudospot_y28_x10,8918.021284407707,24206.057771963777,Hippocampus_Excitatory
osmFISH Pseudospot,tangram,pseudospot_y28_x12,10616.69200524727,24206.057771963777,Oligodendrocyte
osmFISH Pseudospot,tangram,pseudospot_y28_x13,11466.027365667052,24206.057771963777,Oligodendrocyte
osmFISH Pseudospot,tangram,pseudospot_y28_x14,12315.362726086834,24206.057771963777,Oligodendrocyte
osmFISH Pseudospot,tangram,pseudospot_y28_x15,13164.698086506616,24206.057771963777,Oligodendrocyte
osmFISH Pseudospot,tangram,pseudospot_y28_x16,14014.033446926396,24206.057771963777,Oligodendrocyte
osmFISH Pseudospot,tangram,pseudospot_y28_x17,14863.368807346178,24206.057771963777,Hippocampus_Excitatory
osmFISH Pseudospot,tangram,pseudospot_y28_x18,15712.70416776596,24206.057771963777,Hippocampus_Excitatory
osmFISH Pseudospot,tangram,pseudospot_y28_x19,16562.03952818574,24206.057771963777,Hippocampus_Excitatory
osmFISH Pseudospot,tangram,pseudospot_y28_x20,17411.374888605522,24206.057771963777,Hippocampus_Excitatory
osmFISH Pseudospot,tangram,pseudospot_y28_x21,18260.710249025306,24206.057771963777,Oligodendrocyte
osmFISH Pseudospot,tangram,pseudospot_y29_x2,2123.338401049454,25055.393132383557,Hippocampus_Excitatory
osmFISH Pseudospot,tangram,pseudospot_y29_x4,3822.0091218890175,25055.393132383557,Hippocampus_Excitatory
osmFISH Pseudospot,tangram,pseudospot_y29_x5,4671.344482308799,25055.393132383557,Hippocampus_Excitatory
osmFISH Pseudospot,tangram,pseudospot_y29_x6,5520.67984272858,25055.393132383557,Oligodendrocyte
osmFISH Pseudospot,tangram,pseudospot_y29_x7,6370.015203148362,25055.393132383557,Hippocampus_Excitatory
osmFISH Pseudospot,tangram,pseudospot_y29_x8,7219.350563568144,25055.393132383557,Hippocampus_Excitatory
osmFISH Pseudospot,tangram,pseudospot_y29_x9,8068.685923987926,25055.393132383557,Oligodendrocyte
osmFISH Pseudospot,tangram,pseudospot_y29_x11,9767.356644827489,25055.393132383557,Hippocampus_Excitatory
osmFISH Pseudospot,tangram,pseudospot_y29_x12,10616.69200524727,25055.393132383557,Oligodendrocyte
osmFISH Pseudospot,tangram,pseudospot_y29_x13,11466.027365667052,25055.393132383557,Oligodendrocyte
osmFISH Pseudospot,tangram,pseudospot_y29_x14,12315.362726086834,25055.393132383557,Oligodendrocyte
osmFISH Pseudospot,tangram,pseudospot_y29_x15,13164.698086506616,25055.393132383557,Hippocampus_Excitatory
osmFISH Pseudospot,tangram,pseudospot_y29_x16,14014.033446926396,25055.393132383557,Oligodendrocyte
osmFISH Pseudospot,tangram,pseudospot_y29_x17,14863.368807346178,25055.393132383557,Hippocampus_Excitatory
osmFISH Pseudospot,tangram,pseudospot_y29_x18,15712.70416776596,25055.393132383557,Hippocampus_Excitatory
osmFISH Pseudospot,tangram,pseudospot_y29_x19,16562.03952818574,25055.393132383557,Hippocampus_Excitatory
osmFISH Pseudospot,tangram,pseudospot_y29_x20,17411.374888605522,25055.393132383557,Oligodendrocyte
osmFISH Pseudospot,tangram,pseudospot_y29_x21,18260.710249025306,25055.393132383557,Hippocampus_Excitatory
osmFISH Pseudospot,tangram,pseudospot_y29_x22,19110.045609445086,25055.393132383557,Hippocampus_Excitatory
osmFISH Pseudospot,tangram,pseudospot_y30_x1,1274.0030406296723,25904.72849280334,Hippocampus_Excitatory
osmFISH Pseudospot,tangram,pseudospot_y30_x2,2123.338401049454,25904.72849280334,Hippocampus_Excitatory
osmFISH Pseudospot,tangram,pseudospot_y30_x4,3822.0091218890175,25904.72849280334,Oligodendrocyte
osmFISH Pseudospot,tangram,pseudospot_y30_x5,4671.344482308799,25904.72849280334,Hippocampus_Excitatory
osmFISH Pseudospot,tangram,pseudospot_y30_x6,5520.67984272858,25904.72849280334,Hippocampus_Excitatory
osmFISH Pseudospot,tangram,pseudospot_y30_x7,6370.015203148362,25904.72849280334,Hippocampus_Excitatory
osmFISH Pseudospot,tangram,pseudospot_y30_x8,7219.350563568144,25904.72849280334,Hippocampus_Excitatory
osmFISH Pseudospot,tangram,pseudospot_y30_x10,8918.021284407707,25904.72849280334,Oligodendrocyte
osmFISH Pseudospot,tangram,pseudospot_y30_x11,9767.356644827489,25904.72849280334,Oligodendrocyte
osmFISH Pseudospot,tangram,pseudospot_y30_x12,10616.69200524727,25904.72849280334,Oligodendrocyte
osmFISH Pseudospot,tangram,pseudospot_y30_x13,11466.027365667052,25904.72849280334,Oligodendrocyte
osmFISH Pseudospot,tangram,pseudospot_y30_x14,12315.362726086834,25904.72849280334,Oligodendrocyte
osmFISH Pseudospot,tangram,pseudospot_y30_x15,13164.698086506616,25904.72849280334,Oligodendrocyte
osmFISH Pseudospot,tangram,pseudospot_y30_x16,14014.033446926396,25904.72849280334,Hippocampus_Excitatory
osmFISH Pseudospot,tangram,pseudospot_y30_x17,14863.368807346178,25904.72849280334,Oligodendrocyte
osmFISH Pseudospot,tangram,pseudospot_y30_x18,15712.70416776596,25904.72849280334,Hippocampus_Excitatory
osmFISH Pseudospot,tangram,pseudospot_y30_x19,16562.03952818574,25904.72849280334,Hippocampus_Excitatory
osmFISH Pseudospot,tangram,pseudospot_y30_x20,17411.374888605522,25904.72849280334,Hippocampus_Excitatory
osmFISH Pseudospot,tangram,pseudospot_y30_x21,18260.710249025306,25904.72849280334,Oligodendrocyte
osmFISH Pseudospot,tangram,pseudospot_y30_x22,19110.045609445086,25904.72849280334,Oligodendrocyte
osmFISH Pseudospot,tangram,pseudospot_y30_x23,19959.38096986487,25904.72849280334,Oligodendrocyte
osmFISH Pseudospot,tangram,pseudospot_y31_x3,2972.6737614692356,26754.06385322312,Hippocampus_Excitatory
osmFISH Pseudospot,tangram,pseudospot_y31_x4,3822.0091218890175,26754.06385322312,Oligodendrocyte
osmFISH Pseudospot,tangram,pseudospot_y31_x5,4671.344482308799,26754.06385322312,Hippocampus_Excitatory
osmFISH Pseudospot,tangram,pseudospot_y31_x6,5520.67984272858,26754.06385322312,Hippocampus_Excitatory
osmFISH Pseudospot,tangram,pseudospot_y31_x7,6370.015203148362,26754.06385322312,Hippocampus_Excitatory
osmFISH Pseudospot,tangram,pseudospot_y31_x11,9767.356644827489,26754.06385322312,Oligodendrocyte
osmFISH Pseudospot,tangram,pseudospot_y31_x12,10616.69200524727,26754.06385322312,Oligodendrocyte
osmFISH Pseudospot,tangram,pseudospot_y31_x13,11466.027365667052,26754.06385322312,Oligodendrocyte
osmFISH Pseudospot,tangram,pseudospot_y31_x14,12315.362726086834,26754.06385322312,Oligodendrocyte
osmFISH Pseudospot,tangram,pseudospot_y31_x15,13164.698086506616,26754.06385322312,Hippocampus_Excitatory
osmFISH Pseudospot,tangram,pseudospot_y31_x16,14014.033446926396,26754.06385322312,Hippocampus_Excitatory
osmFISH Pseudospot,tangram,pseudospot_y31_x17,14863.368807346178,26754.06385322312,Oligodendrocyte
osmFISH Pseudospot,tangram,pseudospot_y31_x18,15712.70416776596,26754.06385322312,Hippocampus_Excitatory
osmFISH Pseudospot,tangram,pseudospot_y31_x19,16562.03952818574,26754.06385322312,Hippocampus_Excitatory
osmFISH Pseudospot,tangram,pseudospot_y31_x20,17411.374888605522,26754.06385322312,Hippocampus_Excitatory
osmFISH Pseudospot,tangram,pseudospot_y31_x21,18260.710249025306,26754.06385322312,Oligodendrocyte
osmFISH Pseudospot,tangram,pseudospot_y31_x22,19110.045609445086,26754.06385322312,Hippocampus_Excitatory
osmFISH Pseudospot,tangram,pseudospot_y32_x0,424.6676802098908,27603.399213642904,Oligodendrocyte
osmFISH Pseudospot,tangram,pseudospot_y32_x1,1274.0030406296723,27603.399213642904,Hippocampus_Excitatory
osmFISH Pseudospot,tangram,pseudospot_y32_x3,2972.6737614692356,27603.399213642904,Hippocampus_Excitatory
osmFISH Pseudospot,tangram,pseudospot_y32_x4,3822.0091218890175,27603.399213642904,Hippocampus_Excitatory
osmFISH Pseudospot,tangram,pseudospot_y32_x5,4671.344482308799,27603.399213642904,Hippocampus_Excitatory
osmFISH Pseudospot,tangram,pseudospot_y32_x7,6370.015203148362,27603.399213642904,Oligodendrocyte
osmFISH Pseudospot,tangram,pseudospot_y32_x9,8068.685923987926,27603.399213642904,Oligodendrocyte
osmFISH Pseudospot,tangram,pseudospot_y32_x10,8918.021284407707,27603.399213642904,Oligodendrocyte
osmFISH Pseudospot,tangram,pseudospot_y32_x11,9767.356644827489,27603.399213642904,Oligodendrocyte
osmFISH Pseudospot,tangram,pseudospot_y32_x12,10616.69200524727,27603.399213642904,Oligodendrocyte
osmFISH Pseudospot,tangram,pseudospot_y32_x13,11466.027365667052,27603.399213642904,Hippocampus_Excitatory
osmFISH Pseudospot,tangram,pseudospot_y32_x14,12315.362726086834,27603.399213642904,Hippocampus_Excitatory
osmFISH Pseudospot,tangram,pseudospot_y32_x15,13164.698086506616,27603.399213642904,Hippocampus_Excitatory
osmFISH Pseudospot,tangram,pseudospot_y32_x16,14014.033446926396,27603.399213642904,Hippocampus_Excitatory
osmFISH Pseudospot,tangram,pseudospot_y32_x17,14863.368807346178,27603.399213642904,Hippocampus_Excitatory
osmFISH Pseudospot,tangram,pseudospot_y32_x18,15712.70416776596,27603.399213642904,Oligodendrocyte
osmFISH Pseudospot,tangram,pseudospot_y32_x19,16562.03952818574,27603.399213642904,Hippocampus_Excitatory
osmFISH Pseudospot,tangram,pseudospot_y32_x20,17411.374888605522,27603.399213642904,Hippocampus_Excitatory
osmFISH Pseudospot,tangram,pseudospot_y32_x21,18260.710249025306,27603.399213642904,Hippocampus_Excitatory
osmFISH Pseudospot,tangram,pseudospot_y32_x22,19110.045609445086,27603.399213642904,Hippocampus_Excitatory
osmFISH Pseudospot,tangram,pseudospot_y32_x23,19959.38096986487,27603.399213642904,Hippocampus_Excitatory
osmFISH Pseudospot,tangram,pseudospot_y33_x0,424.6676802098908,28452.734574062684,Hippocampus_Excitatory
osmFISH Pseudospot,tangram,pseudospot_y33_x1,1274.0030406296723,28452.734574062684,Hippocampus_Excitatory
osmFISH Pseudospot,tangram,pseudospot_y33_x2,2123.338401049454,28452.734574062684,Hippocampus_Excitatory
osmFISH Pseudospot,tangram,pseudospot_y33_x3,2972.6737614692356,28452.734574062684,Hippocampus_Excitatory
osmFISH Pseudospot,tangram,pseudospot_y33_x7,6370.015203148362,28452.734574062684,Oligodendrocyte
osmFISH Pseudospot,tangram,pseudospot_y33_x8,7219.350563568144,28452.734574062684,Hippocampus_Excitatory
osmFISH Pseudospot,tangram,pseudospot_y33_x9,8068.685923987926,28452.734574062684,Oligodendrocyte
osmFISH Pseudospot,tangram,pseudospot_y33_x10,8918.021284407707,28452.734574062684,Oligodendrocyte
osmFISH Pseudospot,tangram,pseudospot_y33_x11,9767.356644827489,28452.734574062684,Oligodendrocyte
osmFISH Pseudospot,tangram,pseudospot_y33_x12,10616.69200524727,28452.734574062684,Hippocampus_Excitatory
osmFISH Pseudospot,tangram,pseudospot_y33_x13,11466.027365667052,28452.734574062684,Hippocampus_Excitatory
osmFISH Pseudospot,tangram,pseudospot_y33_x14,12315.362726086834,28452.734574062684,Hippocampus_Excitatory
osmFISH Pseudospot,tangram,pseudospot_y33_x15,13164.698086506616,28452.734574062684,Hippocampus_Excitatory
osmFISH Pseudospot,tangram,pseudospot_y33_x16,14014.033446926396,28452.734574062684,Hippocampus_Excitatory
osmFISH Pseudospot,tangram,pseudospot_y33_x17,14863.368807346178,28452.734574062684,Hippocampus_Excitatory
osmFISH Pseudospot,tangram,pseudospot_y33_x18,15712.70416776596,28452.734574062684,Hippocampus_Excitatory
osmFISH Pseudospot,tangram,pseudospot_y33_x19,16562.03952818574,28452.734574062684,Oligodendrocyte
osmFISH Pseudospot,tangram,pseudospot_y33_x20,17411.374888605522,28452.734574062684,Hippocampus_Excitatory
osmFISH Pseudospot,tangram,pseudospot_y33_x21,18260.710249025306,28452.734574062684,Oligodendrocyte
osmFISH Pseudospot,tangram,pseudospot_y33_x22,19110.045609445086,28452.734574062684,Hippocampus_Excitatory
osmFISH Pseudospot,tangram,pseudospot_y33_x23,19959.38096986487,28452.734574062684,Oligodendrocyte
osmFISH Pseudospot,tangram,pseudospot_y33_x24,20808.71633028465,28452.734574062684,Hippocampus_Excitatory
osmFISH Pseudospot,tangram,pseudospot_y34_x1,1274.0030406296723,29302.069934482468,Hippocampus_Excitatory
osmFISH Pseudospot,tangram,pseudospot_y34_x5,4671.344482308799,29302.069934482468,Oligodendrocyte
osmFISH Pseudospot,tangram,pseudospot_y34_x6,5520.67984272858,29302.069934482468,Oligodendrocyte
osmFISH Pseudospot,tangram,pseudospot_y34_x7,6370.015203148362,29302.069934482468,Oligodendrocyte
osmFISH Pseudospot,tangram,pseudospot_y34_x8,7219.350563568144,29302.069934482468,Oligodendrocyte
osmFISH Pseudospot,tangram,pseudospot_y34_x9,8068.685923987926,29302.069934482468,Oligodendrocyte
osmFISH Pseudospot,tangram,pseudospot_y34_x10,8918.021284407707,29302.069934482468,Hippocampus_Excitatory
osmFISH Pseudospot,tangram,pseudospot_y34_x11,9767.356644827489,29302.069934482468,Oligodendrocyte
osmFISH Pseudospot,tangram,pseudospot_y34_x12,10616.69200524727,29302.069934482468,Hippocampus_Excitatory
osmFISH Pseudospot,tangram,pseudospot_y34_x13,11466.027365667052,29302.069934482468,Hippocampus_Excitatory
osmFISH Pseudospot,tangram,pseudospot_y34_x14,12315.362726086834,29302.069934482468,Hippocampus_Excitatory
osmFISH Pseudospot,tangram,pseudospot_y34_x15,13164.698086506616,29302.069934482468,Hippocampus_Excitatory
osmFISH Pseudospot,tangram,pseudospot_y34_x16,14014.033446926396,29302.069934482468,Hippocampus_Excitatory
osmFISH Pseudospot,tangram,pseudospot_y34_x17,14863.368807346178,29302.069934482468,Hippocampus_Excitatory
osmFISH Pseudospot,tangram,pseudospot_y34_x18,15712.70416776596,29302.069934482468,Hippocampus_Excitatory
osmFISH Pseudospot,tangram,pseudospot_y34_x19,16562.03952818574,29302.069934482468,Oligodendrocyte
osmFISH Pseudospot,tangram,pseudospot_y34_x20,17411.374888605522,29302.069934482468,Hippocampus_Excitatory
osmFISH Pseudospot,tangram,pseudospot_y34_x21,18260.710249025306,29302.069934482468,Oligodendrocyte
osmFISH Pseudospot,tangram,pseudospot_y34_x22,19110.045609445086,29302.069934482468,Hippocampus_Excitatory
osmFISH Pseudospot,tangram,pseudospot_y34_x23,19959.38096986487,29302.069934482468,Hippocampus_Excitatory
osmFISH Pseudospot,tangram,pseudospot_y34_x24,20808.71633028465,29302.069934482468,Hippocampus_Excitatory
osmFISH Pseudospot,tangram,pseudospot_y35_x0,424.6676802098908,30151.405294902248,Hippocampus_Excitatory
osmFISH Pseudospot,tangram,pseudospot_y35_x1,1274.0030406296723,30151.405294902248,Oligodendrocyte
osmFISH Pseudospot,tangram,pseudospot_y35_x2,2123.338401049454,30151.405294902248,Hippocampus_Excitatory
osmFISH Pseudospot,tangram,pseudospot_y35_x3,2972.6737614692356,30151.405294902248,Oligodendrocyte
osmFISH Pseudospot,tangram,pseudospot_y35_x4,3822.0091218890175,30151.405294902248,Hippocampus_Excitatory
osmFISH Pseudospot,tangram,pseudospot_y35_x5,4671.344482308799,30151.405294902248,Oligodendrocyte
osmFISH Pseudospot,tangram,pseudospot_y35_x6,5520.67984272858,30151.405294902248,Oligodendrocyte
osmFISH Pseudospot,tangram,pseudospot_y35_x7,6370.015203148362,30151.405294902248,Oligodendrocyte
osmFISH Pseudospot,tangram,pseudospot_y35_x8,7219.350563568144,30151.405294902248,Oligodendrocyte
osmFISH Pseudospot,tangram,pseudospot_y35_x9,8068.685923987926,30151.405294902248,Hippocampus_Excitatory
osmFISH Pseudospot,tangram,pseudospot_y35_x10,8918.021284407707,30151.405294902248,Hippocampus_Excitatory
osmFISH Pseudospot,tangram,pseudospot_y35_x11,9767.356644827489,30151.405294902248,Hippocampus_Excitatory
osmFISH Pseudospot,tangram,pseudospot_y35_x12,10616.69200524727,30151.405294902248,Hippocampus_Excitatory
osmFISH Pseudospot,tangram,pseudospot_y35_x13,11466.027365667052,30151.405294902248,Hippocampus_Excitatory
osmFISH Pseudospot,tangram,pseudospot_y35_x14,12315.362726086834,30151.405294902248,Oligodendrocyte
osmFISH Pseudospot,tangram,pseudospot_y35_x15,13164.698086506616,30151.405294902248,Oligodendrocyte
osmFISH Pseudospot,tangram,pseudospot_y35_x16,14014.033446926396,30151.405294902248,Hippocampus_Excitatory
osmFISH Pseudospot,tangram,pseudospot_y35_x17,14863.368807346178,30151.405294902248,Hippocampus_Excitatory
osmFISH Pseudospot,tangram,pseudospot_y35_x18,15712.70416776596,30151.405294902248,Oligodendrocyte
osmFISH Pseudospot,tangram,pseudospot_y35_x20,17411.374888605522,30151.405294902248,Hippocampus_Excitatory
osmFISH Pseudospot,tangram,pseudospot_y35_x21,18260.710249025306,30151.405294902248,Hippocampus_Excitatory
osmFISH Pseudospot,tangram,pseudospot_y35_x22,19110.045609445086,30151.405294902248,Oligodendrocyte
osmFISH Pseudospot,tangram,pseudospot_y35_x23,19959.38096986487,30151.405294902248,Hippocampus_Excitatory
osmFISH Pseudospot,tangram,pseudospot_y35_x24,20808.71633028465,30151.405294902248,Oligodendrocyte
osmFISH Pseudospot,tangram,pseudospot_y36_x0,424.6676802098908,31000.740655322028,Oligodendrocyte
osmFISH Pseudospot,tangram,pseudospot_y36_x2,2123.338401049454,31000.740655322028,Oligodendrocyte
osmFISH Pseudospot,tangram,pseudospot_y36_x3,2972.6737614692356,31000.740655322028,Oligodendrocyte
osmFISH Pseudospot,tangram,pseudospot_y36_x5,4671.344482308799,31000.740655322028,Oligodendrocyte
osmFISH Pseudospot,tangram,pseudospot_y36_x6,5520.67984272858,31000.740655322028,Oligodendrocyte
osmFISH Pseudospot,tangram,pseudospot_y36_x7,6370.015203148362,31000.740655322028,Oligodendrocyte
osmFISH Pseudospot,tangram,pseudospot_y36_x8,7219.350563568144,31000.740655322028,Oligodendrocyte
osmFISH Pseudospot,tangram,pseudospot_y36_x9,8068.685923987926,31000.740655322028,Hippocampus_Excitatory
osmFISH Pseudospot,tangram,pseudospot_y36_x10,8918.021284407707,31000.740655322028,Hippocampus_Excitatory
osmFISH Pseudospot,tangram,pseudospot_y36_x11,9767.356644827489,31000.740655322028,Hippocampus_Excitatory
osmFISH Pseudospot,tangram,pseudospot_y36_x12,10616.69200524727,31000.740655322028,Hippocampus_Excitatory
osmFISH Pseudospot,tangram,pseudospot_y36_x13,11466.027365667052,31000.740655322028,Hippocampus_Excitatory
osmFISH Pseudospot,tangram,pseudospot_y36_x14,12315.362726086834,31000.740655322028,Hippocampus_Excitatory
osmFISH Pseudospot,tangram,pseudospot_y36_x15,13164.698086506616,31000.740655322028,Oligodendrocyte
osmFISH Pseudospot,tangram,pseudospot_y36_x16,14014.033446926396,31000.740655322028,Hippocampus_Excitatory
osmFISH Pseudospot,tangram,pseudospot_y36_x17,14863.368807346178,31000.740655322028,Hippocampus_Excitatory
osmFISH Pseudospot,tangram,pseudospot_y36_x18,15712.70416776596,31000.740655322028,Hippocampus_Excitatory
osmFISH Pseudospot,tangram,pseudospot_y36_x19,16562.03952818574,31000.740655322028,Oligodendrocyte
osmFISH Pseudospot,tangram,pseudospot_y36_x20,17411.374888605522,31000.740655322028,Hippocampus_Excitatory
osmFISH Pseudospot,tangram,pseudospot_y36_x21,18260.710249025306,31000.740655322028,Hippocampus_Excitatory
osmFISH Pseudospot,tangram,pseudospot_y36_x22,19110.045609445086,31000.740655322028,Hippocampus_Excitatory
osmFISH Pseudospot,tangram,pseudospot_y36_x23,19959.38096986487,31000.740655322028,Oligodendrocyte
osmFISH Pseudospot,tangram,pseudospot_y36_x24,20808.71633028465,31000.740655322028,Hippocampus_Excitatory
osmFISH Pseudospot,tangram,pseudospot_y37_x0,424.6676802098908,31850.07601574181,Oligodendrocyte
osmFISH Pseudospot,tangram,pseudospot_y37_x1,1274.0030406296723,31850.07601574181,Oligodendrocyte
osmFISH Pseudospot,tangram,pseudospot_y37_x2,2123.338401049454,31850.07601574181,Oligodendrocyte
osmFISH Pseudospot,tangram,pseudospot_y37_x3,2972.6737614692356,31850.07601574181,Hippocampus_Excitatory
osmFISH Pseudospot,tangram,pseudospot_y37_x4,3822.0091218890175,31850.07601574181,Oligodendrocyte
osmFISH Pseudospot,tangram,pseudospot_y37_x5,4671.344482308799,31850.07601574181,Oligodendrocyte
osmFISH Pseudospot,tangram,pseudospot_y37_x6,5520.67984272858,31850.07601574181,Hippocampus_Excitatory
osmFISH Pseudospot,tangram,pseudospot_y37_x7,6370.015203148362,31850.07601574181,Hippocampus_Excitatory
osmFISH Pseudospot,tangram,pseudospot_y37_x8,7219.350563568144,31850.07601574181,Hippocampus_Excitatory
osmFISH Pseudospot,tangram,pseudospot_y37_x9,8068.685923987926,31850.07601574181,Hippocampus_Excitatory
osmFISH Pseudospot,tangram,pseudospot_y37_x10,8918.021284407707,31850.07601574181,Hippocampus_Excitatory
osmFISH Pseudospot,tangram,pseudospot_y37_x11,9767.356644827489,31850.07601574181,Oligodendrocyte
osmFISH Pseudospot,tangram,pseudospot_y37_x12,10616.69200524727,31850.07601574181,Hippocampus_Excitatory
osmFISH Pseudospot,tangram,pseudospot_y37_x13,11466.027365667052,31850.07601574181,Oligodendrocyte
osmFISH Pseudospot,tangram,pseudospot_y37_x14,12315.362726086834,31850.07601574181,Hippocampus_Excitatory
osmFISH Pseudospot,tangram,pseudospot_y37_x15,13164.698086506616,31850.07601574181,Oligodendrocyte
osmFISH Pseudospot,tangram,pseudospot_y37_x16,14014.033446926396,31850.07601574181,Hippocampus_Excitatory
osmFISH Pseudospot,tangram,pseudospot_y37_x17,14863.368807346178,31850.07601574181,Hippocampus_Excitatory
osmFISH Pseudospot,tangram,pseudospot_y37_x18,15712.70416776596,31850.07601574181,Hippocampus_Excitatory
osmFISH Pseudospot,tangram,pseudospot_y37_x19,16562.03952818574,31850.07601574181,Hippocampus_Excitatory
osmFISH Pseudospot,tangram,pseudospot_y37_x20,17411.374888605522,31850.07601574181,Oligodendrocyte
osmFISH Pseudospot,tangram,pseudospot_y37_x21,18260.710249025306,31850.07601574181,Hippocampus_Excitatory
osmFISH Pseudospot,tangram,pseudospot_y37_x22,19110.045609445086,31850.07601574181,Hippocampus_Excitatory
osmFISH Pseudospot,tangram,pseudospot_y37_x23,19959.38096986487,31850.07601574181,Hippocampus_Excitatory
osmFISH Pseudospot,tangram,pseudospot_y37_x24,20808.71633028465,31850.07601574181,Hippocampus_Excitatory
osmFISH Pseudospot,tangram,pseudospot_y37_x25,21658.051690704433,31850.07601574181,Hippocampus_Excitatory
osmFISH Pseudospot,tangram,pseudospot_y37_x26,22507.387051124213,31850.07601574181,Hippocampus_Excitatory
osmFISH Pseudospot,tangram,pseudospot_y38_x0,424.6676802098908,32699.41137616159,Oligodendrocyte
osmFISH Pseudospot,tangram,pseudospot_y38_x1,1274.0030406296723,32699.41137616159,Oligodendrocyte
osmFISH Pseudospot,tangram,pseudospot_y38_x2,2123.338401049454,32699.41137616159,Oligodendrocyte
osmFISH Pseudospot,tangram,pseudospot_y38_x3,2972.6737614692356,32699.41137616159,Hippocampus_Excitatory
osmFISH Pseudospot,tangram,pseudospot_y38_x4,3822.0091218890175,32699.41137616159,Oligodendrocyte
osmFISH Pseudospot,tangram,pseudospot_y38_x5,4671.344482308799,32699.41137616159,Hippocampus_Excitatory
osmFISH Pseudospot,tangram,pseudospot_y38_x6,5520.67984272858,32699.41137616159,Oligodendrocyte
osmFISH Pseudospot,tangram,pseudospot_y38_x7,6370.015203148362,32699.41137616159,Hippocampus_Excitatory
osmFISH Pseudospot,tangram,pseudospot_y38_x8,7219.350563568144,32699.41137616159,Hippocampus_Excitatory
osmFISH Pseudospot,tangram,pseudospot_y38_x9,8068.685923987926,32699.41137616159,Oligodendrocyte
osmFISH Pseudospot,tangram,pseudospot_y38_x10,8918.021284407707,32699.41137616159,Oligodendrocyte
osmFISH Pseudospot,tangram,pseudospot_y38_x11,9767.356644827489,32699.41137616159,Oligodendrocyte
osmFISH Pseudospot,tangram,pseudospot_y38_x12,10616.69200524727,32699.41137616159,Hippocampus_Excitatory
osmFISH Pseudospot,tangram,pseudospot_y38_x13,11466.027365667052,32699.41137616159,Oligodendrocyte
osmFISH Pseudospot,tangram,pseudospot_y38_x14,12315.362726086834,32699.41137616159,Hippocampus_Excitatory
osmFISH Pseudospot,tangram,pseudospot_y38_x15,13164.698086506616,32699.41137616159,Hippocampus_Excitatory
osmFISH Pseudospot,tangram,pseudospot_y38_x16,14014.033446926396,32699.41137616159,Hippocampus_Excitatory
osmFISH Pseudospot,tangram,pseudospot_y38_x17,14863.368807346178,32699.41137616159,Hippocampus_Excitatory
osmFISH Pseudospot,tangram,pseudospot_y38_x18,15712.70416776596,32699.41137616159,Hippocampus_Excitatory
osmFISH Pseudospot,tangram,pseudospot_y38_x19,16562.03952818574,32699.41137616159,Hippocampus_Excitatory
osmFISH Pseudospot,tangram,pseudospot_y38_x20,17411.374888605522,32699.41137616159,Hippocampus_Excitatory
osmFISH Pseudospot,tangram,pseudospot_y38_x21,18260.710249025306,32699.41137616159,Hippocampus_Excitatory
osmFISH Pseudospot,tangram,pseudospot_y38_x22,19110.045609445086,32699.41137616159,Hippocampus_Excitatory
osmFISH Pseudospot,tangram,pseudospot_y38_x23,19959.38096986487,32699.41137616159,Hippocampus_Excitatory
osmFISH Pseudospot,tangram,pseudospot_y38_x24,20808.71633028465,32699.41137616159,Hippocampus_Excitatory
osmFISH Pseudospot,tangram,pseudospot_y38_x25,21658.051690704433,32699.41137616159,Oligodendrocyte
osmFISH Pseudospot,tangram,pseudospot_y38_x26,22507.387051124213,32699.41137616159,Hippocampus_Excitatory
osmFISH Pseudospot,tangram,pseudospot_y39_x0,424.6676802098908,33548.74673658137,Oligodendrocyte
osmFISH Pseudospot,tangram,pseudospot_y39_x1,1274.0030406296723,33548.74673658137,Hippocampus_Excitatory
osmFISH Pseudospot,tangram,pseudospot_y39_x2,2123.338401049454,33548.74673658137,Hippocampus_Excitatory
osmFISH Pseudospot,tangram,pseudospot_y39_x3,2972.6737614692356,33548.74673658137,Hippocampus_Excitatory
osmFISH Pseudospot,tangram,pseudospot_y39_x4,3822.0091218890175,33548.74673658137,Hippocampus_Excitatory
osmFISH Pseudospot,tangram,pseudospot_y39_x5,4671.344482308799,33548.74673658137,Oligodendrocyte
osmFISH Pseudospot,tangram,pseudospot_y39_x6,5520.67984272858,33548.74673658137,Hippocampus_Excitatory
osmFISH Pseudospot,tangram,pseudospot_y39_x7,6370.015203148362,33548.74673658137,Hippocampus_Excitatory
osmFISH Pseudospot,tangram,pseudospot_y39_x8,7219.350563568144,33548.74673658137,Hippocampus_Excitatory
osmFISH Pseudospot,tangram,pseudospot_y39_x9,8068.685923987926,33548.74673658137,Oligodendrocyte
osmFISH Pseudospot,tangram,pseudospot_y39_x10,8918.021284407707,33548.74673658137,Hippocampus_Excitatory
osmFISH Pseudospot,tangram,pseudospot_y39_x12,10616.69200524727,33548.74673658137,Hippocampus_Excitatory
osmFISH Pseudospot,tangram,pseudospot_y39_x13,11466.027365667052,33548.74673658137,Hippocampus_Excitatory
osmFISH Pseudospot,tangram,pseudospot_y39_x14,12315.362726086834,33548.74673658137,Hippocampus_Excitatory
osmFISH Pseudospot,tangram,pseudospot_y39_x15,13164.698086506616,33548.74673658137,Hippocampus_Excitatory
osmFISH Pseudospot,tangram,pseudospot_y39_x16,14014.033446926396,33548.74673658137,Hippocampus_Excitatory
osmFISH Pseudospot,tangram,pseudospot_y39_x17,14863.368807346178,33548.74673658137,Hippocampus_Excitatory
osmFISH Pseudospot,tangram,pseudospot_y39_x18,15712.70416776596,33548.74673658137,Hippocampus_Excitatory
osmFISH Pseudospot,tangram,pseudospot_y39_x19,16562.03952818574,33548.74673658137,Hippocampus_Excitatory
osmFISH Pseudospot,tangram,pseudospot_y39_x20,17411.374888605522,33548.74673658137,Hippocampus_Excitatory
osmFISH Pseudospot,tangram,pseudospot_y39_x21,18260.710249025306,33548.74673658137,Hippocampus_Excitatory
osmFISH Pseudospot,tangram,pseudospot_y39_x22,19110.045609445086,33548.74673658137,Oligodendrocyte
osmFISH Pseudospot,tangram,pseudospot_y39_x23,19959.38096986487,33548.74673658137,Hippocampus_Excitatory
osmFISH Pseudospot,tangram,pseudospot_y39_x24,20808.71633028465,33548.74673658137,Hippocampus_Excitatory
osmFISH Pseudospot,tangram,pseudospot_y39_x25,21658.051690704433,33548.74673658137,Hippocampus_Excitatory
osmFISH Pseudospot,tangram,pseudospot_y39_x26,22507.387051124213,33548.74673658137,Oligodendrocyte
osmFISH Pseudospot,tangram,pseudospot_y40_x0,424.6676802098908,34398.082097001155,Hippocampus_Excitatory
osmFISH Pseudospot,tangram,pseudospot_y40_x1,1274.0030406296723,34398.082097001155,Hippocampus_Excitatory
osmFISH Pseudospot,tangram,pseudospot_y40_x2,2123.338401049454,34398.082097001155,Hippocampus_Excitatory
osmFISH Pseudospot,tangram,pseudospot_y40_x3,2972.6737614692356,34398.082097001155,Hippocampus_Excitatory
osmFISH Pseudospot,tangram,pseudospot_y40_x4,3822.0091218890175,34398.082097001155,Hippocampus_Excitatory
osmFISH Pseudospot,tangram,pseudospot_y40_x5,4671.344482308799,34398.082097001155,Hippocampus_Excitatory
osmFISH Pseudospot,tangram,pseudospot_y40_x6,5520.67984272858,34398.082097001155,Hippocampus_Excitatory
osmFISH Pseudospot,tangram,pseudospot_y40_x7,6370.015203148362,34398.082097001155,Hippocampus_Excitatory
osmFISH Pseudospot,tangram,pseudospot_y40_x8,7219.350563568144,34398.082097001155,Hippocampus_Excitatory
osmFISH Pseudospot,tangram,pseudospot_y40_x10,8918.021284407707,34398.082097001155,Hippocampus_Excitatory
osmFISH Pseudospot,tangram,pseudospot_y40_x11,9767.356644827489,34398.082097001155,Hippocampus_Excitatory
osmFISH Pseudospot,tangram,pseudospot_y40_x12,10616.69200524727,34398.082097001155,Hippocampus_Excitatory
osmFISH Pseudospot,tangram,pseudospot_y40_x13,11466.027365667052,34398.082097001155,Hippocampus_Excitatory
osmFISH Pseudospot,tangram,pseudospot_y40_x14,12315.362726086834,34398.082097001155,Oligodendrocyte
osmFISH Pseudospot,tangram,pseudospot_y40_x15,13164.698086506616,34398.082097001155,Hippocampus_Excitatory
osmFISH Pseudospot,tangram,pseudospot_y40_x16,14014.033446926396,34398.082097001155,Hippocampus_Excitatory
osmFISH Pseudospot,tangram,pseudospot_y40_x17,14863.368807346178,34398.082097001155,Hippocampus_Excitatory
osmFISH Pseudospot,tangram,pseudospot_y40_x18,15712.70416776596,34398.082097001155,Hippocampus_Excitatory
osmFISH Pseudospot,tangram,pseudospot_y40_x19,16562.03952818574,34398.082097001155,Hippocampus_Excitatory
osmFISH Pseudospot,tangram,pseudospot_y40_x20,17411.374888605522,34398.082097001155,Hippocampus_Excitatory
osmFISH Pseudospot,tangram,pseudospot_y40_x21,18260.710249025306,34398.082097001155,Hippocampus_Excitatory
osmFISH Pseudospot,tangram,pseudospot_y40_x22,19110.045609445086,34398.082097001155,Hippocampus_Excitatory
osmFISH Pseudospot,tangram,pseudospot_y40_x23,19959.38096986487,34398.082097001155,Hippocampus_Excitatory
osmFISH Pseudospot,tangram,pseudospot_y40_x24,20808.71633028465,34398.082097001155,Hippocampus_Excitatory
osmFISH Pseudospot,tangram,pseudospot_y40_x25,21658.051690704433,34398.082097001155,Hippocampus_Excitatory
osmFISH Pseudospot,tangram,pseudospot_y40_x26,22507.387051124213,34398.082097001155,Hippocampus_Excitatory
osmFISH Pseudospot,tangram,pseudospot_y41_x0,424.6676802098908,35247.41745742094,Hippocampus_Excitatory
osmFISH Pseudospot,tangram,pseudospot_y41_x1,1274.0030406296723,35247.41745742094,Hippocampus_Excitatory
osmFISH Pseudospot,tangram,pseudospot_y41_x2,2123.338401049454,35247.41745742094,Hippocampus_Excitatory
osmFISH Pseudospot,tangram,pseudospot_y41_x3,2972.6737614692356,35247.41745742094,Hippocampus_Excitatory
osmFISH Pseudospot,tangram,pseudospot_y41_x4,3822.0091218890175,35247.41745742094,Oligodendrocyte
osmFISH Pseudospot,tangram,pseudospot_y41_x5,4671.344482308799,35247.41745742094,Hippocampus_Excitatory
osmFISH Pseudospot,tangram,pseudospot_y41_x6,5520.67984272858,35247.41745742094,Hippocampus_Excitatory
osmFISH Pseudospot,tangram,pseudospot_y41_x7,6370.015203148362,35247.41745742094,Hippocampus_Excitatory
osmFISH Pseudospot,tangram,pseudospot_y41_x8,7219.350563568144,35247.41745742094,Hippocampus_Excitatory
osmFISH Pseudospot,tangram,pseudospot_y41_x9,8068.685923987926,35247.41745742094,Hippocampus_Excitatory
osmFISH Pseudospot,tangram,pseudospot_y41_x10,8918.021284407707,35247.41745742094,Hippocampus_Excitatory
osmFISH Pseudospot,tangram,pseudospot_y41_x11,9767.356644827489,35247.41745742094,Hippocampus_Excitatory
osmFISH Pseudospot,tangram,pseudospot_y41_x12,10616.69200524727,35247.41745742094,Hippocampus_Excitatory
osmFISH Pseudospot,tangram,pseudospot_y41_x13,11466.027365667052,35247.41745742094,Hippocampus_Excitatory
osmFISH Pseudospot,tangram,pseudospot_y41_x14,12315.362726086834,35247.41745742094,Hippocampus_Excitatory
osmFISH Pseudospot,tangram,pseudospot_y41_x15,13164.698086506616,35247.41745742094,Hippocampus_Excitatory
osmFISH Pseudospot,tangram,pseudospot_y41_x16,14014.033446926396,35247.41745742094,Hippocampus_Excitatory
osmFISH Pseudospot,tangram,pseudospot_y41_x17,14863.368807346178,35247.41745742094,Oligodendrocyte
osmFISH Pseudospot,tangram,pseudospot_y41_x18,15712.70416776596,35247.41745742094,Hippocampus_Excitatory
osmFISH Pseudospot,tangram,pseudospot_y41_x19,16562.03952818574,35247.41745742094,Hippocampus_Excitatory
osmFISH Pseudospot,tangram,pseudospot_y41_x20,17411.374888605522,35247.41745742094,Hippocampus_Excitatory
osmFISH Pseudospot,tangram,pseudospot_y41_x21,18260.710249025306,35247.41745742094,Hippocampus_Excitatory
osmFISH Pseudospot,tangram,pseudospot_y41_x22,19110.045609445086,35247.41745742094,Hippocampus_Excitatory
osmFISH Pseudospot,tangram,pseudospot_y41_x23,19959.38096986487,35247.41745742094,Hippocampus_Excitatory
osmFISH Pseudospot,tangram,pseudospot_y41_x24,20808.71633028465,35247.41745742094,Hippocampus_Excitatory
osmFISH Pseudospot,tangram,pseudospot_y41_x25,21658.051690704433,35247.41745742094,Hippocampus_Excitatory
osmFISH Pseudospot,tangram,pseudospot_y41_x26,22507.387051124213,35247.41745742094,Oligodendrocyte
osmFISH Pseudospot,tangram,pseudospot_y42_x0,424.6676802098908,36096.75281784072,Hippocampus_Excitatory
osmFISH Pseudospot,tangram,pseudospot_y42_x1,1274.0030406296723,36096.75281784072,Hippocampus_Excitatory
osmFISH Pseudospot,tangram,pseudospot_y42_x2,2123.338401049454,36096.75281784072,Oligodendrocyte
osmFISH Pseudospot,tangram,pseudospot_y42_x3,2972.6737614692356,36096.75281784072,Hippocampus_Excitatory
osmFISH Pseudospot,tangram,pseudospot_y42_x4,3822.0091218890175,36096.75281784072,Oligodendrocyte
osmFISH Pseudospot,tangram,pseudospot_y42_x5,4671.344482308799,36096.75281784072,Hippocampus_Excitatory
osmFISH Pseudospot,tangram,pseudospot_y42_x6,5520.67984272858,36096.75281784072,Hippocampus_Excitatory
osmFISH Pseudospot,tangram,pseudospot_y42_x7,6370.015203148362,36096.75281784072,Hippocampus_Excitatory
osmFISH Pseudospot,tangram,pseudospot_y42_x8,7219.350563568144,36096.75281784072,Hippocampus_Excitatory
osmFISH Pseudospot,tangram,pseudospot_y42_x9,8068.685923987926,36096.75281784072,Hippocampus_Excitatory
osmFISH Pseudospot,tangram,pseudospot_y42_x10,8918.021284407707,36096.75281784072,Hippocampus_Excitatory
osmFISH Pseudospot,tangram,pseudospot_y42_x11,9767.356644827489,36096.75281784072,Hippocampus_Excitatory
osmFISH Pseudospot,tangram,pseudospot_y42_x12,10616.69200524727,36096.75281784072,Hippocampus_Excitatory
osmFISH Pseudospot,tangram,pseudospot_y42_x13,11466.027365667052,36096.75281784072,Hippocampus_Excitatory
osmFISH Pseudospot,tangram,pseudospot_y42_x14,12315.362726086834,36096.75281784072,Hippocampus_Excitatory
osmFISH Pseudospot,tangram,pseudospot_y42_x15,13164.698086506616,36096.75281784072,Hippocampus_Excitatory
osmFISH Pseudospot,tangram,pseudospot_y42_x16,14014.033446926396,36096.75281784072,Hippocampus_Excitatory
osmFISH Pseudospot,tangram,pseudospot_y42_x17,14863.368807346178,36096.75281784072,Hippocampus_Excitatory
osmFISH Pseudospot,tangram,pseudospot_y42_x18,15712.70416776596,36096.75281784072,Hippocampus_Excitatory
osmFISH Pseudospot,tangram,pseudospot_y42_x19,16562.03952818574,36096.75281784072,Oligodendrocyte
osmFISH Pseudospot,tangram,pseudospot_y42_x20,17411.374888605522,36096.75281784072,Hippocampus_Excitatory
osmFISH Pseudospot,tangram,pseudospot_y42_x21,18260.710249025306,36096.75281784072,Hippocampus_Excitatory
osmFISH Pseudospot,tangram,pseudospot_y42_x22,19110.045609445086,36096.75281784072,Hippocampus_Excitatory
osmFISH Pseudospot,tangram,pseudospot_y42_x23,19959.38096986487,36096.75281784072,Hippocampus_Excitatory
osmFISH Pseudospot,tangram,pseudospot_y42_x24,20808.71633028465,36096.75281784072,Hippocampus_Excitatory
osmFISH Pseudospot,tangram,pseudospot_y42_x25,21658.051690704433,36096.75281784072,Hippocampus_Excitatory
osmFISH Pseudospot,tangram,pseudospot_y43_x0,424.6676802098908,36946.0881782605,Hippocampus_Excitatory
osmFISH Pseudospot,tangram,pseudospot_y43_x1,1274.0030406296723,36946.0881782605,Hippocampus_Excitatory
osmFISH Pseudospot,tangram,pseudospot_y43_x2,2123.338401049454,36946.0881782605,Hippocampus_Excitatory
osmFISH Pseudospot,tangram,pseudospot_y43_x3,2972.6737614692356,36946.0881782605,Hippocampus_Excitatory
osmFISH Pseudospot,tangram,pseudospot_y43_x4,3822.0091218890175,36946.0881782605,Hippocampus_Excitatory
osmFISH Pseudospot,tangram,pseudospot_y43_x5,4671.344482308799,36946.0881782605,Hippocampus_Excitatory
osmFISH Pseudospot,tangram,pseudospot_y43_x6,5520.67984272858,36946.0881782605,Hippocampus_Excitatory
osmFISH Pseudospot,tangram,pseudospot_y43_x7,6370.015203148362,36946.0881782605,Hippocampus_Excitatory
osmFISH Pseudospot,tangram,pseudospot_y43_x8,7219.350563568144,36946.0881782605,Hippocampus_Excitatory
osmFISH Pseudospot,tangram,pseudospot_y43_x9,8068.685923987926,36946.0881782605,Hippocampus_Excitatory
osmFISH Pseudospot,tangram,pseudospot_y43_x10,8918.021284407707,36946.0881782605,Hippocampus_Excitatory
osmFISH Pseudospot,tangram,pseudospot_y43_x11,9767.356644827489,36946.0881782605,Hippocampus_Excitatory
osmFISH Pseudospot,tangram,pseudospot_y43_x12,10616.69200524727,36946.0881782605,Hippocampus_Excitatory
osmFISH Pseudospot,tangram,pseudospot_y43_x13,11466.027365667052,36946.0881782605,Hippocampus_Excitatory
osmFISH Pseudospot,tangram,pseudospot_y43_x14,12315.362726086834,36946.0881782605,Hippocampus_Excitatory
osmFISH Pseudospot,tangram,pseudospot_y43_x15,13164.698086506616,36946.0881782605,Hippocampus_Excitatory
osmFISH Pseudospot,tangram,pseudospot_y43_x16,14014.033446926396,36946.0881782605,Hippocampus_Excitatory
osmFISH Pseudospot,tangram,pseudospot_y43_x17,14863.368807346178,36946.0881782605,Hippocampus_Excitatory
osmFISH Pseudospot,tangram,pseudospot_y43_x18,15712.70416776596,36946.0881782605,Hippocampus_Excitatory
osmFISH Pseudospot,tangram,pseudospot_y43_x19,16562.03952818574,36946.0881782605,Hippocampus_Excitatory
osmFISH Pseudospot,tangram,pseudospot_y43_x20,17411.374888605522,36946.0881782605,Hippocampus_Excitatory
osmFISH Pseudospot,tangram,pseudospot_y43_x21,18260.710249025306,36946.0881782605,Hippocampus_Excitatory
osmFISH Pseudospot,tangram,pseudospot_y43_x22,19110.045609445086,36946.0881782605,Hippocampus_Excitatory
osmFISH Pseudospot,tangram,pseudospot_y43_x23,19959.38096986487,36946.0881782605,Hippocampus_Excitatory
osmFISH Pseudospot,tangram,pseudospot_y43_x24,20808.71633028465,36946.0881782605,Hippocampus_Excitatory
osmFISH Pseudospot,tangram,pseudospot_y43_x25,21658.051690704433,36946.0881782605,Oligodendrocyte
osmFISH Pseudospot,tangram,pseudospot_y43_x27,23356.722411543997,36946.0881782605,Hippocampus_Excitatory
osmFISH Pseudospot,tangram,pseudospot_y43_x28,24206.057771963777,36946.0881782605,Hippocampus_Excitatory
osmFISH Pseudospot,tangram,pseudospot_y44_x0,424.6676802098908,37795.42353868028,Hippocampus_Excitatory
osmFISH Pseudospot,tangram,pseudospot_y44_x1,1274.0030406296723,37795.42353868028,Hippocampus_Excitatory
osmFISH Pseudospot,tangram,pseudospot_y44_x2,2123.338401049454,37795.42353868028,Hippocampus_Excitatory
osmFISH Pseudospot,tangram,pseudospot_y44_x3,2972.6737614692356,37795.42353868028,Hippocampus_Excitatory
osmFISH Pseudospot,tangram,pseudospot_y44_x4,3822.0091218890175,37795.42353868028,Hippocampus_Excitatory
osmFISH Pseudospot,tangram,pseudospot_y44_x5,4671.344482308799,37795.42353868028,Hippocampus_Excitatory
osmFISH Pseudospot,tangram,pseudospot_y44_x6,5520.67984272858,37795.42353868028,Hippocampus_Excitatory
osmFISH Pseudospot,tangram,pseudospot_y44_x7,6370.015203148362,37795.42353868028,Hippocampus_Excitatory
osmFISH Pseudospot,tangram,pseudospot_y44_x8,7219.350563568144,37795.42353868028,Hippocampus_Excitatory
osmFISH Pseudospot,tangram,pseudospot_y44_x9,8068.685923987926,37795.42353868028,Hippocampus_Excitatory
osmFISH Pseudospot,tangram,pseudospot_y44_x10,8918.021284407707,37795.42353868028,Hippocampus_Excitatory
osmFISH Pseudospot,tangram,pseudospot_y44_x11,9767.356644827489,37795.42353868028,Hippocampus_Excitatory
osmFISH Pseudospot,tangram,pseudospot_y44_x12,10616.69200524727,37795.42353868028,Oligodendrocyte
osmFISH Pseudospot,tangram,pseudospot_y44_x13,11466.027365667052,37795.42353868028,Hippocampus_Excitatory
osmFISH Pseudospot,tangram,pseudospot_y44_x14,12315.362726086834,37795.42353868028,Hippocampus_Excitatory
osmFISH Pseudospot,tangram,pseudospot_y44_x15,13164.698086506616,37795.42353868028,Hippocampus_Excitatory
osmFISH Pseudospot,tangram,pseudospot_y44_x16,14014.033446926396,37795.42353868028,Hippocampus_Excitatory
osmFISH Pseudospot,tangram,pseudospot_y44_x17,14863.368807346178,37795.42353868028,Hippocampus_Excitatory
osmFISH Pseudospot,tangram,pseudospot_y44_x18,15712.70416776596,37795.42353868028,Hippocampus_Excitatory
osmFISH Pseudospot,tangram,pseudospot_y44_x19,16562.03952818574,37795.42353868028,Hippocampus_Excitatory
osmFISH Pseudospot,tangram,pseudospot_y44_x20,17411.374888605522,37795.42353868028,Hippocampus_Excitatory
osmFISH Pseudospot,tangram,pseudospot_y44_x21,18260.710249025306,37795.42353868028,Hippocampus_Excitatory
osmFISH Pseudospot,tangram,pseudospot_y44_x22,19110.045609445086,37795.42353868028,Hippocampus_Excitatory
osmFISH Pseudospot,tangram,pseudospot_y44_x24,20808.71633028465,37795.42353868028,Oligodendrocyte
osmFISH Pseudospot,tangram,pseudospot_y44_x26,22507.387051124213,37795.42353868028,Hippocampus_Excitatory
osmFISH Pseudospot,tangram,pseudospot_y45_x0,424.6676802098908,38644.75889910007,Hippocampus_Excitatory
osmFISH Pseudospot,tangram,pseudospot_y45_x2,2123.338401049454,38644.75889910007,Hippocampus_Excitatory
osmFISH Pseudospot,tangram,pseudospot_y45_x3,2972.6737614692356,38644.75889910007,Hippocampus_Excitatory
osmFISH Pseudospot,tangram,pseudospot_y45_x4,3822.0091218890175,38644.75889910007,Hippocampus_Excitatory
osmFISH Pseudospot,tangram,pseudospot_y45_x5,4671.344482308799,38644.75889910007,Hippocampus_Excitatory
osmFISH Pseudospot,tangram,pseudospot_y45_x6,5520.67984272858,38644.75889910007,Hippocampus_Excitatory
osmFISH Pseudospot,tangram,pseudospot_y45_x7,6370.015203148362,38644.75889910007,Hippocampus_Excitatory
osmFISH Pseudospot,tangram,pseudospot_y45_x8,7219.350563568144,38644.75889910007,Hippocampus_Excitatory
osmFISH Pseudospot,tangram,pseudospot_y45_x9,8068.685923987926,38644.75889910007,Hippocampus_Excitatory
osmFISH Pseudospot,tangram,pseudospot_y45_x10,8918.021284407707,38644.75889910007,Hippocampus_Excitatory
osmFISH Pseudospot,tangram,pseudospot_y45_x11,9767.356644827489,38644.75889910007,Hippocampus_Excitatory
osmFISH Pseudospot,tangram,pseudospot_y45_x12,10616.69200524727,38644.75889910007,Hippocampus_Excitatory
osmFISH Pseudospot,tangram,pseudospot_y45_x13,11466.027365667052,38644.75889910007,Hippocampus_Excitatory
osmFISH Pseudospot,tangram,pseudospot_y45_x14,12315.362726086834,38644.75889910007,Hippocampus_Excitatory
osmFISH Pseudospot,tangram,pseudospot_y45_x15,13164.698086506616,38644.75889910007,Hippocampus_Excitatory
osmFISH Pseudospot,tangram,pseudospot_y45_x16,14014.033446926396,38644.75889910007,Hippocampus_Excitatory
osmFISH Pseudospot,tangram,pseudospot_y45_x17,14863.368807346178,38644.75889910007,Hippocampus_Excitatory
osmFISH Pseudospot,tangram,pseudospot_y45_x18,15712.70416776596,38644.75889910007,Hippocampus_Excitatory
osmFISH Pseudospot,tangram,pseudospot_y45_x19,16562.03952818574,38644.75889910007,Hippocampus_Excitatory
osmFISH Pseudospot,tangram,pseudospot_y45_x20,17411.374888605522,38644.75889910007,Hippocampus_Excitatory
osmFISH Pseudospot,tangram,pseudospot_y45_x21,18260.710249025306,38644.75889910007,Hippocampus_Excitatory
osmFISH Pseudospot,tangram,pseudospot_y45_x24,20808.71633028465,38644.75889910007,Hippocampus_Excitatory
osmFISH Pseudospot,tangram,pseudospot_y46_x0,424.6676802098908,39494.09425951984,Hippocampus_Excitatory
osmFISH Pseudospot,tangram,pseudospot_y46_x1,1274.0030406296723,39494.09425951984,Hippocampus_Excitatory
osmFISH Pseudospot,tangram,pseudospot_y46_x2,2123.338401049454,39494.09425951984,Hippocampus_Excitatory
osmFISH Pseudospot,tangram,pseudospot_y46_x3,2972.6737614692356,39494.09425951984,Hippocampus_Excitatory
osmFISH Pseudospot,tangram,pseudospot_y46_x4,3822.0091218890175,39494.09425951984,Hippocampus_Excitatory
osmFISH Pseudospot,tangram,pseudospot_y46_x5,4671.344482308799,39494.09425951984,Hippocampus_Excitatory
osmFISH Pseudospot,tangram,pseudospot_y46_x6,5520.67984272858,39494.09425951984,Hippocampus_Excitatory
osmFISH Pseudospot,tangram,pseudospot_y46_x7,6370.015203148362,39494.09425951984,Hippocampus_Excitatory
osmFISH Pseudospot,tangram,pseudospot_y46_x8,7219.350563568144,39494.09425951984,Hippocampus_Excitatory
osmFISH Pseudospot,tangram,pseudospot_y46_x9,8068.685923987926,39494.09425951984,Hippocampus_Excitatory
osmFISH Pseudospot,tangram,pseudospot_y46_x10,8918.021284407707,39494.09425951984,Hippocampus_Excitatory
osmFISH Pseudospot,tangram,pseudospot_y46_x11,9767.356644827489,39494.09425951984,Hippocampus_Excitatory
osmFISH Pseudospot,tangram,pseudospot_y46_x12,10616.69200524727,39494.09425951984,Hippocampus_Excitatory
osmFISH Pseudospot,tangram,pseudospot_y46_x13,11466.027365667052,39494.09425951984,Hippocampus_Excitatory
osmFISH Pseudospot,tangram,pseudospot_y46_x14,12315.362726086834,39494.09425951984,Hippocampus_Excitatory
osmFISH Pseudospot,tangram,pseudospot_y46_x15,13164.698086506616,39494.09425951984,Hippocampus_Excitatory
osmFISH Pseudospot,tangram,pseudospot_y46_x16,14014.033446926396,39494.09425951984,Hippocampus_Excitatory
osmFISH Pseudospot,tangram,pseudospot_y46_x17,14863.368807346178,39494.09425951984,Hippocampus_Excitatory
osmFISH Pseudospot,tangram,pseudospot_y46_x18,15712.70416776596,39494.09425951984,Hippocampus_Excitatory
osmFISH Pseudospot,tangram,pseudospot_y46_x19,16562.03952818574,39494.09425951984,Hippocampus_Excitatory
osmFISH Pseudospot,tangram,pseudospot_y46_x20,17411.374888605522,39494.09425951984,Hippocampus_Excitatory
osmFISH Pseudospot,tangram,pseudospot_y46_x22,19110.045609445086,39494.09425951984,Hippocampus_Excitatory
osmFISH Pseudospot,tangram,pseudospot_y46_x23,19959.38096986487,39494.09425951984,Hippocampus_Excitatory
osmFISH Pseudospot,tangram,pseudospot_y47_x0,424.6676802098908,40343.42961993963,Oligodendrocyte
osmFISH Pseudospot,tangram,pseudospot_y47_x1,1274.0030406296723,40343.42961993963,Hippocampus_Excitatory
osmFISH Pseudospot,tangram,pseudospot_y47_x2,2123.338401049454,40343.42961993963,Hippocampus_Excitatory
osmFISH Pseudospot,tangram,pseudospot_y47_x3,2972.6737614692356,40343.42961993963,Hippocampus_Excitatory
osmFISH Pseudospot,tangram,pseudospot_y47_x4,3822.0091218890175,40343.42961993963,Hippocampus_Excitatory
osmFISH Pseudospot,tangram,pseudospot_y47_x5,4671.344482308799,40343.42961993963,Hippocampus_Excitatory
osmFISH Pseudospot,tangram,pseudospot_y47_x6,5520.67984272858,40343.42961993963,Hippocampus_Excitatory
osmFISH Pseudospot,tangram,pseudospot_y47_x7,6370.015203148362,40343.42961993963,Hippocampus_Excitatory
osmFISH Pseudospot,tangram,pseudospot_y47_x8,7219.350563568144,40343.42961993963,Hippocampus_Excitatory
osmFISH Pseudospot,tangram,pseudospot_y47_x9,8068.685923987926,40343.42961993963,Hippocampus_Excitatory
osmFISH Pseudospot,tangram,pseudospot_y47_x10,8918.021284407707,40343.42961993963,Hippocampus_Excitatory
osmFISH Pseudospot,tangram,pseudospot_y47_x11,9767.356644827489,40343.42961993963,Hippocampus_Excitatory
osmFISH Pseudospot,tangram,pseudospot_y47_x12,10616.69200524727,40343.42961993963,Hippocampus_Excitatory
osmFISH Pseudospot,tangram,pseudospot_y47_x13,11466.027365667052,40343.42961993963,Hippocampus_Excitatory
osmFISH Pseudospot,tangram,pseudospot_y47_x14,12315.362726086834,40343.42961993963,Hippocampus_Excitatory
osmFISH Pseudospot,tangram,pseudospot_y47_x15,13164.698086506616,40343.42961993963,Hippocampus_Excitatory
osmFISH Pseudospot,tangram,pseudospot_y47_x16,14014.033446926396,40343.42961993963,Hippocampus_Excitatory
osmFISH Pseudospot,tangram,pseudospot_y47_x17,14863.368807346178,40343.42961993963,Hippocampus_Excitatory
osmFISH Pseudospot,tangram,pseudospot_y47_x20,17411.374888605522,40343.42961993963,Hippocampus_Excitatory
osmFISH Pseudospot,tangram,pseudospot_y47_x21,18260.710249025306,40343.42961993963,Hippocampus_Excitatory
osmFISH Pseudospot,tangram,pseudospot_y48_x0,424.6676802098908,41192.76498035941,Hippocampus_Excitatory
osmFISH Pseudospot,tangram,pseudospot_y48_x1,1274.0030406296723,41192.76498035941,Hippocampus_Excitatory
osmFISH Pseudospot,tangram,pseudospot_y48_x2,2123.338401049454,41192.76498035941,Hippocampus_Excitatory
osmFISH Pseudospot,tangram,pseudospot_y48_x3,2972.6737614692356,41192.76498035941,Hippocampus_Excitatory
osmFISH Pseudospot,tangram,pseudospot_y48_x4,3822.0091218890175,41192.76498035941,Hippocampus_Excitatory
osmFISH Pseudospot,tangram,pseudospot_y48_x5,4671.344482308799,41192.76498035941,Hippocampus_Excitatory
osmFISH Pseudospot,tangram,pseudospot_y48_x6,5520.67984272858,41192.76498035941,Oligodendrocyte
osmFISH Pseudospot,tangram,pseudospot_y48_x7,6370.015203148362,41192.76498035941,Hippocampus_Excitatory
osmFISH Pseudospot,tangram,pseudospot_y48_x8,7219.350563568144,41192.76498035941,Hippocampus_Excitatory
osmFISH Pseudospot,tangram,pseudospot_y48_x9,8068.685923987926,41192.76498035941,Hippocampus_Excitatory
osmFISH Pseudospot,tangram,pseudospot_y48_x10,8918.021284407707,41192.76498035941,Hippocampus_Excitatory
osmFISH Pseudospot,tangram,pseudospot_y48_x11,9767.356644827489,41192.76498035941,Hippocampus_Excitatory
osmFISH Pseudospot,tangram,pseudospot_y48_x13,11466.027365667052,41192.76498035941,Hippocampus_Excitatory
osmFISH Pseudospot,tangram,pseudospot_y48_x14,12315.362726086834,41192.76498035941,Hippocampus_Excitatory
osmFISH Pseudospot,tangram,pseudospot_y48_x15,13164.698086506616,41192.76498035941,Hippocampus_Excitatory
osmFISH Pseudospot,tangram,pseudospot_y48_x16,14014.033446926396,41192.76498035941,Hippocampus_Excitatory
osmFISH Pseudospot,tangram,pseudospot_y48_x17,14863.368807346178,41192.76498035941,Hippocampus_Excitatory
osmFISH Pseudospot,tangram,pseudospot_y48_x18,15712.70416776596,41192.76498035941,Hippocampus_Excitatory
osmFISH Pseudospot,tangram,pseudospot_y48_x19,16562.03952818574,41192.76498035941,Hippocampus_Excitatory
osmFISH Pseudospot,tangram,pseudospot_y48_x20,17411.374888605522,41192.76498035941,Hippocampus_Excitatory
osmFISH Pseudospot,tangram,pseudospot_y49_x0,424.6676802098908,42042.100340779194,Hippocampus_Excitatory
osmFISH Pseudospot,tangram,pseudospot_y49_x1,1274.0030406296723,42042.100340779194,Hippocampus_Excitatory
osmFISH Pseudospot,tangram,pseudospot_y49_x2,2123.338401049454,42042.100340779194,Hippocampus_Excitatory
osmFISH Pseudospot,tangram,pseudospot_y49_x3,2972.6737614692356,42042.100340779194,Hippocampus_Excitatory
osmFISH Pseudospot,tangram,pseudospot_y49_x4,3822.0091218890175,42042.100340779194,Hippocampus_Excitatory
osmFISH Pseudospot,tangram,pseudospot_y49_x5,4671.344482308799,42042.100340779194,Hippocampus_Excitatory
osmFISH Pseudospot,tangram,pseudospot_y49_x6,5520.67984272858,42042.100340779194,Hippocampus_Excitatory
osmFISH Pseudospot,tangram,pseudospot_y49_x7,6370.015203148362,42042.100340779194,Hippocampus_Excitatory
osmFISH Pseudospot,tangram,pseudospot_y49_x8,7219.350563568144,42042.100340779194,Hippocampus_Excitatory
osmFISH Pseudospot,tangram,pseudospot_y49_x9,8068.685923987926,42042.100340779194,Hippocampus_Excitatory
osmFISH Pseudospot,tangram,pseudospot_y49_x10,8918.021284407707,42042.100340779194,Hippocampus_Excitatory
osmFISH Pseudospot,tangram,pseudospot_y49_x11,9767.356644827489,42042.100340779194,Hippocampus_Excitatory
osmFISH Pseudospot,tangram,pseudospot_y49_x12,10616.69200524727,42042.100340779194,Hippocampus_Excitatory
osmFISH Pseudospot,tangram,pseudospot_y49_x13,11466.027365667052,42042.100340779194,Hippocampus_Excitatory
osmFISH Pseudospot,tangram,pseudospot_y49_x14,12315.362726086834,42042.100340779194,Hippocampus_Excitatory
osmFISH Pseudospot,tangram,pseudospot_y49_x15,13164.698086506616,42042.100340779194,Hippocampus_Excitatory
osmFISH Pseudospot,tangram,pseudospot_y49_x17,14863.368807346178,42042.100340779194,Hippocampus_Excitatory
osmFISH Pseudospot,tangram,pseudospot_y49_x18,15712.70416776596,42042.100340779194,Hippocampus_Excitatory
osmFISH Pseudospot,tangram,pseudospot_y50_x0,424.6676802098908,42891.43570119897,Hippocampus_Excitatory
osmFISH Pseudospot,tangram,pseudospot_y50_x1,1274.0030406296723,42891.43570119897,Hippocampus_Excitatory
osmFISH Pseudospot,tangram,pseudospot_y50_x2,2123.338401049454,42891.43570119897,Hippocampus_Excitatory
osmFISH Pseudospot,tangram,pseudospot_y50_x3,2972.6737614692356,42891.43570119897,Hippocampus_Excitatory
osmFISH Pseudospot,tangram,pseudospot_y50_x4,3822.0091218890175,42891.43570119897,Hippocampus_Excitatory
osmFISH Pseudospot,tangram,pseudospot_y50_x5,4671.344482308799,42891.43570119897,Hippocampus_Excitatory
osmFISH Pseudospot,tangram,pseudospot_y50_x6,5520.67984272858,42891.43570119897,Hippocampus_Excitatory
osmFISH Pseudospot,tangram,pseudospot_y50_x7,6370.015203148362,42891.43570119897,Hippocampus_Excitatory
osmFISH Pseudospot,tangram,pseudospot_y50_x8,7219.350563568144,42891.43570119897,Hippocampus_Excitatory
osmFISH Pseudospot,tangram,pseudospot_y50_x9,8068.685923987926,42891.43570119897,Hippocampus_Excitatory
osmFISH Pseudospot,tangram,pseudospot_y50_x10,8918.021284407707,42891.43570119897,Hippocampus_Excitatory
osmFISH Pseudospot,tangram,pseudospot_y50_x11,9767.356644827489,42891.43570119897,Hippocampus_Excitatory
osmFISH Pseudospot,tangram,pseudospot_y50_x12,10616.69200524727,42891.43570119897,Hippocampus_Excitatory
osmFISH Pseudospot,tangram,pseudospot_y50_x13,11466.027365667052,42891.43570119897,Hippocampus_Excitatory
osmFISH Pseudospot,tangram,pseudospot_y50_x14,12315.362726086834,42891.43570119897,Hippocampus_Excitatory
osmFISH Pseudospot,tangram,pseudospot_y50_x15,13164.698086506616,42891.43570119897,Hippocampus_Excitatory
osmFISH Pseudospot,tangram,pseudospot_y50_x16,14014.033446926396,42891.43570119897,Oligodendrocyte
osmFISH Pseudospot,tangram,pseudospot_y50_x17,14863.368807346178,42891.43570119897,Hippocampus_Excitatory
osmFISH Pseudospot,tangram,pseudospot_y51_x0,424.6676802098908,43740.771061618754,Hippocampus_Excitatory
osmFISH Pseudospot,tangram,pseudospot_y51_x1,1274.0030406296723,43740.771061618754,Hippocampus_Excitatory
osmFISH Pseudospot,tangram,pseudospot_y51_x2,2123.338401049454,43740.771061618754,Hippocampus_Excitatory
osmFISH Pseudospot,tangram,pseudospot_y51_x3,2972.6737614692356,43740.771061618754,Hippocampus_Excitatory
osmFISH Pseudospot,tangram,pseudospot_y51_x5,4671.344482308799,43740.771061618754,Hippocampus_Excitatory
osmFISH Pseudospot,tangram,pseudospot_y51_x6,5520.67984272858,43740.771061618754,Hippocampus_Excitatory
osmFISH Pseudospot,tangram,pseudospot_y51_x7,6370.015203148362,43740.771061618754,Hippocampus_Excitatory
osmFISH Pseudospot,tangram,pseudospot_y51_x8,7219.350563568144,43740.771061618754,Hippocampus_Excitatory
osmFISH Pseudospot,tangram,pseudospot_y51_x9,8068.685923987926,43740.771061618754,Hippocampus_Excitatory
osmFISH Pseudospot,tangram,pseudospot_y51_x10,8918.021284407707,43740.771061618754,Hippocampus_Excitatory
osmFISH Pseudospot,tangram,pseudospot_y51_x11,9767.356644827489,43740.771061618754,Hippocampus_Excitatory
osmFISH Pseudospot,tangram,pseudospot_y51_x12,10616.69200524727,43740.771061618754,Hippocampus_Excitatory
osmFISH Pseudospot,tangram,pseudospot_y51_x14,12315.362726086834,43740.771061618754,Oligodendrocyte
osmFISH Pseudospot,tangram,pseudospot_y51_x15,13164.698086506616,43740.771061618754,Oligodendrocyte
osmFISH Pseudospot,tangram,pseudospot_y52_x0,424.6676802098908,44590.10642203854,Hippocampus_Excitatory
osmFISH Pseudospot,tangram,pseudospot_y52_x1,1274.0030406296723,44590.10642203854,Hippocampus_Excitatory
osmFISH Pseudospot,tangram,pseudospot_y52_x2,2123.338401049454,44590.10642203854,Hippocampus_Excitatory
osmFISH Pseudospot,tangram,pseudospot_y52_x3,2972.6737614692356,44590.10642203854,Hippocampus_Excitatory
osmFISH Pseudospot,tangram,pseudospot_y52_x4,3822.0091218890175,44590.10642203854,Hippocampus_Excitatory
osmFISH Pseudospot,tangram,pseudospot_y52_x5,4671.344482308799,44590.10642203854,Hippocampus_Excitatory
osmFISH Pseudospot,tangram,pseudospot_y52_x6,5520.67984272858,44590.10642203854,Hippocampus_Excitatory
osmFISH Pseudospot,tangram,pseudospot_y52_x7,6370.015203148362,44590.10642203854,Hippocampus_Excitatory
osmFISH Pseudospot,tangram,pseudospot_y52_x8,7219.350563568144,44590.10642203854,Hippocampus_Excitatory
osmFISH Pseudospot,tangram,pseudospot_y52_x9,8068.685923987926,44590.10642203854,Hippocampus_Excitatory
osmFISH Pseudospot,tangram,pseudospot_y52_x10,8918.021284407707,44590.10642203854,Hippocampus_Excitatory
osmFISH Pseudospot,tangram,pseudospot_y52_x11,9767.356644827489,44590.10642203854,Hippocampus_Excitatory
osmFISH Pseudospot,tangram,pseudospot_y52_x12,10616.69200524727,44590.10642203854,Hippocampus_Excitatory
osmFISH Pseudospot,tangram,pseudospot_y53_x0,424.6676802098908,45439.441782458314,Hippocampus_Excitatory
osmFISH Pseudospot,tangram,pseudospot_y53_x1,1274.0030406296723,45439.441782458314,Hippocampus_Excitatory
osmFISH Pseudospot,tangram,pseudospot_y53_x2,2123.338401049454,45439.441782458314,Hippocampus_Excitatory
osmFISH Pseudospot,tangram,pseudospot_y53_x3,2972.6737614692356,45439.441782458314,Hippocampus_Excitatory
osmFISH Pseudospot,tangram,pseudospot_y53_x4,3822.0091218890175,45439.441782458314,Hippocampus_Excitatory
osmFISH Pseudospot,tangram,pseudospot_y53_x5,4671.344482308799,45439.441782458314,Hippocampus_Excitatory
osmFISH Pseudospot,tangram,pseudospot_y53_x6,5520.67984272858,45439.441782458314,Hippocampus_Excitatory
osmFISH Pseudospot,tangram,pseudospot_y53_x7,6370.015203148362,45439.441782458314,Hippocampus_Excitatory
osmFISH Pseudospot,tangram,pseudospot_y53_x8,7219.350563568144,45439.441782458314,Hippocampus_Excitatory
osmFISH Pseudospot,tangram,pseudospot_y53_x9,8068.685923987926,45439.441782458314,Hippocampus_Excitatory
osmFISH Pseudospot,tangram,pseudospot_y53_x10,8918.021284407707,45439.441782458314,Hippocampus_Excitatory
osmFISH Pseudospot,tangram,pseudospot_y54_x0,424.6676802098908,46288.7771428781,Hippocampus_Excitatory
osmFISH Pseudospot,tangram,pseudospot_y54_x1,1274.0030406296723,46288.7771428781,Hippocampus_Excitatory
osmFISH Pseudospot,tangram,pseudospot_y54_x2,2123.338401049454,46288.7771428781,Hippocampus_Excitatory
osmFISH Pseudospot,tangram,pseudospot_y54_x3,2972.6737614692356,46288.7771428781,Hippocampus_Excitatory
osmFISH Pseudospot,tangram,pseudospot_y54_x4,3822.0091218890175,46288.7771428781,Hippocampus_Excitatory
osmFISH Pseudospot,tangram,pseudospot_y54_x5,4671.344482308799,46288.7771428781,Hippocampus_Excitatory
osmFISH Pseudospot,tangram,pseudospot_y54_x7,6370.015203148362,46288.7771428781,Hippocampus_Excitatory
osmFISH Pseudospot,tangram,pseudospot_y54_x10,8918.021284407707,46288.7771428781,Hippocampus_Excitatory
osmFISH Pseudospot,tangram,pseudospot_y55_x2,2123.338401049454,47138.11250329788,Hippocampus_Excitatory
osmFISH Pseudospot,tangram,pseudospot_y55_x3,2972.6737614692356,47138.11250329788,Hippocampus_Excitatory
osmFISH Pseudospot,tangram,pseudospot_y55_x4,3822.0091218890175,47138.11250329788,Hippocampus_Excitatory
osmFISH Pseudospot,tangram,pseudospot_y55_x5,4671.344482308799,47138.11250329788,Hippocampus_Excitatory
osmFISH Pseudospot,tangram,pseudospot_y55_x6,5520.67984272858,47138.11250329788,Hippocampus_Excitatory
osmFISH Pseudospot,tangram,pseudospot_y55_x12,10616.69200524727,47138.11250329788,Oligodendrocyte
osmFISH Pseudospot,tangram,pseudospot_y56_x0,424.6676802098908,47987.447863717665,Hippocampus_Excitatory
osmFISH Pseudospot,tangram,pseudospot_y56_x1,1274.0030406296723,47987.447863717665,Hippocampus_Excitatory
osmFISH Pseudospot,tangram,pseudospot_y56_x2,2123.338401049454,47987.447863717665,Hippocampus_Excitatory
osmFISH Pseudospot,cytospace,pseudospot_y0_x15,13164.698086506616,424.6676802098908,Hippocampus_Excitatory
osmFISH Pseudospot,cytospace,pseudospot_y0_x16,14014.033446926396,424.6676802098908,Other
osmFISH Pseudospot,cytospace,pseudospot_y0_x17,14863.368807346178,424.6676802098908,Hippocampus_Excitatory
osmFISH Pseudospot,cytospace,pseudospot_y0_x18,15712.70416776596,424.6676802098908,Hippocampus_Excitatory
osmFISH Pseudospot,cytospace,pseudospot_y0_x19,16562.03952818574,424.6676802098908,Ependymal
osmFISH Pseudospot,cytospace,pseudospot_y0_x20,17411.374888605522,424.6676802098908,Hippocampus_Excitatory
osmFISH Pseudospot,cytospace,pseudospot_y0_x21,18260.710249025306,424.6676802098908,Hippocampus_Excitatory
osmFISH Pseudospot,cytospace,pseudospot_y1_x15,13164.698086506616,1274.0030406296723,Ependymal
osmFISH Pseudospot,cytospace,pseudospot_y1_x17,14863.368807346178,1274.0030406296723,Hippocampus_Excitatory
osmFISH Pseudospot,cytospace,pseudospot_y1_x18,15712.70416776596,1274.0030406296723,Ependymal
osmFISH Pseudospot,cytospace,pseudospot_y1_x19,16562.03952818574,1274.0030406296723,Other
osmFISH Pseudospot,cytospace,pseudospot_y1_x21,18260.710249025306,1274.0030406296723,Other
osmFISH Pseudospot,cytospace,pseudospot_y2_x15,13164.698086506616,2123.338401049454,Hippocampus_Excitatory
osmFISH Pseudospot,cytospace,pseudospot_y2_x16,14014.033446926396,2123.338401049454,Hippocampus_Excitatory
osmFISH Pseudospot,cytospace,pseudospot_y2_x17,14863.368807346178,2123.338401049454,Ependymal
osmFISH Pseudospot,cytospace,pseudospot_y2_x18,15712.70416776596,2123.338401049454,Ependymal
osmFISH Pseudospot,cytospace,pseudospot_y2_x19,16562.03952818574,2123.338401049454,Other
osmFISH Pseudospot,cytospace,pseudospot_y2_x20,17411.374888605522,2123.338401049454,Ependymal
osmFISH Pseudospot,cytospace,pseudospot_y2_x21,18260.710249025306,2123.338401049454,Hippocampus_Excitatory
osmFISH Pseudospot,cytospace,pseudospot_y3_x15,13164.698086506616,2972.6737614692356,Hippocampus_Excitatory
osmFISH Pseudospot,cytospace,pseudospot_y3_x16,14014.033446926396,2972.6737614692356,Hippocampus_Excitatory
osmFISH Pseudospot,cytospace,pseudospot_y3_x17,14863.368807346178,2972.6737614692356,Other
osmFISH Pseudospot,cytospace,pseudospot_y3_x18,15712.70416776596,2972.6737614692356,Other
osmFISH Pseudospot,cytospace,pseudospot_y3_x19,16562.03952818574,2972.6737614692356,Ependymal
osmFISH Pseudospot,cytospace,pseudospot_y3_x20,17411.374888605522,2972.6737614692356,Hippocampus_Excitatory
osmFISH Pseudospot,cytospace,pseudospot_y3_x21,18260.710249025306,2972.6737614692356,Hippocampus_Excitatory
osmFISH Pseudospot,cytospace,pseudospot_y4_x15,13164.698086506616,3822.0091218890175,Hippocampus_Excitatory
osmFISH Pseudospot,cytospace,pseudospot_y4_x16,14014.033446926396,3822.0091218890175,Hippocampus_Excitatory
osmFISH Pseudospot,cytospace,pseudospot_y4_x17,14863.368807346178,3822.0091218890175,Other
osmFISH Pseudospot,cytospace,pseudospot_y4_x18,15712.70416776596,3822.0091218890175,Other
osmFISH Pseudospot,cytospace,pseudospot_y4_x19,16562.03952818574,3822.0091218890175,Ependymal
osmFISH Pseudospot,cytospace,pseudospot_y4_x20,17411.374888605522,3822.0091218890175,Hippocampus_Excitatory
osmFISH Pseudospot,cytospace,pseudospot_y4_x21,18260.710249025306,3822.0091218890175,Hippocampus_Excitatory
osmFISH Pseudospot,cytospace,pseudospot_y5_x15,13164.698086506616,4671.344482308799,Ependymal
osmFISH Pseudospot,cytospace,pseudospot_y5_x16,14014.033446926396,4671.344482308799,Ependymal
osmFISH Pseudospot,cytospace,pseudospot_y5_x17,14863.368807346178,4671.344482308799,Other
osmFISH Pseudospot,cytospace,pseudospot_y5_x18,15712.70416776596,4671.344482308799,Other
osmFISH Pseudospot,cytospace,pseudospot_y5_x19,16562.03952818574,4671.344482308799,Ependymal
osmFISH Pseudospot,cytospace,pseudospot_y5_x20,17411.374888605522,4671.344482308799,Hippocampus_Excitatory
osmFISH Pseudospot,cytospace,pseudospot_y5_x21,18260.710249025306,4671.344482308799,Hippocampus_Excitatory
osmFISH Pseudospot,cytospace,pseudospot_y5_x23,19959.38096986487,4671.344482308799,Hippocampus_Excitatory
osmFISH Pseudospot,cytospace,pseudospot_y5_x24,20808.71633028465,4671.344482308799,Hippocampus_Excitatory
osmFISH Pseudospot,cytospace,pseudospot_y6_x15,13164.698086506616,5520.67984272858,Hippocampus_Excitatory
osmFISH Pseudospot,cytospace,pseudospot_y6_x16,14014.033446926396,5520.67984272858,Ependymal
osmFISH Pseudospot,cytospace,pseudospot_y6_x17,14863.368807346178,5520.67984272858,Ependymal
osmFISH Pseudospot,cytospace,pseudospot_y6_x19,16562.03952818574,5520.67984272858,Other
osmFISH Pseudospot,cytospace,pseudospot_y6_x20,17411.374888605522,5520.67984272858,Hippocampus_Excitatory
osmFISH Pseudospot,cytospace,pseudospot_y6_x21,18260.710249025306,5520.67984272858,Hippocampus_Excitatory
osmFISH Pseudospot,cytospace,pseudospot_y6_x22,19110.045609445086,5520.67984272858,Hippocampus_Excitatory
osmFISH Pseudospot,cytospace,pseudospot_y6_x23,19959.38096986487,5520.67984272858,Hippocampus_Excitatory
osmFISH Pseudospot,cytospace,pseudospot_y7_x15,13164.698086506616,6370.015203148362,Other
osmFISH Pseudospot,cytospace,pseudospot_y7_x16,14014.033446926396,6370.015203148362,Hippocampus_Excitatory
osmFISH Pseudospot,cytospace,pseudospot_y7_x17,14863.368807346178,6370.015203148362,Other
osmFISH Pseudospot,cytospace,pseudospot_y7_x18,15712.70416776596,6370.015203148362,Hippocampus_Excitatory
osmFISH Pseudospot,cytospace,pseudospot_y7_x19,16562.03952818574,6370.015203148362,Ependymal
osmFISH Pseudospot,cytospace,pseudospot_y7_x20,17411.374888605522,6370.015203148362,Ependymal
osmFISH Pseudospot,cytospace,pseudospot_y7_x21,18260.710249025306,6370.015203148362,Hippocampus_Excitatory
osmFISH Pseudospot,cytospace,pseudospot_y7_x22,19110.045609445086,6370.015203148362,Hippocampus_Excitatory
osmFISH Pseudospot,cytospace,pseudospot_y7_x23,19959.38096986487,6370.015203148362,Hippocampus_Excitatory
osmFISH Pseudospot,cytospace,pseudospot_y7_x24,20808.71633028465,6370.015203148362,Hippocampus_Excitatory
osmFISH Pseudospot,cytospace,pseudospot_y8_x15,13164.698086506616,7219.350563568144,Other
osmFISH Pseudospot,cytospace,pseudospot_y8_x16,14014.033446926396,7219.350563568144,Other
osmFISH Pseudospot,cytospace,pseudospot_y8_x20,17411.374888605522,7219.350563568144,Other
osmFISH Pseudospot,cytospace,pseudospot_y8_x21,18260.710249025306,7219.350563568144,Hippocampus_Excitatory
osmFISH Pseudospot,cytospace,pseudospot_y8_x22,19110.045609445086,7219.350563568144,Hippocampus_Excitatory
osmFISH Pseudospot,cytospace,pseudospot_y8_x23,19959.38096986487,7219.350563568144,Hippocampus_Excitatory
osmFISH Pseudospot,cytospace,pseudospot_y9_x15,13164.698086506616,8068.685923987926,Hippocampus_Excitatory
osmFISH Pseudospot,cytospace,pseudospot_y9_x16,14014.033446926396,8068.685923987926,Hippocampus_Excitatory
osmFISH Pseudospot,cytospace,pseudospot_y9_x17,14863.368807346178,8068.685923987926,Hippocampus_Excitatory
osmFISH Pseudospot,cytospace,pseudospot_y9_x19,16562.03952818574,8068.685923987926,Ependymal
osmFISH Pseudospot,cytospace,pseudospot_y9_x20,17411.374888605522,8068.685923987926,Other
osmFISH Pseudospot,cytospace,pseudospot_y9_x21,18260.710249025306,8068.685923987926,Hippocampus_Excitatory
osmFISH Pseudospot,cytospace,pseudospot_y9_x22,19110.045609445086,8068.685923987926,Hippocampus_Excitatory
osmFISH Pseudospot,cytospace,pseudospot_y9_x23,19959.38096986487,8068.685923987926,Hippocampus_Excitatory
osmFISH Pseudospot,cytospace,pseudospot_y10_x15,13164.698086506616,8918.021284407707,Hippocampus_Excitatory
osmFISH Pseudospot,cytospace,pseudospot_y10_x16,14014.033446926396,8918.021284407707,Ependymal
osmFISH Pseudospot,cytospace,pseudospot_y10_x17,14863.368807346178,8918.021284407707,Other
osmFISH Pseudospot,cytospace,pseudospot_y10_x18,15712.70416776596,8918.021284407707,Hippocampus_Excitatory
osmFISH Pseudospot,cytospace,pseudospot_y10_x19,16562.03952818574,8918.021284407707,Ependymal
osmFISH Pseudospot,cytospace,pseudospot_y10_x20,17411.374888605522,8918.021284407707,Hippocampus_Excitatory
osmFISH Pseudospot,cytospace,pseudospot_y10_x21,18260.710249025306,8918.021284407707,S1_Excitatory
osmFISH Pseudospot,cytospace,pseudospot_y10_x22,19110.045609445086,8918.021284407707,Hippocampus_Excitatory
osmFISH Pseudospot,cytospace,pseudospot_y10_x23,19959.38096986487,8918.021284407707,Hippocampus_Excitatory
osmFISH Pseudospot,cytospace,pseudospot_y10_x24,20808.71633028465,8918.021284407707,Hippocampus_Excitatory
osmFISH Pseudospot,cytospace,pseudospot_y11_x15,13164.698086506616,9767.356644827489,Hippocampus_Excitatory
osmFISH Pseudospot,cytospace,pseudospot_y11_x16,14014.033446926396,9767.356644827489,Ependymal
osmFISH Pseudospot,cytospace,pseudospot_y11_x17,14863.368807346178,9767.356644827489,Ependymal
osmFISH Pseudospot,cytospace,pseudospot_y11_x18,15712.70416776596,9767.356644827489,Other
osmFISH Pseudospot,cytospace,pseudospot_y11_x19,16562.03952818574,9767.356644827489,Ependymal
osmFISH Pseudospot,cytospace,pseudospot_y11_x20,17411.374888605522,9767.356644827489,Other
osmFISH Pseudospot,cytospace,pseudospot_y11_x21,18260.710249025306,9767.356644827489,Hippocampus_Excitatory
osmFISH Pseudospot,cytospace,pseudospot_y11_x22,19110.045609445086,9767.356644827489,Hippocampus_Excitatory
osmFISH Pseudospot,cytospace,pseudospot_y11_x23,19959.38096986487,9767.356644827489,Hippocampus_Excitatory
osmFISH Pseudospot,cytospace,pseudospot_y12_x15,13164.698086506616,10616.69200524727,Other
osmFISH Pseudospot,cytospace,pseudospot_y12_x16,14014.033446926396,10616.69200524727,Other
osmFISH Pseudospot,cytospace,pseudospot_y12_x17,14863.368807346178,10616.69200524727,Ependymal
osmFISH Pseudospot,cytospace,pseudospot_y12_x18,15712.70416776596,10616.69200524727,Hippocampus_Excitatory
osmFISH Pseudospot,cytospace,pseudospot_y12_x19,16562.03952818574,10616.69200524727,Hippocampus_Excitatory
osmFISH Pseudospot,cytospace,pseudospot_y12_x21,18260.710249025306,10616.69200524727,Hippocampus_Excitatory
osmFISH Pseudospot,cytospace,pseudospot_y12_x22,19110.045609445086,10616.69200524727,Hippocampus_Excitatory
osmFISH Pseudospot,cytospace,pseudospot_y12_x23,19959.38096986487,10616.69200524727,Hippocampus_Excitatory
osmFISH Pseudospot,cytospace,pseudospot_y12_x24,20808.71633028465,10616.69200524727,Hippocampus_Excitatory
osmFISH Pseudospot,cytospace,pseudospot_y13_x15,13164.698086506616,11466.027365667052,Other
osmFISH Pseudospot,cytospace,pseudospot_y13_x16,14014.033446926396,11466.027365667052,Hippocampus_Excitatory
osmFISH Pseudospot,cytospace,pseudospot_y13_x18,15712.70416776596,11466.027365667052,Other
osmFISH Pseudospot,cytospace,pseudospot_y13_x19,16562.03952818574,11466.027365667052,Ependymal
osmFISH Pseudospot,cytospace,pseudospot_y13_x20,17411.374888605522,11466.027365667052,Ependymal
osmFISH Pseudospot,cytospace,pseudospot_y13_x21,18260.710249025306,11466.027365667052,Other
osmFISH Pseudospot,cytospace,pseudospot_y13_x22,19110.045609445086,11466.027365667052,Hippocampus_Excitatory
osmFISH Pseudospot,cytospace,pseudospot_y13_x23,19959.38096986487,11466.027365667052,Hippocampus_Excitatory
osmFISH Pseudospot,cytospace,pseudospot_y13_x24,20808.71633028465,11466.027365667052,Hippocampus_Excitatory
osmFISH Pseudospot,cytospace,pseudospot_y14_x15,13164.698086506616,12315.362726086834,Other
osmFISH Pseudospot,cytospace,pseudospot_y14_x16,14014.033446926396,12315.362726086834,Other
osmFISH Pseudospot,cytospace,pseudospot_y14_x19,16562.03952818574,12315.362726086834,Hippocampus_Excitatory
osmFISH Pseudospot,cytospace,pseudospot_y14_x20,17411.374888605522,12315.362726086834,Other
osmFISH Pseudospot,cytospace,pseudospot_y14_x21,18260.710249025306,12315.362726086834,Ependymal
osmFISH Pseudospot,cytospace,pseudospot_y14_x22,19110.045609445086,12315.362726086834,Ependymal
osmFISH Pseudospot,cytospace,pseudospot_y14_x23,19959.38096986487,12315.362726086834,Other
osmFISH Pseudospot,cytospace,pseudospot_y14_x24,20808.71633028465,12315.362726086834,Ependymal
osmFISH Pseudospot,cytospace,pseudospot_y15_x15,13164.698086506616,13164.698086506616,Hippocampus_Excitatory
osmFISH Pseudospot,cytospace,pseudospot_y15_x19,16562.03952818574,13164.698086506616,Hippocampus_Excitatory
osmFISH Pseudospot,cytospace,pseudospot_y15_x20,17411.374888605522,13164.698086506616,Ependymal
osmFISH Pseudospot,cytospace,pseudospot_y15_x21,18260.710249025306,13164.698086506616,Ependymal
osmFISH Pseudospot,cytospace,pseudospot_y15_x22,19110.045609445086,13164.698086506616,Hippocampus_Excitatory
osmFISH Pseudospot,cytospace,pseudospot_y15_x23,19959.38096986487,13164.698086506616,Hippocampus_Excitatory
osmFISH Pseudospot,cytospace,pseudospot_y16_x18,15712.70416776596,14014.033446926396,Other
osmFISH Pseudospot,cytospace,pseudospot_y16_x19,16562.03952818574,14014.033446926396,Ependymal
osmFISH Pseudospot,cytospace,pseudospot_y16_x20,17411.374888605522,14014.033446926396,Ependymal
osmFISH Pseudospot,cytospace,pseudospot_y16_x21,18260.710249025306,14014.033446926396,Ependymal
osmFISH Pseudospot,cytospace,pseudospot_y16_x22,19110.045609445086,14014.033446926396,Other
osmFISH Pseudospot,cytospace,pseudospot_y16_x23,19959.38096986487,14014.033446926396,Hippocampus_Excitatory
osmFISH Pseudospot,cytospace,pseudospot_y17_x20,17411.374888605522,14863.368807346178,Hippocampus_Excitatory
osmFISH Pseudospot,cytospace,pseudospot_y17_x21,18260.710249025306,14863.368807346178,Hippocampus_Excitatory
osmFISH Pseudospot,cytospace,pseudospot_y17_x22,19110.045609445086,14863.368807346178,Hippocampus_Excitatory
osmFISH Pseudospot,cytospace,pseudospot_y17_x23,19959.38096986487,14863.368807346178,Hippocampus_Excitatory
osmFISH Pseudospot,cytospace,pseudospot_y18_x15,13164.698086506616,15712.70416776596,Hippocampus_Excitatory
osmFISH Pseudospot,cytospace,pseudospot_y18_x16,14014.033446926396,15712.70416776596,Hippocampus_Excitatory
osmFISH Pseudospot,cytospace,pseudospot_y18_x19,16562.03952818574,15712.70416776596,Ependymal
osmFISH Pseudospot,cytospace,pseudospot_y18_x20,17411.374888605522,15712.70416776596,Hippocampus_Excitatory
osmFISH Pseudospot,cytospace,pseudospot_y18_x21,18260.710249025306,15712.70416776596,Other
osmFISH Pseudospot,cytospace,pseudospot_y18_x23,19959.38096986487,15712.70416776596,Hippocampus_Excitatory
osmFISH Pseudospot,cytospace,pseudospot_y19_x15,13164.698086506616,16562.03952818574,Hippocampus_Excitatory
osmFISH Pseudospot,cytospace,pseudospot_y19_x16,14014.033446926396,16562.03952818574,Hippocampus_Excitatory
osmFISH Pseudospot,cytospace,pseudospot_y19_x18,15712.70416776596,16562.03952818574,Other
osmFISH Pseudospot,cytospace,pseudospot_y19_x19,16562.03952818574,16562.03952818574,Ependymal
osmFISH Pseudospot,cytospace,pseudospot_y19_x20,17411.374888605522,16562.03952818574,Hippocampus_Excitatory
osmFISH Pseudospot,cytospace,pseudospot_y19_x21,18260.710249025306,16562.03952818574,Hippocampus_Excitatory
osmFISH Pseudospot,cytospace,pseudospot_y19_x22,19110.045609445086,16562.03952818574,Hippocampus_Excitatory
osmFISH Pseudospot,cytospace,pseudospot_y19_x23,19959.38096986487,16562.03952818574,Hippocampus_Excitatory
osmFISH Pseudospot,cytospace,pseudospot_y19_x24,20808.71633028465,16562.03952818574,Hippocampus_Excitatory
osmFISH Pseudospot,cytospace,pseudospot_y20_x15,13164.698086506616,17411.374888605522,Hippocampus_Excitatory
osmFISH Pseudospot,cytospace,pseudospot_y20_x16,14014.033446926396,17411.374888605522,Hippocampus_Excitatory
osmFISH Pseudospot,cytospace,pseudospot_y20_x17,14863.368807346178,17411.374888605522,Hippocampus_Excitatory
osmFISH Pseudospot,cytospace,pseudospot_y20_x18,15712.70416776596,17411.374888605522,Hippocampus_Excitatory
osmFISH Pseudospot,cytospace,pseudospot_y20_x19,16562.03952818574,17411.374888605522,Hippocampus_Excitatory
osmFISH Pseudospot,cytospace,pseudospot_y20_x20,17411.374888605522,17411.374888605522,Other
osmFISH Pseudospot,cytospace,pseudospot_y20_x21,18260.710249025306,17411.374888605522,Ependymal
osmFISH Pseudospot,cytospace,pseudospot_y20_x22,19110.045609445086,17411.374888605522,Hippocampus_Excitatory
osmFISH Pseudospot,cytospace,pseudospot_y20_x23,19959.38096986487,17411.374888605522,Hippocampus_Excitatory
osmFISH Pseudospot,cytospace,pseudospot_y20_x24,20808.71633028465,17411.374888605522,S1_Excitatory
osmFISH Pseudospot,cytospace,pseudospot_y21_x15,13164.698086506616,18260.710249025306,Hippocampus_Excitatory
osmFISH Pseudospot,cytospace,pseudospot_y21_x18,15712.70416776596,18260.710249025306,Ependymal
osmFISH Pseudospot,cytospace,pseudospot_y21_x19,16562.03952818574,18260.710249025306,Other
osmFISH Pseudospot,cytospace,pseudospot_y21_x20,17411.374888605522,18260.710249025306,Other
osmFISH Pseudospot,cytospace,pseudospot_y21_x22,19110.045609445086,18260.710249025306,Other
osmFISH Pseudospot,cytospace,pseudospot_y21_x23,19959.38096986487,18260.710249025306,Ependymal
osmFISH Pseudospot,cytospace,pseudospot_y21_x24,20808.71633028465,18260.710249025306,Hippocampus_Excitatory
osmFISH Pseudospot,cytospace,pseudospot_y22_x18,15712.70416776596,19110.045609445086,Ependymal
osmFISH Pseudospot,cytospace,pseudospot_y22_x19,16562.03952818574,19110.045609445086,Hippocampus_Excitatory
osmFISH Pseudospot,cytospace,pseudospot_y22_x20,17411.374888605522,19110.045609445086,Ependymal
osmFISH Pseudospot,cytospace,pseudospot_y22_x21,18260.710249025306,19110.045609445086,Hippocampus_Excitatory
osmFISH Pseudospot,cytospace,pseudospot_y22_x22,19110.045609445086,19110.045609445086,Hippocampus_Excitatory
osmFISH Pseudospot,cytospace,pseudospot_y22_x23,19959.38096986487,19110.045609445086,Hippocampus_Excitatory
osmFISH Pseudospot,cytospace,pseudospot_y22_x24,20808.71633028465,19110.045609445086,Hippocampus_Excitatory
osmFISH Pseudospot,cytospace,pseudospot_y23_x12,10616.69200524727,19959.38096986487,Hippocampus_Excitatory
osmFISH Pseudospot,cytospace,pseudospot_y23_x13,11466.027365667052,19959.38096986487,Hippocampus_Excitatory
osmFISH Pseudospot,cytospace,pseudospot_y23_x14,12315.362726086834,19959.38096986487,Hippocampus_Excitatory
osmFISH Pseudospot,cytospace,pseudospot_y23_x15,13164.698086506616,19959.38096986487,Hippocampus_Excitatory
osmFISH Pseudospot,cytospace,pseudospot_y23_x16,14014.033446926396,19959.38096986487,Ependymal
osmFISH Pseudospot,cytospace,pseudospot_y23_x17,14863.368807346178,19959.38096986487,Hippocampus_Excitatory
osmFISH Pseudospot,cytospace,pseudospot_y23_x18,15712.70416776596,19959.38096986487,Other
osmFISH Pseudospot,cytospace,pseudospot_y23_x19,16562.03952818574,19959.38096986487,Hippocampus_Excitatory
osmFISH Pseudospot,cytospace,pseudospot_y23_x21,18260.710249025306,19959.38096986487,S1_Excitatory
osmFISH Pseudospot,cytospace,pseudospot_y24_x13,11466.027365667052,20808.71633028465,Hippocampus_Excitatory
osmFISH Pseudospot,cytospace,pseudospot_y24_x15,13164.698086506616,20808.71633028465,Hippocampus_Excitatory
osmFISH Pseudospot,cytospace,pseudospot_y24_x16,14014.033446926396,20808.71633028465,Hippocampus_Excitatory
osmFISH Pseudospot,cytospace,pseudospot_y24_x17,14863.368807346178,20808.71633028465,Hippocampus_Excitatory
osmFISH Pseudospot,cytospace,pseudospot_y24_x18,15712.70416776596,20808.71633028465,Endothelial
osmFISH Pseudospot,cytospace,pseudospot_y24_x19,16562.03952818574,20808.71633028465,S1_Excitatory
osmFISH Pseudospot,cytospace,pseudospot_y24_x20,17411.374888605522,20808.71633028465,Hippocampus_Excitatory
osmFISH Pseudospot,cytospace,pseudospot_y24_x21,18260.710249025306,20808.71633028465,S1_Excitatory
osmFISH Pseudospot,cytospace,pseudospot_y25_x10,8918.021284407707,21658.051690704433,Hippocampus_Excitatory
osmFISH Pseudospot,cytospace,pseudospot_y25_x11,9767.356644827489,21658.051690704433,Hippocampus_Excitatory
osmFISH Pseudospot,cytospace,pseudospot_y25_x12,10616.69200524727,21658.051690704433,Hippocampus_Excitatory
osmFISH Pseudospot,cytospace,pseudospot_y25_x13,11466.027365667052,21658.051690704433,S1_Excitatory
osmFISH Pseudospot,cytospace,pseudospot_y25_x15,13164.698086506616,21658.051690704433,Hippocampus_Excitatory
osmFISH Pseudospot,cytospace,pseudospot_y25_x16,14014.033446926396,21658.051690704433,Other
osmFISH Pseudospot,cytospace,pseudospot_y25_x17,14863.368807346178,21658.051690704433,Hippocampus_Excitatory
osmFISH Pseudospot,cytospace,pseudospot_y25_x18,15712.70416776596,21658.051690704433,Other
osmFISH Pseudospot,cytospace,pseudospot_y25_x19,16562.03952818574,21658.051690704433,Hippocampus_Excitatory
osmFISH Pseudospot,cytospace,pseudospot_y25_x20,17411.374888605522,21658.051690704433,Hippocampus_Excitatory
osmFISH Pseudospot,cytospace,pseudospot_y25_x21,18260.710249025306,21658.051690704433,Hippocampus_Excitatory
osmFISH Pseudospot,cytospace,pseudospot_y25_x22,19110.045609445086,21658.051690704433,Hippocampus_Excitatory
osmFISH Pseudospot,cytospace,pseudospot_y26_x10,8918.021284407707,22507.387051124213,Hippocampus_Excitatory
osmFISH Pseudospot,cytospace,pseudospot_y26_x11,9767.356644827489,22507.387051124213,Hippocampus_Excitatory
osmFISH Pseudospot,cytospace,pseudospot_y26_x12,10616.69200524727,22507.387051124213,Hippocampus_Excitatory
osmFISH Pseudospot,cytospace,pseudospot_y26_x14,12315.362726086834,22507.387051124213,Ependymal
osmFISH Pseudospot,cytospace,pseudospot_y26_x15,13164.698086506616,22507.387051124213,Hippocampus_Excitatory
osmFISH Pseudospot,cytospace,pseudospot_y26_x16,14014.033446926396,22507.387051124213,Endothelial
osmFISH Pseudospot,cytospace,pseudospot_y26_x17,14863.368807346178,22507.387051124213,Hippocampus_Excitatory
osmFISH Pseudospot,cytospace,pseudospot_y26_x19,16562.03952818574,22507.387051124213,Hippocampus_Excitatory
osmFISH Pseudospot,cytospace,pseudospot_y26_x20,17411.374888605522,22507.387051124213,Other
osmFISH Pseudospot,cytospace,pseudospot_y26_x21,18260.710249025306,22507.387051124213,Hippocampus_Excitatory
osmFISH Pseudospot,cytospace,pseudospot_y27_x9,8068.685923987926,23356.722411543997,Hippocampus_Excitatory
osmFISH Pseudospot,cytospace,pseudospot_y27_x10,8918.021284407707,23356.722411543997,Hippocampus_Excitatory
osmFISH Pseudospot,cytospace,pseudospot_y27_x11,9767.356644827489,23356.722411543997,Hippocampus_Excitatory
osmFISH Pseudospot,cytospace,pseudospot_y27_x14,12315.362726086834,23356.722411543997,Other
osmFISH Pseudospot,cytospace,pseudospot_y27_x15,13164.698086506616,23356.722411543997,Hippocampus_Excitatory
osmFISH Pseudospot,cytospace,pseudospot_y27_x16,14014.033446926396,23356.722411543997,Ependymal
osmFISH Pseudospot,cytospace,pseudospot_y27_x17,14863.368807346178,23356.722411543997,Hippocampus_Excitatory
osmFISH Pseudospot,cytospace,pseudospot_y27_x18,15712.70416776596,23356.722411543997,Hippocampus_Excitatory
osmFISH Pseudospot,cytospace,pseudospot_y27_x19,16562.03952818574,23356.722411543997,S1_Excitatory
osmFISH Pseudospot,cytospace,pseudospot_y27_x20,17411.374888605522,23356.722411543997,Hippocampus_Excitatory
osmFISH Pseudospot,cytospace,pseudospot_y27_x21,18260.710249025306,23356.722411543997,Hippocampus_Excitatory
osmFISH Pseudospot,cytospace,pseudospot_y28_x6,5520.67984272858,24206.057771963777,Hippocampus_Excitatory
osmFISH Pseudospot,cytospace,pseudospot_y28_x8,7219.350563568144,24206.057771963777,Hippocampus_Excitatory
osmFISH Pseudospot,cytospace,pseudospot_y28_x9,8068.685923987926,24206.057771963777,Hippocampus_Excitatory
osmFISH Pseudospot,cytospace,pseudospot_y28_x10,8918.021284407707,24206.057771963777,Hippocampus_Excitatory
osmFISH Pseudospot,cytospace,pseudospot_y28_x12,10616.69200524727,24206.057771963777,Hippocampus_Excitatory
osmFISH Pseudospot,cytospace,pseudospot_y28_x13,11466.027365667052,24206.057771963777,Other
osmFISH Pseudospot,cytospace,pseudospot_y28_x14,12315.362726086834,24206.057771963777,Hippocampus_Excitatory
osmFISH Pseudospot,cytospace,pseudospot_y28_x15,13164.698086506616,24206.057771963777,Other
osmFISH Pseudospot,cytospace,pseudospot_y28_x16,14014.033446926396,24206.057771963777,Hippocampus_Excitatory
osmFISH Pseudospot,cytospace,pseudospot_y28_x17,14863.368807346178,24206.057771963777,Hippocampus_Excitatory
osmFISH Pseudospot,cytospace,pseudospot_y28_x18,15712.70416776596,24206.057771963777,Hippocampus_Excitatory
osmFISH Pseudospot,cytospace,pseudospot_y28_x19,16562.03952818574,24206.057771963777,S1_Excitatory
osmFISH Pseudospot,cytospace,pseudospot_y28_x20,17411.374888605522,24206.057771963777,Hippocampus_Excitatory
osmFISH Pseudospot,cytospace,pseudospot_y28_x21,18260.710249025306,24206.057771963777,Interneuron
osmFISH Pseudospot,cytospace,pseudospot_y29_x2,2123.338401049454,25055.393132383557,Ependymal
osmFISH Pseudospot,cytospace,pseudospot_y29_x4,3822.0091218890175,25055.393132383557,Hippocampus_Excitatory
osmFISH Pseudospot,cytospace,pseudospot_y29_x5,4671.344482308799,25055.393132383557,Hippocampus_Excitatory
osmFISH Pseudospot,cytospace,pseudospot_y29_x6,5520.67984272858,25055.393132383557,Interneuron
osmFISH Pseudospot,cytospace,pseudospot_y29_x7,6370.015203148362,25055.393132383557,Hippocampus_Excitatory
osmFISH Pseudospot,cytospace,pseudospot_y29_x8,7219.350563568144,25055.393132383557,Hippocampus_Excitatory
osmFISH Pseudospot,cytospace,pseudospot_y29_x9,8068.685923987926,25055.393132383557,Hippocampus_Excitatory
osmFISH Pseudospot,cytospace,pseudospot_y29_x11,9767.356644827489,25055.393132383557,Interneuron
osmFISH Pseudospot,cytospace,pseudospot_y29_x12,10616.69200524727,25055.393132383557,Hippocampus_Excitatory
osmFISH Pseudospot,cytospace,pseudospot_y29_x13,11466.027365667052,25055.393132383557,Hippocampus_Excitatory
osmFISH Pseudospot,cytospace,pseudospot_y29_x14,12315.362726086834,25055.393132383557,Hippocampus_Excitatory
osmFISH Pseudospot,cytospace,pseudospot_y29_x15,13164.698086506616,25055.393132383557,Hippocampus_Excitatory
osmFISH Pseudospot,cytospace,pseudospot_y29_x16,14014.033446926396,25055.393132383557,Hippocampus_Excitatory
osmFISH Pseudospot,cytospace,pseudospot_y29_x17,14863.368807346178,25055.393132383557,Hippocampus_Excitatory
osmFISH Pseudospot,cytospace,pseudospot_y29_x18,15712.70416776596,25055.393132383557,S1_Excitatory
osmFISH Pseudospot,cytospace,pseudospot_y29_x19,16562.03952818574,25055.393132383557,Hippocampus_Excitatory
osmFISH Pseudospot,cytospace,pseudospot_y29_x20,17411.374888605522,25055.393132383557,Hippocampus_Excitatory
osmFISH Pseudospot,cytospace,pseudospot_y29_x21,18260.710249025306,25055.393132383557,Hippocampus_Excitatory
osmFISH Pseudospot,cytospace,pseudospot_y29_x22,19110.045609445086,25055.393132383557,Hippocampus_Excitatory
osmFISH Pseudospot,cytospace,pseudospot_y30_x1,1274.0030406296723,25904.72849280334,Other
osmFISH Pseudospot,cytospace,pseudospot_y30_x2,2123.338401049454,25904.72849280334,Ependymal
osmFISH Pseudospot,cytospace,pseudospot_y30_x4,3822.0091218890175,25904.72849280334,Ependymal
osmFISH Pseudospot,cytospace,pseudospot_y30_x5,4671.344482308799,25904.72849280334,Hippocampus_Excitatory
osmFISH Pseudospot,cytospace,pseudospot_y30_x6,5520.67984272858,25904.72849280334,Hippocampus_Excitatory
osmFISH Pseudospot,cytospace,pseudospot_y30_x7,6370.015203148362,25904.72849280334,Hippocampus_Excitatory
osmFISH Pseudospot,cytospace,pseudospot_y30_x8,7219.350563568144,25904.72849280334,Hippocampus_Excitatory
osmFISH Pseudospot,cytospace,pseudospot_y30_x10,8918.021284407707,25904.72849280334,Hippocampus_Excitatory
osmFISH Pseudospot,cytospace,pseudospot_y30_x11,9767.356644827489,25904.72849280334,Ependymal
osmFISH Pseudospot,cytospace,pseudospot_y30_x12,10616.69200524727,25904.72849280334,Ependymal
osmFISH Pseudospot,cytospace,pseudospot_y30_x13,11466.027365667052,25904.72849280334,Hippocampus_Excitatory
osmFISH Pseudospot,cytospace,pseudospot_y30_x14,12315.362726086834,25904.72849280334,S1_Excitatory
osmFISH Pseudospot,cytospace,pseudospot_y30_x15,13164.698086506616,25904.72849280334,Hippocampus_Excitatory
osmFISH Pseudospot,cytospace,pseudospot_y30_x16,14014.033446926396,25904.72849280334,Hippocampus_Excitatory
osmFISH Pseudospot,cytospace,pseudospot_y30_x17,14863.368807346178,25904.72849280334,Hippocampus_Excitatory
osmFISH Pseudospot,cytospace,pseudospot_y30_x18,15712.70416776596,25904.72849280334,Hippocampus_Excitatory
osmFISH Pseudospot,cytospace,pseudospot_y30_x19,16562.03952818574,25904.72849280334,Hippocampus_Excitatory
osmFISH Pseudospot,cytospace,pseudospot_y30_x20,17411.374888605522,25904.72849280334,Hippocampus_Excitatory
osmFISH Pseudospot,cytospace,pseudospot_y30_x21,18260.710249025306,25904.72849280334,Hippocampus_Excitatory
osmFISH Pseudospot,cytospace,pseudospot_y30_x22,19110.045609445086,25904.72849280334,S1_Excitatory
osmFISH Pseudospot,cytospace,pseudospot_y30_x23,19959.38096986487,25904.72849280334,Hippocampus_Excitatory
osmFISH Pseudospot,cytospace,pseudospot_y31_x3,2972.6737614692356,26754.06385322312,Other
osmFISH Pseudospot,cytospace,pseudospot_y31_x4,3822.0091218890175,26754.06385322312,Hippocampus_Excitatory
osmFISH Pseudospot,cytospace,pseudospot_y31_x5,4671.344482308799,26754.06385322312,Hippocampus_Excitatory
osmFISH Pseudospot,cytospace,pseudospot_y31_x6,5520.67984272858,26754.06385322312,Hippocampus_Excitatory
osmFISH Pseudospot,cytospace,pseudospot_y31_x7,6370.015203148362,26754.06385322312,Hippocampus_Excitatory
osmFISH Pseudospot,cytospace,pseudospot_y31_x11,9767.356644827489,26754.06385322312,Hippocampus_Excitatory
osmFISH Pseudospot,cytospace,pseudospot_y31_x12,10616.69200524727,26754.06385322312,Hippocampus_Excitatory
osmFISH Pseudospot,cytospace,pseudospot_y31_x13,11466.027365667052,26754.06385322312,Other
osmFISH Pseudospot,cytospace,pseudospot_y31_x14,12315.362726086834,26754.06385322312,S1_Excitatory
osmFISH Pseudospot,cytospace,pseudospot_y31_x15,13164.698086506616,26754.06385322312,Hippocampus_Excitatory
osmFISH Pseudospot,cytospace,pseudospot_y31_x16,14014.033446926396,26754.06385322312,Hippocampus_Excitatory
osmFISH Pseudospot,cytospace,pseudospot_y31_x17,14863.368807346178,26754.06385322312,Hippocampus_Excitatory
osmFISH Pseudospot,cytospace,pseudospot_y31_x18,15712.70416776596,26754.06385322312,Hippocampus_Excitatory
osmFISH Pseudospot,cytospace,pseudospot_y31_x19,16562.03952818574,26754.06385322312,Hippocampus_Excitatory
osmFISH Pseudospot,cytospace,pseudospot_y31_x20,17411.374888605522,26754.06385322312,S1_Excitatory
osmFISH Pseudospot,cytospace,pseudospot_y31_x21,18260.710249025306,26754.06385322312,Hippocampus_Excitatory
osmFISH Pseudospot,cytospace,pseudospot_y31_x22,19110.045609445086,26754.06385322312,Hippocampus_Excitatory
osmFISH Pseudospot,cytospace,pseudospot_y32_x0,424.6676802098908,27603.399213642904,Other
osmFISH Pseudospot,cytospace,pseudospot_y32_x1,1274.0030406296723,27603.399213642904,Hippocampus_Excitatory
osmFISH Pseudospot,cytospace,pseudospot_y32_x3,2972.6737614692356,27603.399213642904,Hippocampus_Excitatory
osmFISH Pseudospot,cytospace,pseudospot_y32_x4,3822.0091218890175,27603.399213642904,Hippocampus_Excitatory
osmFISH Pseudospot,cytospace,pseudospot_y32_x5,4671.344482308799,27603.399213642904,Interneuron
osmFISH Pseudospot,cytospace,pseudospot_y32_x7,6370.015203148362,27603.399213642904,Hippocampus_Excitatory
osmFISH Pseudospot,cytospace,pseudospot_y32_x9,8068.685923987926,27603.399213642904,Other
osmFISH Pseudospot,cytospace,pseudospot_y32_x10,8918.021284407707,27603.399213642904,Hippocampus_Excitatory
osmFISH Pseudospot,cytospace,pseudospot_y32_x11,9767.356644827489,27603.399213642904,Hippocampus_Excitatory
osmFISH Pseudospot,cytospace,pseudospot_y32_x12,10616.69200524727,27603.399213642904,S1_Excitatory
osmFISH Pseudospot,cytospace,pseudospot_y32_x13,11466.027365667052,27603.399213642904,Hippocampus_Excitatory
osmFISH Pseudospot,cytospace,pseudospot_y32_x14,12315.362726086834,27603.399213642904,Hippocampus_Excitatory
osmFISH Pseudospot,cytospace,pseudospot_y32_x15,13164.698086506616,27603.399213642904,Hippocampus_Excitatory
osmFISH Pseudospot,cytospace,pseudospot_y32_x16,14014.033446926396,27603.399213642904,Hippocampus_Excitatory
osmFISH Pseudospot,cytospace,pseudospot_y32_x17,14863.368807346178,27603.399213642904,Hippocampus_Excitatory
osmFISH Pseudospot,cytospace,pseudospot_y32_x18,15712.70416776596,27603.399213642904,Hippocampus_Excitatory
osmFISH Pseudospot,cytospace,pseudospot_y32_x19,16562.03952818574,27603.399213642904,Hippocampus_Excitatory
osmFISH Pseudospot,cytospace,pseudospot_y32_x20,17411.374888605522,27603.399213642904,Hippocampus_Excitatory
osmFISH Pseudospot,cytospace,pseudospot_y32_x21,18260.710249025306,27603.399213642904,S1_Excitatory
osmFISH Pseudospot,cytospace,pseudospot_y32_x22,19110.045609445086,27603.399213642904,Hippocampus_Excitatory
osmFISH Pseudospot,cytospace,pseudospot_y32_x23,19959.38096986487,27603.399213642904,Hippocampus_Excitatory
osmFISH Pseudospot,cytospace,pseudospot_y33_x0,424.6676802098908,28452.734574062684,Hippocampus_Excitatory
osmFISH Pseudospot,cytospace,pseudospot_y33_x1,1274.0030406296723,28452.734574062684,Hippocampus_Excitatory
osmFISH Pseudospot,cytospace,pseudospot_y33_x2,2123.338401049454,28452.734574062684,Hippocampus_Excitatory
osmFISH Pseudospot,cytospace,pseudospot_y33_x3,2972.6737614692356,28452.734574062684,Hippocampus_Excitatory
osmFISH Pseudospot,cytospace,pseudospot_y33_x7,6370.015203148362,28452.734574062684,Ependymal
osmFISH Pseudospot,cytospace,pseudospot_y33_x8,7219.350563568144,28452.734574062684,Hippocampus_Excitatory
osmFISH Pseudospot,cytospace,pseudospot_y33_x9,8068.685923987926,28452.734574062684,Hippocampus_Excitatory
osmFISH Pseudospot,cytospace,pseudospot_y33_x10,8918.021284407707,28452.734574062684,S1_Excitatory
osmFISH Pseudospot,cytospace,pseudospot_y33_x11,9767.356644827489,28452.734574062684,Hippocampus_Excitatory
osmFISH Pseudospot,cytospace,pseudospot_y33_x12,10616.69200524727,28452.734574062684,Hippocampus_Excitatory
osmFISH Pseudospot,cytospace,pseudospot_y33_x13,11466.027365667052,28452.734574062684,Hippocampus_Excitatory
osmFISH Pseudospot,cytospace,pseudospot_y33_x14,12315.362726086834,28452.734574062684,Hippocampus_Excitatory
osmFISH Pseudospot,cytospace,pseudospot_y33_x15,13164.698086506616,28452.734574062684,Hippocampus_Excitatory
osmFISH Pseudospot,cytospace,pseudospot_y33_x16,14014.033446926396,28452.734574062684,Interneuron
osmFISH Pseudospot,cytospace,pseudospot_y33_x17,14863.368807346178,28452.734574062684,Hippocampus_Excitatory
osmFISH Pseudospot,cytospace,pseudospot_y33_x18,15712.70416776596,28452.734574062684,Hippocampus_Excitatory
osmFISH Pseudospot,cytospace,pseudospot_y33_x19,16562.03952818574,28452.734574062684,Hippocampus_Excitatory
osmFISH Pseudospot,cytospace,pseudospot_y33_x20,17411.374888605522,28452.734574062684,Hippocampus_Excitatory
osmFISH Pseudospot,cytospace,pseudospot_y33_x21,18260.710249025306,28452.734574062684,Hippocampus_Excitatory
osmFISH Pseudospot,cytospace,pseudospot_y33_x22,19110.045609445086,28452.734574062684,Other
osmFISH Pseudospot,cytospace,pseudospot_y33_x23,19959.38096986487,28452.734574062684,Hippocampus_Excitatory
osmFISH Pseudospot,cytospace,pseudospot_y33_x24,20808.71633028465,28452.734574062684,Ependymal
osmFISH Pseudospot,cytospace,pseudospot_y34_x1,1274.0030406296723,29302.069934482468,Other
osmFISH Pseudospot,cytospace,pseudospot_y34_x5,4671.344482308799,29302.069934482468,Ependymal
osmFISH Pseudospot,cytospace,pseudospot_y34_x6,5520.67984272858,29302.069934482468,Hippocampus_Excitatory
osmFISH Pseudospot,cytospace,pseudospot_y34_x7,6370.015203148362,29302.069934482468,Hippocampus_Excitatory
osmFISH Pseudospot,cytospace,pseudospot_y34_x8,7219.350563568144,29302.069934482468,Hippocampus_Excitatory
osmFISH Pseudospot,cytospace,pseudospot_y34_x9,8068.685923987926,29302.069934482468,Hippocampus_Excitatory
osmFISH Pseudospot,cytospace,pseudospot_y34_x10,8918.021284407707,29302.069934482468,Hippocampus_Excitatory
osmFISH Pseudospot,cytospace,pseudospot_y34_x11,9767.356644827489,29302.069934482468,Other
osmFISH Pseudospot,cytospace,pseudospot_y34_x12,10616.69200524727,29302.069934482468,S1_Excitatory
osmFISH Pseudospot,cytospace,pseudospot_y34_x13,11466.027365667052,29302.069934482468,Hippocampus_Excitatory
osmFISH Pseudospot,cytospace,pseudospot_y34_x14,12315.362726086834,29302.069934482468,Hippocampus_Excitatory
osmFISH Pseudospot,cytospace,pseudospot_y34_x15,13164.698086506616,29302.069934482468,Hippocampus_Excitatory
osmFISH Pseudospot,cytospace,pseudospot_y34_x16,14014.033446926396,29302.069934482468,Hippocampus_Excitatory
osmFISH Pseudospot,cytospace,pseudospot_y34_x17,14863.368807346178,29302.069934482468,Hippocampus_Excitatory
osmFISH Pseudospot,cytospace,pseudospot_y34_x18,15712.70416776596,29302.069934482468,Other
osmFISH Pseudospot,cytospace,pseudospot_y34_x19,16562.03952818574,29302.069934482468,Hippocampus_Excitatory
osmFISH Pseudospot,cytospace,pseudospot_y34_x20,17411.374888605522,29302.069934482468,Hippocampus_Excitatory
osmFISH Pseudospot,cytospace,pseudospot_y34_x21,18260.710249025306,29302.069934482468,Hippocampus_Excitatory
osmFISH Pseudospot,cytospace,pseudospot_y34_x22,19110.045609445086,29302.069934482468,Hippocampus_Excitatory
osmFISH Pseudospot,cytospace,pseudospot_y34_x23,19959.38096986487,29302.069934482468,Hippocampus_Excitatory
osmFISH Pseudospot,cytospace,pseudospot_y34_x24,20808.71633028465,29302.069934482468,Other
osmFISH Pseudospot,cytospace,pseudospot_y35_x0,424.6676802098908,30151.405294902248,Hippocampus_Excitatory
osmFISH Pseudospot,cytospace,pseudospot_y35_x1,1274.0030406296723,30151.405294902248,Hippocampus_Excitatory
osmFISH Pseudospot,cytospace,pseudospot_y35_x2,2123.338401049454,30151.405294902248,Interneuron
osmFISH Pseudospot,cytospace,pseudospot_y35_x3,2972.6737614692356,30151.405294902248,Hippocampus_Excitatory
osmFISH Pseudospot,cytospace,pseudospot_y35_x4,3822.0091218890175,30151.405294902248,Hippocampus_Excitatory
osmFISH Pseudospot,cytospace,pseudospot_y35_x5,4671.344482308799,30151.405294902248,Other
osmFISH Pseudospot,cytospace,pseudospot_y35_x6,5520.67984272858,30151.405294902248,Hippocampus_Excitatory
osmFISH Pseudospot,cytospace,pseudospot_y35_x7,6370.015203148362,30151.405294902248,Hippocampus_Excitatory
osmFISH Pseudospot,cytospace,pseudospot_y35_x8,7219.350563568144,30151.405294902248,Hippocampus_Excitatory
osmFISH Pseudospot,cytospace,pseudospot_y35_x9,8068.685923987926,30151.405294902248,Hippocampus_Excitatory
osmFISH Pseudospot,cytospace,pseudospot_y35_x10,8918.021284407707,30151.405294902248,S1_Excitatory
osmFISH Pseudospot,cytospace,pseudospot_y35_x11,9767.356644827489,30151.405294902248,S1_Excitatory
osmFISH Pseudospot,cytospace,pseudospot_y35_x12,10616.69200524727,30151.405294902248,Hippocampus_Excitatory
osmFISH Pseudospot,cytospace,pseudospot_y35_x13,11466.027365667052,30151.405294902248,Hippocampus_Excitatory
osmFISH Pseudospot,cytospace,pseudospot_y35_x14,12315.362726086834,30151.405294902248,Hippocampus_Excitatory
osmFISH Pseudospot,cytospace,pseudospot_y35_x15,13164.698086506616,30151.405294902248,Hippocampus_Excitatory
osmFISH Pseudospot,cytospace,pseudospot_y35_x16,14014.033446926396,30151.405294902248,Ependymal
osmFISH Pseudospot,cytospace,pseudospot_y35_x17,14863.368807346178,30151.405294902248,Hippocampus_Excitatory
osmFISH Pseudospot,cytospace,pseudospot_y35_x18,15712.70416776596,30151.405294902248,Hippocampus_Excitatory
osmFISH Pseudospot,cytospace,pseudospot_y35_x20,17411.374888605522,30151.405294902248,Hippocampus_Excitatory
osmFISH Pseudospot,cytospace,pseudospot_y35_x21,18260.710249025306,30151.405294902248,S1_Excitatory
osmFISH Pseudospot,cytospace,pseudospot_y35_x22,19110.045609445086,30151.405294902248,Hippocampus_Excitatory
osmFISH Pseudospot,cytospace,pseudospot_y35_x23,19959.38096986487,30151.405294902248,Hippocampus_Excitatory
osmFISH Pseudospot,cytospace,pseudospot_y35_x24,20808.71633028465,30151.405294902248,S1_Excitatory
osmFISH Pseudospot,cytospace,pseudospot_y36_x0,424.6676802098908,31000.740655322028,Hippocampus_Excitatory
osmFISH Pseudospot,cytospace,pseudospot_y36_x2,2123.338401049454,31000.740655322028,Other
osmFISH Pseudospot,cytospace,pseudospot_y36_x3,2972.6737614692356,31000.740655322028,Hippocampus_Excitatory
osmFISH Pseudospot,cytospace,pseudospot_y36_x5,4671.344482308799,31000.740655322028,Ependymal
osmFISH Pseudospot,cytospace,pseudospot_y36_x6,5520.67984272858,31000.740655322028,Hippocampus_Excitatory
osmFISH Pseudospot,cytospace,pseudospot_y36_x7,6370.015203148362,31000.740655322028,S1_Excitatory
osmFISH Pseudospot,cytospace,pseudospot_y36_x8,7219.350563568144,31000.740655322028,S1_Excitatory
osmFISH Pseudospot,cytospace,pseudospot_y36_x9,8068.685923987926,31000.740655322028,S1_Excitatory
osmFISH Pseudospot,cytospace,pseudospot_y36_x10,8918.021284407707,31000.740655322028,Hippocampus_Excitatory
osmFISH Pseudospot,cytospace,pseudospot_y36_x11,9767.356644827489,31000.740655322028,Hippocampus_Excitatory
osmFISH Pseudospot,cytospace,pseudospot_y36_x12,10616.69200524727,31000.740655322028,S1_Excitatory
osmFISH Pseudospot,cytospace,pseudospot_y36_x13,11466.027365667052,31000.740655322028,Hippocampus_Excitatory
osmFISH Pseudospot,cytospace,pseudospot_y36_x14,12315.362726086834,31000.740655322028,Hippocampus_Excitatory
osmFISH Pseudospot,cytospace,pseudospot_y36_x15,13164.698086506616,31000.740655322028,Hippocampus_Excitatory
osmFISH Pseudospot,cytospace,pseudospot_y36_x16,14014.033446926396,31000.740655322028,Hippocampus_Excitatory
osmFISH Pseudospot,cytospace,pseudospot_y36_x17,14863.368807346178,31000.740655322028,Hippocampus_Excitatory
osmFISH Pseudospot,cytospace,pseudospot_y36_x18,15712.70416776596,31000.740655322028,Hippocampus_Excitatory
osmFISH Pseudospot,cytospace,pseudospot_y36_x19,16562.03952818574,31000.740655322028,Interneuron
osmFISH Pseudospot,cytospace,pseudospot_y36_x20,17411.374888605522,31000.740655322028,Hippocampus_Excitatory
osmFISH Pseudospot,cytospace,pseudospot_y36_x21,18260.710249025306,31000.740655322028,Hippocampus_Excitatory
osmFISH Pseudospot,cytospace,pseudospot_y36_x22,19110.045609445086,31000.740655322028,Hippocampus_Excitatory
osmFISH Pseudospot,cytospace,pseudospot_y36_x23,19959.38096986487,31000.740655322028,Interneuron
osmFISH Pseudospot,cytospace,pseudospot_y36_x24,20808.71633028465,31000.740655322028,Other
osmFISH Pseudospot,cytospace,pseudospot_y37_x0,424.6676802098908,31850.07601574181,Hippocampus_Excitatory
osmFISH Pseudospot,cytospace,pseudospot_y37_x1,1274.0030406296723,31850.07601574181,Hippocampus_Excitatory
osmFISH Pseudospot,cytospace,pseudospot_y37_x2,2123.338401049454,31850.07601574181,Hippocampus_Excitatory
osmFISH Pseudospot,cytospace,pseudospot_y37_x3,2972.6737614692356,31850.07601574181,Hippocampus_Excitatory
osmFISH Pseudospot,cytospace,pseudospot_y37_x4,3822.0091218890175,31850.07601574181,S1_Excitatory
osmFISH Pseudospot,cytospace,pseudospot_y37_x5,4671.344482308799,31850.07601574181,Hippocampus_Excitatory
osmFISH Pseudospot,cytospace,pseudospot_y37_x6,5520.67984272858,31850.07601574181,Hippocampus_Excitatory
osmFISH Pseudospot,cytospace,pseudospot_y37_x7,6370.015203148362,31850.07601574181,Hippocampus_Excitatory
osmFISH Pseudospot,cytospace,pseudospot_y37_x8,7219.350563568144,31850.07601574181,Hippocampus_Excitatory
osmFISH Pseudospot,cytospace,pseudospot_y37_x9,8068.685923987926,31850.07601574181,Hippocampus_Excitatory
osmFISH Pseudospot,cytospace,pseudospot_y37_x10,8918.021284407707,31850.07601574181,Hippocampus_Excitatory
osmFISH Pseudospot,cytospace,pseudospot_y37_x11,9767.356644827489,31850.07601574181,S1_Excitatory
osmFISH Pseudospot,cytospace,pseudospot_y37_x12,10616.69200524727,31850.07601574181,Hippocampus_Excitatory
osmFISH Pseudospot,cytospace,pseudospot_y37_x13,11466.027365667052,31850.07601574181,Hippocampus_Excitatory
osmFISH Pseudospot,cytospace,pseudospot_y37_x14,12315.362726086834,31850.07601574181,Hippocampus_Excitatory
osmFISH Pseudospot,cytospace,pseudospot_y37_x15,13164.698086506616,31850.07601574181,Hippocampus_Excitatory
osmFISH Pseudospot,cytospace,pseudospot_y37_x16,14014.033446926396,31850.07601574181,Hippocampus_Excitatory
osmFISH Pseudospot,cytospace,pseudospot_y37_x17,14863.368807346178,31850.07601574181,Hippocampus_Excitatory
osmFISH Pseudospot,cytospace,pseudospot_y37_x18,15712.70416776596,31850.07601574181,S1_Excitatory
osmFISH Pseudospot,cytospace,pseudospot_y37_x19,16562.03952818574,31850.07601574181,S1_Excitatory
osmFISH Pseudospot,cytospace,pseudospot_y37_x20,17411.374888605522,31850.07601574181,Hippocampus_Excitatory
osmFISH Pseudospot,cytospace,pseudospot_y37_x21,18260.710249025306,31850.07601574181,S1_Excitatory
osmFISH Pseudospot,cytospace,pseudospot_y37_x22,19110.045609445086,31850.07601574181,Hippocampus_Excitatory
osmFISH Pseudospot,cytospace,pseudospot_y37_x23,19959.38096986487,31850.07601574181,S1_Excitatory
osmFISH Pseudospot,cytospace,pseudospot_y37_x24,20808.71633028465,31850.07601574181,Hippocampus_Excitatory
osmFISH Pseudospot,cytospace,pseudospot_y37_x25,21658.051690704433,31850.07601574181,Hippocampus_Excitatory
osmFISH Pseudospot,cytospace,pseudospot_y37_x26,22507.387051124213,31850.07601574181,Other
osmFISH Pseudospot,cytospace,pseudospot_y38_x0,424.6676802098908,32699.41137616159,Interneuron
osmFISH Pseudospot,cytospace,pseudospot_y38_x1,1274.0030406296723,32699.41137616159,Hippocampus_Excitatory
osmFISH Pseudospot,cytospace,pseudospot_y38_x2,2123.338401049454,32699.41137616159,Hippocampus_Excitatory
osmFISH Pseudospot,cytospace,pseudospot_y38_x3,2972.6737614692356,32699.41137616159,Interneuron
osmFISH Pseudospot,cytospace,pseudospot_y38_x4,3822.0091218890175,32699.41137616159,S1_Excitatory
osmFISH Pseudospot,cytospace,pseudospot_y38_x5,4671.344482308799,32699.41137616159,Hippocampus_Excitatory
osmFISH Pseudospot,cytospace,pseudospot_y38_x6,5520.67984272858,32699.41137616159,Hippocampus_Excitatory
osmFISH Pseudospot,cytospace,pseudospot_y38_x7,6370.015203148362,32699.41137616159,Hippocampus_Excitatory
osmFISH Pseudospot,cytospace,pseudospot_y38_x8,7219.350563568144,32699.41137616159,S1_Excitatory
osmFISH Pseudospot,cytospace,pseudospot_y38_x9,8068.685923987926,32699.41137616159,Hippocampus_Excitatory
osmFISH Pseudospot,cytospace,pseudospot_y38_x10,8918.021284407707,32699.41137616159,Hippocampus_Excitatory
osmFISH Pseudospot,cytospace,pseudospot_y38_x11,9767.356644827489,32699.41137616159,Hippocampus_Excitatory
osmFISH Pseudospot,cytospace,pseudospot_y38_x12,10616.69200524727,32699.41137616159,S1_Excitatory
osmFISH Pseudospot,cytospace,pseudospot_y38_x13,11466.027365667052,32699.41137616159,Hippocampus_Excitatory
osmFISH Pseudospot,cytospace,pseudospot_y38_x14,12315.362726086834,32699.41137616159,Other
osmFISH Pseudospot,cytospace,pseudospot_y38_x15,13164.698086506616,32699.41137616159,Hippocampus_Excitatory
osmFISH Pseudospot,cytospace,pseudospot_y38_x16,14014.033446926396,32699.41137616159,Hippocampus_Excitatory
osmFISH Pseudospot,cytospace,pseudospot_y38_x17,14863.368807346178,32699.41137616159,Hippocampus_Excitatory
osmFISH Pseudospot,cytospace,pseudospot_y38_x18,15712.70416776596,32699.41137616159,Hippocampus_Excitatory
osmFISH Pseudospot,cytospace,pseudospot_y38_x19,16562.03952818574,32699.41137616159,S1_Excitatory
osmFISH Pseudospot,cytospace,pseudospot_y38_x20,17411.374888605522,32699.41137616159,Hippocampus_Excitatory
osmFISH Pseudospot,cytospace,pseudospot_y38_x21,18260.710249025306,32699.41137616159,Hippocampus_Excitatory
osmFISH Pseudospot,cytospace,pseudospot_y38_x22,19110.045609445086,32699.41137616159,Hippocampus_Excitatory
osmFISH Pseudospot,cytospace,pseudospot_y38_x23,19959.38096986487,32699.41137616159,Hippocampus_Excitatory
osmFISH Pseudospot,cytospace,pseudospot_y38_x24,20808.71633028465,32699.41137616159,S1_Excitatory
osmFISH Pseudospot,cytospace,pseudospot_y38_x25,21658.051690704433,32699.41137616159,S1_Excitatory
osmFISH Pseudospot,cytospace,pseudospot_y38_x26,22507.387051124213,32699.41137616159,Hippocampus_Excitatory
osmFISH Pseudospot,cytospace,pseudospot_y39_x0,424.6676802098908,33548.74673658137,S1_Excitatory
osmFISH Pseudospot,cytospace,pseudospot_y39_x1,1274.0030406296723,33548.74673658137,Interneuron
osmFISH Pseudospot,cytospace,pseudospot_y39_x2,2123.338401049454,33548.74673658137,Hippocampus_Excitatory
osmFISH Pseudospot,cytospace,pseudospot_y39_x3,2972.6737614692356,33548.74673658137,Hippocampus_Excitatory
osmFISH Pseudospot,cytospace,pseudospot_y39_x4,3822.0091218890175,33548.74673658137,Hippocampus_Excitatory
osmFISH Pseudospot,cytospace,pseudospot_y39_x5,4671.344482308799,33548.74673658137,Hippocampus_Excitatory
osmFISH Pseudospot,cytospace,pseudospot_y39_x6,5520.67984272858,33548.74673658137,Hippocampus_Excitatory
osmFISH Pseudospot,cytospace,pseudospot_y39_x7,6370.015203148362,33548.74673658137,Hippocampus_Excitatory
osmFISH Pseudospot,cytospace,pseudospot_y39_x8,7219.350563568144,33548.74673658137,Hippocampus_Excitatory
osmFISH Pseudospot,cytospace,pseudospot_y39_x9,8068.685923987926,33548.74673658137,S1_Excitatory
osmFISH Pseudospot,cytospace,pseudospot_y39_x10,8918.021284407707,33548.74673658137,Ependymal
osmFISH Pseudospot,cytospace,pseudospot_y39_x12,10616.69200524727,33548.74673658137,Ependymal
osmFISH Pseudospot,cytospace,pseudospot_y39_x13,11466.027365667052,33548.74673658137,Other
osmFISH Pseudospot,cytospace,pseudospot_y39_x14,12315.362726086834,33548.74673658137,Hippocampus_Excitatory
osmFISH Pseudospot,cytospace,pseudospot_y39_x15,13164.698086506616,33548.74673658137,S1_Excitatory
osmFISH Pseudospot,cytospace,pseudospot_y39_x16,14014.033446926396,33548.74673658137,Hippocampus_Excitatory
osmFISH Pseudospot,cytospace,pseudospot_y39_x17,14863.368807346178,33548.74673658137,S1_Excitatory
osmFISH Pseudospot,cytospace,pseudospot_y39_x18,15712.70416776596,33548.74673658137,S1_Excitatory
osmFISH Pseudospot,cytospace,pseudospot_y39_x19,16562.03952818574,33548.74673658137,Other
osmFISH Pseudospot,cytospace,pseudospot_y39_x20,17411.374888605522,33548.74673658137,S1_Excitatory
osmFISH Pseudospot,cytospace,pseudospot_y39_x21,18260.710249025306,33548.74673658137,S1_Excitatory
osmFISH Pseudospot,cytospace,pseudospot_y39_x22,19110.045609445086,33548.74673658137,S1_Excitatory
osmFISH Pseudospot,cytospace,pseudospot_y39_x23,19959.38096986487,33548.74673658137,S1_Excitatory
osmFISH Pseudospot,cytospace,pseudospot_y39_x24,20808.71633028465,33548.74673658137,Hippocampus_Excitatory
osmFISH Pseudospot,cytospace,pseudospot_y39_x25,21658.051690704433,33548.74673658137,Other
osmFISH Pseudospot,cytospace,pseudospot_y39_x26,22507.387051124213,33548.74673658137,Hippocampus_Excitatory
osmFISH Pseudospot,cytospace,pseudospot_y40_x0,424.6676802098908,34398.082097001155,Hippocampus_Excitatory
osmFISH Pseudospot,cytospace,pseudospot_y40_x1,1274.0030406296723,34398.082097001155,Hippocampus_Excitatory
osmFISH Pseudospot,cytospace,pseudospot_y40_x2,2123.338401049454,34398.082097001155,Interneuron
osmFISH Pseudospot,cytospace,pseudospot_y40_x3,2972.6737614692356,34398.082097001155,Interneuron
osmFISH Pseudospot,cytospace,pseudospot_y40_x4,3822.0091218890175,34398.082097001155,Hippocampus_Excitatory
osmFISH Pseudospot,cytospace,pseudospot_y40_x5,4671.344482308799,34398.082097001155,Hippocampus_Excitatory
osmFISH Pseudospot,cytospace,pseudospot_y40_x6,5520.67984272858,34398.082097001155,Hippocampus_Excitatory
osmFISH Pseudospot,cytospace,pseudospot_y40_x7,6370.015203148362,34398.082097001155,Hippocampus_Excitatory
osmFISH Pseudospot,cytospace,pseudospot_y40_x8,7219.350563568144,34398.082097001155,Hippocampus_Excitatory
osmFISH Pseudospot,cytospace,pseudospot_y40_x10,8918.021284407707,34398.082097001155,Hippocampus_Excitatory
osmFISH Pseudospot,cytospace,pseudospot_y40_x11,9767.356644827489,34398.082097001155,Hippocampus_Excitatory
osmFISH Pseudospot,cytospace,pseudospot_y40_x12,10616.69200524727,34398.082097001155,S1_Excitatory
osmFISH Pseudospot,cytospace,pseudospot_y40_x13,11466.027365667052,34398.082097001155,Hippocampus_Excitatory
osmFISH Pseudospot,cytospace,pseudospot_y40_x14,12315.362726086834,34398.082097001155,S1_Excitatory
osmFISH Pseudospot,cytospace,pseudospot_y40_x15,13164.698086506616,34398.082097001155,Hippocampus_Excitatory
osmFISH Pseudospot,cytospace,pseudospot_y40_x16,14014.033446926396,34398.082097001155,S1_Excitatory
osmFISH Pseudospot,cytospace,pseudospot_y40_x17,14863.368807346178,34398.082097001155,S1_Excitatory
osmFISH Pseudospot,cytospace,pseudospot_y40_x18,15712.70416776596,34398.082097001155,Hippocampus_Excitatory
osmFISH Pseudospot,cytospace,pseudospot_y40_x19,16562.03952818574,34398.082097001155,Other
osmFISH Pseudospot,cytospace,pseudospot_y40_x20,17411.374888605522,34398.082097001155,Hippocampus_Excitatory
osmFISH Pseudospot,cytospace,pseudospot_y40_x21,18260.710249025306,34398.082097001155,S1_Excitatory
osmFISH Pseudospot,cytospace,pseudospot_y40_x22,19110.045609445086,34398.082097001155,Hippocampus_Excitatory
osmFISH Pseudospot,cytospace,pseudospot_y40_x23,19959.38096986487,34398.082097001155,Hippocampus_Excitatory
osmFISH Pseudospot,cytospace,pseudospot_y40_x24,20808.71633028465,34398.082097001155,S1_Excitatory
osmFISH Pseudospot,cytospace,pseudospot_y40_x25,21658.051690704433,34398.082097001155,Hippocampus_Excitatory
osmFISH Pseudospot,cytospace,pseudospot_y40_x26,22507.387051124213,34398.082097001155,S1_Excitatory
osmFISH Pseudospot,cytospace,pseudospot_y41_x0,424.6676802098908,35247.41745742094,Hippocampus_Excitatory
osmFISH Pseudospot,cytospace,pseudospot_y41_x1,1274.0030406296723,35247.41745742094,Hippocampus_Excitatory
osmFISH Pseudospot,cytospace,pseudospot_y41_x2,2123.338401049454,35247.41745742094,Hippocampus_Excitatory
osmFISH Pseudospot,cytospace,pseudospot_y41_x3,2972.6737614692356,35247.41745742094,Hippocampus_Excitatory
osmFISH Pseudospot,cytospace,pseudospot_y41_x4,3822.0091218890175,35247.41745742094,Hippocampus_Excitatory
osmFISH Pseudospot,cytospace,pseudospot_y41_x5,4671.344482308799,35247.41745742094,S1_Excitatory
osmFISH Pseudospot,cytospace,pseudospot_y41_x6,5520.67984272858,35247.41745742094,Hippocampus_Excitatory
osmFISH Pseudospot,cytospace,pseudospot_y41_x7,6370.015203148362,35247.41745742094,Hippocampus_Excitatory
osmFISH Pseudospot,cytospace,pseudospot_y41_x8,7219.350563568144,35247.41745742094,Hippocampus_Excitatory
osmFISH Pseudospot,cytospace,pseudospot_y41_x9,8068.685923987926,35247.41745742094,Hippocampus_Excitatory
osmFISH Pseudospot,cytospace,pseudospot_y41_x10,8918.021284407707,35247.41745742094,S1_Excitatory
osmFISH Pseudospot,cytospace,pseudospot_y41_x11,9767.356644827489,35247.41745742094,Hippocampus_Excitatory
osmFISH Pseudospot,cytospace,pseudospot_y41_x12,10616.69200524727,35247.41745742094,Hippocampus_Excitatory
osmFISH Pseudospot,cytospace,pseudospot_y41_x13,11466.027365667052,35247.41745742094,Hippocampus_Excitatory
osmFISH Pseudospot,cytospace,pseudospot_y41_x14,12315.362726086834,35247.41745742094,Hippocampus_Excitatory
osmFISH Pseudospot,cytospace,pseudospot_y41_x15,13164.698086506616,35247.41745742094,Hippocampus_Excitatory
osmFISH Pseudospot,cytospace,pseudospot_y41_x16,14014.033446926396,35247.41745742094,Hippocampus_Excitatory
osmFISH Pseudospot,cytospace,pseudospot_y41_x17,14863.368807346178,35247.41745742094,S1_Excitatory
osmFISH Pseudospot,cytospace,pseudospot_y41_x18,15712.70416776596,35247.41745742094,S1_Excitatory
osmFISH Pseudospot,cytospace,pseudospot_y41_x19,16562.03952818574,35247.41745742094,S1_Excitatory
osmFISH Pseudospot,cytospace,pseudospot_y41_x20,17411.374888605522,35247.41745742094,S1_Excitatory
osmFISH Pseudospot,cytospace,pseudospot_y41_x21,18260.710249025306,35247.41745742094,Hippocampus_Excitatory
osmFISH Pseudospot,cytospace,pseudospot_y41_x22,19110.045609445086,35247.41745742094,Hippocampus_Excitatory
osmFISH Pseudospot,cytospace,pseudospot_y41_x23,19959.38096986487,35247.41745742094,Hippocampus_Excitatory
osmFISH Pseudospot,cytospace,pseudospot_y41_x24,20808.71633028465,35247.41745742094,Hippocampus_Excitatory
osmFISH Pseudospot,cytospace,pseudospot_y41_x25,21658.051690704433,35247.41745742094,Hippocampus_Excitatory
osmFISH Pseudospot,cytospace,pseudospot_y41_x26,22507.387051124213,35247.41745742094,Hippocampus_Excitatory
osmFISH Pseudospot,cytospace,pseudospot_y42_x0,424.6676802098908,36096.75281784072,Interneuron
osmFISH Pseudospot,cytospace,pseudospot_y42_x1,1274.0030406296723,36096.75281784072,Hippocampus_Excitatory
osmFISH Pseudospot,cytospace,pseudospot_y42_x2,2123.338401049454,36096.75281784072,Hippocampus_Excitatory
osmFISH Pseudospot,cytospace,pseudospot_y42_x3,2972.6737614692356,36096.75281784072,Hippocampus_Excitatory
osmFISH Pseudospot,cytospace,pseudospot_y42_x4,3822.0091218890175,36096.75281784072,Hippocampus_Excitatory
osmFISH Pseudospot,cytospace,pseudospot_y42_x5,4671.344482308799,36096.75281784072,Hippocampus_Excitatory
osmFISH Pseudospot,cytospace,pseudospot_y42_x6,5520.67984272858,36096.75281784072,Hippocampus_Excitatory
osmFISH Pseudospot,cytospace,pseudospot_y42_x7,6370.015203148362,36096.75281784072,Interneuron
osmFISH Pseudospot,cytospace,pseudospot_y42_x8,7219.350563568144,36096.75281784072,Hippocampus_Excitatory
osmFISH Pseudospot,cytospace,pseudospot_y42_x9,8068.685923987926,36096.75281784072,Hippocampus_Excitatory
osmFISH Pseudospot,cytospace,pseudospot_y42_x10,8918.021284407707,36096.75281784072,Hippocampus_Excitatory
osmFISH Pseudospot,cytospace,pseudospot_y42_x11,9767.356644827489,36096.75281784072,S1_Excitatory
osmFISH Pseudospot,cytospace,pseudospot_y42_x12,10616.69200524727,36096.75281784072,Hippocampus_Excitatory
osmFISH Pseudospot,cytospace,pseudospot_y42_x13,11466.027365667052,36096.75281784072,S1_Excitatory
osmFISH Pseudospot,cytospace,pseudospot_y42_x14,12315.362726086834,36096.75281784072,S1_Excitatory
osmFISH Pseudospot,cytospace,pseudospot_y42_x15,13164.698086506616,36096.75281784072,S1_Excitatory
osmFISH Pseudospot,cytospace,pseudospot_y42_x16,14014.033446926396,36096.75281784072,Hippocampus_Excitatory
osmFISH Pseudospot,cytospace,pseudospot_y42_x17,14863.368807346178,36096.75281784072,S1_Excitatory
osmFISH Pseudospot,cytospace,pseudospot_y42_x18,15712.70416776596,36096.75281784072,S1_Excitatory
osmFISH Pseudospot,cytospace,pseudospot_y42_x19,16562.03952818574,36096.75281784072,S1_Excitatory
osmFISH Pseudospot,cytospace,pseudospot_y42_x20,17411.374888605522,36096.75281784072,Hippocampus_Excitatory
osmFISH Pseudospot,cytospace,pseudospot_y42_x21,18260.710249025306,36096.75281784072,Hippocampus_Excitatory
osmFISH Pseudospot,cytospace,pseudospot_y42_x22,19110.045609445086,36096.75281784072,Hippocampus_Excitatory
osmFISH Pseudospot,cytospace,pseudospot_y42_x23,19959.38096986487,36096.75281784072,Hippocampus_Excitatory
osmFISH Pseudospot,cytospace,pseudospot_y42_x24,20808.71633028465,36096.75281784072,Hippocampus_Excitatory
osmFISH Pseudospot,cytospace,pseudospot_y42_x25,21658.051690704433,36096.75281784072,Interneuron
osmFISH Pseudospot,cytospace,pseudospot_y43_x0,424.6676802098908,36946.0881782605,Hippocampus_Excitatory
osmFISH Pseudospot,cytospace,pseudospot_y43_x1,1274.0030406296723,36946.0881782605,S1_Excitatory
osmFISH Pseudospot,cytospace,pseudospot_y43_x2,2123.338401049454,36946.0881782605,Hippocampus_Excitatory
osmFISH Pseudospot,cytospace,pseudospot_y43_x3,2972.6737614692356,36946.0881782605,Hippocampus_Excitatory
osmFISH Pseudospot,cytospace,pseudospot_y43_x4,3822.0091218890175,36946.0881782605,Hippocampus_Excitatory
osmFISH Pseudospot,cytospace,pseudospot_y43_x5,4671.344482308799,36946.0881782605,Hippocampus_Excitatory
osmFISH Pseudospot,cytospace,pseudospot_y43_x6,5520.67984272858,36946.0881782605,Hippocampus_Excitatory
osmFISH Pseudospot,cytospace,pseudospot_y43_x7,6370.015203148362,36946.0881782605,Hippocampus_Excitatory
osmFISH Pseudospot,cytospace,pseudospot_y43_x8,7219.350563568144,36946.0881782605,Hippocampus_Excitatory
osmFISH Pseudospot,cytospace,pseudospot_y43_x9,8068.685923987926,36946.0881782605,Ependymal
osmFISH Pseudospot,cytospace,pseudospot_y43_x10,8918.021284407707,36946.0881782605,Ependymal
osmFISH Pseudospot,cytospace,pseudospot_y43_x11,9767.356644827489,36946.0881782605,Hippocampus_Excitatory
osmFISH Pseudospot,cytospace,pseudospot_y43_x12,10616.69200524727,36946.0881782605,Hippocampus_Excitatory
osmFISH Pseudospot,cytospace,pseudospot_y43_x13,11466.027365667052,36946.0881782605,Hippocampus_Excitatory
osmFISH Pseudospot,cytospace,pseudospot_y43_x14,12315.362726086834,36946.0881782605,S1_Excitatory
osmFISH Pseudospot,cytospace,pseudospot_y43_x15,13164.698086506616,36946.0881782605,Hippocampus_Excitatory
osmFISH Pseudospot,cytospace,pseudospot_y43_x16,14014.033446926396,36946.0881782605,S1_Excitatory
osmFISH Pseudospot,cytospace,pseudospot_y43_x17,14863.368807346178,36946.0881782605,Hippocampus_Excitatory
osmFISH Pseudospot,cytospace,pseudospot_y43_x18,15712.70416776596,36946.0881782605,Hippocampus_Excitatory
osmFISH Pseudospot,cytospace,pseudospot_y43_x19,16562.03952818574,36946.0881782605,S1_Excitatory
osmFISH Pseudospot,cytospace,pseudospot_y43_x20,17411.374888605522,36946.0881782605,Hippocampus_Excitatory
osmFISH Pseudospot,cytospace,pseudospot_y43_x21,18260.710249025306,36946.0881782605,Interneuron
osmFISH Pseudospot,cytospace,pseudospot_y43_x22,19110.045609445086,36946.0881782605,Interneuron
osmFISH Pseudospot,cytospace,pseudospot_y43_x23,19959.38096986487,36946.0881782605,Hippocampus_Excitatory
osmFISH Pseudospot,cytospace,pseudospot_y43_x24,20808.71633028465,36946.0881782605,Interneuron
osmFISH Pseudospot,cytospace,pseudospot_y43_x25,21658.051690704433,36946.0881782605,Hippocampus_Excitatory
osmFISH Pseudospot,cytospace,pseudospot_y43_x27,23356.722411543997,36946.0881782605,Hippocampus_Excitatory
osmFISH Pseudospot,cytospace,pseudospot_y43_x28,24206.057771963777,36946.0881782605,Ependymal
osmFISH Pseudospot,cytospace,pseudospot_y44_x0,424.6676802098908,37795.42353868028,Other
osmFISH Pseudospot,cytospace,pseudospot_y44_x1,1274.0030406296723,37795.42353868028,Hippocampus_Excitatory
osmFISH Pseudospot,cytospace,pseudospot_y44_x2,2123.338401049454,37795.42353868028,S1_Excitatory
osmFISH Pseudospot,cytospace,pseudospot_y44_x3,2972.6737614692356,37795.42353868028,Hippocampus_Excitatory
osmFISH Pseudospot,cytospace,pseudospot_y44_x4,3822.0091218890175,37795.42353868028,Hippocampus_Excitatory
osmFISH Pseudospot,cytospace,pseudospot_y44_x5,4671.344482308799,37795.42353868028,Hippocampus_Excitatory
osmFISH Pseudospot,cytospace,pseudospot_y44_x6,5520.67984272858,37795.42353868028,Other
osmFISH Pseudospot,cytospace,pseudospot_y44_x7,6370.015203148362,37795.42353868028,Hippocampus_Excitatory
osmFISH Pseudospot,cytospace,pseudospot_y44_x8,7219.350563568144,37795.42353868028,Hippocampus_Excitatory
osmFISH Pseudospot,cytospace,pseudospot_y44_x9,8068.685923987926,37795.42353868028,Hippocampus_Excitatory
osmFISH Pseudospot,cytospace,pseudospot_y44_x10,8918.021284407707,37795.42353868028,Ependymal
osmFISH Pseudospot,cytospace,pseudospot_y44_x11,9767.356644827489,37795.42353868028,Hippocampus_Excitatory
osmFISH Pseudospot,cytospace,pseudospot_y44_x12,10616.69200524727,37795.42353868028,Other
osmFISH Pseudospot,cytospace,pseudospot_y44_x13,11466.027365667052,37795.42353868028,Hippocampus_Excitatory
osmFISH Pseudospot,cytospace,pseudospot_y44_x14,12315.362726086834,37795.42353868028,Hippocampus_Excitatory
osmFISH Pseudospot,cytospace,pseudospot_y44_x15,13164.698086506616,37795.42353868028,Hippocampus_Excitatory
osmFISH Pseudospot,cytospace,pseudospot_y44_x16,14014.033446926396,37795.42353868028,Hippocampus_Excitatory
osmFISH Pseudospot,cytospace,pseudospot_y44_x17,14863.368807346178,37795.42353868028,Hippocampus_Excitatory
osmFISH Pseudospot,cytospace,pseudospot_y44_x18,15712.70416776596,37795.42353868028,S1_Excitatory
osmFISH Pseudospot,cytospace,pseudospot_y44_x19,16562.03952818574,37795.42353868028,Hippocampus_Excitatory
osmFISH Pseudospot,cytospace,pseudospot_y44_x20,17411.374888605522,37795.42353868028,Hippocampus_Excitatory
osmFISH Pseudospot,cytospace,pseudospot_y44_x21,18260.710249025306,37795.42353868028,Hippocampus_Excitatory
osmFISH Pseudospot,cytospace,pseudospot_y44_x22,19110.045609445086,37795.42353868028,Hippocampus_Excitatory
osmFISH Pseudospot,cytospace,pseudospot_y44_x24,20808.71633028465,37795.42353868028,Interneuron
osmFISH Pseudospot,cytospace,pseudospot_y44_x26,22507.387051124213,37795.42353868028,Hippocampus_Excitatory
osmFISH Pseudospot,cytospace,pseudospot_y45_x0,424.6676802098908,38644.75889910007,Hippocampus_Excitatory
osmFISH Pseudospot,cytospace,pseudospot_y45_x2,2123.338401049454,38644.75889910007,Hippocampus_Excitatory
osmFISH Pseudospot,cytospace,pseudospot_y45_x3,2972.6737614692356,38644.75889910007,S1_Excitatory
osmFISH Pseudospot,cytospace,pseudospot_y45_x4,3822.0091218890175,38644.75889910007,Hippocampus_Excitatory
osmFISH Pseudospot,cytospace,pseudospot_y45_x5,4671.344482308799,38644.75889910007,Hippocampus_Excitatory
osmFISH Pseudospot,cytospace,pseudospot_y45_x6,5520.67984272858,38644.75889910007,S1_Excitatory
osmFISH Pseudospot,cytospace,pseudospot_y45_x7,6370.015203148362,38644.75889910007,Hippocampus_Excitatory
osmFISH Pseudospot,cytospace,pseudospot_y45_x8,7219.350563568144,38644.75889910007,S1_Excitatory
osmFISH Pseudospot,cytospace,pseudospot_y45_x9,8068.685923987926,38644.75889910007,Hippocampus_Excitatory
osmFISH Pseudospot,cytospace,pseudospot_y45_x10,8918.021284407707,38644.75889910007,S1_Excitatory
osmFISH Pseudospot,cytospace,pseudospot_y45_x11,9767.356644827489,38644.75889910007,Hippocampus_Excitatory
osmFISH Pseudospot,cytospace,pseudospot_y45_x12,10616.69200524727,38644.75889910007,Hippocampus_Excitatory
osmFISH Pseudospot,cytospace,pseudospot_y45_x13,11466.027365667052,38644.75889910007,Hippocampus_Excitatory
osmFISH Pseudospot,cytospace,pseudospot_y45_x14,12315.362726086834,38644.75889910007,Hippocampus_Excitatory
osmFISH Pseudospot,cytospace,pseudospot_y45_x15,13164.698086506616,38644.75889910007,Ependymal
osmFISH Pseudospot,cytospace,pseudospot_y45_x16,14014.033446926396,38644.75889910007,Hippocampus_Excitatory
osmFISH Pseudospot,cytospace,pseudospot_y45_x17,14863.368807346178,38644.75889910007,Hippocampus_Excitatory
osmFISH Pseudospot,cytospace,pseudospot_y45_x18,15712.70416776596,38644.75889910007,Hippocampus_Excitatory
osmFISH Pseudospot,cytospace,pseudospot_y45_x19,16562.03952818574,38644.75889910007,Hippocampus_Excitatory
osmFISH Pseudospot,cytospace,pseudospot_y45_x20,17411.374888605522,38644.75889910007,Hippocampus_Excitatory
osmFISH Pseudospot,cytospace,pseudospot_y45_x21,18260.710249025306,38644.75889910007,Hippocampus_Excitatory
osmFISH Pseudospot,cytospace,pseudospot_y45_x24,20808.71633028465,38644.75889910007,Other
osmFISH Pseudospot,cytospace,pseudospot_y46_x0,424.6676802098908,39494.09425951984,Ependymal
osmFISH Pseudospot,cytospace,pseudospot_y46_x1,1274.0030406296723,39494.09425951984,Hippocampus_Excitatory
osmFISH Pseudospot,cytospace,pseudospot_y46_x2,2123.338401049454,39494.09425951984,Hippocampus_Excitatory
osmFISH Pseudospot,cytospace,pseudospot_y46_x3,2972.6737614692356,39494.09425951984,Hippocampus_Excitatory
osmFISH Pseudospot,cytospace,pseudospot_y46_x4,3822.0091218890175,39494.09425951984,Hippocampus_Excitatory
osmFISH Pseudospot,cytospace,pseudospot_y46_x5,4671.344482308799,39494.09425951984,S1_Excitatory
osmFISH Pseudospot,cytospace,pseudospot_y46_x6,5520.67984272858,39494.09425951984,Hippocampus_Excitatory
osmFISH Pseudospot,cytospace,pseudospot_y46_x7,6370.015203148362,39494.09425951984,Hippocampus_Excitatory
osmFISH Pseudospot,cytospace,pseudospot_y46_x8,7219.350563568144,39494.09425951984,Hippocampus_Excitatory
osmFISH Pseudospot,cytospace,pseudospot_y46_x9,8068.685923987926,39494.09425951984,S1_Excitatory
osmFISH Pseudospot,cytospace,pseudospot_y46_x10,8918.021284407707,39494.09425951984,S1_Excitatory
osmFISH Pseudospot,cytospace,pseudospot_y46_x11,9767.356644827489,39494.09425951984,Hippocampus_Excitatory
osmFISH Pseudospot,cytospace,pseudospot_y46_x12,10616.69200524727,39494.09425951984,S1_Excitatory
osmFISH Pseudospot,cytospace,pseudospot_y46_x13,11466.027365667052,39494.09425951984,Hippocampus_Excitatory
osmFISH Pseudospot,cytospace,pseudospot_y46_x14,12315.362726086834,39494.09425951984,Hippocampus_Excitatory
osmFISH Pseudospot,cytospace,pseudospot_y46_x15,13164.698086506616,39494.09425951984,Hippocampus_Excitatory
osmFISH Pseudospot,cytospace,pseudospot_y46_x16,14014.033446926396,39494.09425951984,Hippocampus_Excitatory
osmFISH Pseudospot,cytospace,pseudospot_y46_x17,14863.368807346178,39494.09425951984,Hippocampus_Excitatory
osmFISH Pseudospot,cytospace,pseudospot_y46_x18,15712.70416776596,39494.09425951984,Hippocampus_Excitatory
osmFISH Pseudospot,cytospace,pseudospot_y46_x19,16562.03952818574,39494.09425951984,Interneuron
osmFISH Pseudospot,cytospace,pseudospot_y46_x20,17411.374888605522,39494.09425951984,Hippocampus_Excitatory
osmFISH Pseudospot,cytospace,pseudospot_y46_x22,19110.045609445086,39494.09425951984,Hippocampus_Excitatory
osmFISH Pseudospot,cytospace,pseudospot_y46_x23,19959.38096986487,39494.09425951984,Ependymal
osmFISH Pseudospot,cytospace,pseudospot_y47_x0,424.6676802098908,40343.42961993963,Hippocampus_Excitatory
osmFISH Pseudospot,cytospace,pseudospot_y47_x1,1274.0030406296723,40343.42961993963,Hippocampus_Excitatory
osmFISH Pseudospot,cytospace,pseudospot_y47_x2,2123.338401049454,40343.42961993963,Hippocampus_Excitatory
osmFISH Pseudospot,cytospace,pseudospot_y47_x3,2972.6737614692356,40343.42961993963,Hippocampus_Excitatory
osmFISH Pseudospot,cytospace,pseudospot_y47_x4,3822.0091218890175,40343.42961993963,Hippocampus_Excitatory
osmFISH Pseudospot,cytospace,pseudospot_y47_x5,4671.344482308799,40343.42961993963,Hippocampus_Excitatory
osmFISH Pseudospot,cytospace,pseudospot_y47_x6,5520.67984272858,40343.42961993963,Hippocampus_Excitatory
osmFISH Pseudospot,cytospace,pseudospot_y47_x7,6370.015203148362,40343.42961993963,Hippocampus_Excitatory
osmFISH Pseudospot,cytospace,pseudospot_y47_x8,7219.350563568144,40343.42961993963,Hippocampus_Excitatory
osmFISH Pseudospot,cytospace,pseudospot_y47_x9,8068.685923987926,40343.42961993963,S1_Excitatory
osmFISH Pseudospot,cytospace,pseudospot_y47_x10,8918.021284407707,40343.42961993963,Hippocampus_Excitatory
osmFISH Pseudospot,cytospace,pseudospot_y47_x11,9767.356644827489,40343.42961993963,S1_Excitatory
osmFISH Pseudospot,cytospace,pseudospot_y47_x12,10616.69200524727,40343.42961993963,Hippocampus_Excitatory
osmFISH Pseudospot,cytospace,pseudospot_y47_x13,11466.027365667052,40343.42961993963,Hippocampus_Excitatory
osmFISH Pseudospot,cytospace,pseudospot_y47_x14,12315.362726086834,40343.42961993963,Hippocampus_Excitatory
osmFISH Pseudospot,cytospace,pseudospot_y47_x15,13164.698086506616,40343.42961993963,Hippocampus_Excitatory
osmFISH Pseudospot,cytospace,pseudospot_y47_x16,14014.033446926396,40343.42961993963,Hippocampus_Excitatory
osmFISH Pseudospot,cytospace,pseudospot_y47_x17,14863.368807346178,40343.42961993963,Hippocampus_Excitatory
osmFISH Pseudospot,cytospace,pseudospot_y47_x20,17411.374888605522,40343.42961993963,Other
osmFISH Pseudospot,cytospace,pseudospot_y47_x21,18260.710249025306,40343.42961993963,Ependymal
osmFISH Pseudospot,cytospace,pseudospot_y48_x0,424.6676802098908,41192.76498035941,Hippocampus_Excitatory
osmFISH Pseudospot,cytospace,pseudospot_y48_x1,1274.0030406296723,41192.76498035941,Hippocampus_Excitatory
osmFISH Pseudospot,cytospace,pseudospot_y48_x2,2123.338401049454,41192.76498035941,Hippocampus_Excitatory
osmFISH Pseudospot,cytospace,pseudospot_y48_x3,2972.6737614692356,41192.76498035941,Ependymal
osmFISH Pseudospot,cytospace,pseudospot_y48_x4,3822.0091218890175,41192.76498035941,Interneuron
osmFISH Pseudospot,cytospace,pseudospot_y48_x5,4671.344482308799,41192.76498035941,Hippocampus_Excitatory
osmFISH Pseudospot,cytospace,pseudospot_y48_x6,5520.67984272858,41192.76498035941,Hippocampus_Excitatory
osmFISH Pseudospot,cytospace,pseudospot_y48_x7,6370.015203148362,41192.76498035941,Hippocampus_Excitatory
osmFISH Pseudospot,cytospace,pseudospot_y48_x8,7219.350563568144,41192.76498035941,Hippocampus_Excitatory
osmFISH Pseudospot,cytospace,pseudospot_y48_x9,8068.685923987926,41192.76498035941,Hippocampus_Excitatory
osmFISH Pseudospot,cytospace,pseudospot_y48_x10,8918.021284407707,41192.76498035941,Hippocampus_Excitatory
osmFISH Pseudospot,cytospace,pseudospot_y48_x11,9767.356644827489,41192.76498035941,Hippocampus_Excitatory
osmFISH Pseudospot,cytospace,pseudospot_y48_x13,11466.027365667052,41192.76498035941,Hippocampus_Excitatory
osmFISH Pseudospot,cytospace,pseudospot_y48_x14,12315.362726086834,41192.76498035941,Hippocampus_Excitatory
osmFISH Pseudospot,cytospace,pseudospot_y48_x15,13164.698086506616,41192.76498035941,Hippocampus_Excitatory
osmFISH Pseudospot,cytospace,pseudospot_y48_x16,14014.033446926396,41192.76498035941,Hippocampus_Excitatory
osmFISH Pseudospot,cytospace,pseudospot_y48_x17,14863.368807346178,41192.76498035941,Interneuron
osmFISH Pseudospot,cytospace,pseudospot_y48_x18,15712.70416776596,41192.76498035941,Hippocampus_Excitatory
osmFISH Pseudospot,cytospace,pseudospot_y48_x19,16562.03952818574,41192.76498035941,Other
osmFISH Pseudospot,cytospace,pseudospot_y48_x20,17411.374888605522,41192.76498035941,Hippocampus_Excitatory
osmFISH Pseudospot,cytospace,pseudospot_y49_x0,424.6676802098908,42042.100340779194,Hippocampus_Excitatory
osmFISH Pseudospot,cytospace,pseudospot_y49_x1,1274.0030406296723,42042.100340779194,Hippocampus_Excitatory
osmFISH Pseudospot,cytospace,pseudospot_y49_x2,2123.338401049454,42042.100340779194,Other
osmFISH Pseudospot,cytospace,pseudospot_y49_x3,2972.6737614692356,42042.100340779194,S1_Excitatory
osmFISH Pseudospot,cytospace,pseudospot_y49_x4,3822.0091218890175,42042.100340779194,Hippocampus_Excitatory
osmFISH Pseudospot,cytospace,pseudospot_y49_x5,4671.344482308799,42042.100340779194,Hippocampus_Excitatory
osmFISH Pseudospot,cytospace,pseudospot_y49_x6,5520.67984272858,42042.100340779194,Hippocampus_Excitatory
osmFISH Pseudospot,cytospace,pseudospot_y49_x7,6370.015203148362,42042.100340779194,Hippocampus_Excitatory
osmFISH Pseudospot,cytospace,pseudospot_y49_x8,7219.350563568144,42042.100340779194,S1_Excitatory
osmFISH Pseudospot,cytospace,pseudospot_y49_x9,8068.685923987926,42042.100340779194,Hippocampus_Excitatory
osmFISH Pseudospot,cytospace,pseudospot_y49_x10,8918.021284407707,42042.100340779194,Hippocampus_Excitatory
osmFISH Pseudospot,cytospace,pseudospot_y49_x11,9767.356644827489,42042.100340779194,Interneuron
osmFISH Pseudospot,cytospace,pseudospot_y49_x12,10616.69200524727,42042.100340779194,Hippocampus_Excitatory
osmFISH Pseudospot,cytospace,pseudospot_y49_x13,11466.027365667052,42042.100340779194,Hippocampus_Excitatory
osmFISH Pseudospot,cytospace,pseudospot_y49_x14,12315.362726086834,42042.100340779194,Hippocampus_Excitatory
osmFISH Pseudospot,cytospace,pseudospot_y49_x15,13164.698086506616,42042.100340779194,Hippocampus_Excitatory
osmFISH Pseudospot,cytospace,pseudospot_y49_x17,14863.368807346178,42042.100340779194,Hippocampus_Excitatory
osmFISH Pseudospot,cytospace,pseudospot_y49_x18,15712.70416776596,42042.100340779194,Hippocampus_Excitatory
osmFISH Pseudospot,cytospace,pseudospot_y50_x0,424.6676802098908,42891.43570119897,Hippocampus_Excitatory
osmFISH Pseudospot,cytospace,pseudospot_y50_x1,1274.0030406296723,42891.43570119897,S1_Excitatory
osmFISH Pseudospot,cytospace,pseudospot_y50_x2,2123.338401049454,42891.43570119897,Hippocampus_Excitatory
osmFISH Pseudospot,cytospace,pseudospot_y50_x3,2972.6737614692356,42891.43570119897,Hippocampus_Excitatory
osmFISH Pseudospot,cytospace,pseudospot_y50_x4,3822.0091218890175,42891.43570119897,Hippocampus_Excitatory
osmFISH Pseudospot,cytospace,pseudospot_y50_x5,4671.344482308799,42891.43570119897,Hippocampus_Excitatory
osmFISH Pseudospot,cytospace,pseudospot_y50_x6,5520.67984272858,42891.43570119897,Hippocampus_Excitatory
osmFISH Pseudospot,cytospace,pseudospot_y50_x7,6370.015203148362,42891.43570119897,Hippocampus_Excitatory
osmFISH Pseudospot,cytospace,pseudospot_y50_x8,7219.350563568144,42891.43570119897,Hippocampus_Excitatory
osmFISH Pseudospot,cytospace,pseudospot_y50_x9,8068.685923987926,42891.43570119897,Hippocampus_Excitatory
osmFISH Pseudospot,cytospace,pseudospot_y50_x10,8918.021284407707,42891.43570119897,Hippocampus_Excitatory
osmFISH Pseudospot,cytospace,pseudospot_y50_x11,9767.356644827489,42891.43570119897,Hippocampus_Excitatory
osmFISH Pseudospot,cytospace,pseudospot_y50_x12,10616.69200524727,42891.43570119897,Hippocampus_Excitatory
osmFISH Pseudospot,cytospace,pseudospot_y50_x13,11466.027365667052,42891.43570119897,Hippocampus_Excitatory
osmFISH Pseudospot,cytospace,pseudospot_y50_x14,12315.362726086834,42891.43570119897,Hippocampus_Excitatory
osmFISH Pseudospot,cytospace,pseudospot_y50_x15,13164.698086506616,42891.43570119897,Hippocampus_Excitatory
osmFISH Pseudospot,cytospace,pseudospot_y50_x16,14014.033446926396,42891.43570119897,Hippocampus_Excitatory
osmFISH Pseudospot,cytospace,pseudospot_y50_x17,14863.368807346178,42891.43570119897,Hippocampus_Excitatory
osmFISH Pseudospot,cytospace,pseudospot_y51_x0,424.6676802098908,43740.771061618754,Hippocampus_Excitatory
osmFISH Pseudospot,cytospace,pseudospot_y51_x1,1274.0030406296723,43740.771061618754,Hippocampus_Excitatory
osmFISH Pseudospot,cytospace,pseudospot_y51_x2,2123.338401049454,43740.771061618754,Hippocampus_Excitatory
osmFISH Pseudospot,cytospace,pseudospot_y51_x3,2972.6737614692356,43740.771061618754,Hippocampus_Excitatory
osmFISH Pseudospot,cytospace,pseudospot_y51_x5,4671.344482308799,43740.771061618754,Hippocampus_Excitatory
osmFISH Pseudospot,cytospace,pseudospot_y51_x6,5520.67984272858,43740.771061618754,Hippocampus_Excitatory
osmFISH Pseudospot,cytospace,pseudospot_y51_x7,6370.015203148362,43740.771061618754,Hippocampus_Excitatory
osmFISH Pseudospot,cytospace,pseudospot_y51_x8,7219.350563568144,43740.771061618754,Hippocampus_Excitatory
osmFISH Pseudospot,cytospace,pseudospot_y51_x9,8068.685923987926,43740.771061618754,Hippocampus_Excitatory
osmFISH Pseudospot,cytospace,pseudospot_y51_x10,8918.021284407707,43740.771061618754,Hippocampus_Excitatory
osmFISH Pseudospot,cytospace,pseudospot_y51_x11,9767.356644827489,43740.771061618754,Hippocampus_Excitatory
osmFISH Pseudospot,cytospace,pseudospot_y51_x12,10616.69200524727,43740.771061618754,Other
osmFISH Pseudospot,cytospace,pseudospot_y51_x14,12315.362726086834,43740.771061618754,Other
osmFISH Pseudospot,cytospace,pseudospot_y51_x15,13164.698086506616,43740.771061618754,Other
osmFISH Pseudospot,cytospace,pseudospot_y52_x0,424.6676802098908,44590.10642203854,S1_Excitatory
osmFISH Pseudospot,cytospace,pseudospot_y52_x1,1274.0030406296723,44590.10642203854,Hippocampus_Excitatory
osmFISH Pseudospot,cytospace,pseudospot_y52_x2,2123.338401049454,44590.10642203854,Hippocampus_Excitatory
osmFISH Pseudospot,cytospace,pseudospot_y52_x3,2972.6737614692356,44590.10642203854,Hippocampus_Excitatory
osmFISH Pseudospot,cytospace,pseudospot_y52_x4,3822.0091218890175,44590.10642203854,Interneuron
osmFISH Pseudospot,cytospace,pseudospot_y52_x5,4671.344482308799,44590.10642203854,Hippocampus_Excitatory
osmFISH Pseudospot,cytospace,pseudospot_y52_x6,5520.67984272858,44590.10642203854,Hippocampus_Excitatory
osmFISH Pseudospot,cytospace,pseudospot_y52_x7,6370.015203148362,44590.10642203854,Hippocampus_Excitatory
osmFISH Pseudospot,cytospace,pseudospot_y52_x8,7219.350563568144,44590.10642203854,Hippocampus_Excitatory
osmFISH Pseudospot,cytospace,pseudospot_y52_x9,8068.685923987926,44590.10642203854,Other
osmFISH Pseudospot,cytospace,pseudospot_y52_x10,8918.021284407707,44590.10642203854,Hippocampus_Excitatory
osmFISH Pseudospot,cytospace,pseudospot_y52_x11,9767.356644827489,44590.10642203854,Ependymal
osmFISH Pseudospot,cytospace,pseudospot_y52_x12,10616.69200524727,44590.10642203854,Hippocampus_Excitatory
osmFISH Pseudospot,cytospace,pseudospot_y53_x0,424.6676802098908,45439.441782458314,Hippocampus_Excitatory
osmFISH Pseudospot,cytospace,pseudospot_y53_x1,1274.0030406296723,45439.441782458314,Hippocampus_Excitatory
osmFISH Pseudospot,cytospace,pseudospot_y53_x2,2123.338401049454,45439.441782458314,Hippocampus_Excitatory
osmFISH Pseudospot,cytospace,pseudospot_y53_x3,2972.6737614692356,45439.441782458314,Hippocampus_Excitatory
osmFISH Pseudospot,cytospace,pseudospot_y53_x4,3822.0091218890175,45439.441782458314,Hippocampus_Excitatory
osmFISH Pseudospot,cytospace,pseudospot_y53_x5,4671.344482308799,45439.441782458314,Hippocampus_Excitatory
osmFISH Pseudospot,cytospace,pseudospot_y53_x6,5520.67984272858,45439.441782458314,Hippocampus_Excitatory
osmFISH Pseudospot,cytospace,pseudospot_y53_x7,6370.015203148362,45439.441782458314,Hippocampus_Excitatory
osmFISH Pseudospot,cytospace,pseudospot_y53_x8,7219.350563568144,45439.441782458314,Hippocampus_Excitatory
osmFISH Pseudospot,cytospace,pseudospot_y53_x9,8068.685923987926,45439.441782458314,Ependymal
osmFISH Pseudospot,cytospace,pseudospot_y53_x10,8918.021284407707,45439.441782458314,Ependymal
osmFISH Pseudospot,cytospace,pseudospot_y54_x0,424.6676802098908,46288.7771428781,Hippocampus_Excitatory
osmFISH Pseudospot,cytospace,pseudospot_y54_x1,1274.0030406296723,46288.7771428781,Hippocampus_Excitatory
osmFISH Pseudospot,cytospace,pseudospot_y54_x2,2123.338401049454,46288.7771428781,Hippocampus_Excitatory
osmFISH Pseudospot,cytospace,pseudospot_y54_x3,2972.6737614692356,46288.7771428781,Hippocampus_Excitatory
osmFISH Pseudospot,cytospace,pseudospot_y54_x4,3822.0091218890175,46288.7771428781,Hippocampus_Excitatory
osmFISH Pseudospot,cytospace,pseudospot_y54_x5,4671.344482308799,46288.7771428781,Other
osmFISH Pseudospot,cytospace,pseudospot_y54_x7,6370.015203148362,46288.7771428781,Other
osmFISH Pseudospot,cytospace,pseudospot_y54_x10,8918.021284407707,46288.7771428781,Hippocampus_Excitatory
osmFISH Pseudospot,cytospace,pseudospot_y55_x2,2123.338401049454,47138.11250329788,Other
osmFISH Pseudospot,cytospace,pseudospot_y55_x3,2972.6737614692356,47138.11250329788,Ependymal
osmFISH Pseudospot,cytospace,pseudospot_y55_x4,3822.0091218890175,47138.11250329788,S1_Excitatory
osmFISH Pseudospot,cytospace,pseudospot_y55_x5,4671.344482308799,47138.11250329788,Hippocampus_Excitatory
osmFISH Pseudospot,cytospace,pseudospot_y55_x6,5520.67984272858,47138.11250329788,Other
osmFISH Pseudospot,cytospace,pseudospot_y55_x12,10616.69200524727,47138.11250329788,Hippocampus_Excitatory
osmFISH Pseudospot,cytospace,pseudospot_y56_x0,424.6676802098908,47987.447863717665,Other
osmFISH Pseudospot,cytospace,pseudospot_y56_x1,1274.0030406296723,47987.447863717665,Hippocampus_Excitatory
osmFISH Pseudospot,cytospace,pseudospot_y56_x2,2123.338401049454,47987.447863717665,Hippocampus_Excitatory
osmFISH Pseudospot,seurat,pseudospot_y0_x15,13164.698086506616,424.6676802098908,Interneuron
osmFISH Pseudospot,seurat,pseudospot_y0_x16,14014.033446926396,424.6676802098908,Hippocampus_Excitatory
osmFISH Pseudospot,seurat,pseudospot_y0_x17,14863.368807346178,424.6676802098908,Hippocampus_Excitatory
osmFISH Pseudospot,seurat,pseudospot_y0_x18,15712.70416776596,424.6676802098908,Hippocampus_Excitatory
osmFISH Pseudospot,seurat,pseudospot_y0_x19,16562.03952818574,424.6676802098908,Hippocampus_Excitatory
osmFISH Pseudospot,seurat,pseudospot_y0_x20,17411.374888605522,424.6676802098908,Hippocampus_Excitatory
osmFISH Pseudospot,seurat,pseudospot_y0_x21,18260.710249025306,424.6676802098908,Hippocampus_Excitatory
osmFISH Pseudospot,seurat,pseudospot_y1_x15,13164.698086506616,1274.0030406296723,Astrocyte
osmFISH Pseudospot,seurat,pseudospot_y1_x17,14863.368807346178,1274.0030406296723,Hippocampus_Excitatory
osmFISH Pseudospot,seurat,pseudospot_y1_x18,15712.70416776596,1274.0030406296723,Ependymal
osmFISH Pseudospot,seurat,pseudospot_y1_x19,16562.03952818574,1274.0030406296723,Ependymal
osmFISH Pseudospot,seurat,pseudospot_y1_x21,18260.710249025306,1274.0030406296723,Hippocampus_Excitatory
osmFISH Pseudospot,seurat,pseudospot_y2_x15,13164.698086506616,2123.338401049454,Hippocampus_Excitatory
osmFISH Pseudospot,seurat,pseudospot_y2_x16,14014.033446926396,2123.338401049454,Hippocampus_Excitatory
osmFISH Pseudospot,seurat,pseudospot_y2_x17,14863.368807346178,2123.338401049454,Ependymal
osmFISH Pseudospot,seurat,pseudospot_y2_x18,15712.70416776596,2123.338401049454,Ependymal
osmFISH Pseudospot,seurat,pseudospot_y2_x19,16562.03952818574,2123.338401049454,Ependymal
osmFISH Pseudospot,seurat,pseudospot_y2_x20,17411.374888605522,2123.338401049454,Hippocampus_Excitatory
osmFISH Pseudospot,seurat,pseudospot_y2_x21,18260.710249025306,2123.338401049454,Interneuron
osmFISH Pseudospot,seurat,pseudospot_y3_x15,13164.698086506616,2972.6737614692356,Hippocampus_Excitatory
osmFISH Pseudospot,seurat,pseudospot_y3_x16,14014.033446926396,2972.6737614692356,Hippocampus_Excitatory
osmFISH Pseudospot,seurat,pseudospot_y3_x17,14863.368807346178,2972.6737614692356,Ependymal
osmFISH Pseudospot,seurat,pseudospot_y3_x18,15712.70416776596,2972.6737614692356,Ependymal
osmFISH Pseudospot,seurat,pseudospot_y3_x19,16562.03952818574,2972.6737614692356,Ependymal
osmFISH Pseudospot,seurat,pseudospot_y3_x20,17411.374888605522,2972.6737614692356,Hippocampus_Excitatory
osmFISH Pseudospot,seurat,pseudospot_y3_x21,18260.710249025306,2972.6737614692356,Hippocampus_Excitatory
osmFISH Pseudospot,seurat,pseudospot_y4_x15,13164.698086506616,3822.0091218890175,Hippocampus_Excitatory
osmFISH Pseudospot,seurat,pseudospot_y4_x16,14014.033446926396,3822.0091218890175,Hippocampus_Excitatory
osmFISH Pseudospot,seurat,pseudospot_y4_x17,14863.368807346178,3822.0091218890175,Ependymal
osmFISH Pseudospot,seurat,pseudospot_y4_x18,15712.70416776596,3822.0091218890175,Ependymal
osmFISH Pseudospot,seurat,pseudospot_y4_x19,16562.03952818574,3822.0091218890175,Ependymal
osmFISH Pseudospot,seurat,pseudospot_y4_x20,17411.374888605522,3822.0091218890175,Interneuron
osmFISH Pseudospot,seurat,pseudospot_y4_x21,18260.710249025306,3822.0091218890175,Hippocampus_Excitatory
osmFISH Pseudospot,seurat,pseudospot_y5_x15,13164.698086506616,4671.344482308799,Hippocampus_Excitatory
osmFISH Pseudospot,seurat,pseudospot_y5_x16,14014.033446926396,4671.344482308799,Hippocampus_Excitatory
osmFISH Pseudospot,seurat,pseudospot_y5_x17,14863.368807346178,4671.344482308799,Ependymal
osmFISH Pseudospot,seurat,pseudospot_y5_x18,15712.70416776596,4671.344482308799,Ependymal
osmFISH Pseudospot,seurat,pseudospot_y5_x19,16562.03952818574,4671.344482308799,Ependymal
osmFISH Pseudospot,seurat,pseudospot_y5_x20,17411.374888605522,4671.344482308799,Hippocampus_Excitatory
osmFISH Pseudospot,seurat,pseudospot_y5_x21,18260.710249025306,4671.344482308799,Hippocampus_Excitatory
osmFISH Pseudospot,seurat,pseudospot_y5_x23,19959.38096986487,4671.344482308799,Hippocampus_Excitatory
osmFISH Pseudospot,seurat,pseudospot_y5_x24,20808.71633028465,4671.344482308799,Hippocampus_Excitatory
osmFISH Pseudospot,seurat,pseudospot_y6_x15,13164.698086506616,5520.67984272858,Hippocampus_Excitatory
osmFISH Pseudospot,seurat,pseudospot_y6_x16,14014.033446926396,5520.67984272858,Hippocampus_Excitatory
osmFISH Pseudospot,seurat,pseudospot_y6_x17,14863.368807346178,5520.67984272858,Ependymal
osmFISH Pseudospot,seurat,pseudospot_y6_x19,16562.03952818574,5520.67984272858,Ependymal
osmFISH Pseudospot,seurat,pseudospot_y6_x20,17411.374888605522,5520.67984272858,Hippocampus_Excitatory
osmFISH Pseudospot,seurat,pseudospot_y6_x21,18260.710249025306,5520.67984272858,Astrocyte
osmFISH Pseudospot,seurat,pseudospot_y6_x22,19110.045609445086,5520.67984272858,Hippocampus_Excitatory
osmFISH Pseudospot,seurat,pseudospot_y6_x23,19959.38096986487,5520.67984272858,Hippocampus_Excitatory
osmFISH Pseudospot,seurat,pseudospot_y7_x15,13164.698086506616,6370.015203148362,Hippocampus_Excitatory
osmFISH Pseudospot,seurat,pseudospot_y7_x16,14014.033446926396,6370.015203148362,Hippocampus_Excitatory
osmFISH Pseudospot,seurat,pseudospot_y7_x17,14863.368807346178,6370.015203148362,Ependymal
osmFISH Pseudospot,seurat,pseudospot_y7_x18,15712.70416776596,6370.015203148362,Ependymal
osmFISH Pseudospot,seurat,pseudospot_y7_x19,16562.03952818574,6370.015203148362,Ependymal
osmFISH Pseudospot,seurat,pseudospot_y7_x20,17411.374888605522,6370.015203148362,Hippocampus_Excitatory
osmFISH Pseudospot,seurat,pseudospot_y7_x21,18260.710249025306,6370.015203148362,Interneuron
osmFISH Pseudospot,seurat,pseudospot_y7_x22,19110.045609445086,6370.015203148362,Hippocampus_Excitatory
osmFISH Pseudospot,seurat,pseudospot_y7_x23,19959.38096986487,6370.015203148362,Hippocampus_Excitatory
osmFISH Pseudospot,seurat,pseudospot_y7_x24,20808.71633028465,6370.015203148362,Hippocampus_Excitatory
osmFISH Pseudospot,seurat,pseudospot_y8_x15,13164.698086506616,7219.350563568144,Hippocampus_Excitatory
osmFISH Pseudospot,seurat,pseudospot_y8_x16,14014.033446926396,7219.350563568144,Hippocampus_Excitatory
osmFISH Pseudospot,seurat,pseudospot_y8_x20,17411.374888605522,7219.350563568144,Hippocampus_Excitatory
osmFISH Pseudospot,seurat,pseudospot_y8_x21,18260.710249025306,7219.350563568144,Hippocampus_Excitatory
osmFISH Pseudospot,seurat,pseudospot_y8_x22,19110.045609445086,7219.350563568144,Hippocampus_Excitatory
osmFISH Pseudospot,seurat,pseudospot_y8_x23,19959.38096986487,7219.350563568144,Hippocampus_Excitatory
osmFISH Pseudospot,seurat,pseudospot_y9_x15,13164.698086506616,8068.685923987926,Hippocampus_Excitatory
osmFISH Pseudospot,seurat,pseudospot_y9_x16,14014.033446926396,8068.685923987926,Hippocampus_Excitatory
osmFISH Pseudospot,seurat,pseudospot_y9_x17,14863.368807346178,8068.685923987926,Astrocyte
osmFISH Pseudospot,seurat,pseudospot_y9_x19,16562.03952818574,8068.685923987926,Ependymal
osmFISH Pseudospot,seurat,pseudospot_y9_x20,17411.374888605522,8068.685923987926,Hippocampus_Excitatory
osmFISH Pseudospot,seurat,pseudospot_y9_x21,18260.710249025306,8068.685923987926,Interneuron
osmFISH Pseudospot,seurat,pseudospot_y9_x22,19110.045609445086,8068.685923987926,Hippocampus_Excitatory
osmFISH Pseudospot,seurat,pseudospot_y9_x23,19959.38096986487,8068.685923987926,Hippocampus_Excitatory
osmFISH Pseudospot,seurat,pseudospot_y10_x15,13164.698086506616,8918.021284407707,Hippocampus_Excitatory
osmFISH Pseudospot,seurat,pseudospot_y10_x16,14014.033446926396,8918.021284407707,Hippocampus_Excitatory
osmFISH Pseudospot,seurat,pseudospot_y10_x17,14863.368807346178,8918.021284407707,Hippocampus_Excitatory
osmFISH Pseudospot,seurat,pseudospot_y10_x18,15712.70416776596,8918.021284407707,Ependymal
osmFISH Pseudospot,seurat,pseudospot_y10_x19,16562.03952818574,8918.021284407707,Astrocyte
osmFISH Pseudospot,seurat,pseudospot_y10_x20,17411.374888605522,8918.021284407707,Hippocampus_Excitatory
osmFISH Pseudospot,seurat,pseudospot_y10_x21,18260.710249025306,8918.021284407707,Hippocampus_Excitatory
osmFISH Pseudospot,seurat,pseudospot_y10_x22,19110.045609445086,8918.021284407707,Hippocampus_Excitatory
osmFISH Pseudospot,seurat,pseudospot_y10_x23,19959.38096986487,8918.021284407707,Hippocampus_Excitatory
osmFISH Pseudospot,seurat,pseudospot_y10_x24,20808.71633028465,8918.021284407707,Interneuron
osmFISH Pseudospot,seurat,pseudospot_y11_x15,13164.698086506616,9767.356644827489,Hippocampus_Excitatory
osmFISH Pseudospot,seurat,pseudospot_y11_x16,14014.033446926396,9767.356644827489,Hippocampus_Excitatory
osmFISH Pseudospot,seurat,pseudospot_y11_x17,14863.368807346178,9767.356644827489,Hippocampus_Excitatory
osmFISH Pseudospot,seurat,pseudospot_y11_x18,15712.70416776596,9767.356644827489,Hippocampus_Excitatory
osmFISH Pseudospot,seurat,pseudospot_y11_x19,16562.03952818574,9767.356644827489,Ependymal
osmFISH Pseudospot,seurat,pseudospot_y11_x20,17411.374888605522,9767.356644827489,Hippocampus_Excitatory
osmFISH Pseudospot,seurat,pseudospot_y11_x21,18260.710249025306,9767.356644827489,Hippocampus_Excitatory
osmFISH Pseudospot,seurat,pseudospot_y11_x22,19110.045609445086,9767.356644827489,Hippocampus_Excitatory
osmFISH Pseudospot,seurat,pseudospot_y11_x23,19959.38096986487,9767.356644827489,Hippocampus_Excitatory
osmFISH Pseudospot,seurat,pseudospot_y12_x15,13164.698086506616,10616.69200524727,Hippocampus_Excitatory
osmFISH Pseudospot,seurat,pseudospot_y12_x16,14014.033446926396,10616.69200524727,Hippocampus_Excitatory
osmFISH Pseudospot,seurat,pseudospot_y12_x17,14863.368807346178,10616.69200524727,Astrocyte
osmFISH Pseudospot,seurat,pseudospot_y12_x18,15712.70416776596,10616.69200524727,Hippocampus_Excitatory
osmFISH Pseudospot,seurat,pseudospot_y12_x19,16562.03952818574,10616.69200524727,Hippocampus_Excitatory
osmFISH Pseudospot,seurat,pseudospot_y12_x21,18260.710249025306,10616.69200524727,Hippocampus_Excitatory
osmFISH Pseudospot,seurat,pseudospot_y12_x22,19110.045609445086,10616.69200524727,Hippocampus_Excitatory
osmFISH Pseudospot,seurat,pseudospot_y12_x23,19959.38096986487,10616.69200524727,Hippocampus_Excitatory
osmFISH Pseudospot,seurat,pseudospot_y12_x24,20808.71633028465,10616.69200524727,Hippocampus_Excitatory
osmFISH Pseudospot,seurat,pseudospot_y13_x15,13164.698086506616,11466.027365667052,Hippocampus_Excitatory
osmFISH Pseudospot,seurat,pseudospot_y13_x16,14014.033446926396,11466.027365667052,Interneuron
osmFISH Pseudospot,seurat,pseudospot_y13_x18,15712.70416776596,11466.027365667052,Hippocampus_Excitatory
osmFISH Pseudospot,seurat,pseudospot_y13_x19,16562.03952818574,11466.027365667052,Hippocampus_Excitatory
osmFISH Pseudospot,seurat,pseudospot_y13_x20,17411.374888605522,11466.027365667052,Ependymal
osmFISH Pseudospot,seurat,pseudospot_y13_x21,18260.710249025306,11466.027365667052,Hippocampus_Excitatory
osmFISH Pseudospot,seurat,pseudospot_y13_x22,19110.045609445086,11466.027365667052,Hippocampus_Excitatory
osmFISH Pseudospot,seurat,pseudospot_y13_x23,19959.38096986487,11466.027365667052,Hippocampus_Excitatory
osmFISH Pseudospot,seurat,pseudospot_y13_x24,20808.71633028465,11466.027365667052,Hippocampus_Excitatory
osmFISH Pseudospot,seurat,pseudospot_y14_x15,13164.698086506616,12315.362726086834,Hippocampus_Excitatory
osmFISH Pseudospot,seurat,pseudospot_y14_x16,14014.033446926396,12315.362726086834,Interneuron
osmFISH Pseudospot,seurat,pseudospot_y14_x19,16562.03952818574,12315.362726086834,Hippocampus_Excitatory
osmFISH Pseudospot,seurat,pseudospot_y14_x20,17411.374888605522,12315.362726086834,Hippocampus_Excitatory
osmFISH Pseudospot,seurat,pseudospot_y14_x21,18260.710249025306,12315.362726086834,Ependymal
osmFISH Pseudospot,seurat,pseudospot_y14_x22,19110.045609445086,12315.362726086834,Hippocampus_Excitatory
osmFISH Pseudospot,seurat,pseudospot_y14_x23,19959.38096986487,12315.362726086834,Hippocampus_Excitatory
osmFISH Pseudospot,seurat,pseudospot_y14_x24,20808.71633028465,12315.362726086834,Hippocampus_Excitatory
osmFISH Pseudospot,seurat,pseudospot_y15_x15,13164.698086506616,13164.698086506616,Hippocampus_Excitatory
osmFISH Pseudospot,seurat,pseudospot_y15_x19,16562.03952818574,13164.698086506616,Hippocampus_Excitatory
osmFISH Pseudospot,seurat,pseudospot_y15_x20,17411.374888605522,13164.698086506616,Ependymal
osmFISH Pseudospot,seurat,pseudospot_y15_x21,18260.710249025306,13164.698086506616,Ependymal
osmFISH Pseudospot,seurat,pseudospot_y15_x22,19110.045609445086,13164.698086506616,Hippocampus_Excitatory
osmFISH Pseudospot,seurat,pseudospot_y15_x23,19959.38096986487,13164.698086506616,Hippocampus_Excitatory
osmFISH Pseudospot,seurat,pseudospot_y16_x18,15712.70416776596,14014.033446926396,Hippocampus_Excitatory
osmFISH Pseudospot,seurat,pseudospot_y16_x19,16562.03952818574,14014.033446926396,Hippocampus_Excitatory
osmFISH Pseudospot,seurat,pseudospot_y16_x20,17411.374888605522,14014.033446926396,Ependymal
osmFISH Pseudospot,seurat,pseudospot_y16_x21,18260.710249025306,14014.033446926396,Ependymal
osmFISH Pseudospot,seurat,pseudospot_y16_x22,19110.045609445086,14014.033446926396,Hippocampus_Excitatory
osmFISH Pseudospot,seurat,pseudospot_y16_x23,19959.38096986487,14014.033446926396,Hippocampus_Excitatory
osmFISH Pseudospot,seurat,pseudospot_y17_x20,17411.374888605522,14863.368807346178,Hippocampus_Excitatory
osmFISH Pseudospot,seurat,pseudospot_y17_x21,18260.710249025306,14863.368807346178,Hippocampus_Excitatory
osmFISH Pseudospot,seurat,pseudospot_y17_x22,19110.045609445086,14863.368807346178,Hippocampus_Excitatory
osmFISH Pseudospot,seurat,pseudospot_y17_x23,19959.38096986487,14863.368807346178,Hippocampus_Excitatory
osmFISH Pseudospot,seurat,pseudospot_y18_x15,13164.698086506616,15712.70416776596,Hippocampus_Excitatory
osmFISH Pseudospot,seurat,pseudospot_y18_x16,14014.033446926396,15712.70416776596,Interneuron
osmFISH Pseudospot,seurat,pseudospot_y18_x19,16562.03952818574,15712.70416776596,Hippocampus_Excitatory
osmFISH Pseudospot,seurat,pseudospot_y18_x20,17411.374888605522,15712.70416776596,Hippocampus_Excitatory
osmFISH Pseudospot,seurat,pseudospot_y18_x21,18260.710249025306,15712.70416776596,Hippocampus_Excitatory
osmFISH Pseudospot,seurat,pseudospot_y18_x23,19959.38096986487,15712.70416776596,Interneuron
osmFISH Pseudospot,seurat,pseudospot_y19_x15,13164.698086506616,16562.03952818574,Hippocampus_Excitatory
osmFISH Pseudospot,seurat,pseudospot_y19_x16,14014.033446926396,16562.03952818574,Hippocampus_Excitatory
osmFISH Pseudospot,seurat,pseudospot_y19_x18,15712.70416776596,16562.03952818574,Interneuron
osmFISH Pseudospot,seurat,pseudospot_y19_x19,16562.03952818574,16562.03952818574,Ependymal
osmFISH Pseudospot,seurat,pseudospot_y19_x20,17411.374888605522,16562.03952818574,Hippocampus_Excitatory
osmFISH Pseudospot,seurat,pseudospot_y19_x21,18260.710249025306,16562.03952818574,Hippocampus_Excitatory
osmFISH Pseudospot,seurat,pseudospot_y19_x22,19110.045609445086,16562.03952818574,Interneuron
osmFISH Pseudospot,seurat,pseudospot_y19_x23,19959.38096986487,16562.03952818574,Hippocampus_Excitatory
osmFISH Pseudospot,seurat,pseudospot_y19_x24,20808.71633028465,16562.03952818574,Hippocampus_Excitatory
osmFISH Pseudospot,seurat,pseudospot_y20_x15,13164.698086506616,17411.374888605522,Hippocampus_Excitatory
osmFISH Pseudospot,seurat,pseudospot_y20_x16,14014.033446926396,17411.374888605522,Hippocampus_Excitatory
osmFISH Pseudospot,seurat,pseudospot_y20_x17,14863.368807346178,17411.374888605522,Hippocampus_Excitatory
osmFISH Pseudospot,seurat,pseudospot_y20_x18,15712.70416776596,17411.374888605522,Hippocampus_Excitatory
osmFISH Pseudospot,seurat,pseudospot_y20_x19,16562.03952818574,17411.374888605522,Hippocampus_Excitatory
osmFISH Pseudospot,seurat,pseudospot_y20_x20,17411.374888605522,17411.374888605522,Hippocampus_Excitatory
osmFISH Pseudospot,seurat,pseudospot_y20_x21,18260.710249025306,17411.374888605522,Interneuron
osmFISH Pseudospot,seurat,pseudospot_y20_x22,19110.045609445086,17411.374888605522,Hippocampus_Excitatory
osmFISH Pseudospot,seurat,pseudospot_y20_x23,19959.38096986487,17411.374888605522,Hippocampus_Excitatory
osmFISH Pseudospot,seurat,pseudospot_y20_x24,20808.71633028465,17411.374888605522,Hippocampus_Excitatory
osmFISH Pseudospot,seurat,pseudospot_y21_x15,13164.698086506616,18260.710249025306,Hippocampus_Excitatory
osmFISH Pseudospot,seurat,pseudospot_y21_x18,15712.70416776596,18260.710249025306,Ependymal
osmFISH Pseudospot,seurat,pseudospot_y21_x19,16562.03952818574,18260.710249025306,Hippocampus_Excitatory
osmFISH Pseudospot,seurat,pseudospot_y21_x20,17411.374888605522,18260.710249025306,Hippocampus_Excitatory
osmFISH Pseudospot,seurat,pseudospot_y21_x22,19110.045609445086,18260.710249025306,Hippocampus_Excitatory
osmFISH Pseudospot,seurat,pseudospot_y21_x23,19959.38096986487,18260.710249025306,Hippocampus_Excitatory
osmFISH Pseudospot,seurat,pseudospot_y21_x24,20808.71633028465,18260.710249025306,Hippocampus_Excitatory
osmFISH Pseudospot,seurat,pseudospot_y22_x18,15712.70416776596,19110.045609445086,Hippocampus_Excitatory
osmFISH Pseudospot,seurat,pseudospot_y22_x19,16562.03952818574,19110.045609445086,Hippocampus_Excitatory
osmFISH Pseudospot,seurat,pseudospot_y22_x20,17411.374888605522,19110.045609445086,Hippocampus_Excitatory
osmFISH Pseudospot,seurat,pseudospot_y22_x21,18260.710249025306,19110.045609445086,Hippocampus_Excitatory
osmFISH Pseudospot,seurat,pseudospot_y22_x22,19110.045609445086,19110.045609445086,Hippocampus_Excitatory
osmFISH Pseudospot,seurat,pseudospot_y22_x23,19959.38096986487,19110.045609445086,Hippocampus_Excitatory
osmFISH Pseudospot,seurat,pseudospot_y22_x24,20808.71633028465,19110.045609445086,Interneuron
osmFISH Pseudospot,seurat,pseudospot_y23_x12,10616.69200524727,19959.38096986487,Hippocampus_Excitatory
osmFISH Pseudospot,seurat,pseudospot_y23_x13,11466.027365667052,19959.38096986487,Hippocampus_Excitatory
osmFISH Pseudospot,seurat,pseudospot_y23_x14,12315.362726086834,19959.38096986487,Hippocampus_Excitatory
osmFISH Pseudospot,seurat,pseudospot_y23_x15,13164.698086506616,19959.38096986487,Hippocampus_Excitatory
osmFISH Pseudospot,seurat,pseudospot_y23_x16,14014.033446926396,19959.38096986487,Hippocampus_Excitatory
osmFISH Pseudospot,seurat,pseudospot_y23_x17,14863.368807346178,19959.38096986487,Hippocampus_Excitatory
osmFISH Pseudospot,seurat,pseudospot_y23_x18,15712.70416776596,19959.38096986487,Hippocampus_Excitatory
osmFISH Pseudospot,seurat,pseudospot_y23_x19,16562.03952818574,19959.38096986487,Hippocampus_Excitatory
osmFISH Pseudospot,seurat,pseudospot_y23_x21,18260.710249025306,19959.38096986487,Hippocampus_Excitatory
osmFISH Pseudospot,seurat,pseudospot_y24_x13,11466.027365667052,20808.71633028465,Hippocampus_Excitatory
osmFISH Pseudospot,seurat,pseudospot_y24_x15,13164.698086506616,20808.71633028465,Interneuron
osmFISH Pseudospot,seurat,pseudospot_y24_x16,14014.033446926396,20808.71633028465,Ependymal
osmFISH Pseudospot,seurat,pseudospot_y24_x17,14863.368807346178,20808.71633028465,Hippocampus_Excitatory
osmFISH Pseudospot,seurat,pseudospot_y24_x18,15712.70416776596,20808.71633028465,Hippocampus_Excitatory
osmFISH Pseudospot,seurat,pseudospot_y24_x19,16562.03952818574,20808.71633028465,Hippocampus_Excitatory
osmFISH Pseudospot,seurat,pseudospot_y24_x20,17411.374888605522,20808.71633028465,Hippocampus_Excitatory
osmFISH Pseudospot,seurat,pseudospot_y24_x21,18260.710249025306,20808.71633028465,Hippocampus_Excitatory
osmFISH Pseudospot,seurat,pseudospot_y25_x10,8918.021284407707,21658.051690704433,Hippocampus_Excitatory
osmFISH Pseudospot,seurat,pseudospot_y25_x11,9767.356644827489,21658.051690704433,Hippocampus_Excitatory
osmFISH Pseudospot,seurat,pseudospot_y25_x12,10616.69200524727,21658.051690704433,Hippocampus_Excitatory
osmFISH Pseudospot,seurat,pseudospot_y25_x13,11466.027365667052,21658.051690704433,Hippocampus_Excitatory
osmFISH Pseudospot,seurat,pseudospot_y25_x15,13164.698086506616,21658.051690704433,Hippocampus_Excitatory
osmFISH Pseudospot,seurat,pseudospot_y25_x16,14014.033446926396,21658.051690704433,Ependymal
osmFISH Pseudospot,seurat,pseudospot_y25_x17,14863.368807346178,21658.051690704433,Hippocampus_Excitatory
osmFISH Pseudospot,seurat,pseudospot_y25_x18,15712.70416776596,21658.051690704433,Hippocampus_Excitatory
osmFISH Pseudospot,seurat,pseudospot_y25_x19,16562.03952818574,21658.051690704433,Hippocampus_Excitatory
osmFISH Pseudospot,seurat,pseudospot_y25_x20,17411.374888605522,21658.051690704433,Hippocampus_Excitatory
osmFISH Pseudospot,seurat,pseudospot_y25_x21,18260.710249025306,21658.051690704433,Hippocampus_Excitatory
osmFISH Pseudospot,seurat,pseudospot_y25_x22,19110.045609445086,21658.051690704433,Hippocampus_Excitatory
osmFISH Pseudospot,seurat,pseudospot_y26_x10,8918.021284407707,22507.387051124213,Hippocampus_Excitatory
osmFISH Pseudospot,seurat,pseudospot_y26_x11,9767.356644827489,22507.387051124213,Hippocampus_Excitatory
osmFISH Pseudospot,seurat,pseudospot_y26_x12,10616.69200524727,22507.387051124213,Hippocampus_Excitatory
osmFISH Pseudospot,seurat,pseudospot_y26_x14,12315.362726086834,22507.387051124213,Hippocampus_Excitatory
osmFISH Pseudospot,seurat,pseudospot_y26_x15,13164.698086506616,22507.387051124213,Ependymal
osmFISH Pseudospot,seurat,pseudospot_y26_x16,14014.033446926396,22507.387051124213,Hippocampus_Excitatory
osmFISH Pseudospot,seurat,pseudospot_y26_x17,14863.368807346178,22507.387051124213,Hippocampus_Excitatory
osmFISH Pseudospot,seurat,pseudospot_y26_x19,16562.03952818574,22507.387051124213,Hippocampus_Excitatory
osmFISH Pseudospot,seurat,pseudospot_y26_x20,17411.374888605522,22507.387051124213,Hippocampus_Excitatory
osmFISH Pseudospot,seurat,pseudospot_y26_x21,18260.710249025306,22507.387051124213,Hippocampus_Excitatory
osmFISH Pseudospot,seurat,pseudospot_y27_x9,8068.685923987926,23356.722411543997,Hippocampus_Excitatory
osmFISH Pseudospot,seurat,pseudospot_y27_x10,8918.021284407707,23356.722411543997,Interneuron
osmFISH Pseudospot,seurat,pseudospot_y27_x11,9767.356644827489,23356.722411543997,Hippocampus_Excitatory
osmFISH Pseudospot,seurat,pseudospot_y27_x14,12315.362726086834,23356.722411543997,Ependymal
osmFISH Pseudospot,seurat,pseudospot_y27_x15,13164.698086506616,23356.722411543997,Hippocampus_Excitatory
osmFISH Pseudospot,seurat,pseudospot_y27_x16,14014.033446926396,23356.722411543997,Hippocampus_Excitatory
osmFISH Pseudospot,seurat,pseudospot_y27_x17,14863.368807346178,23356.722411543997,Hippocampus_Excitatory
osmFISH Pseudospot,seurat,pseudospot_y27_x18,15712.70416776596,23356.722411543997,Hippocampus_Excitatory
osmFISH Pseudospot,seurat,pseudospot_y27_x19,16562.03952818574,23356.722411543997,Hippocampus_Excitatory
osmFISH Pseudospot,seurat,pseudospot_y27_x20,17411.374888605522,23356.722411543997,Hippocampus_Excitatory
osmFISH Pseudospot,seurat,pseudospot_y27_x21,18260.710249025306,23356.722411543997,Hippocampus_Excitatory
osmFISH Pseudospot,seurat,pseudospot_y28_x6,5520.67984272858,24206.057771963777,Hippocampus_Excitatory
osmFISH Pseudospot,seurat,pseudospot_y28_x8,7219.350563568144,24206.057771963777,Hippocampus_Excitatory
osmFISH Pseudospot,seurat,pseudospot_y28_x9,8068.685923987926,24206.057771963777,Hippocampus_Excitatory
osmFISH Pseudospot,seurat,pseudospot_y28_x10,8918.021284407707,24206.057771963777,Interneuron
osmFISH Pseudospot,seurat,pseudospot_y28_x12,10616.69200524727,24206.057771963777,Hippocampus_Excitatory
osmFISH Pseudospot,seurat,pseudospot_y28_x13,11466.027365667052,24206.057771963777,Hippocampus_Excitatory
osmFISH Pseudospot,seurat,pseudospot_y28_x14,12315.362726086834,24206.057771963777,Hippocampus_Excitatory
osmFISH Pseudospot,seurat,pseudospot_y28_x15,13164.698086506616,24206.057771963777,Hippocampus_Excitatory
osmFISH Pseudospot,seurat,pseudospot_y28_x16,14014.033446926396,24206.057771963777,Hippocampus_Excitatory
osmFISH Pseudospot,seurat,pseudospot_y28_x17,14863.368807346178,24206.057771963777,Interneuron
osmFISH Pseudospot,seurat,pseudospot_y28_x18,15712.70416776596,24206.057771963777,Hippocampus_Excitatory
osmFISH Pseudospot,seurat,pseudospot_y28_x19,16562.03952818574,24206.057771963777,Hippocampus_Excitatory
osmFISH Pseudospot,seurat,pseudospot_y28_x20,17411.374888605522,24206.057771963777,Hippocampus_Excitatory
osmFISH Pseudospot,seurat,pseudospot_y28_x21,18260.710249025306,24206.057771963777,Hippocampus_Excitatory
osmFISH Pseudospot,seurat,pseudospot_y29_x2,2123.338401049454,25055.393132383557,Astrocyte
osmFISH Pseudospot,seurat,pseudospot_y29_x4,3822.0091218890175,25055.393132383557,Astrocyte
osmFISH Pseudospot,seurat,pseudospot_y29_x5,4671.344482308799,25055.393132383557,Astrocyte
osmFISH Pseudospot,seurat,pseudospot_y29_x6,5520.67984272858,25055.393132383557,Interneuron
osmFISH Pseudospot,seurat,pseudospot_y29_x7,6370.015203148362,25055.393132383557,Hippocampus_Excitatory
osmFISH Pseudospot,seurat,pseudospot_y29_x8,7219.350563568144,25055.393132383557,Hippocampus_Excitatory
osmFISH Pseudospot,seurat,pseudospot_y29_x9,8068.685923987926,25055.393132383557,Hippocampus_Excitatory
osmFISH Pseudospot,seurat,pseudospot_y29_x11,9767.356644827489,25055.393132383557,Interneuron
osmFISH Pseudospot,seurat,pseudospot_y29_x12,10616.69200524727,25055.393132383557,Interneuron
osmFISH Pseudospot,seurat,pseudospot_y29_x13,11466.027365667052,25055.393132383557,Hippocampus_Excitatory
osmFISH Pseudospot,seurat,pseudospot_y29_x14,12315.362726086834,25055.393132383557,Hippocampus_Excitatory
osmFISH Pseudospot,seurat,pseudospot_y29_x15,13164.698086506616,25055.393132383557,Hippocampus_Excitatory
osmFISH Pseudospot,seurat,pseudospot_y29_x16,14014.033446926396,25055.393132383557,Hippocampus_Excitatory
osmFISH Pseudospot,seurat,pseudospot_y29_x17,14863.368807346178,25055.393132383557,Hippocampus_Excitatory
osmFISH Pseudospot,seurat,pseudospot_y29_x18,15712.70416776596,25055.393132383557,Hippocampus_Excitatory
osmFISH Pseudospot,seurat,pseudospot_y29_x19,16562.03952818574,25055.393132383557,Hippocampus_Excitatory
osmFISH Pseudospot,seurat,pseudospot_y29_x20,17411.374888605522,25055.393132383557,Hippocampus_Excitatory
osmFISH Pseudospot,seurat,pseudospot_y29_x21,18260.710249025306,25055.393132383557,Hippocampus_Excitatory
osmFISH Pseudospot,seurat,pseudospot_y29_x22,19110.045609445086,25055.393132383557,Hippocampus_Excitatory
osmFISH Pseudospot,seurat,pseudospot_y30_x1,1274.0030406296723,25904.72849280334,Hippocampus_Excitatory
osmFISH Pseudospot,seurat,pseudospot_y30_x2,2123.338401049454,25904.72849280334,Hippocampus_Excitatory
osmFISH Pseudospot,seurat,pseudospot_y30_x4,3822.0091218890175,25904.72849280334,Astrocyte
osmFISH Pseudospot,seurat,pseudospot_y30_x5,4671.344482308799,25904.72849280334,Hippocampus_Excitatory
osmFISH Pseudospot,seurat,pseudospot_y30_x6,5520.67984272858,25904.72849280334,Hippocampus_Excitatory
osmFISH Pseudospot,seurat,pseudospot_y30_x7,6370.015203148362,25904.72849280334,Hippocampus_Excitatory
osmFISH Pseudospot,seurat,pseudospot_y30_x8,7219.350563568144,25904.72849280334,Hippocampus_Excitatory
osmFISH Pseudospot,seurat,pseudospot_y30_x10,8918.021284407707,25904.72849280334,Hippocampus_Excitatory
osmFISH Pseudospot,seurat,pseudospot_y30_x11,9767.356644827489,25904.72849280334,Hippocampus_Excitatory
osmFISH Pseudospot,seurat,pseudospot_y30_x12,10616.69200524727,25904.72849280334,Hippocampus_Excitatory
osmFISH Pseudospot,seurat,pseudospot_y30_x13,11466.027365667052,25904.72849280334,Hippocampus_Excitatory
osmFISH Pseudospot,seurat,pseudospot_y30_x14,12315.362726086834,25904.72849280334,Hippocampus_Excitatory
osmFISH Pseudospot,seurat,pseudospot_y30_x15,13164.698086506616,25904.72849280334,Hippocampus_Excitatory
osmFISH Pseudospot,seurat,pseudospot_y30_x16,14014.033446926396,25904.72849280334,Hippocampus_Excitatory
osmFISH Pseudospot,seurat,pseudospot_y30_x17,14863.368807346178,25904.72849280334,Hippocampus_Excitatory
osmFISH Pseudospot,seurat,pseudospot_y30_x18,15712.70416776596,25904.72849280334,Hippocampus_Excitatory
osmFISH Pseudospot,seurat,pseudospot_y30_x19,16562.03952818574,25904.72849280334,Hippocampus_Excitatory
osmFISH Pseudospot,seurat,pseudospot_y30_x20,17411.374888605522,25904.72849280334,Hippocampus_Excitatory
osmFISH Pseudospot,seurat,pseudospot_y30_x21,18260.710249025306,25904.72849280334,Hippocampus_Excitatory
osmFISH Pseudospot,seurat,pseudospot_y30_x22,19110.045609445086,25904.72849280334,Hippocampus_Excitatory
osmFISH Pseudospot,seurat,pseudospot_y30_x23,19959.38096986487,25904.72849280334,Hippocampus_Excitatory
osmFISH Pseudospot,seurat,pseudospot_y31_x3,2972.6737614692356,26754.06385322312,Astrocyte
osmFISH Pseudospot,seurat,pseudospot_y31_x4,3822.0091218890175,26754.06385322312,Astrocyte
osmFISH Pseudospot,seurat,pseudospot_y31_x5,4671.344482308799,26754.06385322312,Hippocampus_Excitatory
osmFISH Pseudospot,seurat,pseudospot_y31_x6,5520.67984272858,26754.06385322312,Hippocampus_Excitatory
osmFISH Pseudospot,seurat,pseudospot_y31_x7,6370.015203148362,26754.06385322312,Interneuron
osmFISH Pseudospot,seurat,pseudospot_y31_x11,9767.356644827489,26754.06385322312,Hippocampus_Excitatory
osmFISH Pseudospot,seurat,pseudospot_y31_x12,10616.69200524727,26754.06385322312,Hippocampus_Excitatory
osmFISH Pseudospot,seurat,pseudospot_y31_x13,11466.027365667052,26754.06385322312,Hippocampus_Excitatory
osmFISH Pseudospot,seurat,pseudospot_y31_x14,12315.362726086834,26754.06385322312,Hippocampus_Excitatory
osmFISH Pseudospot,seurat,pseudospot_y31_x15,13164.698086506616,26754.06385322312,Hippocampus_Excitatory
osmFISH Pseudospot,seurat,pseudospot_y31_x16,14014.033446926396,26754.06385322312,Hippocampus_Excitatory
osmFISH Pseudospot,seurat,pseudospot_y31_x17,14863.368807346178,26754.06385322312,Hippocampus_Excitatory
osmFISH Pseudospot,seurat,pseudospot_y31_x18,15712.70416776596,26754.06385322312,Hippocampus_Excitatory
osmFISH Pseudospot,seurat,pseudospot_y31_x19,16562.03952818574,26754.06385322312,Hippocampus_Excitatory
osmFISH Pseudospot,seurat,pseudospot_y31_x20,17411.374888605522,26754.06385322312,Hippocampus_Excitatory
osmFISH Pseudospot,seurat,pseudospot_y31_x21,18260.710249025306,26754.06385322312,Hippocampus_Excitatory
osmFISH Pseudospot,seurat,pseudospot_y31_x22,19110.045609445086,26754.06385322312,Hippocampus_Excitatory
osmFISH Pseudospot,seurat,pseudospot_y32_x0,424.6676802098908,27603.399213642904,Hippocampus_Excitatory
osmFISH Pseudospot,seurat,pseudospot_y32_x1,1274.0030406296723,27603.399213642904,Hippocampus_Excitatory
osmFISH Pseudospot,seurat,pseudospot_y32_x3,2972.6737614692356,27603.399213642904,Hippocampus_Excitatory
osmFISH Pseudospot,seurat,pseudospot_y32_x4,3822.0091218890175,27603.399213642904,Hippocampus_Excitatory
osmFISH Pseudospot,seurat,pseudospot_y32_x5,4671.344482308799,27603.399213642904,Interneuron
osmFISH Pseudospot,seurat,pseudospot_y32_x7,6370.015203148362,27603.399213642904,Interneuron
osmFISH Pseudospot,seurat,pseudospot_y32_x9,8068.685923987926,27603.399213642904,Hippocampus_Excitatory
osmFISH Pseudospot,seurat,pseudospot_y32_x10,8918.021284407707,27603.399213642904,Hippocampus_Excitatory
osmFISH Pseudospot,seurat,pseudospot_y32_x11,9767.356644827489,27603.399213642904,Hippocampus_Excitatory
osmFISH Pseudospot,seurat,pseudospot_y32_x12,10616.69200524727,27603.399213642904,Hippocampus_Excitatory
osmFISH Pseudospot,seurat,pseudospot_y32_x13,11466.027365667052,27603.399213642904,Interneuron
osmFISH Pseudospot,seurat,pseudospot_y32_x14,12315.362726086834,27603.399213642904,Hippocampus_Excitatory
osmFISH Pseudospot,seurat,pseudospot_y32_x15,13164.698086506616,27603.399213642904,Hippocampus_Excitatory
osmFISH Pseudospot,seurat,pseudospot_y32_x16,14014.033446926396,27603.399213642904,Hippocampus_Excitatory
osmFISH Pseudospot,seurat,pseudospot_y32_x17,14863.368807346178,27603.399213642904,Hippocampus_Excitatory
osmFISH Pseudospot,seurat,pseudospot_y32_x18,15712.70416776596,27603.399213642904,Hippocampus_Excitatory
osmFISH Pseudospot,seurat,pseudospot_y32_x19,16562.03952818574,27603.399213642904,Interneuron
osmFISH Pseudospot,seurat,pseudospot_y32_x20,17411.374888605522,27603.399213642904,Interneuron
osmFISH Pseudospot,seurat,pseudospot_y32_x21,18260.710249025306,27603.399213642904,Hippocampus_Excitatory
osmFISH Pseudospot,seurat,pseudospot_y32_x22,19110.045609445086,27603.399213642904,Hippocampus_Excitatory
osmFISH Pseudospot,seurat,pseudospot_y32_x23,19959.38096986487,27603.399213642904,Hippocampus_Excitatory
osmFISH Pseudospot,seurat,pseudospot_y33_x0,424.6676802098908,28452.734574062684,Hippocampus_Excitatory
osmFISH Pseudospot,seurat,pseudospot_y33_x1,1274.0030406296723,28452.734574062684,Hippocampus_Excitatory
osmFISH Pseudospot,seurat,pseudospot_y33_x2,2123.338401049454,28452.734574062684,Hippocampus_Excitatory
osmFISH Pseudospot,seurat,pseudospot_y33_x3,2972.6737614692356,28452.734574062684,Interneuron
osmFISH Pseudospot,seurat,pseudospot_y33_x7,6370.015203148362,28452.734574062684,Ependymal
osmFISH Pseudospot,seurat,pseudospot_y33_x8,7219.350563568144,28452.734574062684,Ependymal
osmFISH Pseudospot,seurat,pseudospot_y33_x9,8068.685923987926,28452.734574062684,Hippocampus_Excitatory
osmFISH Pseudospot,seurat,pseudospot_y33_x10,8918.021284407707,28452.734574062684,Hippocampus_Excitatory
osmFISH Pseudospot,seurat,pseudospot_y33_x11,9767.356644827489,28452.734574062684,Hippocampus_Excitatory
osmFISH Pseudospot,seurat,pseudospot_y33_x12,10616.69200524727,28452.734574062684,Hippocampus_Excitatory
osmFISH Pseudospot,seurat,pseudospot_y33_x13,11466.027365667052,28452.734574062684,Hippocampus_Excitatory
osmFISH Pseudospot,seurat,pseudospot_y33_x14,12315.362726086834,28452.734574062684,Hippocampus_Excitatory
osmFISH Pseudospot,seurat,pseudospot_y33_x15,13164.698086506616,28452.734574062684,Hippocampus_Excitatory
osmFISH Pseudospot,seurat,pseudospot_y33_x16,14014.033446926396,28452.734574062684,Hippocampus_Excitatory
osmFISH Pseudospot,seurat,pseudospot_y33_x17,14863.368807346178,28452.734574062684,Hippocampus_Excitatory
osmFISH Pseudospot,seurat,pseudospot_y33_x18,15712.70416776596,28452.734574062684,Hippocampus_Excitatory
osmFISH Pseudospot,seurat,pseudospot_y33_x19,16562.03952818574,28452.734574062684,Hippocampus_Excitatory
osmFISH Pseudospot,seurat,pseudospot_y33_x20,17411.374888605522,28452.734574062684,Hippocampus_Excitatory
osmFISH Pseudospot,seurat,pseudospot_y33_x21,18260.710249025306,28452.734574062684,Hippocampus_Excitatory
osmFISH Pseudospot,seurat,pseudospot_y33_x22,19110.045609445086,28452.734574062684,Hippocampus_Excitatory
osmFISH Pseudospot,seurat,pseudospot_y33_x23,19959.38096986487,28452.734574062684,Hippocampus_Excitatory
osmFISH Pseudospot,seurat,pseudospot_y33_x24,20808.71633028465,28452.734574062684,Hippocampus_Excitatory
osmFISH Pseudospot,seurat,pseudospot_y34_x1,1274.0030406296723,29302.069934482468,Interneuron
osmFISH Pseudospot,seurat,pseudospot_y34_x5,4671.344482308799,29302.069934482468,Hippocampus_Excitatory
osmFISH Pseudospot,seurat,pseudospot_y34_x6,5520.67984272858,29302.069934482468,Hippocampus_Excitatory
osmFISH Pseudospot,seurat,pseudospot_y34_x7,6370.015203148362,29302.069934482468,Hippocampus_Excitatory
osmFISH Pseudospot,seurat,pseudospot_y34_x8,7219.350563568144,29302.069934482468,Hippocampus_Excitatory
osmFISH Pseudospot,seurat,pseudospot_y34_x9,8068.685923987926,29302.069934482468,Hippocampus_Excitatory
osmFISH Pseudospot,seurat,pseudospot_y34_x10,8918.021284407707,29302.069934482468,Hippocampus_Excitatory
osmFISH Pseudospot,seurat,pseudospot_y34_x11,9767.356644827489,29302.069934482468,Hippocampus_Excitatory
osmFISH Pseudospot,seurat,pseudospot_y34_x12,10616.69200524727,29302.069934482468,Hippocampus_Excitatory
osmFISH Pseudospot,seurat,pseudospot_y34_x13,11466.027365667052,29302.069934482468,Hippocampus_Excitatory
osmFISH Pseudospot,seurat,pseudospot_y34_x14,12315.362726086834,29302.069934482468,Hippocampus_Excitatory
osmFISH Pseudospot,seurat,pseudospot_y34_x15,13164.698086506616,29302.069934482468,Hippocampus_Excitatory
osmFISH Pseudospot,seurat,pseudospot_y34_x16,14014.033446926396,29302.069934482468,Interneuron
osmFISH Pseudospot,seurat,pseudospot_y34_x17,14863.368807346178,29302.069934482468,Interneuron
osmFISH Pseudospot,seurat,pseudospot_y34_x18,15712.70416776596,29302.069934482468,Hippocampus_Excitatory
osmFISH Pseudospot,seurat,pseudospot_y34_x19,16562.03952818574,29302.069934482468,Hippocampus_Excitatory
osmFISH Pseudospot,seurat,pseudospot_y34_x20,17411.374888605522,29302.069934482468,Hippocampus_Excitatory
osmFISH Pseudospot,seurat,pseudospot_y34_x21,18260.710249025306,29302.069934482468,Hippocampus_Excitatory
osmFISH Pseudospot,seurat,pseudospot_y34_x22,19110.045609445086,29302.069934482468,Hippocampus_Excitatory
osmFISH Pseudospot,seurat,pseudospot_y34_x23,19959.38096986487,29302.069934482468,Interneuron
osmFISH Pseudospot,seurat,pseudospot_y34_x24,20808.71633028465,29302.069934482468,Hippocampus_Excitatory
osmFISH Pseudospot,seurat,pseudospot_y35_x0,424.6676802098908,30151.405294902248,Hippocampus_Excitatory
osmFISH Pseudospot,seurat,pseudospot_y35_x1,1274.0030406296723,30151.405294902248,Ependymal
osmFISH Pseudospot,seurat,pseudospot_y35_x2,2123.338401049454,30151.405294902248,Interneuron
osmFISH Pseudospot,seurat,pseudospot_y35_x3,2972.6737614692356,30151.405294902248,Hippocampus_Excitatory
osmFISH Pseudospot,seurat,pseudospot_y35_x4,3822.0091218890175,30151.405294902248,Astrocyte
osmFISH Pseudospot,seurat,pseudospot_y35_x5,4671.344482308799,30151.405294902248,Astrocyte
osmFISH Pseudospot,seurat,pseudospot_y35_x6,5520.67984272858,30151.405294902248,Hippocampus_Excitatory
osmFISH Pseudospot,seurat,pseudospot_y35_x7,6370.015203148362,30151.405294902248,Hippocampus_Excitatory
osmFISH Pseudospot,seurat,pseudospot_y35_x8,7219.350563568144,30151.405294902248,Hippocampus_Excitatory
osmFISH Pseudospot,seurat,pseudospot_y35_x9,8068.685923987926,30151.405294902248,Hippocampus_Excitatory
osmFISH Pseudospot,seurat,pseudospot_y35_x10,8918.021284407707,30151.405294902248,Hippocampus_Excitatory
osmFISH Pseudospot,seurat,pseudospot_y35_x11,9767.356644827489,30151.405294902248,Hippocampus_Excitatory
osmFISH Pseudospot,seurat,pseudospot_y35_x12,10616.69200524727,30151.405294902248,Hippocampus_Excitatory
osmFISH Pseudospot,seurat,pseudospot_y35_x13,11466.027365667052,30151.405294902248,Hippocampus_Excitatory
osmFISH Pseudospot,seurat,pseudospot_y35_x14,12315.362726086834,30151.405294902248,Hippocampus_Excitatory
osmFISH Pseudospot,seurat,pseudospot_y35_x15,13164.698086506616,30151.405294902248,Hippocampus_Excitatory
osmFISH Pseudospot,seurat,pseudospot_y35_x16,14014.033446926396,30151.405294902248,Interneuron
osmFISH Pseudospot,seurat,pseudospot_y35_x17,14863.368807346178,30151.405294902248,Hippocampus_Excitatory
osmFISH Pseudospot,seurat,pseudospot_y35_x18,15712.70416776596,30151.405294902248,Hippocampus_Excitatory
osmFISH Pseudospot,seurat,pseudospot_y35_x20,17411.374888605522,30151.405294902248,Hippocampus_Excitatory
osmFISH Pseudospot,seurat,pseudospot_y35_x21,18260.710249025306,30151.405294902248,Hippocampus_Excitatory
osmFISH Pseudospot,seurat,pseudospot_y35_x22,19110.045609445086,30151.405294902248,Hippocampus_Excitatory
osmFISH Pseudospot,seurat,pseudospot_y35_x23,19959.38096986487,30151.405294902248,Hippocampus_Excitatory
osmFISH Pseudospot,seurat,pseudospot_y35_x24,20808.71633028465,30151.405294902248,Hippocampus_Excitatory
osmFISH Pseudospot,seurat,pseudospot_y36_x0,424.6676802098908,31000.740655322028,Hippocampus_Excitatory
osmFISH Pseudospot,seurat,pseudospot_y36_x2,2123.338401049454,31000.740655322028,Hippocampus_Excitatory
osmFISH Pseudospot,seurat,pseudospot_y36_x3,2972.6737614692356,31000.740655322028,Hippocampus_Excitatory
osmFISH Pseudospot,seurat,pseudospot_y36_x5,4671.344482308799,31000.740655322028,Hippocampus_Excitatory
osmFISH Pseudospot,seurat,pseudospot_y36_x6,5520.67984272858,31000.740655322028,Hippocampus_Excitatory
osmFISH Pseudospot,seurat,pseudospot_y36_x7,6370.015203148362,31000.740655322028,Hippocampus_Excitatory
osmFISH Pseudospot,seurat,pseudospot_y36_x8,7219.350563568144,31000.740655322028,Hippocampus_Excitatory
osmFISH Pseudospot,seurat,pseudospot_y36_x9,8068.685923987926,31000.740655322028,Hippocampus_Excitatory
osmFISH Pseudospot,seurat,pseudospot_y36_x10,8918.021284407707,31000.740655322028,Hippocampus_Excitatory
osmFISH Pseudospot,seurat,pseudospot_y36_x11,9767.356644827489,31000.740655322028,Hippocampus_Excitatory
osmFISH Pseudospot,seurat,pseudospot_y36_x12,10616.69200524727,31000.740655322028,Hippocampus_Excitatory
osmFISH Pseudospot,seurat,pseudospot_y36_x13,11466.027365667052,31000.740655322028,Hippocampus_Excitatory
osmFISH Pseudospot,seurat,pseudospot_y36_x14,12315.362726086834,31000.740655322028,Interneuron
osmFISH Pseudospot,seurat,pseudospot_y36_x15,13164.698086506616,31000.740655322028,Hippocampus_Excitatory
osmFISH Pseudospot,seurat,pseudospot_y36_x16,14014.033446926396,31000.740655322028,Interneuron
osmFISH Pseudospot,seurat,pseudospot_y36_x17,14863.368807346178,31000.740655322028,Hippocampus_Excitatory
osmFISH Pseudospot,seurat,pseudospot_y36_x18,15712.70416776596,31000.740655322028,Hippocampus_Excitatory
osmFISH Pseudospot,seurat,pseudospot_y36_x19,16562.03952818574,31000.740655322028,Hippocampus_Excitatory
osmFISH Pseudospot,seurat,pseudospot_y36_x20,17411.374888605522,31000.740655322028,Hippocampus_Excitatory
osmFISH Pseudospot,seurat,pseudospot_y36_x21,18260.710249025306,31000.740655322028,Hippocampus_Excitatory
osmFISH Pseudospot,seurat,pseudospot_y36_x22,19110.045609445086,31000.740655322028,Hippocampus_Excitatory
osmFISH Pseudospot,seurat,pseudospot_y36_x23,19959.38096986487,31000.740655322028,Hippocampus_Excitatory
osmFISH Pseudospot,seurat,pseudospot_y36_x24,20808.71633028465,31000.740655322028,Hippocampus_Excitatory
osmFISH Pseudospot,seurat,pseudospot_y37_x0,424.6676802098908,31850.07601574181,Hippocampus_Excitatory
osmFISH Pseudospot,seurat,pseudospot_y37_x1,1274.0030406296723,31850.07601574181,Hippocampus_Excitatory
osmFISH Pseudospot,seurat,pseudospot_y37_x2,2123.338401049454,31850.07601574181,Interneuron
osmFISH Pseudospot,seurat,pseudospot_y37_x3,2972.6737614692356,31850.07601574181,Hippocampus_Excitatory
osmFISH Pseudospot,seurat,pseudospot_y37_x4,3822.0091218890175,31850.07601574181,Hippocampus_Excitatory
osmFISH Pseudospot,seurat,pseudospot_y37_x5,4671.344482308799,31850.07601574181,Hippocampus_Excitatory
osmFISH Pseudospot,seurat,pseudospot_y37_x6,5520.67984272858,31850.07601574181,Hippocampus_Excitatory
osmFISH Pseudospot,seurat,pseudospot_y37_x7,6370.015203148362,31850.07601574181,Hippocampus_Excitatory
osmFISH Pseudospot,seurat,pseudospot_y37_x8,7219.350563568144,31850.07601574181,Hippocampus_Excitatory
osmFISH Pseudospot,seurat,pseudospot_y37_x9,8068.685923987926,31850.07601574181,Hippocampus_Excitatory
osmFISH Pseudospot,seurat,pseudospot_y37_x10,8918.021284407707,31850.07601574181,Hippocampus_Excitatory
osmFISH Pseudospot,seurat,pseudospot_y37_x11,9767.356644827489,31850.07601574181,Hippocampus_Excitatory
osmFISH Pseudospot,seurat,pseudospot_y37_x12,10616.69200524727,31850.07601574181,Hippocampus_Excitatory
osmFISH Pseudospot,seurat,pseudospot_y37_x13,11466.027365667052,31850.07601574181,Hippocampus_Excitatory
osmFISH Pseudospot,seurat,pseudospot_y37_x14,12315.362726086834,31850.07601574181,Hippocampus_Excitatory
osmFISH Pseudospot,seurat,pseudospot_y37_x15,13164.698086506616,31850.07601574181,Hippocampus_Excitatory
osmFISH Pseudospot,seurat,pseudospot_y37_x16,14014.033446926396,31850.07601574181,Interneuron
osmFISH Pseudospot,seurat,pseudospot_y37_x17,14863.368807346178,31850.07601574181,Hippocampus_Excitatory
osmFISH Pseudospot,seurat,pseudospot_y37_x18,15712.70416776596,31850.07601574181,Hippocampus_Excitatory
osmFISH Pseudospot,seurat,pseudospot_y37_x19,16562.03952818574,31850.07601574181,Hippocampus_Excitatory
osmFISH Pseudospot,seurat,pseudospot_y37_x20,17411.374888605522,31850.07601574181,Hippocampus_Excitatory
osmFISH Pseudospot,seurat,pseudospot_y37_x21,18260.710249025306,31850.07601574181,Hippocampus_Excitatory
osmFISH Pseudospot,seurat,pseudospot_y37_x22,19110.045609445086,31850.07601574181,Hippocampus_Excitatory
osmFISH Pseudospot,seurat,pseudospot_y37_x23,19959.38096986487,31850.07601574181,Hippocampus_Excitatory
osmFISH Pseudospot,seurat,pseudospot_y37_x24,20808.71633028465,31850.07601574181,Hippocampus_Excitatory
osmFISH Pseudospot,seurat,pseudospot_y37_x25,21658.051690704433,31850.07601574181,Hippocampus_Excitatory
osmFISH Pseudospot,seurat,pseudospot_y37_x26,22507.387051124213,31850.07601574181,Hippocampus_Excitatory
osmFISH Pseudospot,seurat,pseudospot_y38_x0,424.6676802098908,32699.41137616159,Interneuron
osmFISH Pseudospot,seurat,pseudospot_y38_x1,1274.0030406296723,32699.41137616159,Hippocampus_Excitatory
osmFISH Pseudospot,seurat,pseudospot_y38_x2,2123.338401049454,32699.41137616159,Hippocampus_Excitatory
osmFISH Pseudospot,seurat,pseudospot_y38_x3,2972.6737614692356,32699.41137616159,Hippocampus_Excitatory
osmFISH Pseudospot,seurat,pseudospot_y38_x4,3822.0091218890175,32699.41137616159,Hippocampus_Excitatory
osmFISH Pseudospot,seurat,pseudospot_y38_x5,4671.344482308799,32699.41137616159,Hippocampus_Excitatory
osmFISH Pseudospot,seurat,pseudospot_y38_x6,5520.67984272858,32699.41137616159,Hippocampus_Excitatory
osmFISH Pseudospot,seurat,pseudospot_y38_x7,6370.015203148362,32699.41137616159,Hippocampus_Excitatory
osmFISH Pseudospot,seurat,pseudospot_y38_x8,7219.350563568144,32699.41137616159,Hippocampus_Excitatory
osmFISH Pseudospot,seurat,pseudospot_y38_x9,8068.685923987926,32699.41137616159,Hippocampus_Excitatory
osmFISH Pseudospot,seurat,pseudospot_y38_x10,8918.021284407707,32699.41137616159,Hippocampus_Excitatory
osmFISH Pseudospot,seurat,pseudospot_y38_x11,9767.356644827489,32699.41137616159,Hippocampus_Excitatory
osmFISH Pseudospot,seurat,pseudospot_y38_x12,10616.69200524727,32699.41137616159,Hippocampus_Excitatory
osmFISH Pseudospot,seurat,pseudospot_y38_x13,11466.027365667052,32699.41137616159,Hippocampus_Excitatory
osmFISH Pseudospot,seurat,pseudospot_y38_x14,12315.362726086834,32699.41137616159,Hippocampus_Excitatory
osmFISH Pseudospot,seurat,pseudospot_y38_x15,13164.698086506616,32699.41137616159,Hippocampus_Excitatory
osmFISH Pseudospot,seurat,pseudospot_y38_x16,14014.033446926396,32699.41137616159,Hippocampus_Excitatory
osmFISH Pseudospot,seurat,pseudospot_y38_x17,14863.368807346178,32699.41137616159,Hippocampus_Excitatory
osmFISH Pseudospot,seurat,pseudospot_y38_x18,15712.70416776596,32699.41137616159,Hippocampus_Excitatory
osmFISH Pseudospot,seurat,pseudospot_y38_x19,16562.03952818574,32699.41137616159,Hippocampus_Excitatory
osmFISH Pseudospot,seurat,pseudospot_y38_x20,17411.374888605522,32699.41137616159,Hippocampus_Excitatory
osmFISH Pseudospot,seurat,pseudospot_y38_x21,18260.710249025306,32699.41137616159,Hippocampus_Excitatory
osmFISH Pseudospot,seurat,pseudospot_y38_x22,19110.045609445086,32699.41137616159,Hippocampus_Excitatory
osmFISH Pseudospot,seurat,pseudospot_y38_x23,19959.38096986487,32699.41137616159,Hippocampus_Excitatory
osmFISH Pseudospot,seurat,pseudospot_y38_x24,20808.71633028465,32699.41137616159,Hippocampus_Excitatory
osmFISH Pseudospot,seurat,pseudospot_y38_x25,21658.051690704433,32699.41137616159,Hippocampus_Excitatory
osmFISH Pseudospot,seurat,pseudospot_y38_x26,22507.387051124213,32699.41137616159,Hippocampus_Excitatory
osmFISH Pseudospot,seurat,pseudospot_y39_x0,424.6676802098908,33548.74673658137,Hippocampus_Excitatory
osmFISH Pseudospot,seurat,pseudospot_y39_x1,1274.0030406296723,33548.74673658137,Hippocampus_Excitatory
osmFISH Pseudospot,seurat,pseudospot_y39_x2,2123.338401049454,33548.74673658137,Hippocampus_Excitatory
osmFISH Pseudospot,seurat,pseudospot_y39_x3,2972.6737614692356,33548.74673658137,Hippocampus_Excitatory
osmFISH Pseudospot,seurat,pseudospot_y39_x4,3822.0091218890175,33548.74673658137,Hippocampus_Excitatory
osmFISH Pseudospot,seurat,pseudospot_y39_x5,4671.344482308799,33548.74673658137,Hippocampus_Excitatory
osmFISH Pseudospot,seurat,pseudospot_y39_x6,5520.67984272858,33548.74673658137,Hippocampus_Excitatory
osmFISH Pseudospot,seurat,pseudospot_y39_x7,6370.015203148362,33548.74673658137,Hippocampus_Excitatory
osmFISH Pseudospot,seurat,pseudospot_y39_x8,7219.350563568144,33548.74673658137,Hippocampus_Excitatory
osmFISH Pseudospot,seurat,pseudospot_y39_x9,8068.685923987926,33548.74673658137,Hippocampus_Excitatory
osmFISH Pseudospot,seurat,pseudospot_y39_x10,8918.021284407707,33548.74673658137,Hippocampus_Excitatory
osmFISH Pseudospot,seurat,pseudospot_y39_x12,10616.69200524727,33548.74673658137,Hippocampus_Excitatory
osmFISH Pseudospot,seurat,pseudospot_y39_x13,11466.027365667052,33548.74673658137,Hippocampus_Excitatory
osmFISH Pseudospot,seurat,pseudospot_y39_x14,12315.362726086834,33548.74673658137,Hippocampus_Excitatory
osmFISH Pseudospot,seurat,pseudospot_y39_x15,13164.698086506616,33548.74673658137,Hippocampus_Excitatory
osmFISH Pseudospot,seurat,pseudospot_y39_x16,14014.033446926396,33548.74673658137,Hippocampus_Excitatory
osmFISH Pseudospot,seurat,pseudospot_y39_x17,14863.368807346178,33548.74673658137,Hippocampus_Excitatory
osmFISH Pseudospot,seurat,pseudospot_y39_x18,15712.70416776596,33548.74673658137,Hippocampus_Excitatory
osmFISH Pseudospot,seurat,pseudospot_y39_x19,16562.03952818574,33548.74673658137,Hippocampus_Excitatory
osmFISH Pseudospot,seurat,pseudospot_y39_x20,17411.374888605522,33548.74673658137,Hippocampus_Excitatory
osmFISH Pseudospot,seurat,pseudospot_y39_x21,18260.710249025306,33548.74673658137,Hippocampus_Excitatory
osmFISH Pseudospot,seurat,pseudospot_y39_x22,19110.045609445086,33548.74673658137,Hippocampus_Excitatory
osmFISH Pseudospot,seurat,pseudospot_y39_x23,19959.38096986487,33548.74673658137,Hippocampus_Excitatory
osmFISH Pseudospot,seurat,pseudospot_y39_x24,20808.71633028465,33548.74673658137,Hippocampus_Excitatory
osmFISH Pseudospot,seurat,pseudospot_y39_x25,21658.051690704433,33548.74673658137,Hippocampus_Excitatory
osmFISH Pseudospot,seurat,pseudospot_y39_x26,22507.387051124213,33548.74673658137,Hippocampus_Excitatory
osmFISH Pseudospot,seurat,pseudospot_y40_x0,424.6676802098908,34398.082097001155,Hippocampus_Excitatory
osmFISH Pseudospot,seurat,pseudospot_y40_x1,1274.0030406296723,34398.082097001155,Hippocampus_Excitatory
osmFISH Pseudospot,seurat,pseudospot_y40_x2,2123.338401049454,34398.082097001155,Hippocampus_Excitatory
osmFISH Pseudospot,seurat,pseudospot_y40_x3,2972.6737614692356,34398.082097001155,Interneuron
osmFISH Pseudospot,seurat,pseudospot_y40_x4,3822.0091218890175,34398.082097001155,Hippocampus_Excitatory
osmFISH Pseudospot,seurat,pseudospot_y40_x5,4671.344482308799,34398.082097001155,Hippocampus_Excitatory
osmFISH Pseudospot,seurat,pseudospot_y40_x6,5520.67984272858,34398.082097001155,Interneuron
osmFISH Pseudospot,seurat,pseudospot_y40_x7,6370.015203148362,34398.082097001155,Hippocampus_Excitatory
osmFISH Pseudospot,seurat,pseudospot_y40_x8,7219.350563568144,34398.082097001155,Hippocampus_Excitatory
osmFISH Pseudospot,seurat,pseudospot_y40_x10,8918.021284407707,34398.082097001155,Hippocampus_Excitatory
osmFISH Pseudospot,seurat,pseudospot_y40_x11,9767.356644827489,34398.082097001155,Hippocampus_Excitatory
osmFISH Pseudospot,seurat,pseudospot_y40_x12,10616.69200524727,34398.082097001155,Hippocampus_Excitatory
osmFISH Pseudospot,seurat,pseudospot_y40_x13,11466.027365667052,34398.082097001155,Hippocampus_Excitatory
osmFISH Pseudospot,seurat,pseudospot_y40_x14,12315.362726086834,34398.082097001155,Hippocampus_Excitatory
osmFISH Pseudospot,seurat,pseudospot_y40_x15,13164.698086506616,34398.082097001155,Hippocampus_Excitatory
osmFISH Pseudospot,seurat,pseudospot_y40_x16,14014.033446926396,34398.082097001155,Hippocampus_Excitatory
osmFISH Pseudospot,seurat,pseudospot_y40_x17,14863.368807346178,34398.082097001155,Hippocampus_Excitatory
osmFISH Pseudospot,seurat,pseudospot_y40_x18,15712.70416776596,34398.082097001155,Hippocampus_Excitatory
osmFISH Pseudospot,seurat,pseudospot_y40_x19,16562.03952818574,34398.082097001155,Hippocampus_Excitatory
osmFISH Pseudospot,seurat,pseudospot_y40_x20,17411.374888605522,34398.082097001155,Hippocampus_Excitatory
osmFISH Pseudospot,seurat,pseudospot_y40_x21,18260.710249025306,34398.082097001155,Hippocampus_Excitatory
osmFISH Pseudospot,seurat,pseudospot_y40_x22,19110.045609445086,34398.082097001155,Hippocampus_Excitatory
osmFISH Pseudospot,seurat,pseudospot_y40_x23,19959.38096986487,34398.082097001155,Hippocampus_Excitatory
osmFISH Pseudospot,seurat,pseudospot_y40_x24,20808.71633028465,34398.082097001155,Hippocampus_Excitatory
osmFISH Pseudospot,seurat,pseudospot_y40_x25,21658.051690704433,34398.082097001155,Hippocampus_Excitatory
osmFISH Pseudospot,seurat,pseudospot_y40_x26,22507.387051124213,34398.082097001155,Hippocampus_Excitatory
osmFISH Pseudospot,seurat,pseudospot_y41_x0,424.6676802098908,35247.41745742094,Hippocampus_Excitatory
osmFISH Pseudospot,seurat,pseudospot_y41_x1,1274.0030406296723,35247.41745742094,Hippocampus_Excitatory
osmFISH Pseudospot,seurat,pseudospot_y41_x2,2123.338401049454,35247.41745742094,Hippocampus_Excitatory
osmFISH Pseudospot,seurat,pseudospot_y41_x3,2972.6737614692356,35247.41745742094,Hippocampus_Excitatory
osmFISH Pseudospot,seurat,pseudospot_y41_x4,3822.0091218890175,35247.41745742094,Hippocampus_Excitatory
osmFISH Pseudospot,seurat,pseudospot_y41_x5,4671.344482308799,35247.41745742094,Hippocampus_Excitatory
osmFISH Pseudospot,seurat,pseudospot_y41_x6,5520.67984272858,35247.41745742094,Hippocampus_Excitatory
osmFISH Pseudospot,seurat,pseudospot_y41_x7,6370.015203148362,35247.41745742094,Hippocampus_Excitatory
osmFISH Pseudospot,seurat,pseudospot_y41_x8,7219.350563568144,35247.41745742094,Hippocampus_Excitatory
osmFISH Pseudospot,seurat,pseudospot_y41_x9,8068.685923987926,35247.41745742094,Hippocampus_Excitatory
osmFISH Pseudospot,seurat,pseudospot_y41_x10,8918.021284407707,35247.41745742094,Hippocampus_Excitatory
osmFISH Pseudospot,seurat,pseudospot_y41_x11,9767.356644827489,35247.41745742094,Hippocampus_Excitatory
osmFISH Pseudospot,seurat,pseudospot_y41_x12,10616.69200524727,35247.41745742094,Interneuron
osmFISH Pseudospot,seurat,pseudospot_y41_x13,11466.027365667052,35247.41745742094,Hippocampus_Excitatory
osmFISH Pseudospot,seurat,pseudospot_y41_x14,12315.362726086834,35247.41745742094,Hippocampus_Excitatory
osmFISH Pseudospot,seurat,pseudospot_y41_x15,13164.698086506616,35247.41745742094,Hippocampus_Excitatory
osmFISH Pseudospot,seurat,pseudospot_y41_x16,14014.033446926396,35247.41745742094,Hippocampus_Excitatory
osmFISH Pseudospot,seurat,pseudospot_y41_x17,14863.368807346178,35247.41745742094,Hippocampus_Excitatory
osmFISH Pseudospot,seurat,pseudospot_y41_x18,15712.70416776596,35247.41745742094,Hippocampus_Excitatory
osmFISH Pseudospot,seurat,pseudospot_y41_x19,16562.03952818574,35247.41745742094,Hippocampus_Excitatory
osmFISH Pseudospot,seurat,pseudospot_y41_x20,17411.374888605522,35247.41745742094,Hippocampus_Excitatory
osmFISH Pseudospot,seurat,pseudospot_y41_x21,18260.710249025306,35247.41745742094,Hippocampus_Excitatory
osmFISH Pseudospot,seurat,pseudospot_y41_x22,19110.045609445086,35247.41745742094,Hippocampus_Excitatory
osmFISH Pseudospot,seurat,pseudospot_y41_x23,19959.38096986487,35247.41745742094,Hippocampus_Excitatory
osmFISH Pseudospot,seurat,pseudospot_y41_x24,20808.71633028465,35247.41745742094,Hippocampus_Excitatory
osmFISH Pseudospot,seurat,pseudospot_y41_x25,21658.051690704433,35247.41745742094,Hippocampus_Excitatory
osmFISH Pseudospot,seurat,pseudospot_y41_x26,22507.387051124213,35247.41745742094,Hippocampus_Excitatory
osmFISH Pseudospot,seurat,pseudospot_y42_x0,424.6676802098908,36096.75281784072,Hippocampus_Excitatory
osmFISH Pseudospot,seurat,pseudospot_y42_x1,1274.0030406296723,36096.75281784072,Interneuron
osmFISH Pseudospot,seurat,pseudospot_y42_x2,2123.338401049454,36096.75281784072,Hippocampus_Excitatory
osmFISH Pseudospot,seurat,pseudospot_y42_x3,2972.6737614692356,36096.75281784072,Hippocampus_Excitatory
osmFISH Pseudospot,seurat,pseudospot_y42_x4,3822.0091218890175,36096.75281784072,Hippocampus_Excitatory
osmFISH Pseudospot,seurat,pseudospot_y42_x5,4671.344482308799,36096.75281784072,Hippocampus_Excitatory
osmFISH Pseudospot,seurat,pseudospot_y42_x6,5520.67984272858,36096.75281784072,Hippocampus_Excitatory
osmFISH Pseudospot,seurat,pseudospot_y42_x7,6370.015203148362,36096.75281784072,Hippocampus_Excitatory
osmFISH Pseudospot,seurat,pseudospot_y42_x8,7219.350563568144,36096.75281784072,Hippocampus_Excitatory
osmFISH Pseudospot,seurat,pseudospot_y42_x9,8068.685923987926,36096.75281784072,Hippocampus_Excitatory
osmFISH Pseudospot,seurat,pseudospot_y42_x10,8918.021284407707,36096.75281784072,Interneuron
osmFISH Pseudospot,seurat,pseudospot_y42_x11,9767.356644827489,36096.75281784072,Hippocampus_Excitatory
osmFISH Pseudospot,seurat,pseudospot_y42_x12,10616.69200524727,36096.75281784072,Hippocampus_Excitatory
osmFISH Pseudospot,seurat,pseudospot_y42_x13,11466.027365667052,36096.75281784072,Hippocampus_Excitatory
osmFISH Pseudospot,seurat,pseudospot_y42_x14,12315.362726086834,36096.75281784072,Hippocampus_Excitatory
osmFISH Pseudospot,seurat,pseudospot_y42_x15,13164.698086506616,36096.75281784072,Hippocampus_Excitatory
osmFISH Pseudospot,seurat,pseudospot_y42_x16,14014.033446926396,36096.75281784072,Hippocampus_Excitatory
osmFISH Pseudospot,seurat,pseudospot_y42_x17,14863.368807346178,36096.75281784072,Hippocampus_Excitatory
osmFISH Pseudospot,seurat,pseudospot_y42_x18,15712.70416776596,36096.75281784072,Hippocampus_Excitatory
osmFISH Pseudospot,seurat,pseudospot_y42_x19,16562.03952818574,36096.75281784072,Hippocampus_Excitatory
osmFISH Pseudospot,seurat,pseudospot_y42_x20,17411.374888605522,36096.75281784072,Hippocampus_Excitatory
osmFISH Pseudospot,seurat,pseudospot_y42_x21,18260.710249025306,36096.75281784072,Hippocampus_Excitatory
osmFISH Pseudospot,seurat,pseudospot_y42_x22,19110.045609445086,36096.75281784072,Hippocampus_Excitatory
osmFISH Pseudospot,seurat,pseudospot_y42_x23,19959.38096986487,36096.75281784072,Hippocampus_Excitatory
osmFISH Pseudospot,seurat,pseudospot_y42_x24,20808.71633028465,36096.75281784072,Hippocampus_Excitatory
osmFISH Pseudospot,seurat,pseudospot_y42_x25,21658.051690704433,36096.75281784072,Interneuron
osmFISH Pseudospot,seurat,pseudospot_y43_x0,424.6676802098908,36946.0881782605,Hippocampus_Excitatory
osmFISH Pseudospot,seurat,pseudospot_y43_x1,1274.0030406296723,36946.0881782605,Hippocampus_Excitatory
osmFISH Pseudospot,seurat,pseudospot_y43_x2,2123.338401049454,36946.0881782605,Hippocampus_Excitatory
osmFISH Pseudospot,seurat,pseudospot_y43_x3,2972.6737614692356,36946.0881782605,Hippocampus_Excitatory
osmFISH Pseudospot,seurat,pseudospot_y43_x4,3822.0091218890175,36946.0881782605,Hippocampus_Excitatory
osmFISH Pseudospot,seurat,pseudospot_y43_x5,4671.344482308799,36946.0881782605,Hippocampus_Excitatory
osmFISH Pseudospot,seurat,pseudospot_y43_x6,5520.67984272858,36946.0881782605,Hippocampus_Excitatory
osmFISH Pseudospot,seurat,pseudospot_y43_x7,6370.015203148362,36946.0881782605,Hippocampus_Excitatory
osmFISH Pseudospot,seurat,pseudospot_y43_x8,7219.350563568144,36946.0881782605,Hippocampus_Excitatory
osmFISH Pseudospot,seurat,pseudospot_y43_x9,8068.685923987926,36946.0881782605,Hippocampus_Excitatory
osmFISH Pseudospot,seurat,pseudospot_y43_x10,8918.021284407707,36946.0881782605,Hippocampus_Excitatory
osmFISH Pseudospot,seurat,pseudospot_y43_x11,9767.356644827489,36946.0881782605,Hippocampus_Excitatory
osmFISH Pseudospot,seurat,pseudospot_y43_x12,10616.69200524727,36946.0881782605,Hippocampus_Excitatory
osmFISH Pseudospot,seurat,pseudospot_y43_x13,11466.027365667052,36946.0881782605,Hippocampus_Excitatory
osmFISH Pseudospot,seurat,pseudospot_y43_x14,12315.362726086834,36946.0881782605,Hippocampus_Excitatory
osmFISH Pseudospot,seurat,pseudospot_y43_x15,13164.698086506616,36946.0881782605,Hippocampus_Excitatory
osmFISH Pseudospot,seurat,pseudospot_y43_x16,14014.033446926396,36946.0881782605,Hippocampus_Excitatory
osmFISH Pseudospot,seurat,pseudospot_y43_x17,14863.368807346178,36946.0881782605,Hippocampus_Excitatory
osmFISH Pseudospot,seurat,pseudospot_y43_x18,15712.70416776596,36946.0881782605,Hippocampus_Excitatory
osmFISH Pseudospot,seurat,pseudospot_y43_x19,16562.03952818574,36946.0881782605,Hippocampus_Excitatory
osmFISH Pseudospot,seurat,pseudospot_y43_x20,17411.374888605522,36946.0881782605,Hippocampus_Excitatory
osmFISH Pseudospot,seurat,pseudospot_y43_x21,18260.710249025306,36946.0881782605,Hippocampus_Excitatory
osmFISH Pseudospot,seurat,pseudospot_y43_x22,19110.045609445086,36946.0881782605,Hippocampus_Excitatory
osmFISH Pseudospot,seurat,pseudospot_y43_x23,19959.38096986487,36946.0881782605,Hippocampus_Excitatory
osmFISH Pseudospot,seurat,pseudospot_y43_x24,20808.71633028465,36946.0881782605,Hippocampus_Excitatory
osmFISH Pseudospot,seurat,pseudospot_y43_x25,21658.051690704433,36946.0881782605,Hippocampus_Excitatory
osmFISH Pseudospot,seurat,pseudospot_y43_x27,23356.722411543997,36946.0881782605,Astrocyte
osmFISH Pseudospot,seurat,pseudospot_y43_x28,24206.057771963777,36946.0881782605,Astrocyte
osmFISH Pseudospot,seurat,pseudospot_y44_x0,424.6676802098908,37795.42353868028,Hippocampus_Excitatory
osmFISH Pseudospot,seurat,pseudospot_y44_x1,1274.0030406296723,37795.42353868028,Hippocampus_Excitatory
osmFISH Pseudospot,seurat,pseudospot_y44_x2,2123.338401049454,37795.42353868028,Hippocampus_Excitatory
osmFISH Pseudospot,seurat,pseudospot_y44_x3,2972.6737614692356,37795.42353868028,Interneuron
osmFISH Pseudospot,seurat,pseudospot_y44_x4,3822.0091218890175,37795.42353868028,Hippocampus_Excitatory
osmFISH Pseudospot,seurat,pseudospot_y44_x5,4671.344482308799,37795.42353868028,Interneuron
osmFISH Pseudospot,seurat,pseudospot_y44_x6,5520.67984272858,37795.42353868028,Astrocyte
osmFISH Pseudospot,seurat,pseudospot_y44_x7,6370.015203148362,37795.42353868028,Hippocampus_Excitatory
osmFISH Pseudospot,seurat,pseudospot_y44_x8,7219.350563568144,37795.42353868028,Hippocampus_Excitatory
osmFISH Pseudospot,seurat,pseudospot_y44_x9,8068.685923987926,37795.42353868028,Hippocampus_Excitatory
osmFISH Pseudospot,seurat,pseudospot_y44_x10,8918.021284407707,37795.42353868028,Hippocampus_Excitatory
osmFISH Pseudospot,seurat,pseudospot_y44_x11,9767.356644827489,37795.42353868028,Hippocampus_Excitatory
osmFISH Pseudospot,seurat,pseudospot_y44_x12,10616.69200524727,37795.42353868028,Hippocampus_Excitatory
osmFISH Pseudospot,seurat,pseudospot_y44_x13,11466.027365667052,37795.42353868028,Hippocampus_Excitatory
osmFISH Pseudospot,seurat,pseudospot_y44_x14,12315.362726086834,37795.42353868028,Hippocampus_Excitatory
osmFISH Pseudospot,seurat,pseudospot_y44_x15,13164.698086506616,37795.42353868028,Hippocampus_Excitatory
osmFISH Pseudospot,seurat,pseudospot_y44_x16,14014.033446926396,37795.42353868028,Hippocampus_Excitatory
osmFISH Pseudospot,seurat,pseudospot_y44_x17,14863.368807346178,37795.42353868028,Hippocampus_Excitatory
osmFISH Pseudospot,seurat,pseudospot_y44_x18,15712.70416776596,37795.42353868028,Hippocampus_Excitatory
osmFISH Pseudospot,seurat,pseudospot_y44_x19,16562.03952818574,37795.42353868028,Hippocampus_Excitatory
osmFISH Pseudospot,seurat,pseudospot_y44_x20,17411.374888605522,37795.42353868028,Hippocampus_Excitatory
osmFISH Pseudospot,seurat,pseudospot_y44_x21,18260.710249025306,37795.42353868028,Hippocampus_Excitatory
osmFISH Pseudospot,seurat,pseudospot_y44_x22,19110.045609445086,37795.42353868028,Hippocampus_Excitatory
osmFISH Pseudospot,seurat,pseudospot_y44_x24,20808.71633028465,37795.42353868028,Interneuron
osmFISH Pseudospot,seurat,pseudospot_y44_x26,22507.387051124213,37795.42353868028,Astrocyte
osmFISH Pseudospot,seurat,pseudospot_y45_x0,424.6676802098908,38644.75889910007,Hippocampus_Excitatory
osmFISH Pseudospot,seurat,pseudospot_y45_x2,2123.338401049454,38644.75889910007,Interneuron
osmFISH Pseudospot,seurat,pseudospot_y45_x3,2972.6737614692356,38644.75889910007,Hippocampus_Excitatory
osmFISH Pseudospot,seurat,pseudospot_y45_x4,3822.0091218890175,38644.75889910007,Hippocampus_Excitatory
osmFISH Pseudospot,seurat,pseudospot_y45_x5,4671.344482308799,38644.75889910007,Hippocampus_Excitatory
osmFISH Pseudospot,seurat,pseudospot_y45_x6,5520.67984272858,38644.75889910007,Hippocampus_Excitatory
osmFISH Pseudospot,seurat,pseudospot_y45_x7,6370.015203148362,38644.75889910007,Hippocampus_Excitatory
osmFISH Pseudospot,seurat,pseudospot_y45_x8,7219.350563568144,38644.75889910007,Hippocampus_Excitatory
osmFISH Pseudospot,seurat,pseudospot_y45_x9,8068.685923987926,38644.75889910007,Hippocampus_Excitatory
osmFISH Pseudospot,seurat,pseudospot_y45_x10,8918.021284407707,38644.75889910007,Hippocampus_Excitatory
osmFISH Pseudospot,seurat,pseudospot_y45_x11,9767.356644827489,38644.75889910007,Hippocampus_Excitatory
osmFISH Pseudospot,seurat,pseudospot_y45_x12,10616.69200524727,38644.75889910007,Hippocampus_Excitatory
osmFISH Pseudospot,seurat,pseudospot_y45_x13,11466.027365667052,38644.75889910007,Hippocampus_Excitatory
osmFISH Pseudospot,seurat,pseudospot_y45_x14,12315.362726086834,38644.75889910007,Hippocampus_Excitatory
osmFISH Pseudospot,seurat,pseudospot_y45_x15,13164.698086506616,38644.75889910007,Hippocampus_Excitatory
osmFISH Pseudospot,seurat,pseudospot_y45_x16,14014.033446926396,38644.75889910007,Hippocampus_Excitatory
osmFISH Pseudospot,seurat,pseudospot_y45_x17,14863.368807346178,38644.75889910007,Hippocampus_Excitatory
osmFISH Pseudospot,seurat,pseudospot_y45_x18,15712.70416776596,38644.75889910007,Hippocampus_Excitatory
osmFISH Pseudospot,seurat,pseudospot_y45_x19,16562.03952818574,38644.75889910007,Hippocampus_Excitatory
osmFISH Pseudospot,seurat,pseudospot_y45_x20,17411.374888605522,38644.75889910007,Interneuron
osmFISH Pseudospot,seurat,pseudospot_y45_x21,18260.710249025306,38644.75889910007,Hippocampus_Excitatory
osmFISH Pseudospot,seurat,pseudospot_y45_x24,20808.71633028465,38644.75889910007,Astrocyte
osmFISH Pseudospot,seurat,pseudospot_y46_x0,424.6676802098908,39494.09425951984,Interneuron
osmFISH Pseudospot,seurat,pseudospot_y46_x1,1274.0030406296723,39494.09425951984,Hippocampus_Excitatory
osmFISH Pseudospot,seurat,pseudospot_y46_x2,2123.338401049454,39494.09425951984,Hippocampus_Excitatory
osmFISH Pseudospot,seurat,pseudospot_y46_x3,2972.6737614692356,39494.09425951984,Interneuron
osmFISH Pseudospot,seurat,pseudospot_y46_x4,3822.0091218890175,39494.09425951984,Hippocampus_Excitatory
osmFISH Pseudospot,seurat,pseudospot_y46_x5,4671.344482308799,39494.09425951984,Hippocampus_Excitatory
osmFISH Pseudospot,seurat,pseudospot_y46_x6,5520.67984272858,39494.09425951984,Hippocampus_Excitatory
osmFISH Pseudospot,seurat,pseudospot_y46_x7,6370.015203148362,39494.09425951984,Hippocampus_Excitatory
osmFISH Pseudospot,seurat,pseudospot_y46_x8,7219.350563568144,39494.09425951984,Hippocampus_Excitatory
osmFISH Pseudospot,seurat,pseudospot_y46_x9,8068.685923987926,39494.09425951984,Hippocampus_Excitatory
osmFISH Pseudospot,seurat,pseudospot_y46_x10,8918.021284407707,39494.09425951984,Hippocampus_Excitatory
osmFISH Pseudospot,seurat,pseudospot_y46_x11,9767.356644827489,39494.09425951984,Hippocampus_Excitatory
osmFISH Pseudospot,seurat,pseudospot_y46_x12,10616.69200524727,39494.09425951984,Hippocampus_Excitatory
osmFISH Pseudospot,seurat,pseudospot_y46_x13,11466.027365667052,39494.09425951984,Hippocampus_Excitatory
osmFISH Pseudospot,seurat,pseudospot_y46_x14,12315.362726086834,39494.09425951984,Hippocampus_Excitatory
osmFISH Pseudospot,seurat,pseudospot_y46_x15,13164.698086506616,39494.09425951984,Hippocampus_Excitatory
osmFISH Pseudospot,seurat,pseudospot_y46_x16,14014.033446926396,39494.09425951984,Hippocampus_Excitatory
osmFISH Pseudospot,seurat,pseudospot_y46_x17,14863.368807346178,39494.09425951984,Hippocampus_Excitatory
osmFISH Pseudospot,seurat,pseudospot_y46_x18,15712.70416776596,39494.09425951984,Hippocampus_Excitatory
osmFISH Pseudospot,seurat,pseudospot_y46_x19,16562.03952818574,39494.09425951984,Interneuron
osmFISH Pseudospot,seurat,pseudospot_y46_x20,17411.374888605522,39494.09425951984,Hippocampus_Excitatory
osmFISH Pseudospot,seurat,pseudospot_y46_x22,19110.045609445086,39494.09425951984,Astrocyte
osmFISH Pseudospot,seurat,pseudospot_y46_x23,19959.38096986487,39494.09425951984,Astrocyte
osmFISH Pseudospot,seurat,pseudospot_y47_x0,424.6676802098908,40343.42961993963,Hippocampus_Excitatory
osmFISH Pseudospot,seurat,pseudospot_y47_x1,1274.0030406296723,40343.42961993963,Hippocampus_Excitatory
osmFISH Pseudospot,seurat,pseudospot_y47_x2,2123.338401049454,40343.42961993963,Hippocampus_Excitatory
osmFISH Pseudospot,seurat,pseudospot_y47_x3,2972.6737614692356,40343.42961993963,Hippocampus_Excitatory
osmFISH Pseudospot,seurat,pseudospot_y47_x4,3822.0091218890175,40343.42961993963,Hippocampus_Excitatory
osmFISH Pseudospot,seurat,pseudospot_y47_x5,4671.344482308799,40343.42961993963,Hippocampus_Excitatory
osmFISH Pseudospot,seurat,pseudospot_y47_x6,5520.67984272858,40343.42961993963,Hippocampus_Excitatory
osmFISH Pseudospot,seurat,pseudospot_y47_x7,6370.015203148362,40343.42961993963,Hippocampus_Excitatory
osmFISH Pseudospot,seurat,pseudospot_y47_x8,7219.350563568144,40343.42961993963,Hippocampus_Excitatory
osmFISH Pseudospot,seurat,pseudospot_y47_x9,8068.685923987926,40343.42961993963,Hippocampus_Excitatory
osmFISH Pseudospot,seurat,pseudospot_y47_x10,8918.021284407707,40343.42961993963,Hippocampus_Excitatory
osmFISH Pseudospot,seurat,pseudospot_y47_x11,9767.356644827489,40343.42961993963,Hippocampus_Excitatory
osmFISH Pseudospot,seurat,pseudospot_y47_x12,10616.69200524727,40343.42961993963,Hippocampus_Excitatory
osmFISH Pseudospot,seurat,pseudospot_y47_x13,11466.027365667052,40343.42961993963,Hippocampus_Excitatory
osmFISH Pseudospot,seurat,pseudospot_y47_x14,12315.362726086834,40343.42961993963,Hippocampus_Excitatory
osmFISH Pseudospot,seurat,pseudospot_y47_x15,13164.698086506616,40343.42961993963,Hippocampus_Excitatory
osmFISH Pseudospot,seurat,pseudospot_y47_x16,14014.033446926396,40343.42961993963,Hippocampus_Excitatory
osmFISH Pseudospot,seurat,pseudospot_y47_x17,14863.368807346178,40343.42961993963,Hippocampus_Excitatory
osmFISH Pseudospot,seurat,pseudospot_y47_x20,17411.374888605522,40343.42961993963,Astrocyte
osmFISH Pseudospot,seurat,pseudospot_y47_x21,18260.710249025306,40343.42961993963,Astrocyte
osmFISH Pseudospot,seurat,pseudospot_y48_x0,424.6676802098908,41192.76498035941,Hippocampus_Excitatory
osmFISH Pseudospot,seurat,pseudospot_y48_x1,1274.0030406296723,41192.76498035941,Hippocampus_Excitatory
osmFISH Pseudospot,seurat,pseudospot_y48_x2,2123.338401049454,41192.76498035941,Hippocampus_Excitatory
osmFISH Pseudospot,seurat,pseudospot_y48_x3,2972.6737614692356,41192.76498035941,Hippocampus_Excitatory
osmFISH Pseudospot,seurat,pseudospot_y48_x4,3822.0091218890175,41192.76498035941,Hippocampus_Excitatory
osmFISH Pseudospot,seurat,pseudospot_y48_x5,4671.344482308799,41192.76498035941,Hippocampus_Excitatory
osmFISH Pseudospot,seurat,pseudospot_y48_x6,5520.67984272858,41192.76498035941,Hippocampus_Excitatory
osmFISH Pseudospot,seurat,pseudospot_y48_x7,6370.015203148362,41192.76498035941,Hippocampus_Excitatory
osmFISH Pseudospot,seurat,pseudospot_y48_x8,7219.350563568144,41192.76498035941,Hippocampus_Excitatory
osmFISH Pseudospot,seurat,pseudospot_y48_x9,8068.685923987926,41192.76498035941,Hippocampus_Excitatory
osmFISH Pseudospot,seurat,pseudospot_y48_x10,8918.021284407707,41192.76498035941,Hippocampus_Excitatory
osmFISH Pseudospot,seurat,pseudospot_y48_x11,9767.356644827489,41192.76498035941,Hippocampus_Excitatory
osmFISH Pseudospot,seurat,pseudospot_y48_x13,11466.027365667052,41192.76498035941,Hippocampus_Excitatory
osmFISH Pseudospot,seurat,pseudospot_y48_x14,12315.362726086834,41192.76498035941,Hippocampus_Excitatory
osmFISH Pseudospot,seurat,pseudospot_y48_x15,13164.698086506616,41192.76498035941,Hippocampus_Excitatory
osmFISH Pseudospot,seurat,pseudospot_y48_x16,14014.033446926396,41192.76498035941,Hippocampus_Excitatory
osmFISH Pseudospot,seurat,pseudospot_y48_x17,14863.368807346178,41192.76498035941,Interneuron
osmFISH Pseudospot,seurat,pseudospot_y48_x18,15712.70416776596,41192.76498035941,Interneuron
osmFISH Pseudospot,seurat,pseudospot_y48_x19,16562.03952818574,41192.76498035941,Astrocyte
osmFISH Pseudospot,seurat,pseudospot_y48_x20,17411.374888605522,41192.76498035941,Astrocyte
osmFISH Pseudospot,seurat,pseudospot_y49_x0,424.6676802098908,42042.100340779194,Hippocampus_Excitatory
osmFISH Pseudospot,seurat,pseudospot_y49_x1,1274.0030406296723,42042.100340779194,Hippocampus_Excitatory
osmFISH Pseudospot,seurat,pseudospot_y49_x2,2123.338401049454,42042.100340779194,Hippocampus_Excitatory
osmFISH Pseudospot,seurat,pseudospot_y49_x3,2972.6737614692356,42042.100340779194,Hippocampus_Excitatory
osmFISH Pseudospot,seurat,pseudospot_y49_x4,3822.0091218890175,42042.100340779194,Hippocampus_Excitatory
osmFISH Pseudospot,seurat,pseudospot_y49_x5,4671.344482308799,42042.100340779194,Interneuron
osmFISH Pseudospot,seurat,pseudospot_y49_x6,5520.67984272858,42042.100340779194,Hippocampus_Excitatory
osmFISH Pseudospot,seurat,pseudospot_y49_x7,6370.015203148362,42042.100340779194,Hippocampus_Excitatory
osmFISH Pseudospot,seurat,pseudospot_y49_x8,7219.350563568144,42042.100340779194,Hippocampus_Excitatory
osmFISH Pseudospot,seurat,pseudospot_y49_x9,8068.685923987926,42042.100340779194,Hippocampus_Excitatory
osmFISH Pseudospot,seurat,pseudospot_y49_x10,8918.021284407707,42042.100340779194,Hippocampus_Excitatory
osmFISH Pseudospot,seurat,pseudospot_y49_x11,9767.356644827489,42042.100340779194,Hippocampus_Excitatory
osmFISH Pseudospot,seurat,pseudospot_y49_x12,10616.69200524727,42042.100340779194,Hippocampus_Excitatory
osmFISH Pseudospot,seurat,pseudospot_y49_x13,11466.027365667052,42042.100340779194,Hippocampus_Excitatory
osmFISH Pseudospot,seurat,pseudospot_y49_x14,12315.362726086834,42042.100340779194,Hippocampus_Excitatory
osmFISH Pseudospot,seurat,pseudospot_y49_x15,13164.698086506616,42042.100340779194,Hippocampus_Excitatory
osmFISH Pseudospot,seurat,pseudospot_y49_x17,14863.368807346178,42042.100340779194,Interneuron
osmFISH Pseudospot,seurat,pseudospot_y49_x18,15712.70416776596,42042.100340779194,Astrocyte
osmFISH Pseudospot,seurat,pseudospot_y50_x0,424.6676802098908,42891.43570119897,Hippocampus_Excitatory
osmFISH Pseudospot,seurat,pseudospot_y50_x1,1274.0030406296723,42891.43570119897,Hippocampus_Excitatory
osmFISH Pseudospot,seurat,pseudospot_y50_x2,2123.338401049454,42891.43570119897,Hippocampus_Excitatory
osmFISH Pseudospot,seurat,pseudospot_y50_x3,2972.6737614692356,42891.43570119897,Hippocampus_Excitatory
osmFISH Pseudospot,seurat,pseudospot_y50_x4,3822.0091218890175,42891.43570119897,Hippocampus_Excitatory
osmFISH Pseudospot,seurat,pseudospot_y50_x5,4671.344482308799,42891.43570119897,Hippocampus_Excitatory
osmFISH Pseudospot,seurat,pseudospot_y50_x6,5520.67984272858,42891.43570119897,Hippocampus_Excitatory
osmFISH Pseudospot,seurat,pseudospot_y50_x7,6370.015203148362,42891.43570119897,Hippocampus_Excitatory
osmFISH Pseudospot,seurat,pseudospot_y50_x8,7219.350563568144,42891.43570119897,Hippocampus_Excitatory
osmFISH Pseudospot,seurat,pseudospot_y50_x9,8068.685923987926,42891.43570119897,Hippocampus_Excitatory
osmFISH Pseudospot,seurat,pseudospot_y50_x10,8918.021284407707,42891.43570119897,Hippocampus_Excitatory
osmFISH Pseudospot,seurat,pseudospot_y50_x11,9767.356644827489,42891.43570119897,Hippocampus_Excitatory
osmFISH Pseudospot,seurat,pseudospot_y50_x12,10616.69200524727,42891.43570119897,Interneuron
osmFISH Pseudospot,seurat,pseudospot_y50_x13,11466.027365667052,42891.43570119897,Hippocampus_Excitatory
osmFISH Pseudospot,seurat,pseudospot_y50_x14,12315.362726086834,42891.43570119897,Hippocampus_Excitatory
osmFISH Pseudospot,seurat,pseudospot_y50_x15,13164.698086506616,42891.43570119897,Hippocampus_Excitatory
osmFISH Pseudospot,seurat,pseudospot_y50_x16,14014.033446926396,42891.43570119897,Astrocyte
osmFISH Pseudospot,seurat,pseudospot_y50_x17,14863.368807346178,42891.43570119897,Astrocyte
osmFISH Pseudospot,seurat,pseudospot_y51_x0,424.6676802098908,43740.771061618754,Hippocampus_Excitatory
osmFISH Pseudospot,seurat,pseudospot_y51_x1,1274.0030406296723,43740.771061618754,Hippocampus_Excitatory
osmFISH Pseudospot,seurat,pseudospot_y51_x2,2123.338401049454,43740.771061618754,Hippocampus_Excitatory
osmFISH Pseudospot,seurat,pseudospot_y51_x3,2972.6737614692356,43740.771061618754,Hippocampus_Excitatory
osmFISH Pseudospot,seurat,pseudospot_y51_x5,4671.344482308799,43740.771061618754,Hippocampus_Excitatory
osmFISH Pseudospot,seurat,pseudospot_y51_x6,5520.67984272858,43740.771061618754,Hippocampus_Excitatory
osmFISH Pseudospot,seurat,pseudospot_y51_x7,6370.015203148362,43740.771061618754,Hippocampus_Excitatory
osmFISH Pseudospot,seurat,pseudospot_y51_x8,7219.350563568144,43740.771061618754,Hippocampus_Excitatory
osmFISH Pseudospot,seurat,pseudospot_y51_x9,8068.685923987926,43740.771061618754,Hippocampus_Excitatory
osmFISH Pseudospot,seurat,pseudospot_y51_x10,8918.021284407707,43740.771061618754,Hippocampus_Excitatory
osmFISH Pseudospot,seurat,pseudospot_y51_x11,9767.356644827489,43740.771061618754,Hippocampus_Excitatory
osmFISH Pseudospot,seurat,pseudospot_y51_x12,10616.69200524727,43740.771061618754,Interneuron
osmFISH Pseudospot,seurat,pseudospot_y51_x14,12315.362726086834,43740.771061618754,Astrocyte
osmFISH Pseudospot,seurat,pseudospot_y51_x15,13164.698086506616,43740.771061618754,Astrocyte
osmFISH Pseudospot,seurat,pseudospot_y52_x0,424.6676802098908,44590.10642203854,Hippocampus_Excitatory
osmFISH Pseudospot,seurat,pseudospot_y52_x1,1274.0030406296723,44590.10642203854,Hippocampus_Excitatory
osmFISH Pseudospot,seurat,pseudospot_y52_x2,2123.338401049454,44590.10642203854,Hippocampus_Excitatory
osmFISH Pseudospot,seurat,pseudospot_y52_x3,2972.6737614692356,44590.10642203854,Hippocampus_Excitatory
osmFISH Pseudospot,seurat,pseudospot_y52_x4,3822.0091218890175,44590.10642203854,Hippocampus_Excitatory
osmFISH Pseudospot,seurat,pseudospot_y52_x5,4671.344482308799,44590.10642203854,Hippocampus_Excitatory
osmFISH Pseudospot,seurat,pseudospot_y52_x6,5520.67984272858,44590.10642203854,Hippocampus_Excitatory
osmFISH Pseudospot,seurat,pseudospot_y52_x7,6370.015203148362,44590.10642203854,Hippocampus_Excitatory
osmFISH Pseudospot,seurat,pseudospot_y52_x8,7219.350563568144,44590.10642203854,Hippocampus_Excitatory
osmFISH Pseudospot,seurat,pseudospot_y52_x9,8068.685923987926,44590.10642203854,Hippocampus_Excitatory
osmFISH Pseudospot,seurat,pseudospot_y52_x10,8918.021284407707,44590.10642203854,Interneuron
osmFISH Pseudospot,seurat,pseudospot_y52_x11,9767.356644827489,44590.10642203854,Astrocyte
osmFISH Pseudospot,seurat,pseudospot_y52_x12,10616.69200524727,44590.10642203854,Astrocyte
osmFISH Pseudospot,seurat,pseudospot_y53_x0,424.6676802098908,45439.441782458314,Hippocampus_Excitatory
osmFISH Pseudospot,seurat,pseudospot_y53_x1,1274.0030406296723,45439.441782458314,Hippocampus_Excitatory
osmFISH Pseudospot,seurat,pseudospot_y53_x2,2123.338401049454,45439.441782458314,Hippocampus_Excitatory
osmFISH Pseudospot,seurat,pseudospot_y53_x3,2972.6737614692356,45439.441782458314,Hippocampus_Excitatory
osmFISH Pseudospot,seurat,pseudospot_y53_x4,3822.0091218890175,45439.441782458314,Hippocampus_Excitatory
osmFISH Pseudospot,seurat,pseudospot_y53_x5,4671.344482308799,45439.441782458314,Hippocampus_Excitatory
osmFISH Pseudospot,seurat,pseudospot_y53_x6,5520.67984272858,45439.441782458314,Hippocampus_Excitatory
osmFISH Pseudospot,seurat,pseudospot_y53_x7,6370.015203148362,45439.441782458314,Hippocampus_Excitatory
osmFISH Pseudospot,seurat,pseudospot_y53_x8,7219.350563568144,45439.441782458314,Interneuron
osmFISH Pseudospot,seurat,pseudospot_y53_x9,8068.685923987926,45439.441782458314,Astrocyte
osmFISH Pseudospot,seurat,pseudospot_y53_x10,8918.021284407707,45439.441782458314,Astrocyte
osmFISH Pseudospot,seurat,pseudospot_y54_x0,424.6676802098908,46288.7771428781,Hippocampus_Excitatory
osmFISH Pseudospot,seurat,pseudospot_y54_x1,1274.0030406296723,46288.7771428781,Hippocampus_Excitatory
osmFISH Pseudospot,seurat,pseudospot_y54_x2,2123.338401049454,46288.7771428781,Hippocampus_Excitatory
osmFISH Pseudospot,seurat,pseudospot_y54_x3,2972.6737614692356,46288.7771428781,Hippocampus_Excitatory
osmFISH Pseudospot,seurat,pseudospot_y54_x4,3822.0091218890175,46288.7771428781,Hippocampus_Excitatory
osmFISH Pseudospot,seurat,pseudospot_y54_x5,4671.344482308799,46288.7771428781,Astrocyte
osmFISH Pseudospot,seurat,pseudospot_y54_x7,6370.015203148362,46288.7771428781,Astrocyte
osmFISH Pseudospot,seurat,pseudospot_y54_x10,8918.021284407707,46288.7771428781,Hippocampus_Excitatory
osmFISH Pseudospot,seurat,pseudospot_y55_x2,2123.338401049454,47138.11250329788,Astrocyte
osmFISH Pseudospot,seurat,pseudospot_y55_x3,2972.6737614692356,47138.11250329788,Astrocyte
osmFISH Pseudospot,seurat,pseudospot_y55_x4,3822.0091218890175,47138.11250329788,Astrocyte
osmFISH Pseudospot,seurat,pseudospot_y55_x5,4671.344482308799,47138.11250329788,Astrocyte
osmFISH Pseudospot,seurat,pseudospot_y55_x6,5520.67984272858,47138.11250329788,Astrocyte
osmFISH Pseudospot,seurat,pseudospot_y55_x12,10616.69200524727,47138.11250329788,Hippocampus_Excitatory
osmFISH Pseudospot,seurat,pseudospot_y56_x0,424.6676802098908,47987.447863717665,Astrocyte
osmFISH Pseudospot,seurat,pseudospot_y56_x1,1274.0030406296723,47987.447863717665,Astrocyte
osmFISH Pseudospot,seurat,pseudospot_y56_x2,2123.338401049454,47987.447863717665,Astrocyte
osmFISH Pseudospot,arcimpute,pseudospot_y0_x15,13164.698086506616,424.6676802098908,Hippocampus_Excitatory
osmFISH Pseudospot,arcimpute,pseudospot_y0_x16,14014.033446926396,424.6676802098908,Hippocampus_Excitatory
osmFISH Pseudospot,arcimpute,pseudospot_y0_x17,14863.368807346178,424.6676802098908,Hippocampus_Excitatory
osmFISH Pseudospot,arcimpute,pseudospot_y0_x18,15712.70416776596,424.6676802098908,Hippocampus_Excitatory
osmFISH Pseudospot,arcimpute,pseudospot_y0_x19,16562.03952818574,424.6676802098908,Oligodendrocyte
osmFISH Pseudospot,arcimpute,pseudospot_y0_x20,17411.374888605522,424.6676802098908,Hippocampus_Excitatory
osmFISH Pseudospot,arcimpute,pseudospot_y0_x21,18260.710249025306,424.6676802098908,Hippocampus_Excitatory
osmFISH Pseudospot,arcimpute,pseudospot_y1_x15,13164.698086506616,1274.0030406296723,Hippocampus_Excitatory
osmFISH Pseudospot,arcimpute,pseudospot_y1_x17,14863.368807346178,1274.0030406296723,Ependymal
osmFISH Pseudospot,arcimpute,pseudospot_y1_x18,15712.70416776596,1274.0030406296723,Ependymal
osmFISH Pseudospot,arcimpute,pseudospot_y1_x19,16562.03952818574,1274.0030406296723,Hippocampus_Excitatory
osmFISH Pseudospot,arcimpute,pseudospot_y1_x21,18260.710249025306,1274.0030406296723,Hippocampus_Excitatory
osmFISH Pseudospot,arcimpute,pseudospot_y2_x15,13164.698086506616,2123.338401049454,Hippocampus_Excitatory
osmFISH Pseudospot,arcimpute,pseudospot_y2_x16,14014.033446926396,2123.338401049454,Hippocampus_Excitatory
osmFISH Pseudospot,arcimpute,pseudospot_y2_x17,14863.368807346178,2123.338401049454,Ependymal
osmFISH Pseudospot,arcimpute,pseudospot_y2_x18,15712.70416776596,2123.338401049454,Ependymal
osmFISH Pseudospot,arcimpute,pseudospot_y2_x19,16562.03952818574,2123.338401049454,Ependymal
osmFISH Pseudospot,arcimpute,pseudospot_y2_x20,17411.374888605522,2123.338401049454,Oligodendrocyte
osmFISH Pseudospot,arcimpute,pseudospot_y2_x21,18260.710249025306,2123.338401049454,Hippocampus_Excitatory
osmFISH Pseudospot,arcimpute,pseudospot_y3_x15,13164.698086506616,2972.6737614692356,Hippocampus_Excitatory
osmFISH Pseudospot,arcimpute,pseudospot_y3_x16,14014.033446926396,2972.6737614692356,Hippocampus_Excitatory
osmFISH Pseudospot,arcimpute,pseudospot_y3_x17,14863.368807346178,2972.6737614692356,Ependymal
osmFISH Pseudospot,arcimpute,pseudospot_y3_x18,15712.70416776596,2972.6737614692356,Ependymal
osmFISH Pseudospot,arcimpute,pseudospot_y3_x19,16562.03952818574,2972.6737614692356,Ependymal
osmFISH Pseudospot,arcimpute,pseudospot_y3_x20,17411.374888605522,2972.6737614692356,S1_Excitatory
osmFISH Pseudospot,arcimpute,pseudospot_y3_x21,18260.710249025306,2972.6737614692356,Hippocampus_Excitatory
osmFISH Pseudospot,arcimpute,pseudospot_y4_x15,13164.698086506616,3822.0091218890175,Oligodendrocyte
osmFISH Pseudospot,arcimpute,pseudospot_y4_x16,14014.033446926396,3822.0091218890175,Oligodendrocyte
osmFISH Pseudospot,arcimpute,pseudospot_y4_x17,14863.368807346178,3822.0091218890175,Ependymal
osmFISH Pseudospot,arcimpute,pseudospot_y4_x18,15712.70416776596,3822.0091218890175,Ependymal
osmFISH Pseudospot,arcimpute,pseudospot_y4_x19,16562.03952818574,3822.0091218890175,Ependymal
osmFISH Pseudospot,arcimpute,pseudospot_y4_x20,17411.374888605522,3822.0091218890175,S1_Excitatory
osmFISH Pseudospot,arcimpute,pseudospot_y4_x21,18260.710249025306,3822.0091218890175,S1_Excitatory
osmFISH Pseudospot,arcimpute,pseudospot_y5_x15,13164.698086506616,4671.344482308799,Oligodendrocyte
osmFISH Pseudospot,arcimpute,pseudospot_y5_x16,14014.033446926396,4671.344482308799,Oligodendrocyte
osmFISH Pseudospot,arcimpute,pseudospot_y5_x17,14863.368807346178,4671.344482308799,Ependymal
osmFISH Pseudospot,arcimpute,pseudospot_y5_x18,15712.70416776596,4671.344482308799,Ependymal
osmFISH Pseudospot,arcimpute,pseudospot_y5_x19,16562.03952818574,4671.344482308799,Ependymal
osmFISH Pseudospot,arcimpute,pseudospot_y5_x20,17411.374888605522,4671.344482308799,Hippocampus_Excitatory
osmFISH Pseudospot,arcimpute,pseudospot_y5_x21,18260.710249025306,4671.344482308799,Hippocampus_Excitatory
osmFISH Pseudospot,arcimpute,pseudospot_y5_x23,19959.38096986487,4671.344482308799,Hippocampus_Excitatory
osmFISH Pseudospot,arcimpute,pseudospot_y5_x24,20808.71633028465,4671.344482308799,Hippocampus_Excitatory
osmFISH Pseudospot,arcimpute,pseudospot_y6_x15,13164.698086506616,5520.67984272858,Oligodendrocyte
osmFISH Pseudospot,arcimpute,pseudospot_y6_x16,14014.033446926396,5520.67984272858,Oligodendrocyte
osmFISH Pseudospot,arcimpute,pseudospot_y6_x17,14863.368807346178,5520.67984272858,Ependymal
osmFISH Pseudospot,arcimpute,pseudospot_y6_x19,16562.03952818574,5520.67984272858,Ependymal
osmFISH Pseudospot,arcimpute,pseudospot_y6_x20,17411.374888605522,5520.67984272858,Hippocampus_Excitatory
osmFISH Pseudospot,arcimpute,pseudospot_y6_x21,18260.710249025306,5520.67984272858,Hippocampus_Excitatory
osmFISH Pseudospot,arcimpute,pseudospot_y6_x22,19110.045609445086,5520.67984272858,Oligodendrocyte
osmFISH Pseudospot,arcimpute,pseudospot_y6_x23,19959.38096986487,5520.67984272858,Interneuron
osmFISH Pseudospot,arcimpute,pseudospot_y7_x15,13164.698086506616,6370.015203148362,Oligodendrocyte
osmFISH Pseudospot,arcimpute,pseudospot_y7_x16,14014.033446926396,6370.015203148362,Oligodendrocyte
osmFISH Pseudospot,arcimpute,pseudospot_y7_x17,14863.368807346178,6370.015203148362,Ependymal
osmFISH Pseudospot,arcimpute,pseudospot_y7_x18,15712.70416776596,6370.015203148362,Interneuron
osmFISH Pseudospot,arcimpute,pseudospot_y7_x19,16562.03952818574,6370.015203148362,Ependymal
osmFISH Pseudospot,arcimpute,pseudospot_y7_x20,17411.374888605522,6370.015203148362,Oligodendrocyte
osmFISH Pseudospot,arcimpute,pseudospot_y7_x21,18260.710249025306,6370.015203148362,S1_Excitatory
osmFISH Pseudospot,arcimpute,pseudospot_y7_x22,19110.045609445086,6370.015203148362,Interneuron
osmFISH Pseudospot,arcimpute,pseudospot_y7_x23,19959.38096986487,6370.015203148362,Interneuron
osmFISH Pseudospot,arcimpute,pseudospot_y7_x24,20808.71633028465,6370.015203148362,Interneuron
osmFISH Pseudospot,arcimpute,pseudospot_y8_x15,13164.698086506616,7219.350563568144,Hippocampus_Excitatory
osmFISH Pseudospot,arcimpute,pseudospot_y8_x16,14014.033446926396,7219.350563568144,Oligodendrocyte
osmFISH Pseudospot,arcimpute,pseudospot_y8_x20,17411.374888605522,7219.350563568144,Oligodendrocyte
osmFISH Pseudospot,arcimpute,pseudospot_y8_x21,18260.710249025306,7219.350563568144,Hippocampus_Excitatory
osmFISH Pseudospot,arcimpute,pseudospot_y8_x22,19110.045609445086,7219.350563568144,Interneuron
osmFISH Pseudospot,arcimpute,pseudospot_y8_x23,19959.38096986487,7219.350563568144,Interneuron
osmFISH Pseudospot,arcimpute,pseudospot_y9_x15,13164.698086506616,8068.685923987926,Oligodendrocyte
osmFISH Pseudospot,arcimpute,pseudospot_y9_x16,14014.033446926396,8068.685923987926,Oligodendrocyte
osmFISH Pseudospot,arcimpute,pseudospot_y9_x17,14863.368807346178,8068.685923987926,Hippocampus_Excitatory
osmFISH Pseudospot,arcimpute,pseudospot_y9_x19,16562.03952818574,8068.685923987926,Ependymal
osmFISH Pseudospot,arcimpute,pseudospot_y9_x20,17411.374888605522,8068.685923987926,Oligodendrocyte
osmFISH Pseudospot,arcimpute,pseudospot_y9_x21,18260.710249025306,8068.685923987926,Interneuron
osmFISH Pseudospot,arcimpute,pseudospot_y9_x22,19110.045609445086,8068.685923987926,Interneuron
osmFISH Pseudospot,arcimpute,pseudospot_y9_x23,19959.38096986487,8068.685923987926,Interneuron
osmFISH Pseudospot,arcimpute,pseudospot_y10_x15,13164.698086506616,8918.021284407707,Oligodendrocyte
osmFISH Pseudospot,arcimpute,pseudospot_y10_x16,14014.033446926396,8918.021284407707,Oligodendrocyte
osmFISH Pseudospot,arcimpute,pseudospot_y10_x17,14863.368807346178,8918.021284407707,Oligodendrocyte
osmFISH Pseudospot,arcimpute,pseudospot_y10_x18,15712.70416776596,8918.021284407707,Hippocampus_Excitatory
osmFISH Pseudospot,arcimpute,pseudospot_y10_x19,16562.03952818574,8918.021284407707,Interneuron
osmFISH Pseudospot,arcimpute,pseudospot_y10_x20,17411.374888605522,8918.021284407707,Oligodendrocyte
osmFISH Pseudospot,arcimpute,pseudospot_y10_x21,18260.710249025306,8918.021284407707,Interneuron
osmFISH Pseudospot,arcimpute,pseudospot_y10_x22,19110.045609445086,8918.021284407707,Interneuron
osmFISH Pseudospot,arcimpute,pseudospot_y10_x23,19959.38096986487,8918.021284407707,Interneuron
osmFISH Pseudospot,arcimpute,pseudospot_y10_x24,20808.71633028465,8918.021284407707,Interneuron
osmFISH Pseudospot,arcimpute,pseudospot_y11_x15,13164.698086506616,9767.356644827489,Oligodendrocyte
osmFISH Pseudospot,arcimpute,pseudospot_y11_x16,14014.033446926396,9767.356644827489,Oligodendrocyte
osmFISH Pseudospot,arcimpute,pseudospot_y11_x17,14863.368807346178,9767.356644827489,Oligodendrocyte
osmFISH Pseudospot,arcimpute,pseudospot_y11_x18,15712.70416776596,9767.356644827489,Oligodendrocyte
osmFISH Pseudospot,arcimpute,pseudospot_y11_x19,16562.03952818574,9767.356644827489,Ependymal
osmFISH Pseudospot,arcimpute,pseudospot_y11_x20,17411.374888605522,9767.356644827489,Oligodendrocyte
osmFISH Pseudospot,arcimpute,pseudospot_y11_x21,18260.710249025306,9767.356644827489,Interneuron
osmFISH Pseudospot,arcimpute,pseudospot_y11_x22,19110.045609445086,9767.356644827489,Interneuron
osmFISH Pseudospot,arcimpute,pseudospot_y11_x23,19959.38096986487,9767.356644827489,Interneuron
osmFISH Pseudospot,arcimpute,pseudospot_y12_x15,13164.698086506616,10616.69200524727,Oligodendrocyte
osmFISH Pseudospot,arcimpute,pseudospot_y12_x16,14014.033446926396,10616.69200524727,Oligodendrocyte
osmFISH Pseudospot,arcimpute,pseudospot_y12_x17,14863.368807346178,10616.69200524727,Oligodendrocyte
osmFISH Pseudospot,arcimpute,pseudospot_y12_x18,15712.70416776596,10616.69200524727,Oligodendrocyte
osmFISH Pseudospot,arcimpute,pseudospot_y12_x19,16562.03952818574,10616.69200524727,Oligodendrocyte
osmFISH Pseudospot,arcimpute,pseudospot_y12_x21,18260.710249025306,10616.69200524727,Interneuron
osmFISH Pseudospot,arcimpute,pseudospot_y12_x22,19110.045609445086,10616.69200524727,Interneuron
osmFISH Pseudospot,arcimpute,pseudospot_y12_x23,19959.38096986487,10616.69200524727,Interneuron
osmFISH Pseudospot,arcimpute,pseudospot_y12_x24,20808.71633028465,10616.69200524727,Interneuron
osmFISH Pseudospot,arcimpute,pseudospot_y13_x15,13164.698086506616,11466.027365667052,Hippocampus_Excitatory
osmFISH Pseudospot,arcimpute,pseudospot_y13_x16,14014.033446926396,11466.027365667052,Hippocampus_Excitatory
osmFISH Pseudospot,arcimpute,pseudospot_y13_x18,15712.70416776596,11466.027365667052,Oligodendrocyte
osmFISH Pseudospot,arcimpute,pseudospot_y13_x19,16562.03952818574,11466.027365667052,Oligodendrocyte
osmFISH Pseudospot,arcimpute,pseudospot_y13_x20,17411.374888605522,11466.027365667052,Ependymal
osmFISH Pseudospot,arcimpute,pseudospot_y13_x21,18260.710249025306,11466.027365667052,Oligodendrocyte
osmFISH Pseudospot,arcimpute,pseudospot_y13_x22,19110.045609445086,11466.027365667052,Oligodendrocyte
osmFISH Pseudospot,arcimpute,pseudospot_y13_x23,19959.38096986487,11466.027365667052,Oligodendrocyte
osmFISH Pseudospot,arcimpute,pseudospot_y13_x24,20808.71633028465,11466.027365667052,Oligodendrocyte
osmFISH Pseudospot,arcimpute,pseudospot_y14_x15,13164.698086506616,12315.362726086834,Hippocampus_Excitatory
osmFISH Pseudospot,arcimpute,pseudospot_y14_x16,14014.033446926396,12315.362726086834,Interneuron
osmFISH Pseudospot,arcimpute,pseudospot_y14_x19,16562.03952818574,12315.362726086834,Oligodendrocyte
osmFISH Pseudospot,arcimpute,pseudospot_y14_x20,17411.374888605522,12315.362726086834,Hippocampus_Excitatory
osmFISH Pseudospot,arcimpute,pseudospot_y14_x21,18260.710249025306,12315.362726086834,Ependymal
osmFISH Pseudospot,arcimpute,pseudospot_y14_x22,19110.045609445086,12315.362726086834,Oligodendrocyte
osmFISH Pseudospot,arcimpute,pseudospot_y14_x23,19959.38096986487,12315.362726086834,Oligodendrocyte
osmFISH Pseudospot,arcimpute,pseudospot_y14_x24,20808.71633028465,12315.362726086834,Oligodendrocyte
osmFISH Pseudospot,arcimpute,pseudospot_y15_x15,13164.698086506616,13164.698086506616,Hippocampus_Excitatory
osmFISH Pseudospot,arcimpute,pseudospot_y15_x19,16562.03952818574,13164.698086506616,Oligodendrocyte
osmFISH Pseudospot,arcimpute,pseudospot_y15_x20,17411.374888605522,13164.698086506616,Hippocampus_Excitatory
osmFISH Pseudospot,arcimpute,pseudospot_y15_x21,18260.710249025306,13164.698086506616,Ependymal
osmFISH Pseudospot,arcimpute,pseudospot_y15_x22,19110.045609445086,13164.698086506616,Oligodendrocyte
osmFISH Pseudospot,arcimpute,pseudospot_y15_x23,19959.38096986487,13164.698086506616,Oligodendrocyte
osmFISH Pseudospot,arcimpute,pseudospot_y16_x18,15712.70416776596,14014.033446926396,Oligodendrocyte
osmFISH Pseudospot,arcimpute,pseudospot_y16_x19,16562.03952818574,14014.033446926396,Oligodendrocyte
osmFISH Pseudospot,arcimpute,pseudospot_y16_x20,17411.374888605522,14014.033446926396,Hippocampus_Excitatory
osmFISH Pseudospot,arcimpute,pseudospot_y16_x21,18260.710249025306,14014.033446926396,Hippocampus_Excitatory
osmFISH Pseudospot,arcimpute,pseudospot_y16_x22,19110.045609445086,14014.033446926396,Oligodendrocyte
osmFISH Pseudospot,arcimpute,pseudospot_y16_x23,19959.38096986487,14014.033446926396,Oligodendrocyte
osmFISH Pseudospot,arcimpute,pseudospot_y17_x20,17411.374888605522,14863.368807346178,Hippocampus_Excitatory
osmFISH Pseudospot,arcimpute,pseudospot_y17_x21,18260.710249025306,14863.368807346178,Hippocampus_Excitatory
osmFISH Pseudospot,arcimpute,pseudospot_y17_x22,19110.045609445086,14863.368807346178,Oligodendrocyte
osmFISH Pseudospot,arcimpute,pseudospot_y17_x23,19959.38096986487,14863.368807346178,Oligodendrocyte
osmFISH Pseudospot,arcimpute,pseudospot_y18_x15,13164.698086506616,15712.70416776596,Interneuron
osmFISH Pseudospot,arcimpute,pseudospot_y18_x16,14014.033446926396,15712.70416776596,Interneuron
osmFISH Pseudospot,arcimpute,pseudospot_y18_x19,16562.03952818574,15712.70416776596,Oligodendrocyte
osmFISH Pseudospot,arcimpute,pseudospot_y18_x20,17411.374888605522,15712.70416776596,Hippocampus_Excitatory
osmFISH Pseudospot,arcimpute,pseudospot_y18_x21,18260.710249025306,15712.70416776596,Hippocampus_Excitatory
osmFISH Pseudospot,arcimpute,pseudospot_y18_x23,19959.38096986487,15712.70416776596,Interneuron
osmFISH Pseudospot,arcimpute,pseudospot_y19_x15,13164.698086506616,16562.03952818574,S1_Excitatory
osmFISH Pseudospot,arcimpute,pseudospot_y19_x16,14014.033446926396,16562.03952818574,Interneuron
osmFISH Pseudospot,arcimpute,pseudospot_y19_x18,15712.70416776596,16562.03952818574,Oligodendrocyte
osmFISH Pseudospot,arcimpute,pseudospot_y19_x19,16562.03952818574,16562.03952818574,Hippocampus_Excitatory
osmFISH Pseudospot,arcimpute,pseudospot_y19_x20,17411.374888605522,16562.03952818574,Oligodendrocyte
osmFISH Pseudospot,arcimpute,pseudospot_y19_x21,18260.710249025306,16562.03952818574,Hippocampus_Excitatory
osmFISH Pseudospot,arcimpute,pseudospot_y19_x22,19110.045609445086,16562.03952818574,Hippocampus_Excitatory
osmFISH Pseudospot,arcimpute,pseudospot_y19_x23,19959.38096986487,16562.03952818574,Oligodendrocyte
osmFISH Pseudospot,arcimpute,pseudospot_y19_x24,20808.71633028465,16562.03952818574,S1_Excitatory
osmFISH Pseudospot,arcimpute,pseudospot_y20_x15,13164.698086506616,17411.374888605522,Hippocampus_Excitatory
osmFISH Pseudospot,arcimpute,pseudospot_y20_x16,14014.033446926396,17411.374888605522,Interneuron
osmFISH Pseudospot,arcimpute,pseudospot_y20_x17,14863.368807346178,17411.374888605522,Oligodendrocyte
osmFISH Pseudospot,arcimpute,pseudospot_y20_x18,15712.70416776596,17411.374888605522,Hippocampus_Excitatory
osmFISH Pseudospot,arcimpute,pseudospot_y20_x19,16562.03952818574,17411.374888605522,Hippocampus_Excitatory
osmFISH Pseudospot,arcimpute,pseudospot_y20_x20,17411.374888605522,17411.374888605522,Oligodendrocyte
osmFISH Pseudospot,arcimpute,pseudospot_y20_x21,18260.710249025306,17411.374888605522,Interneuron
osmFISH Pseudospot,arcimpute,pseudospot_y20_x22,19110.045609445086,17411.374888605522,Hippocampus_Excitatory
osmFISH Pseudospot,arcimpute,pseudospot_y20_x23,19959.38096986487,17411.374888605522,Hippocampus_Excitatory
osmFISH Pseudospot,arcimpute,pseudospot_y20_x24,20808.71633028465,17411.374888605522,Oligodendrocyte
osmFISH Pseudospot,arcimpute,pseudospot_y21_x15,13164.698086506616,18260.710249025306,Interneuron
osmFISH Pseudospot,arcimpute,pseudospot_y21_x18,15712.70416776596,18260.710249025306,Hippocampus_Excitatory
osmFISH Pseudospot,arcimpute,pseudospot_y21_x19,16562.03952818574,18260.710249025306,Hippocampus_Excitatory
osmFISH Pseudospot,arcimpute,pseudospot_y21_x20,17411.374888605522,18260.710249025306,Hippocampus_Excitatory
osmFISH Pseudospot,arcimpute,pseudospot_y21_x22,19110.045609445086,18260.710249025306,Hippocampus_Excitatory
osmFISH Pseudospot,arcimpute,pseudospot_y21_x23,19959.38096986487,18260.710249025306,S1_Excitatory
osmFISH Pseudospot,arcimpute,pseudospot_y21_x24,20808.71633028465,18260.710249025306,Hippocampus_Excitatory
osmFISH Pseudospot,arcimpute,pseudospot_y22_x18,15712.70416776596,19110.045609445086,Oligodendrocyte
osmFISH Pseudospot,arcimpute,pseudospot_y22_x19,16562.03952818574,19110.045609445086,Hippocampus_Excitatory
osmFISH Pseudospot,arcimpute,pseudospot_y22_x20,17411.374888605522,19110.045609445086,Oligodendrocyte
osmFISH Pseudospot,arcimpute,pseudospot_y22_x21,18260.710249025306,19110.045609445086,S1_Excitatory
osmFISH Pseudospot,arcimpute,pseudospot_y22_x22,19110.045609445086,19110.045609445086,Hippocampus_Excitatory
osmFISH Pseudospot,arcimpute,pseudospot_y22_x23,19959.38096986487,19110.045609445086,Hippocampus_Excitatory
osmFISH Pseudospot,arcimpute,pseudospot_y22_x24,20808.71633028465,19110.045609445086,Hippocampus_Excitatory
osmFISH Pseudospot,arcimpute,pseudospot_y23_x12,10616.69200524727,19959.38096986487,Hippocampus_Excitatory
osmFISH Pseudospot,arcimpute,pseudospot_y23_x13,11466.027365667052,19959.38096986487,Interneuron
osmFISH Pseudospot,arcimpute,pseudospot_y23_x14,12315.362726086834,19959.38096986487,Interneuron
osmFISH Pseudospot,arcimpute,pseudospot_y23_x15,13164.698086506616,19959.38096986487,Hippocampus_Excitatory
osmFISH Pseudospot,arcimpute,pseudospot_y23_x16,14014.033446926396,19959.38096986487,Oligodendrocyte
osmFISH Pseudospot,arcimpute,pseudospot_y23_x17,14863.368807346178,19959.38096986487,Hippocampus_Excitatory
osmFISH Pseudospot,arcimpute,pseudospot_y23_x18,15712.70416776596,19959.38096986487,Oligodendrocyte
osmFISH Pseudospot,arcimpute,pseudospot_y23_x19,16562.03952818574,19959.38096986487,Oligodendrocyte
osmFISH Pseudospot,arcimpute,pseudospot_y23_x21,18260.710249025306,19959.38096986487,S1_Excitatory
osmFISH Pseudospot,arcimpute,pseudospot_y24_x13,11466.027365667052,20808.71633028465,Interneuron
osmFISH Pseudospot,arcimpute,pseudospot_y24_x15,13164.698086506616,20808.71633028465,Interneuron
osmFISH Pseudospot,arcimpute,pseudospot_y24_x16,14014.033446926396,20808.71633028465,Hippocampus_Excitatory
osmFISH Pseudospot,arcimpute,pseudospot_y24_x17,14863.368807346178,20808.71633028465,Astrocyte
osmFISH Pseudospot,arcimpute,pseudospot_y24_x18,15712.70416776596,20808.71633028465,Oligodendrocyte
osmFISH Pseudospot,arcimpute,pseudospot_y24_x19,16562.03952818574,20808.71633028465,Hippocampus_Excitatory
osmFISH Pseudospot,arcimpute,pseudospot_y24_x20,17411.374888605522,20808.71633028465,Hippocampus_Excitatory
osmFISH Pseudospot,arcimpute,pseudospot_y24_x21,18260.710249025306,20808.71633028465,Hippocampus_Excitatory
osmFISH Pseudospot,arcimpute,pseudospot_y25_x10,8918.021284407707,21658.051690704433,S1_Excitatory
osmFISH Pseudospot,arcimpute,pseudospot_y25_x11,9767.356644827489,21658.051690704433,Interneuron
osmFISH Pseudospot,arcimpute,pseudospot_y25_x12,10616.69200524727,21658.051690704433,Interneuron
osmFISH Pseudospot,arcimpute,pseudospot_y25_x13,11466.027365667052,21658.051690704433,S1_Excitatory
osmFISH Pseudospot,arcimpute,pseudospot_y25_x15,13164.698086506616,21658.051690704433,Hippocampus_Excitatory
osmFISH Pseudospot,arcimpute,pseudospot_y25_x16,14014.033446926396,21658.051690704433,Hippocampus_Excitatory
osmFISH Pseudospot,arcimpute,pseudospot_y25_x17,14863.368807346178,21658.051690704433,Oligodendrocyte
osmFISH Pseudospot,arcimpute,pseudospot_y25_x18,15712.70416776596,21658.051690704433,Hippocampus_Excitatory
osmFISH Pseudospot,arcimpute,pseudospot_y25_x19,16562.03952818574,21658.051690704433,Hippocampus_Excitatory
osmFISH Pseudospot,arcimpute,pseudospot_y25_x20,17411.374888605522,21658.051690704433,Hippocampus_Excitatory
osmFISH Pseudospot,arcimpute,pseudospot_y25_x21,18260.710249025306,21658.051690704433,Hippocampus_Excitatory
osmFISH Pseudospot,arcimpute,pseudospot_y25_x22,19110.045609445086,21658.051690704433,S1_Excitatory
osmFISH Pseudospot,arcimpute,pseudospot_y26_x10,8918.021284407707,22507.387051124213,Interneuron
osmFISH Pseudospot,arcimpute,pseudospot_y26_x11,9767.356644827489,22507.387051124213,S1_Excitatory
osmFISH Pseudospot,arcimpute,pseudospot_y26_x12,10616.69200524727,22507.387051124213,Interneuron
osmFISH Pseudospot,arcimpute,pseudospot_y26_x14,12315.362726086834,22507.387051124213,Oligodendrocyte
osmFISH Pseudospot,arcimpute,pseudospot_y26_x15,13164.698086506616,22507.387051124213,Hippocampus_Excitatory
osmFISH Pseudospot,arcimpute,pseudospot_y26_x16,14014.033446926396,22507.387051124213,Oligodendrocyte
osmFISH Pseudospot,arcimpute,pseudospot_y26_x17,14863.368807346178,22507.387051124213,Oligodendrocyte
osmFISH Pseudospot,arcimpute,pseudospot_y26_x19,16562.03952818574,22507.387051124213,Hippocampus_Excitatory
osmFISH Pseudospot,arcimpute,pseudospot_y26_x20,17411.374888605522,22507.387051124213,S1_Excitatory
osmFISH Pseudospot,arcimpute,pseudospot_y26_x21,18260.710249025306,22507.387051124213,Hippocampus_Excitatory
osmFISH Pseudospot,arcimpute,pseudospot_y27_x9,8068.685923987926,23356.722411543997,S1_Excitatory
osmFISH Pseudospot,arcimpute,pseudospot_y27_x10,8918.021284407707,23356.722411543997,Interneuron
osmFISH Pseudospot,arcimpute,pseudospot_y27_x11,9767.356644827489,23356.722411543997,Interneuron
osmFISH Pseudospot,arcimpute,pseudospot_y27_x14,12315.362726086834,23356.722411543997,Oligodendrocyte
osmFISH Pseudospot,arcimpute,pseudospot_y27_x15,13164.698086506616,23356.722411543997,Oligodendrocyte
osmFISH Pseudospot,arcimpute,pseudospot_y27_x16,14014.033446926396,23356.722411543997,Oligodendrocyte
osmFISH Pseudospot,arcimpute,pseudospot_y27_x17,14863.368807346178,23356.722411543997,S1_Excitatory
osmFISH Pseudospot,arcimpute,pseudospot_y27_x18,15712.70416776596,23356.722411543997,Hippocampus_Excitatory
osmFISH Pseudospot,arcimpute,pseudospot_y27_x19,16562.03952818574,23356.722411543997,S1_Excitatory
osmFISH Pseudospot,arcimpute,pseudospot_y27_x20,17411.374888605522,23356.722411543997,Hippocampus_Excitatory
osmFISH Pseudospot,arcimpute,pseudospot_y27_x21,18260.710249025306,23356.722411543997,Hippocampus_Excitatory
osmFISH Pseudospot,arcimpute,pseudospot_y28_x6,5520.67984272858,24206.057771963777,Astrocyte
osmFISH Pseudospot,arcimpute,pseudospot_y28_x8,7219.350563568144,24206.057771963777,S1_Excitatory
osmFISH Pseudospot,arcimpute,pseudospot_y28_x9,8068.685923987926,24206.057771963777,S1_Excitatory
osmFISH Pseudospot,arcimpute,pseudospot_y28_x10,8918.021284407707,24206.057771963777,Interneuron
osmFISH Pseudospot,arcimpute,pseudospot_y28_x12,10616.69200524727,24206.057771963777,Oligodendrocyte
osmFISH Pseudospot,arcimpute,pseudospot_y28_x13,11466.027365667052,24206.057771963777,Oligodendrocyte
osmFISH Pseudospot,arcimpute,pseudospot_y28_x14,12315.362726086834,24206.057771963777,Oligodendrocyte
osmFISH Pseudospot,arcimpute,pseudospot_y28_x15,13164.698086506616,24206.057771963777,Oligodendrocyte
osmFISH Pseudospot,arcimpute,pseudospot_y28_x16,14014.033446926396,24206.057771963777,Hippocampus_Excitatory
osmFISH Pseudospot,arcimpute,pseudospot_y28_x17,14863.368807346178,24206.057771963777,Hippocampus_Excitatory
osmFISH Pseudospot,arcimpute,pseudospot_y28_x18,15712.70416776596,24206.057771963777,Hippocampus_Excitatory
osmFISH Pseudospot,arcimpute,pseudospot_y28_x19,16562.03952818574,24206.057771963777,Hippocampus_Excitatory
osmFISH Pseudospot,arcimpute,pseudospot_y28_x20,17411.374888605522,24206.057771963777,Hippocampus_Excitatory
osmFISH Pseudospot,arcimpute,pseudospot_y28_x21,18260.710249025306,24206.057771963777,Hippocampus_Excitatory
osmFISH Pseudospot,arcimpute,pseudospot_y29_x2,2123.338401049454,25055.393132383557,Interneuron
osmFISH Pseudospot,arcimpute,pseudospot_y29_x4,3822.0091218890175,25055.393132383557,Astrocyte
osmFISH Pseudospot,arcimpute,pseudospot_y29_x5,4671.344482308799,25055.393132383557,Astrocyte
osmFISH Pseudospot,arcimpute,pseudospot_y29_x6,5520.67984272858,25055.393132383557,Interneuron
osmFISH Pseudospot,arcimpute,pseudospot_y29_x7,6370.015203148362,25055.393132383557,S1_Excitatory
osmFISH Pseudospot,arcimpute,pseudospot_y29_x8,7219.350563568144,25055.393132383557,Interneuron
osmFISH Pseudospot,arcimpute,pseudospot_y29_x9,8068.685923987926,25055.393132383557,S1_Excitatory
osmFISH Pseudospot,arcimpute,pseudospot_y29_x11,9767.356644827489,25055.393132383557,Interneuron
osmFISH Pseudospot,arcimpute,pseudospot_y29_x12,10616.69200524727,25055.393132383557,Interneuron
osmFISH Pseudospot,arcimpute,pseudospot_y29_x13,11466.027365667052,25055.393132383557,Hippocampus_Excitatory
osmFISH Pseudospot,arcimpute,pseudospot_y29_x14,12315.362726086834,25055.393132383557,S1_Excitatory
osmFISH Pseudospot,arcimpute,pseudospot_y29_x15,13164.698086506616,25055.393132383557,Hippocampus_Excitatory
osmFISH Pseudospot,arcimpute,pseudospot_y29_x16,14014.033446926396,25055.393132383557,Hippocampus_Excitatory
osmFISH Pseudospot,arcimpute,pseudospot_y29_x17,14863.368807346178,25055.393132383557,Hippocampus_Excitatory
osmFISH Pseudospot,arcimpute,pseudospot_y29_x18,15712.70416776596,25055.393132383557,Hippocampus_Excitatory
osmFISH Pseudospot,arcimpute,pseudospot_y29_x19,16562.03952818574,25055.393132383557,Hippocampus_Excitatory
osmFISH Pseudospot,arcimpute,pseudospot_y29_x20,17411.374888605522,25055.393132383557,Hippocampus_Excitatory
osmFISH Pseudospot,arcimpute,pseudospot_y29_x21,18260.710249025306,25055.393132383557,Hippocampus_Excitatory
osmFISH Pseudospot,arcimpute,pseudospot_y29_x22,19110.045609445086,25055.393132383557,S1_Excitatory
osmFISH Pseudospot,arcimpute,pseudospot_y30_x1,1274.0030406296723,25904.72849280334,Interneuron
osmFISH Pseudospot,arcimpute,pseudospot_y30_x2,2123.338401049454,25904.72849280334,S1_Excitatory
osmFISH Pseudospot,arcimpute,pseudospot_y30_x4,3822.0091218890175,25904.72849280334,S1_Excitatory
osmFISH Pseudospot,arcimpute,pseudospot_y30_x5,4671.344482308799,25904.72849280334,S1_Excitatory
osmFISH Pseudospot,arcimpute,pseudospot_y30_x6,5520.67984272858,25904.72849280334,Interneuron
osmFISH Pseudospot,arcimpute,pseudospot_y30_x7,6370.015203148362,25904.72849280334,S1_Excitatory
osmFISH Pseudospot,arcimpute,pseudospot_y30_x8,7219.350563568144,25904.72849280334,Interneuron
osmFISH Pseudospot,arcimpute,pseudospot_y30_x10,8918.021284407707,25904.72849280334,Hippocampus_Excitatory
osmFISH Pseudospot,arcimpute,pseudospot_y30_x11,9767.356644827489,25904.72849280334,Hippocampus_Excitatory
osmFISH Pseudospot,arcimpute,pseudospot_y30_x12,10616.69200524727,25904.72849280334,Oligodendrocyte
osmFISH Pseudospot,arcimpute,pseudospot_y30_x13,11466.027365667052,25904.72849280334,Hippocampus_Excitatory
osmFISH Pseudospot,arcimpute,pseudospot_y30_x14,12315.362726086834,25904.72849280334,Hippocampus_Excitatory
osmFISH Pseudospot,arcimpute,pseudospot_y30_x15,13164.698086506616,25904.72849280334,Hippocampus_Excitatory
osmFISH Pseudospot,arcimpute,pseudospot_y30_x16,14014.033446926396,25904.72849280334,Hippocampus_Excitatory
osmFISH Pseudospot,arcimpute,pseudospot_y30_x17,14863.368807346178,25904.72849280334,S1_Excitatory
osmFISH Pseudospot,arcimpute,pseudospot_y30_x18,15712.70416776596,25904.72849280334,Hippocampus_Excitatory
osmFISH Pseudospot,arcimpute,pseudospot_y30_x19,16562.03952818574,25904.72849280334,Hippocampus_Excitatory
osmFISH Pseudospot,arcimpute,pseudospot_y30_x20,17411.374888605522,25904.72849280334,Hippocampus_Excitatory
osmFISH Pseudospot,arcimpute,pseudospot_y30_x21,18260.710249025306,25904.72849280334,Hippocampus_Excitatory
osmFISH Pseudospot,arcimpute,pseudospot_y30_x22,19110.045609445086,25904.72849280334,Hippocampus_Excitatory
osmFISH Pseudospot,arcimpute,pseudospot_y30_x23,19959.38096986487,25904.72849280334,Hippocampus_Excitatory
osmFISH Pseudospot,arcimpute,pseudospot_y31_x3,2972.6737614692356,26754.06385322312,Astrocyte
osmFISH Pseudospot,arcimpute,pseudospot_y31_x4,3822.0091218890175,26754.06385322312,Interneuron
osmFISH Pseudospot,arcimpute,pseudospot_y31_x5,4671.344482308799,26754.06385322312,S1_Excitatory
osmFISH Pseudospot,arcimpute,pseudospot_y31_x6,5520.67984272858,26754.06385322312,S1_Excitatory
osmFISH Pseudospot,arcimpute,pseudospot_y31_x7,6370.015203148362,26754.06385322312,Interneuron
osmFISH Pseudospot,arcimpute,pseudospot_y31_x11,9767.356644827489,26754.06385322312,Oligodendrocyte
osmFISH Pseudospot,arcimpute,pseudospot_y31_x12,10616.69200524727,26754.06385322312,Hippocampus_Excitatory
osmFISH Pseudospot,arcimpute,pseudospot_y31_x13,11466.027365667052,26754.06385322312,Interneuron
osmFISH Pseudospot,arcimpute,pseudospot_y31_x14,12315.362726086834,26754.06385322312,Hippocampus_Excitatory
osmFISH Pseudospot,arcimpute,pseudospot_y31_x15,13164.698086506616,26754.06385322312,Hippocampus_Excitatory
osmFISH Pseudospot,arcimpute,pseudospot_y31_x16,14014.033446926396,26754.06385322312,Hippocampus_Excitatory
osmFISH Pseudospot,arcimpute,pseudospot_y31_x17,14863.368807346178,26754.06385322312,Hippocampus_Excitatory
osmFISH Pseudospot,arcimpute,pseudospot_y31_x18,15712.70416776596,26754.06385322312,Hippocampus_Excitatory
osmFISH Pseudospot,arcimpute,pseudospot_y31_x19,16562.03952818574,26754.06385322312,Hippocampus_Excitatory
osmFISH Pseudospot,arcimpute,pseudospot_y31_x20,17411.374888605522,26754.06385322312,Hippocampus_Excitatory
osmFISH Pseudospot,arcimpute,pseudospot_y31_x21,18260.710249025306,26754.06385322312,Hippocampus_Excitatory
osmFISH Pseudospot,arcimpute,pseudospot_y31_x22,19110.045609445086,26754.06385322312,S1_Excitatory
osmFISH Pseudospot,arcimpute,pseudospot_y32_x0,424.6676802098908,27603.399213642904,Oligodendrocyte
osmFISH Pseudospot,arcimpute,pseudospot_y32_x1,1274.0030406296723,27603.399213642904,Astrocyte
osmFISH Pseudospot,arcimpute,pseudospot_y32_x3,2972.6737614692356,27603.399213642904,S1_Excitatory
osmFISH Pseudospot,arcimpute,pseudospot_y32_x4,3822.0091218890175,27603.399213642904,Interneuron
osmFISH Pseudospot,arcimpute,pseudospot_y32_x5,4671.344482308799,27603.399213642904,Interneuron
osmFISH Pseudospot,arcimpute,pseudospot_y32_x7,6370.015203148362,27603.399213642904,Interneuron
osmFISH Pseudospot,arcimpute,pseudospot_y32_x9,8068.685923987926,27603.399213642904,Hippocampus_Excitatory
osmFISH Pseudospot,arcimpute,pseudospot_y32_x10,8918.021284407707,27603.399213642904,Oligodendrocyte
osmFISH Pseudospot,arcimpute,pseudospot_y32_x11,9767.356644827489,27603.399213642904,Hippocampus_Excitatory
osmFISH Pseudospot,arcimpute,pseudospot_y32_x12,10616.69200524727,27603.399213642904,S1_Excitatory
osmFISH Pseudospot,arcimpute,pseudospot_y32_x13,11466.027365667052,27603.399213642904,Hippocampus_Excitatory
osmFISH Pseudospot,arcimpute,pseudospot_y32_x14,12315.362726086834,27603.399213642904,Hippocampus_Excitatory
osmFISH Pseudospot,arcimpute,pseudospot_y32_x15,13164.698086506616,27603.399213642904,Hippocampus_Excitatory
osmFISH Pseudospot,arcimpute,pseudospot_y32_x16,14014.033446926396,27603.399213642904,Hippocampus_Excitatory
osmFISH Pseudospot,arcimpute,pseudospot_y32_x17,14863.368807346178,27603.399213642904,Hippocampus_Excitatory
osmFISH Pseudospot,arcimpute,pseudospot_y32_x18,15712.70416776596,27603.399213642904,Hippocampus_Excitatory
osmFISH Pseudospot,arcimpute,pseudospot_y32_x19,16562.03952818574,27603.399213642904,Interneuron
osmFISH Pseudospot,arcimpute,pseudospot_y32_x20,17411.374888605522,27603.399213642904,Interneuron
osmFISH Pseudospot,arcimpute,pseudospot_y32_x21,18260.710249025306,27603.399213642904,Hippocampus_Excitatory
osmFISH Pseudospot,arcimpute,pseudospot_y32_x22,19110.045609445086,27603.399213642904,S1_Excitatory
osmFISH Pseudospot,arcimpute,pseudospot_y32_x23,19959.38096986487,27603.399213642904,Hippocampus_Excitatory
osmFISH Pseudospot,arcimpute,pseudospot_y33_x0,424.6676802098908,28452.734574062684,S1_Excitatory
osmFISH Pseudospot,arcimpute,pseudospot_y33_x1,1274.0030406296723,28452.734574062684,Interneuron
osmFISH Pseudospot,arcimpute,pseudospot_y33_x2,2123.338401049454,28452.734574062684,Interneuron
osmFISH Pseudospot,arcimpute,pseudospot_y33_x3,2972.6737614692356,28452.734574062684,Interneuron
osmFISH Pseudospot,arcimpute,pseudospot_y33_x7,6370.015203148362,28452.734574062684,Hippocampus_Excitatory
osmFISH Pseudospot,arcimpute,pseudospot_y33_x8,7219.350563568144,28452.734574062684,Hippocampus_Excitatory
osmFISH Pseudospot,arcimpute,pseudospot_y33_x9,8068.685923987926,28452.734574062684,Oligodendrocyte
osmFISH Pseudospot,arcimpute,pseudospot_y33_x10,8918.021284407707,28452.734574062684,Hippocampus_Excitatory
osmFISH Pseudospot,arcimpute,pseudospot_y33_x11,9767.356644827489,28452.734574062684,Hippocampus_Excitatory
osmFISH Pseudospot,arcimpute,pseudospot_y33_x12,10616.69200524727,28452.734574062684,Hippocampus_Excitatory
osmFISH Pseudospot,arcimpute,pseudospot_y33_x13,11466.027365667052,28452.734574062684,Hippocampus_Excitatory
osmFISH Pseudospot,arcimpute,pseudospot_y33_x14,12315.362726086834,28452.734574062684,Hippocampus_Excitatory
osmFISH Pseudospot,arcimpute,pseudospot_y33_x15,13164.698086506616,28452.734574062684,Hippocampus_Excitatory
osmFISH Pseudospot,arcimpute,pseudospot_y33_x16,14014.033446926396,28452.734574062684,Hippocampus_Excitatory
osmFISH Pseudospot,arcimpute,pseudospot_y33_x17,14863.368807346178,28452.734574062684,Hippocampus_Excitatory
osmFISH Pseudospot,arcimpute,pseudospot_y33_x18,15712.70416776596,28452.734574062684,S1_Excitatory
osmFISH Pseudospot,arcimpute,pseudospot_y33_x19,16562.03952818574,28452.734574062684,S1_Excitatory
osmFISH Pseudospot,arcimpute,pseudospot_y33_x20,17411.374888605522,28452.734574062684,S1_Excitatory
osmFISH Pseudospot,arcimpute,pseudospot_y33_x21,18260.710249025306,28452.734574062684,S1_Excitatory
osmFISH Pseudospot,arcimpute,pseudospot_y33_x22,19110.045609445086,28452.734574062684,Hippocampus_Excitatory
osmFISH Pseudospot,arcimpute,pseudospot_y33_x23,19959.38096986487,28452.734574062684,S1_Excitatory
osmFISH Pseudospot,arcimpute,pseudospot_y33_x24,20808.71633028465,28452.734574062684,S1_Excitatory
osmFISH Pseudospot,arcimpute,pseudospot_y34_x1,1274.0030406296723,29302.069934482468,Interneuron
osmFISH Pseudospot,arcimpute,pseudospot_y34_x5,4671.344482308799,29302.069934482468,Oligodendrocyte
osmFISH Pseudospot,arcimpute,pseudospot_y34_x6,5520.67984272858,29302.069934482468,Oligodendrocyte
osmFISH Pseudospot,arcimpute,pseudospot_y34_x7,6370.015203148362,29302.069934482468,Oligodendrocyte
osmFISH Pseudospot,arcimpute,pseudospot_y34_x8,7219.350563568144,29302.069934482468,Hippocampus_Excitatory
osmFISH Pseudospot,arcimpute,pseudospot_y34_x9,8068.685923987926,29302.069934482468,S1_Excitatory
osmFISH Pseudospot,arcimpute,pseudospot_y34_x10,8918.021284407707,29302.069934482468,Hippocampus_Excitatory
osmFISH Pseudospot,arcimpute,pseudospot_y34_x11,9767.356644827489,29302.069934482468,S1_Excitatory
osmFISH Pseudospot,arcimpute,pseudospot_y34_x12,10616.69200524727,29302.069934482468,S1_Excitatory
osmFISH Pseudospot,arcimpute,pseudospot_y34_x13,11466.027365667052,29302.069934482468,Hippocampus_Excitatory
osmFISH Pseudospot,arcimpute,pseudospot_y34_x14,12315.362726086834,29302.069934482468,Hippocampus_Excitatory
osmFISH Pseudospot,arcimpute,pseudospot_y34_x15,13164.698086506616,29302.069934482468,Hippocampus_Excitatory
osmFISH Pseudospot,arcimpute,pseudospot_y34_x16,14014.033446926396,29302.069934482468,Interneuron
osmFISH Pseudospot,arcimpute,pseudospot_y34_x17,14863.368807346178,29302.069934482468,Interneuron
osmFISH Pseudospot,arcimpute,pseudospot_y34_x18,15712.70416776596,29302.069934482468,S1_Excitatory
osmFISH Pseudospot,arcimpute,pseudospot_y34_x19,16562.03952818574,29302.069934482468,S1_Excitatory
osmFISH Pseudospot,arcimpute,pseudospot_y34_x20,17411.374888605522,29302.069934482468,Hippocampus_Excitatory
osmFISH Pseudospot,arcimpute,pseudospot_y34_x21,18260.710249025306,29302.069934482468,Hippocampus_Excitatory
osmFISH Pseudospot,arcimpute,pseudospot_y34_x22,19110.045609445086,29302.069934482468,Hippocampus_Excitatory
osmFISH Pseudospot,arcimpute,pseudospot_y34_x23,19959.38096986487,29302.069934482468,Hippocampus_Excitatory
osmFISH Pseudospot,arcimpute,pseudospot_y34_x24,20808.71633028465,29302.069934482468,S1_Excitatory
osmFISH Pseudospot,arcimpute,pseudospot_y35_x0,424.6676802098908,30151.405294902248,Astrocyte
osmFISH Pseudospot,arcimpute,pseudospot_y35_x1,1274.0030406296723,30151.405294902248,S1_Excitatory
osmFISH Pseudospot,arcimpute,pseudospot_y35_x2,2123.338401049454,30151.405294902248,Interneuron
osmFISH Pseudospot,arcimpute,pseudospot_y35_x3,2972.6737614692356,30151.405294902248,Oligodendrocyte
osmFISH Pseudospot,arcimpute,pseudospot_y35_x4,3822.0091218890175,30151.405294902248,Hippocampus_Excitatory
osmFISH Pseudospot,arcimpute,pseudospot_y35_x5,4671.344482308799,30151.405294902248,Oligodendrocyte
osmFISH Pseudospot,arcimpute,pseudospot_y35_x6,5520.67984272858,30151.405294902248,Oligodendrocyte
osmFISH Pseudospot,arcimpute,pseudospot_y35_x7,6370.015203148362,30151.405294902248,Hippocampus_Excitatory
osmFISH Pseudospot,arcimpute,pseudospot_y35_x8,7219.350563568144,30151.405294902248,S1_Excitatory
osmFISH Pseudospot,arcimpute,pseudospot_y35_x9,8068.685923987926,30151.405294902248,Hippocampus_Excitatory
osmFISH Pseudospot,arcimpute,pseudospot_y35_x10,8918.021284407707,30151.405294902248,Hippocampus_Excitatory
osmFISH Pseudospot,arcimpute,pseudospot_y35_x11,9767.356644827489,30151.405294902248,Hippocampus_Excitatory
osmFISH Pseudospot,arcimpute,pseudospot_y35_x12,10616.69200524727,30151.405294902248,Hippocampus_Excitatory
osmFISH Pseudospot,arcimpute,pseudospot_y35_x13,11466.027365667052,30151.405294902248,Hippocampus_Excitatory
osmFISH Pseudospot,arcimpute,pseudospot_y35_x14,12315.362726086834,30151.405294902248,S1_Excitatory
osmFISH Pseudospot,arcimpute,pseudospot_y35_x15,13164.698086506616,30151.405294902248,Hippocampus_Excitatory
osmFISH Pseudospot,arcimpute,pseudospot_y35_x16,14014.033446926396,30151.405294902248,Hippocampus_Excitatory
osmFISH Pseudospot,arcimpute,pseudospot_y35_x17,14863.368807346178,30151.405294902248,Interneuron
osmFISH Pseudospot,arcimpute,pseudospot_y35_x18,15712.70416776596,30151.405294902248,S1_Excitatory
osmFISH Pseudospot,arcimpute,pseudospot_y35_x20,17411.374888605522,30151.405294902248,S1_Excitatory
osmFISH Pseudospot,arcimpute,pseudospot_y35_x21,18260.710249025306,30151.405294902248,S1_Excitatory
osmFISH Pseudospot,arcimpute,pseudospot_y35_x22,19110.045609445086,30151.405294902248,S1_Excitatory
osmFISH Pseudospot,arcimpute,pseudospot_y35_x23,19959.38096986487,30151.405294902248,S1_Excitatory
osmFISH Pseudospot,arcimpute,pseudospot_y35_x24,20808.71633028465,30151.405294902248,S1_Excitatory
osmFISH Pseudospot,arcimpute,pseudospot_y36_x0,424.6676802098908,31000.740655322028,Hippocampus_Excitatory
osmFISH Pseudospot,arcimpute,pseudospot_y36_x2,2123.338401049454,31000.740655322028,Oligodendrocyte
osmFISH Pseudospot,arcimpute,pseudospot_y36_x3,2972.6737614692356,31000.740655322028,Oligodendrocyte
osmFISH Pseudospot,arcimpute,pseudospot_y36_x5,4671.344482308799,31000.740655322028,Oligodendrocyte
osmFISH Pseudospot,arcimpute,pseudospot_y36_x6,5520.67984272858,31000.740655322028,Hippocampus_Excitatory
osmFISH Pseudospot,arcimpute,pseudospot_y36_x7,6370.015203148362,31000.740655322028,Hippocampus_Excitatory
osmFISH Pseudospot,arcimpute,pseudospot_y36_x8,7219.350563568144,31000.740655322028,S1_Excitatory
osmFISH Pseudospot,arcimpute,pseudospot_y36_x9,8068.685923987926,31000.740655322028,Hippocampus_Excitatory
osmFISH Pseudospot,arcimpute,pseudospot_y36_x10,8918.021284407707,31000.740655322028,Hippocampus_Excitatory
osmFISH Pseudospot,arcimpute,pseudospot_y36_x11,9767.356644827489,31000.740655322028,Hippocampus_Excitatory
osmFISH Pseudospot,arcimpute,pseudospot_y36_x12,10616.69200524727,31000.740655322028,Hippocampus_Excitatory
osmFISH Pseudospot,arcimpute,pseudospot_y36_x13,11466.027365667052,31000.740655322028,Hippocampus_Excitatory
osmFISH Pseudospot,arcimpute,pseudospot_y36_x14,12315.362726086834,31000.740655322028,Interneuron
osmFISH Pseudospot,arcimpute,pseudospot_y36_x15,13164.698086506616,31000.740655322028,Hippocampus_Excitatory
osmFISH Pseudospot,arcimpute,pseudospot_y36_x16,14014.033446926396,31000.740655322028,Interneuron
osmFISH Pseudospot,arcimpute,pseudospot_y36_x17,14863.368807346178,31000.740655322028,S1_Excitatory
osmFISH Pseudospot,arcimpute,pseudospot_y36_x18,15712.70416776596,31000.740655322028,S1_Excitatory
osmFISH Pseudospot,arcimpute,pseudospot_y36_x19,16562.03952818574,31000.740655322028,Hippocampus_Excitatory
osmFISH Pseudospot,arcimpute,pseudospot_y36_x20,17411.374888605522,31000.740655322028,S1_Excitatory
osmFISH Pseudospot,arcimpute,pseudospot_y36_x21,18260.710249025306,31000.740655322028,S1_Excitatory
osmFISH Pseudospot,arcimpute,pseudospot_y36_x22,19110.045609445086,31000.740655322028,Hippocampus_Excitatory
osmFISH Pseudospot,arcimpute,pseudospot_y36_x23,19959.38096986487,31000.740655322028,S1_Excitatory
osmFISH Pseudospot,arcimpute,pseudospot_y36_x24,20808.71633028465,31000.740655322028,S1_Excitatory
osmFISH Pseudospot,arcimpute,pseudospot_y37_x0,424.6676802098908,31850.07601574181,Oligodendrocyte
osmFISH Pseudospot,arcimpute,pseudospot_y37_x1,1274.0030406296723,31850.07601574181,Hippocampus_Excitatory
osmFISH Pseudospot,arcimpute,pseudospot_y37_x2,2123.338401049454,31850.07601574181,Hippocampus_Excitatory
osmFISH Pseudospot,arcimpute,pseudospot_y37_x3,2972.6737614692356,31850.07601574181,Hippocampus_Excitatory
osmFISH Pseudospot,arcimpute,pseudospot_y37_x4,3822.0091218890175,31850.07601574181,S1_Excitatory
osmFISH Pseudospot,arcimpute,pseudospot_y37_x5,4671.344482308799,31850.07601574181,Hippocampus_Excitatory
osmFISH Pseudospot,arcimpute,pseudospot_y37_x6,5520.67984272858,31850.07601574181,Hippocampus_Excitatory
osmFISH Pseudospot,arcimpute,pseudospot_y37_x7,6370.015203148362,31850.07601574181,Hippocampus_Excitatory
osmFISH Pseudospot,arcimpute,pseudospot_y37_x8,7219.350563568144,31850.07601574181,Hippocampus_Excitatory
osmFISH Pseudospot,arcimpute,pseudospot_y37_x9,8068.685923987926,31850.07601574181,Hippocampus_Excitatory
osmFISH Pseudospot,arcimpute,pseudospot_y37_x10,8918.021284407707,31850.07601574181,S1_Excitatory
osmFISH Pseudospot,arcimpute,pseudospot_y37_x11,9767.356644827489,31850.07601574181,Hippocampus_Excitatory
osmFISH Pseudospot,arcimpute,pseudospot_y37_x12,10616.69200524727,31850.07601574181,Hippocampus_Excitatory
osmFISH Pseudospot,arcimpute,pseudospot_y37_x13,11466.027365667052,31850.07601574181,S1_Excitatory
osmFISH Pseudospot,arcimpute,pseudospot_y37_x14,12315.362726086834,31850.07601574181,S1_Excitatory
osmFISH Pseudospot,arcimpute,pseudospot_y37_x15,13164.698086506616,31850.07601574181,S1_Excitatory
osmFISH Pseudospot,arcimpute,pseudospot_y37_x16,14014.033446926396,31850.07601574181,Hippocampus_Excitatory
osmFISH Pseudospot,arcimpute,pseudospot_y37_x17,14863.368807346178,31850.07601574181,Hippocampus_Excitatory
osmFISH Pseudospot,arcimpute,pseudospot_y37_x18,15712.70416776596,31850.07601574181,S1_Excitatory
osmFISH Pseudospot,arcimpute,pseudospot_y37_x19,16562.03952818574,31850.07601574181,S1_Excitatory
osmFISH Pseudospot,arcimpute,pseudospot_y37_x20,17411.374888605522,31850.07601574181,S1_Excitatory
osmFISH Pseudospot,arcimpute,pseudospot_y37_x21,18260.710249025306,31850.07601574181,S1_Excitatory
osmFISH Pseudospot,arcimpute,pseudospot_y37_x22,19110.045609445086,31850.07601574181,S1_Excitatory
osmFISH Pseudospot,arcimpute,pseudospot_y37_x23,19959.38096986487,31850.07601574181,S1_Excitatory
osmFISH Pseudospot,arcimpute,pseudospot_y37_x24,20808.71633028465,31850.07601574181,S1_Excitatory
osmFISH Pseudospot,arcimpute,pseudospot_y37_x25,21658.051690704433,31850.07601574181,Hippocampus_Excitatory
osmFISH Pseudospot,arcimpute,pseudospot_y37_x26,22507.387051124213,31850.07601574181,S1_Excitatory
osmFISH Pseudospot,arcimpute,pseudospot_y38_x0,424.6676802098908,32699.41137616159,Interneuron
osmFISH Pseudospot,arcimpute,pseudospot_y38_x1,1274.0030406296723,32699.41137616159,Hippocampus_Excitatory
osmFISH Pseudospot,arcimpute,pseudospot_y38_x2,2123.338401049454,32699.41137616159,Hippocampus_Excitatory
osmFISH Pseudospot,arcimpute,pseudospot_y38_x3,2972.6737614692356,32699.41137616159,Hippocampus_Excitatory
osmFISH Pseudospot,arcimpute,pseudospot_y38_x4,3822.0091218890175,32699.41137616159,Hippocampus_Excitatory
osmFISH Pseudospot,arcimpute,pseudospot_y38_x5,4671.344482308799,32699.41137616159,Hippocampus_Excitatory
osmFISH Pseudospot,arcimpute,pseudospot_y38_x6,5520.67984272858,32699.41137616159,Hippocampus_Excitatory
osmFISH Pseudospot,arcimpute,pseudospot_y38_x7,6370.015203148362,32699.41137616159,Hippocampus_Excitatory
osmFISH Pseudospot,arcimpute,pseudospot_y38_x8,7219.350563568144,32699.41137616159,Hippocampus_Excitatory
osmFISH Pseudospot,arcimpute,pseudospot_y38_x9,8068.685923987926,32699.41137616159,S1_Excitatory
osmFISH Pseudospot,arcimpute,pseudospot_y38_x10,8918.021284407707,32699.41137616159,S1_Excitatory
osmFISH Pseudospot,arcimpute,pseudospot_y38_x11,9767.356644827489,32699.41137616159,S1_Excitatory
osmFISH Pseudospot,arcimpute,pseudospot_y38_x12,10616.69200524727,32699.41137616159,S1_Excitatory
osmFISH Pseudospot,arcimpute,pseudospot_y38_x13,11466.027365667052,32699.41137616159,S1_Excitatory
osmFISH Pseudospot,arcimpute,pseudospot_y38_x14,12315.362726086834,32699.41137616159,S1_Excitatory
osmFISH Pseudospot,arcimpute,pseudospot_y38_x15,13164.698086506616,32699.41137616159,Hippocampus_Excitatory
osmFISH Pseudospot,arcimpute,pseudospot_y38_x16,14014.033446926396,32699.41137616159,S1_Excitatory
osmFISH Pseudospot,arcimpute,pseudospot_y38_x17,14863.368807346178,32699.41137616159,S1_Excitatory
osmFISH Pseudospot,arcimpute,pseudospot_y38_x18,15712.70416776596,32699.41137616159,Hippocampus_Excitatory
osmFISH Pseudospot,arcimpute,pseudospot_y38_x19,16562.03952818574,32699.41137616159,S1_Excitatory
osmFISH Pseudospot,arcimpute,pseudospot_y38_x20,17411.374888605522,32699.41137616159,Hippocampus_Excitatory
osmFISH Pseudospot,arcimpute,pseudospot_y38_x21,18260.710249025306,32699.41137616159,S1_Excitatory
osmFISH Pseudospot,arcimpute,pseudospot_y38_x22,19110.045609445086,32699.41137616159,S1_Excitatory
osmFISH Pseudospot,arcimpute,pseudospot_y38_x23,19959.38096986487,32699.41137616159,S1_Excitatory
osmFISH Pseudospot,arcimpute,pseudospot_y38_x24,20808.71633028465,32699.41137616159,S1_Excitatory
osmFISH Pseudospot,arcimpute,pseudospot_y38_x25,21658.051690704433,32699.41137616159,S1_Excitatory
osmFISH Pseudospot,arcimpute,pseudospot_y38_x26,22507.387051124213,32699.41137616159,S1_Excitatory
osmFISH Pseudospot,arcimpute,pseudospot_y39_x0,424.6676802098908,33548.74673658137,S1_Excitatory
osmFISH Pseudospot,arcimpute,pseudospot_y39_x1,1274.0030406296723,33548.74673658137,Hippocampus_Excitatory
osmFISH Pseudospot,arcimpute,pseudospot_y39_x2,2123.338401049454,33548.74673658137,Hippocampus_Excitatory
osmFISH Pseudospot,arcimpute,pseudospot_y39_x3,2972.6737614692356,33548.74673658137,Hippocampus_Excitatory
osmFISH Pseudospot,arcimpute,pseudospot_y39_x4,3822.0091218890175,33548.74673658137,Hippocampus_Excitatory
osmFISH Pseudospot,arcimpute,pseudospot_y39_x5,4671.344482308799,33548.74673658137,Hippocampus_Excitatory
osmFISH Pseudospot,arcimpute,pseudospot_y39_x6,5520.67984272858,33548.74673658137,Hippocampus_Excitatory
osmFISH Pseudospot,arcimpute,pseudospot_y39_x7,6370.015203148362,33548.74673658137,Hippocampus_Excitatory
osmFISH Pseudospot,arcimpute,pseudospot_y39_x8,7219.350563568144,33548.74673658137,Hippocampus_Excitatory
osmFISH Pseudospot,arcimpute,pseudospot_y39_x9,8068.685923987926,33548.74673658137,S1_Excitatory
osmFISH Pseudospot,arcimpute,pseudospot_y39_x10,8918.021284407707,33548.74673658137,S1_Excitatory
osmFISH Pseudospot,arcimpute,pseudospot_y39_x12,10616.69200524727,33548.74673658137,S1_Excitatory
osmFISH Pseudospot,arcimpute,pseudospot_y39_x13,11466.027365667052,33548.74673658137,S1_Excitatory
osmFISH Pseudospot,arcimpute,pseudospot_y39_x14,12315.362726086834,33548.74673658137,Hippocampus_Excitatory
osmFISH Pseudospot,arcimpute,pseudospot_y39_x15,13164.698086506616,33548.74673658137,S1_Excitatory
osmFISH Pseudospot,arcimpute,pseudospot_y39_x16,14014.033446926396,33548.74673658137,S1_Excitatory
osmFISH Pseudospot,arcimpute,pseudospot_y39_x17,14863.368807346178,33548.74673658137,S1_Excitatory
osmFISH Pseudospot,arcimpute,pseudospot_y39_x18,15712.70416776596,33548.74673658137,S1_Excitatory
osmFISH Pseudospot,arcimpute,pseudospot_y39_x19,16562.03952818574,33548.74673658137,S1_Excitatory
osmFISH Pseudospot,arcimpute,pseudospot_y39_x20,17411.374888605522,33548.74673658137,S1_Excitatory
osmFISH Pseudospot,arcimpute,pseudospot_y39_x21,18260.710249025306,33548.74673658137,S1_Excitatory
osmFISH Pseudospot,arcimpute,pseudospot_y39_x22,19110.045609445086,33548.74673658137,S1_Excitatory
osmFISH Pseudospot,arcimpute,pseudospot_y39_x23,19959.38096986487,33548.74673658137,S1_Excitatory
osmFISH Pseudospot,arcimpute,pseudospot_y39_x24,20808.71633028465,33548.74673658137,S1_Excitatory
osmFISH Pseudospot,arcimpute,pseudospot_y39_x25,21658.051690704433,33548.74673658137,S1_Excitatory
osmFISH Pseudospot,arcimpute,pseudospot_y39_x26,22507.387051124213,33548.74673658137,S1_Excitatory
osmFISH Pseudospot,arcimpute,pseudospot_y40_x0,424.6676802098908,34398.082097001155,Hippocampus_Excitatory
osmFISH Pseudospot,arcimpute,pseudospot_y40_x1,1274.0030406296723,34398.082097001155,Hippocampus_Excitatory
osmFISH Pseudospot,arcimpute,pseudospot_y40_x2,2123.338401049454,34398.082097001155,Hippocampus_Excitatory
osmFISH Pseudospot,arcimpute,pseudospot_y40_x3,2972.6737614692356,34398.082097001155,Hippocampus_Excitatory
osmFISH Pseudospot,arcimpute,pseudospot_y40_x4,3822.0091218890175,34398.082097001155,Hippocampus_Excitatory
osmFISH Pseudospot,arcimpute,pseudospot_y40_x5,4671.344482308799,34398.082097001155,Hippocampus_Excitatory
osmFISH Pseudospot,arcimpute,pseudospot_y40_x6,5520.67984272858,34398.082097001155,Hippocampus_Excitatory
osmFISH Pseudospot,arcimpute,pseudospot_y40_x7,6370.015203148362,34398.082097001155,Hippocampus_Excitatory
osmFISH Pseudospot,arcimpute,pseudospot_y40_x8,7219.350563568144,34398.082097001155,Hippocampus_Excitatory
osmFISH Pseudospot,arcimpute,pseudospot_y40_x10,8918.021284407707,34398.082097001155,S1_Excitatory
osmFISH Pseudospot,arcimpute,pseudospot_y40_x11,9767.356644827489,34398.082097001155,S1_Excitatory
osmFISH Pseudospot,arcimpute,pseudospot_y40_x12,10616.69200524727,34398.082097001155,S1_Excitatory
osmFISH Pseudospot,arcimpute,pseudospot_y40_x13,11466.027365667052,34398.082097001155,Hippocampus_Excitatory
osmFISH Pseudospot,arcimpute,pseudospot_y40_x14,12315.362726086834,34398.082097001155,S1_Excitatory
osmFISH Pseudospot,arcimpute,pseudospot_y40_x15,13164.698086506616,34398.082097001155,S1_Excitatory
osmFISH Pseudospot,arcimpute,pseudospot_y40_x16,14014.033446926396,34398.082097001155,S1_Excitatory
osmFISH Pseudospot,arcimpute,pseudospot_y40_x17,14863.368807346178,34398.082097001155,S1_Excitatory
osmFISH Pseudospot,arcimpute,pseudospot_y40_x18,15712.70416776596,34398.082097001155,S1_Excitatory
osmFISH Pseudospot,arcimpute,pseudospot_y40_x19,16562.03952818574,34398.082097001155,S1_Excitatory
osmFISH Pseudospot,arcimpute,pseudospot_y40_x20,17411.374888605522,34398.082097001155,Interneuron
osmFISH Pseudospot,arcimpute,pseudospot_y40_x21,18260.710249025306,34398.082097001155,S1_Excitatory
osmFISH Pseudospot,arcimpute,pseudospot_y40_x22,19110.045609445086,34398.082097001155,S1_Excitatory
osmFISH Pseudospot,arcimpute,pseudospot_y40_x23,19959.38096986487,34398.082097001155,S1_Excitatory
osmFISH Pseudospot,arcimpute,pseudospot_y40_x24,20808.71633028465,34398.082097001155,S1_Excitatory
osmFISH Pseudospot,arcimpute,pseudospot_y40_x25,21658.051690704433,34398.082097001155,S1_Excitatory
osmFISH Pseudospot,arcimpute,pseudospot_y40_x26,22507.387051124213,34398.082097001155,S1_Excitatory
osmFISH Pseudospot,arcimpute,pseudospot_y41_x0,424.6676802098908,35247.41745742094,Hippocampus_Excitatory
osmFISH Pseudospot,arcimpute,pseudospot_y41_x1,1274.0030406296723,35247.41745742094,Hippocampus_Excitatory
osmFISH Pseudospot,arcimpute,pseudospot_y41_x2,2123.338401049454,35247.41745742094,Hippocampus_Excitatory
osmFISH Pseudospot,arcimpute,pseudospot_y41_x3,2972.6737614692356,35247.41745742094,Hippocampus_Excitatory
osmFISH Pseudospot,arcimpute,pseudospot_y41_x4,3822.0091218890175,35247.41745742094,S1_Excitatory
osmFISH Pseudospot,arcimpute,pseudospot_y41_x5,4671.344482308799,35247.41745742094,S1_Excitatory
osmFISH Pseudospot,arcimpute,pseudospot_y41_x6,5520.67984272858,35247.41745742094,S1_Excitatory
osmFISH Pseudospot,arcimpute,pseudospot_y41_x7,6370.015203148362,35247.41745742094,S1_Excitatory
osmFISH Pseudospot,arcimpute,pseudospot_y41_x8,7219.350563568144,35247.41745742094,S1_Excitatory
osmFISH Pseudospot,arcimpute,pseudospot_y41_x9,8068.685923987926,35247.41745742094,S1_Excitatory
osmFISH Pseudospot,arcimpute,pseudospot_y41_x10,8918.021284407707,35247.41745742094,S1_Excitatory
osmFISH Pseudospot,arcimpute,pseudospot_y41_x11,9767.356644827489,35247.41745742094,S1_Excitatory
osmFISH Pseudospot,arcimpute,pseudospot_y41_x12,10616.69200524727,35247.41745742094,Hippocampus_Excitatory
osmFISH Pseudospot,arcimpute,pseudospot_y41_x13,11466.027365667052,35247.41745742094,S1_Excitatory
osmFISH Pseudospot,arcimpute,pseudospot_y41_x14,12315.362726086834,35247.41745742094,Hippocampus_Excitatory
osmFISH Pseudospot,arcimpute,pseudospot_y41_x15,13164.698086506616,35247.41745742094,S1_Excitatory
osmFISH Pseudospot,arcimpute,pseudospot_y41_x16,14014.033446926396,35247.41745742094,S1_Excitatory
osmFISH Pseudospot,arcimpute,pseudospot_y41_x17,14863.368807346178,35247.41745742094,S1_Excitatory
osmFISH Pseudospot,arcimpute,pseudospot_y41_x18,15712.70416776596,35247.41745742094,S1_Excitatory
osmFISH Pseudospot,arcimpute,pseudospot_y41_x19,16562.03952818574,35247.41745742094,S1_Excitatory
osmFISH Pseudospot,arcimpute,pseudospot_y41_x20,17411.374888605522,35247.41745742094,S1_Excitatory
osmFISH Pseudospot,arcimpute,pseudospot_y41_x21,18260.710249025306,35247.41745742094,Interneuron
osmFISH Pseudospot,arcimpute,pseudospot_y41_x22,19110.045609445086,35247.41745742094,S1_Excitatory
osmFISH Pseudospot,arcimpute,pseudospot_y41_x23,19959.38096986487,35247.41745742094,S1_Excitatory
osmFISH Pseudospot,arcimpute,pseudospot_y41_x24,20808.71633028465,35247.41745742094,S1_Excitatory
osmFISH Pseudospot,arcimpute,pseudospot_y41_x25,21658.051690704433,35247.41745742094,S1_Excitatory
osmFISH Pseudospot,arcimpute,pseudospot_y41_x26,22507.387051124213,35247.41745742094,S1_Excitatory
osmFISH Pseudospot,arcimpute,pseudospot_y42_x0,424.6676802098908,36096.75281784072,Interneuron
osmFISH Pseudospot,arcimpute,pseudospot_y42_x1,1274.0030406296723,36096.75281784072,Interneuron
osmFISH Pseudospot,arcimpute,pseudospot_y42_x2,2123.338401049454,36096.75281784072,S1_Excitatory
osmFISH Pseudospot,arcimpute,pseudospot_y42_x3,2972.6737614692356,36096.75281784072,S1_Excitatory
osmFISH Pseudospot,arcimpute,pseudospot_y42_x4,3822.0091218890175,36096.75281784072,S1_Excitatory
osmFISH Pseudospot,arcimpute,pseudospot_y42_x5,4671.344482308799,36096.75281784072,Interneuron
osmFISH Pseudospot,arcimpute,pseudospot_y42_x6,5520.67984272858,36096.75281784072,S1_Excitatory
osmFISH Pseudospot,arcimpute,pseudospot_y42_x7,6370.015203148362,36096.75281784072,Interneuron
osmFISH Pseudospot,arcimpute,pseudospot_y42_x8,7219.350563568144,36096.75281784072,S1_Excitatory
osmFISH Pseudospot,arcimpute,pseudospot_y42_x9,8068.685923987926,36096.75281784072,Hippocampus_Excitatory
osmFISH Pseudospot,arcimpute,pseudospot_y42_x10,8918.021284407707,36096.75281784072,Hippocampus_Excitatory
osmFISH Pseudospot,arcimpute,pseudospot_y42_x11,9767.356644827489,36096.75281784072,S1_Excitatory
osmFISH Pseudospot,arcimpute,pseudospot_y42_x12,10616.69200524727,36096.75281784072,Hippocampus_Excitatory
osmFISH Pseudospot,arcimpute,pseudospot_y42_x13,11466.027365667052,36096.75281784072,S1_Excitatory
osmFISH Pseudospot,arcimpute,pseudospot_y42_x14,12315.362726086834,36096.75281784072,Hippocampus_Excitatory
osmFISH Pseudospot,arcimpute,pseudospot_y42_x15,13164.698086506616,36096.75281784072,S1_Excitatory
osmFISH Pseudospot,arcimpute,pseudospot_y42_x16,14014.033446926396,36096.75281784072,S1_Excitatory
osmFISH Pseudospot,arcimpute,pseudospot_y42_x17,14863.368807346178,36096.75281784072,S1_Excitatory
osmFISH Pseudospot,arcimpute,pseudospot_y42_x18,15712.70416776596,36096.75281784072,Interneuron
osmFISH Pseudospot,arcimpute,pseudospot_y42_x19,16562.03952818574,36096.75281784072,S1_Excitatory
osmFISH Pseudospot,arcimpute,pseudospot_y42_x20,17411.374888605522,36096.75281784072,S1_Excitatory
osmFISH Pseudospot,arcimpute,pseudospot_y42_x21,18260.710249025306,36096.75281784072,S1_Excitatory
osmFISH Pseudospot,arcimpute,pseudospot_y42_x22,19110.045609445086,36096.75281784072,S1_Excitatory
osmFISH Pseudospot,arcimpute,pseudospot_y42_x23,19959.38096986487,36096.75281784072,S1_Excitatory
osmFISH Pseudospot,arcimpute,pseudospot_y42_x24,20808.71633028465,36096.75281784072,S1_Excitatory
osmFISH Pseudospot,arcimpute,pseudospot_y42_x25,21658.051690704433,36096.75281784072,Interneuron
osmFISH Pseudospot,arcimpute,pseudospot_y43_x0,424.6676802098908,36946.0881782605,S1_Excitatory
osmFISH Pseudospot,arcimpute,pseudospot_y43_x1,1274.0030406296723,36946.0881782605,S1_Excitatory
osmFISH Pseudospot,arcimpute,pseudospot_y43_x2,2123.338401049454,36946.0881782605,Interneuron
osmFISH Pseudospot,arcimpute,pseudospot_y43_x3,2972.6737614692356,36946.0881782605,S1_Excitatory
osmFISH Pseudospot,arcimpute,pseudospot_y43_x4,3822.0091218890175,36946.0881782605,S1_Excitatory
osmFISH Pseudospot,arcimpute,pseudospot_y43_x5,4671.344482308799,36946.0881782605,Interneuron
osmFISH Pseudospot,arcimpute,pseudospot_y43_x6,5520.67984272858,36946.0881782605,Interneuron
osmFISH Pseudospot,arcimpute,pseudospot_y43_x7,6370.015203148362,36946.0881782605,S1_Excitatory
osmFISH Pseudospot,arcimpute,pseudospot_y43_x8,7219.350563568144,36946.0881782605,Hippocampus_Excitatory
osmFISH Pseudospot,arcimpute,pseudospot_y43_x9,8068.685923987926,36946.0881782605,Hippocampus_Excitatory
osmFISH Pseudospot,arcimpute,pseudospot_y43_x10,8918.021284407707,36946.0881782605,Hippocampus_Excitatory
osmFISH Pseudospot,arcimpute,pseudospot_y43_x11,9767.356644827489,36946.0881782605,S1_Excitatory
osmFISH Pseudospot,arcimpute,pseudospot_y43_x12,10616.69200524727,36946.0881782605,S1_Excitatory
osmFISH Pseudospot,arcimpute,pseudospot_y43_x13,11466.027365667052,36946.0881782605,S1_Excitatory
osmFISH Pseudospot,arcimpute,pseudospot_y43_x14,12315.362726086834,36946.0881782605,Interneuron
osmFISH Pseudospot,arcimpute,pseudospot_y43_x15,13164.698086506616,36946.0881782605,Interneuron
osmFISH Pseudospot,arcimpute,pseudospot_y43_x16,14014.033446926396,36946.0881782605,S1_Excitatory
osmFISH Pseudospot,arcimpute,pseudospot_y43_x17,14863.368807346178,36946.0881782605,Interneuron
osmFISH Pseudospot,arcimpute,pseudospot_y43_x18,15712.70416776596,36946.0881782605,S1_Excitatory
osmFISH Pseudospot,arcimpute,pseudospot_y43_x19,16562.03952818574,36946.0881782605,S1_Excitatory
osmFISH Pseudospot,arcimpute,pseudospot_y43_x20,17411.374888605522,36946.0881782605,S1_Excitatory
osmFISH Pseudospot,arcimpute,pseudospot_y43_x21,18260.710249025306,36946.0881782605,Interneuron
osmFISH Pseudospot,arcimpute,pseudospot_y43_x22,19110.045609445086,36946.0881782605,Interneuron
osmFISH Pseudospot,arcimpute,pseudospot_y43_x23,19959.38096986487,36946.0881782605,S1_Excitatory
osmFISH Pseudospot,arcimpute,pseudospot_y43_x24,20808.71633028465,36946.0881782605,Interneuron
osmFISH Pseudospot,arcimpute,pseudospot_y43_x25,21658.051690704433,36946.0881782605,Interneuron
osmFISH Pseudospot,arcimpute,pseudospot_y43_x27,23356.722411543997,36946.0881782605,Interneuron
osmFISH Pseudospot,arcimpute,pseudospot_y43_x28,24206.057771963777,36946.0881782605,Interneuron
osmFISH Pseudospot,arcimpute,pseudospot_y44_x0,424.6676802098908,37795.42353868028,Interneuron
osmFISH Pseudospot,arcimpute,pseudospot_y44_x1,1274.0030406296723,37795.42353868028,S1_Excitatory
osmFISH Pseudospot,arcimpute,pseudospot_y44_x2,2123.338401049454,37795.42353868028,S1_Excitatory
osmFISH Pseudospot,arcimpute,pseudospot_y44_x3,2972.6737614692356,37795.42353868028,Hippocampus_Excitatory
osmFISH Pseudospot,arcimpute,pseudospot_y44_x4,3822.0091218890175,37795.42353868028,Hippocampus_Excitatory
osmFISH Pseudospot,arcimpute,pseudospot_y44_x5,4671.344482308799,37795.42353868028,Hippocampus_Excitatory
osmFISH Pseudospot,arcimpute,pseudospot_y44_x6,5520.67984272858,37795.42353868028,Hippocampus_Excitatory
osmFISH Pseudospot,arcimpute,pseudospot_y44_x7,6370.015203148362,37795.42353868028,S1_Excitatory
osmFISH Pseudospot,arcimpute,pseudospot_y44_x8,7219.350563568144,37795.42353868028,S1_Excitatory
osmFISH Pseudospot,arcimpute,pseudospot_y44_x9,8068.685923987926,37795.42353868028,Hippocampus_Excitatory
osmFISH Pseudospot,arcimpute,pseudospot_y44_x10,8918.021284407707,37795.42353868028,Hippocampus_Excitatory
osmFISH Pseudospot,arcimpute,pseudospot_y44_x11,9767.356644827489,37795.42353868028,Hippocampus_Excitatory
osmFISH Pseudospot,arcimpute,pseudospot_y44_x12,10616.69200524727,37795.42353868028,S1_Excitatory
osmFISH Pseudospot,arcimpute,pseudospot_y44_x13,11466.027365667052,37795.42353868028,S1_Excitatory
osmFISH Pseudospot,arcimpute,pseudospot_y44_x14,12315.362726086834,37795.42353868028,S1_Excitatory
osmFISH Pseudospot,arcimpute,pseudospot_y44_x15,13164.698086506616,37795.42353868028,S1_Excitatory
osmFISH Pseudospot,arcimpute,pseudospot_y44_x16,14014.033446926396,37795.42353868028,S1_Excitatory
osmFISH Pseudospot,arcimpute,pseudospot_y44_x17,14863.368807346178,37795.42353868028,S1_Excitatory
osmFISH Pseudospot,arcimpute,pseudospot_y44_x18,15712.70416776596,37795.42353868028,S1_Excitatory
osmFISH Pseudospot,arcimpute,pseudospot_y44_x19,16562.03952818574,37795.42353868028,S1_Excitatory
osmFISH Pseudospot,arcimpute,pseudospot_y44_x20,17411.374888605522,37795.42353868028,S1_Excitatory
osmFISH Pseudospot,arcimpute,pseudospot_y44_x21,18260.710249025306,37795.42353868028,S1_Excitatory
osmFISH Pseudospot,arcimpute,pseudospot_y44_x22,19110.045609445086,37795.42353868028,Interneuron
osmFISH Pseudospot,arcimpute,pseudospot_y44_x24,20808.71633028465,37795.42353868028,Interneuron
osmFISH Pseudospot,arcimpute,pseudospot_y44_x26,22507.387051124213,37795.42353868028,Interneuron
osmFISH Pseudospot,arcimpute,pseudospot_y45_x0,424.6676802098908,38644.75889910007,S1_Excitatory
osmFISH Pseudospot,arcimpute,pseudospot_y45_x2,2123.338401049454,38644.75889910007,Hippocampus_Excitatory
osmFISH Pseudospot,arcimpute,pseudospot_y45_x3,2972.6737614692356,38644.75889910007,Hippocampus_Excitatory
osmFISH Pseudospot,arcimpute,pseudospot_y45_x4,3822.0091218890175,38644.75889910007,Hippocampus_Excitatory
osmFISH Pseudospot,arcimpute,pseudospot_y45_x5,4671.344482308799,38644.75889910007,Hippocampus_Excitatory
osmFISH Pseudospot,arcimpute,pseudospot_y45_x6,5520.67984272858,38644.75889910007,Hippocampus_Excitatory
osmFISH Pseudospot,arcimpute,pseudospot_y45_x7,6370.015203148362,38644.75889910007,S1_Excitatory
osmFISH Pseudospot,arcimpute,pseudospot_y45_x8,7219.350563568144,38644.75889910007,S1_Excitatory
osmFISH Pseudospot,arcimpute,pseudospot_y45_x9,8068.685923987926,38644.75889910007,Hippocampus_Excitatory
osmFISH Pseudospot,arcimpute,pseudospot_y45_x10,8918.021284407707,38644.75889910007,S1_Excitatory
osmFISH Pseudospot,arcimpute,pseudospot_y45_x11,9767.356644827489,38644.75889910007,Hippocampus_Excitatory
osmFISH Pseudospot,arcimpute,pseudospot_y45_x12,10616.69200524727,38644.75889910007,S1_Excitatory
osmFISH Pseudospot,arcimpute,pseudospot_y45_x13,11466.027365667052,38644.75889910007,S1_Excitatory
osmFISH Pseudospot,arcimpute,pseudospot_y45_x14,12315.362726086834,38644.75889910007,S1_Excitatory
osmFISH Pseudospot,arcimpute,pseudospot_y45_x15,13164.698086506616,38644.75889910007,Hippocampus_Excitatory
osmFISH Pseudospot,arcimpute,pseudospot_y45_x16,14014.033446926396,38644.75889910007,S1_Excitatory
osmFISH Pseudospot,arcimpute,pseudospot_y45_x17,14863.368807346178,38644.75889910007,S1_Excitatory
osmFISH Pseudospot,arcimpute,pseudospot_y45_x18,15712.70416776596,38644.75889910007,S1_Excitatory
osmFISH Pseudospot,arcimpute,pseudospot_y45_x19,16562.03952818574,38644.75889910007,S1_Excitatory
osmFISH Pseudospot,arcimpute,pseudospot_y45_x20,17411.374888605522,38644.75889910007,Interneuron
osmFISH Pseudospot,arcimpute,pseudospot_y45_x21,18260.710249025306,38644.75889910007,S1_Excitatory
osmFISH Pseudospot,arcimpute,pseudospot_y45_x24,20808.71633028465,38644.75889910007,Interneuron
osmFISH Pseudospot,arcimpute,pseudospot_y46_x0,424.6676802098908,39494.09425951984,Hippocampus_Excitatory
osmFISH Pseudospot,arcimpute,pseudospot_y46_x1,1274.0030406296723,39494.09425951984,Hippocampus_Excitatory
osmFISH Pseudospot,arcimpute,pseudospot_y46_x2,2123.338401049454,39494.09425951984,Hippocampus_Excitatory
osmFISH Pseudospot,arcimpute,pseudospot_y46_x3,2972.6737614692356,39494.09425951984,Hippocampus_Excitatory
osmFISH Pseudospot,arcimpute,pseudospot_y46_x4,3822.0091218890175,39494.09425951984,Hippocampus_Excitatory
osmFISH Pseudospot,arcimpute,pseudospot_y46_x5,4671.344482308799,39494.09425951984,S1_Excitatory
osmFISH Pseudospot,arcimpute,pseudospot_y46_x6,5520.67984272858,39494.09425951984,S1_Excitatory
osmFISH Pseudospot,arcimpute,pseudospot_y46_x7,6370.015203148362,39494.09425951984,S1_Excitatory
osmFISH Pseudospot,arcimpute,pseudospot_y46_x8,7219.350563568144,39494.09425951984,Hippocampus_Excitatory
osmFISH Pseudospot,arcimpute,pseudospot_y46_x9,8068.685923987926,39494.09425951984,S1_Excitatory
osmFISH Pseudospot,arcimpute,pseudospot_y46_x10,8918.021284407707,39494.09425951984,S1_Excitatory
osmFISH Pseudospot,arcimpute,pseudospot_y46_x11,9767.356644827489,39494.09425951984,S1_Excitatory
osmFISH Pseudospot,arcimpute,pseudospot_y46_x12,10616.69200524727,39494.09425951984,S1_Excitatory
osmFISH Pseudospot,arcimpute,pseudospot_y46_x13,11466.027365667052,39494.09425951984,S1_Excitatory
osmFISH Pseudospot,arcimpute,pseudospot_y46_x14,12315.362726086834,39494.09425951984,Hippocampus_Excitatory
osmFISH Pseudospot,arcimpute,pseudospot_y46_x15,13164.698086506616,39494.09425951984,S1_Excitatory
osmFISH Pseudospot,arcimpute,pseudospot_y46_x16,14014.033446926396,39494.09425951984,S1_Excitatory
osmFISH Pseudospot,arcimpute,pseudospot_y46_x17,14863.368807346178,39494.09425951984,S1_Excitatory
osmFISH Pseudospot,arcimpute,pseudospot_y46_x18,15712.70416776596,39494.09425951984,Hippocampus_Excitatory
osmFISH Pseudospot,arcimpute,pseudospot_y46_x19,16562.03952818574,39494.09425951984,Interneuron
osmFISH Pseudospot,arcimpute,pseudospot_y46_x20,17411.374888605522,39494.09425951984,Interneuron
osmFISH Pseudospot,arcimpute,pseudospot_y46_x22,19110.045609445086,39494.09425951984,Astrocyte
osmFISH Pseudospot,arcimpute,pseudospot_y46_x23,19959.38096986487,39494.09425951984,Interneuron
osmFISH Pseudospot,arcimpute,pseudospot_y47_x0,424.6676802098908,40343.42961993963,S1_Excitatory
osmFISH Pseudospot,arcimpute,pseudospot_y47_x1,1274.0030406296723,40343.42961993963,Hippocampus_Excitatory
osmFISH Pseudospot,arcimpute,pseudospot_y47_x2,2123.338401049454,40343.42961993963,Hippocampus_Excitatory
osmFISH Pseudospot,arcimpute,pseudospot_y47_x3,2972.6737614692356,40343.42961993963,S1_Excitatory
osmFISH Pseudospot,arcimpute,pseudospot_y47_x4,3822.0091218890175,40343.42961993963,Hippocampus_Excitatory
osmFISH Pseudospot,arcimpute,pseudospot_y47_x5,4671.344482308799,40343.42961993963,Hippocampus_Excitatory
osmFISH Pseudospot,arcimpute,pseudospot_y47_x6,5520.67984272858,40343.42961993963,S1_Excitatory
osmFISH Pseudospot,arcimpute,pseudospot_y47_x7,6370.015203148362,40343.42961993963,Hippocampus_Excitatory
osmFISH Pseudospot,arcimpute,pseudospot_y47_x8,7219.350563568144,40343.42961993963,S1_Excitatory
osmFISH Pseudospot,arcimpute,pseudospot_y47_x9,8068.685923987926,40343.42961993963,S1_Excitatory
osmFISH Pseudospot,arcimpute,pseudospot_y47_x10,8918.021284407707,40343.42961993963,S1_Excitatory
osmFISH Pseudospot,arcimpute,pseudospot_y47_x11,9767.356644827489,40343.42961993963,S1_Excitatory
osmFISH Pseudospot,arcimpute,pseudospot_y47_x12,10616.69200524727,40343.42961993963,S1_Excitatory
osmFISH Pseudospot,arcimpute,pseudospot_y47_x13,11466.027365667052,40343.42961993963,S1_Excitatory
osmFISH Pseudospot,arcimpute,pseudospot_y47_x14,12315.362726086834,40343.42961993963,Interneuron
osmFISH Pseudospot,arcimpute,pseudospot_y47_x15,13164.698086506616,40343.42961993963,Hippocampus_Excitatory
osmFISH Pseudospot,arcimpute,pseudospot_y47_x16,14014.033446926396,40343.42961993963,Interneuron
osmFISH Pseudospot,arcimpute,pseudospot_y47_x17,14863.368807346178,40343.42961993963,S1_Excitatory
osmFISH Pseudospot,arcimpute,pseudospot_y47_x20,17411.374888605522,40343.42961993963,Astrocyte
osmFISH Pseudospot,arcimpute,pseudospot_y47_x21,18260.710249025306,40343.42961993963,Interneuron
osmFISH Pseudospot,arcimpute,pseudospot_y48_x0,424.6676802098908,41192.76498035941,S1_Excitatory
osmFISH Pseudospot,arcimpute,pseudospot_y48_x1,1274.0030406296723,41192.76498035941,S1_Excitatory
osmFISH Pseudospot,arcimpute,pseudospot_y48_x2,2123.338401049454,41192.76498035941,Hippocampus_Excitatory
osmFISH Pseudospot,arcimpute,pseudospot_y48_x3,2972.6737614692356,41192.76498035941,S1_Excitatory
osmFISH Pseudospot,arcimpute,pseudospot_y48_x4,3822.0091218890175,41192.76498035941,Hippocampus_Excitatory
osmFISH Pseudospot,arcimpute,pseudospot_y48_x5,4671.344482308799,41192.76498035941,S1_Excitatory
osmFISH Pseudospot,arcimpute,pseudospot_y48_x6,5520.67984272858,41192.76498035941,S1_Excitatory
osmFISH Pseudospot,arcimpute,pseudospot_y48_x7,6370.015203148362,41192.76498035941,Hippocampus_Excitatory
osmFISH Pseudospot,arcimpute,pseudospot_y48_x8,7219.350563568144,41192.76498035941,S1_Excitatory
osmFISH Pseudospot,arcimpute,pseudospot_y48_x9,8068.685923987926,41192.76498035941,S1_Excitatory
osmFISH Pseudospot,arcimpute,pseudospot_y48_x10,8918.021284407707,41192.76498035941,S1_Excitatory
osmFISH Pseudospot,arcimpute,pseudospot_y48_x11,9767.356644827489,41192.76498035941,S1_Excitatory
osmFISH Pseudospot,arcimpute,pseudospot_y48_x13,11466.027365667052,41192.76498035941,S1_Excitatory
osmFISH Pseudospot,arcimpute,pseudospot_y48_x14,12315.362726086834,41192.76498035941,S1_Excitatory
osmFISH Pseudospot,arcimpute,pseudospot_y48_x15,13164.698086506616,41192.76498035941,S1_Excitatory
osmFISH Pseudospot,arcimpute,pseudospot_y48_x16,14014.033446926396,41192.76498035941,S1_Excitatory
osmFISH Pseudospot,arcimpute,pseudospot_y48_x17,14863.368807346178,41192.76498035941,Interneuron
osmFISH Pseudospot,arcimpute,pseudospot_y48_x18,15712.70416776596,41192.76498035941,Interneuron
osmFISH Pseudospot,arcimpute,pseudospot_y48_x19,16562.03952818574,41192.76498035941,Astrocyte
osmFISH Pseudospot,arcimpute,pseudospot_y48_x20,17411.374888605522,41192.76498035941,Interneuron
osmFISH Pseudospot,arcimpute,pseudospot_y49_x0,424.6676802098908,42042.100340779194,S1_Excitatory
osmFISH Pseudospot,arcimpute,pseudospot_y49_x1,1274.0030406296723,42042.100340779194,Hippocampus_Excitatory
osmFISH Pseudospot,arcimpute,pseudospot_y49_x2,2123.338401049454,42042.100340779194,S1_Excitatory
osmFISH Pseudospot,arcimpute,pseudospot_y49_x3,2972.6737614692356,42042.100340779194,S1_Excitatory
osmFISH Pseudospot,arcimpute,pseudospot_y49_x4,3822.0091218890175,42042.100340779194,S1_Excitatory
osmFISH Pseudospot,arcimpute,pseudospot_y49_x5,4671.344482308799,42042.100340779194,Interneuron
osmFISH Pseudospot,arcimpute,pseudospot_y49_x6,5520.67984272858,42042.100340779194,S1_Excitatory
osmFISH Pseudospot,arcimpute,pseudospot_y49_x7,6370.015203148362,42042.100340779194,S1_Excitatory
osmFISH Pseudospot,arcimpute,pseudospot_y49_x8,7219.350563568144,42042.100340779194,S1_Excitatory
osmFISH Pseudospot,arcimpute,pseudospot_y49_x9,8068.685923987926,42042.100340779194,S1_Excitatory
osmFISH Pseudospot,arcimpute,pseudospot_y49_x10,8918.021284407707,42042.100340779194,S1_Excitatory
osmFISH Pseudospot,arcimpute,pseudospot_y49_x11,9767.356644827489,42042.100340779194,Interneuron
osmFISH Pseudospot,arcimpute,pseudospot_y49_x12,10616.69200524727,42042.100340779194,S1_Excitatory
osmFISH Pseudospot,arcimpute,pseudospot_y49_x13,11466.027365667052,42042.100340779194,Interneuron
osmFISH Pseudospot,arcimpute,pseudospot_y49_x14,12315.362726086834,42042.100340779194,Interneuron
osmFISH Pseudospot,arcimpute,pseudospot_y49_x15,13164.698086506616,42042.100340779194,S1_Excitatory
osmFISH Pseudospot,arcimpute,pseudospot_y49_x17,14863.368807346178,42042.100340779194,Interneuron
osmFISH Pseudospot,arcimpute,pseudospot_y49_x18,15712.70416776596,42042.100340779194,Interneuron
osmFISH Pseudospot,arcimpute,pseudospot_y50_x0,424.6676802098908,42891.43570119897,S1_Excitatory
osmFISH Pseudospot,arcimpute,pseudospot_y50_x1,1274.0030406296723,42891.43570119897,S1_Excitatory
osmFISH Pseudospot,arcimpute,pseudospot_y50_x2,2123.338401049454,42891.43570119897,S1_Excitatory
osmFISH Pseudospot,arcimpute,pseudospot_y50_x3,2972.6737614692356,42891.43570119897,S1_Excitatory
osmFISH Pseudospot,arcimpute,pseudospot_y50_x4,3822.0091218890175,42891.43570119897,S1_Excitatory
osmFISH Pseudospot,arcimpute,pseudospot_y50_x5,4671.344482308799,42891.43570119897,S1_Excitatory
osmFISH Pseudospot,arcimpute,pseudospot_y50_x6,5520.67984272858,42891.43570119897,S1_Excitatory
osmFISH Pseudospot,arcimpute,pseudospot_y50_x7,6370.015203148362,42891.43570119897,S1_Excitatory
osmFISH Pseudospot,arcimpute,pseudospot_y50_x8,7219.350563568144,42891.43570119897,Interneuron
osmFISH Pseudospot,arcimpute,pseudospot_y50_x9,8068.685923987926,42891.43570119897,S1_Excitatory
osmFISH Pseudospot,arcimpute,pseudospot_y50_x10,8918.021284407707,42891.43570119897,S1_Excitatory
osmFISH Pseudospot,arcimpute,pseudospot_y50_x11,9767.356644827489,42891.43570119897,S1_Excitatory
osmFISH Pseudospot,arcimpute,pseudospot_y50_x12,10616.69200524727,42891.43570119897,Interneuron
osmFISH Pseudospot,arcimpute,pseudospot_y50_x13,11466.027365667052,42891.43570119897,Interneuron
osmFISH Pseudospot,arcimpute,pseudospot_y50_x14,12315.362726086834,42891.43570119897,Interneuron
osmFISH Pseudospot,arcimpute,pseudospot_y50_x15,13164.698086506616,42891.43570119897,Interneuron
osmFISH Pseudospot,arcimpute,pseudospot_y50_x16,14014.033446926396,42891.43570119897,Interneuron
osmFISH Pseudospot,arcimpute,pseudospot_y50_x17,14863.368807346178,42891.43570119897,Astrocyte
osmFISH Pseudospot,arcimpute,pseudospot_y51_x0,424.6676802098908,43740.771061618754,S1_Excitatory
osmFISH Pseudospot,arcimpute,pseudospot_y51_x1,1274.0030406296723,43740.771061618754,S1_Excitatory
osmFISH Pseudospot,arcimpute,pseudospot_y51_x2,2123.338401049454,43740.771061618754,S1_Excitatory
osmFISH Pseudospot,arcimpute,pseudospot_y51_x3,2972.6737614692356,43740.771061618754,Interneuron
osmFISH Pseudospot,arcimpute,pseudospot_y51_x5,4671.344482308799,43740.771061618754,Hippocampus_Excitatory
osmFISH Pseudospot,arcimpute,pseudospot_y51_x6,5520.67984272858,43740.771061618754,S1_Excitatory
osmFISH Pseudospot,arcimpute,pseudospot_y51_x7,6370.015203148362,43740.771061618754,Interneuron
osmFISH Pseudospot,arcimpute,pseudospot_y51_x8,7219.350563568144,43740.771061618754,S1_Excitatory
osmFISH Pseudospot,arcimpute,pseudospot_y51_x9,8068.685923987926,43740.771061618754,Hippocampus_Excitatory
osmFISH Pseudospot,arcimpute,pseudospot_y51_x10,8918.021284407707,43740.771061618754,Interneuron
osmFISH Pseudospot,arcimpute,pseudospot_y51_x11,9767.356644827489,43740.771061618754,S1_Excitatory
osmFISH Pseudospot,arcimpute,pseudospot_y51_x12,10616.69200524727,43740.771061618754,Interneuron
osmFISH Pseudospot,arcimpute,pseudospot_y51_x14,12315.362726086834,43740.771061618754,Interneuron
osmFISH Pseudospot,arcimpute,pseudospot_y51_x15,13164.698086506616,43740.771061618754,Astrocyte
osmFISH Pseudospot,arcimpute,pseudospot_y52_x0,424.6676802098908,44590.10642203854,S1_Excitatory
osmFISH Pseudospot,arcimpute,pseudospot_y52_x1,1274.0030406296723,44590.10642203854,Interneuron
osmFISH Pseudospot,arcimpute,pseudospot_y52_x2,2123.338401049454,44590.10642203854,Hippocampus_Excitatory
osmFISH Pseudospot,arcimpute,pseudospot_y52_x3,2972.6737614692356,44590.10642203854,S1_Excitatory
osmFISH Pseudospot,arcimpute,pseudospot_y52_x4,3822.0091218890175,44590.10642203854,Interneuron
osmFISH Pseudospot,arcimpute,pseudospot_y52_x5,4671.344482308799,44590.10642203854,S1_Excitatory
osmFISH Pseudospot,arcimpute,pseudospot_y52_x6,5520.67984272858,44590.10642203854,S1_Excitatory
osmFISH Pseudospot,arcimpute,pseudospot_y52_x7,6370.015203148362,44590.10642203854,Hippocampus_Excitatory
osmFISH Pseudospot,arcimpute,pseudospot_y52_x8,7219.350563568144,44590.10642203854,S1_Excitatory
osmFISH Pseudospot,arcimpute,pseudospot_y52_x9,8068.685923987926,44590.10642203854,S1_Excitatory
osmFISH Pseudospot,arcimpute,pseudospot_y52_x10,8918.021284407707,44590.10642203854,Interneuron
osmFISH Pseudospot,arcimpute,pseudospot_y52_x11,9767.356644827489,44590.10642203854,Ependymal
osmFISH Pseudospot,arcimpute,pseudospot_y52_x12,10616.69200524727,44590.10642203854,Interneuron
osmFISH Pseudospot,arcimpute,pseudospot_y53_x0,424.6676802098908,45439.441782458314,Hippocampus_Excitatory
osmFISH Pseudospot,arcimpute,pseudospot_y53_x1,1274.0030406296723,45439.441782458314,Interneuron
osmFISH Pseudospot,arcimpute,pseudospot_y53_x2,2123.338401049454,45439.441782458314,Hippocampus_Excitatory
osmFISH Pseudospot,arcimpute,pseudospot_y53_x3,2972.6737614692356,45439.441782458314,S1_Excitatory
osmFISH Pseudospot,arcimpute,pseudospot_y53_x4,3822.0091218890175,45439.441782458314,Interneuron
osmFISH Pseudospot,arcimpute,pseudospot_y53_x5,4671.344482308799,45439.441782458314,S1_Excitatory
osmFISH Pseudospot,arcimpute,pseudospot_y53_x6,5520.67984272858,45439.441782458314,S1_Excitatory
osmFISH Pseudospot,arcimpute,pseudospot_y53_x7,6370.015203148362,45439.441782458314,Interneuron
osmFISH Pseudospot,arcimpute,pseudospot_y53_x8,7219.350563568144,45439.441782458314,Interneuron
osmFISH Pseudospot,arcimpute,pseudospot_y53_x9,8068.685923987926,45439.441782458314,Astrocyte
osmFISH Pseudospot,arcimpute,pseudospot_y53_x10,8918.021284407707,45439.441782458314,Ependymal
osmFISH Pseudospot,arcimpute,pseudospot_y54_x0,424.6676802098908,46288.7771428781,Hippocampus_Excitatory
osmFISH Pseudospot,arcimpute,pseudospot_y54_x1,1274.0030406296723,46288.7771428781,S1_Excitatory
osmFISH Pseudospot,arcimpute,pseudospot_y54_x2,2123.338401049454,46288.7771428781,Hippocampus_Excitatory
osmFISH Pseudospot,arcimpute,pseudospot_y54_x3,2972.6737614692356,46288.7771428781,Interneuron
osmFISH Pseudospot,arcimpute,pseudospot_y54_x4,3822.0091218890175,46288.7771428781,Interneuron
osmFISH Pseudospot,arcimpute,pseudospot_y54_x5,4671.344482308799,46288.7771428781,Interneuron
osmFISH Pseudospot,arcimpute,pseudospot_y54_x7,6370.015203148362,46288.7771428781,Astrocyte
osmFISH Pseudospot,arcimpute,pseudospot_y54_x10,8918.021284407707,46288.7771428781,Interneuron
osmFISH Pseudospot,arcimpute,pseudospot_y55_x2,2123.338401049454,47138.11250329788,Astrocyte
osmFISH Pseudospot,arcimpute,pseudospot_y55_x3,2972.6737614692356,47138.11250329788,Interneuron
osmFISH Pseudospot,arcimpute,pseudospot_y55_x4,3822.0091218890175,47138.11250329788,Interneuron
osmFISH Pseudospot,arcimpute,pseudospot_y55_x5,4671.344482308799,47138.11250329788,Other
osmFISH Pseudospot,arcimpute,pseudospot_y55_x6,5520.67984272858,47138.11250329788,Interneuron
osmFISH Pseudospot,arcimpute,pseudospot_y55_x12,10616.69200524727,47138.11250329788,Interneuron
osmFISH Pseudospot,arcimpute,pseudospot_y56_x0,424.6676802098908,47987.447863717665,Interneuron
osmFISH Pseudospot,arcimpute,pseudospot_y56_x1,1274.0030406296723,47987.447863717665,Interneuron
osmFISH Pseudospot,arcimpute,pseudospot_y56_x2,2123.338401049454,47987.447863717665,Interneuron
